user_id,date,screen_time_evening_min,screen_time_last_hour_min,social_media_last_hour_min,notifications_night,unlocks_last_hour,stress_0_10,mental_wellness_0_100,caffeine_after_14,day_type,bedtime_clock,wake_time_clock,age_band,work_mode,medication,sleep_disorder_flag,sleep_class,sleep_quality_0_100
user_001,2024-01-01,225,48,40,18,23,7.25,64.6,0,workday,23:34,05:53,45-54,hybrid,0,0,2,39.04
user_001,2024-01-02,191,31,19,23,16,2.3,65.44,0,workday,23:54,06:58,45-54,hybrid,0,0,3,63.01
user_001,2024-01-03,176,34,23,21,13,3.79,45.01,0,workday,22:55,06:19,45-54,hybrid,0,0,2,48.67
user_001,2024-01-04,166,49,26,27,15,5.42,55.14,1,workday,00:03,06:27,45-54,hybrid,0,0,2,31.87
user_001,2024-01-05,220,59,15,34,15,5.38,53.7,0,workday,22:43,07:36,45-54,hybrid,0,0,2,36.75
user_001,2024-01-06,226,22,12,12,6,2.98,75.39,0,weekend,23:20,07:25,45-54,hybrid,0,0,4,97.04
user_001,2024-01-07,194,40,4,36,28,3.29,66.96,0,weekend,22:18,07:33,45-54,hybrid,0,0,3,59.13
user_001,2024-01-08,225,27,15,24,7,4.7,60.14,0,workday,22:32,07:52,45-54,hybrid,0,0,3,57.4
user_001,2024-01-09,234,38,21,19,17,7.67,51.35,0,workday,21:55,06:15,45-54,hybrid,0,0,2,48.3
user_001,2024-01-10,215,32,8,25,17,4.16,56.53,0,workday,23:15,07:18,45-54,hybrid,0,0,4,86.45
user_001,2024-01-11,231,55,20,15,17,4.17,54.53,1,workday,21:44,06:33,45-54,hybrid,0,0,2,32.21
user_001,2024-01-12,175,35,25,28,16,4.68,63.08,1,workday,22:15,07:00,45-54,hybrid,0,0,2,42.77
user_001,2024-01-13,196,24,17,28,13,2.05,66.88,0,weekend,22:36,07:11,45-54,hybrid,0,0,4,80.92
user_001,2024-01-14,226,42,36,34,13,4.09,62.59,0,weekend,23:26,08:08,45-54,hybrid,0,0,4,88.94
user_001,2024-01-15,214,39,5,31,20,5.83,45.73,0,workday,23:33,07:18,45-54,hybrid,0,0,3,62.3
user_001,2024-01-16,218,37,6,34,17,6.02,39.81,1,workday,22:14,07:11,45-54,hybrid,0,0,2,37.33
user_001,2024-01-17,257,50,19,27,16,2.92,64.2,0,workday,23:14,07:11,45-54,hybrid,0,0,2,33.36
user_001,2024-01-18,242,43,15,34,18,4.8,75.16,0,workday,22:43,07:06,45-54,hybrid,0,0,3,58.43
user_001,2024-01-19,185,39,13,34,12,4.08,58.0,0,workday,21:50,07:01,45-54,hybrid,0,0,3,56.84
user_001,2024-01-20,229,55,19,40,29,3.81,41.91,1,weekend,00:33,07:43,45-54,hybrid,0,0,3,62.7
user_001,2024-01-21,300,55,23,31,22,3.85,66.76,0,weekend,23:41,07:54,45-54,hybrid,0,0,2,33.96
user_002,2024-01-01,213,43,23,27,20,6.07,36.47,0,workday,23:18,07:02,25-34,hybrid,1,0,1,21.0
user_002,2024-01-02,191,33,19,23,20,1.87,66.13,0,workday,21:26,06:12,25-34,hybrid,1,0,2,45.16
user_002,2024-01-03,196,47,14,28,18,4.11,60.02,1,workday,22:35,07:58,25-34,hybrid,1,0,2,35.71
user_002,2024-01-04,176,37,18,27,22,2.96,54.72,1,workday,22:40,06:36,25-34,hybrid,1,0,2,41.49
user_002,2024-01-05,200,41,20,37,19,4.09,79.73,0,workday,22:15,06:58,25-34,hybrid,1,0,3,75.0
user_002,2024-01-06,240,55,26,6,14,5.39,67.77,1,weekend,23:46,07:09,25-34,hybrid,1,0,2,31.04
user_002,2024-01-07,228,48,39,19,19,6.19,75.43,1,weekend,23:57,07:43,25-34,hybrid,1,0,2,32.55
user_002,2024-01-08,177,27,23,9,15,4.83,66.79,0,workday,22:57,07:18,25-34,hybrid,1,0,2,33.95
user_002,2024-01-09,241,58,43,33,23,5.53,51.07,0,workday,23:00,06:40,25-34,hybrid,1,0,2,32.15
user_002,2024-01-10,237,41,30,15,14,6.01,59.37,0,workday,22:54,06:52,25-34,hybrid,1,0,2,36.56
user_002,2024-01-11,228,49,9,31,18,5.99,60.89,1,workday,22:40,07:00,25-34,hybrid,1,0,2,46.94
user_002,2024-01-12,175,44,28,30,14,4.11,72.48,0,workday,22:13,06:54,25-34,hybrid,1,0,2,46.22
user_002,2024-01-13,241,52,25,39,19,7.91,58.1,1,weekend,22:53,07:55,25-34,hybrid,1,0,2,42.41
user_002,2024-01-14,209,23,4,28,14,3.88,50.24,0,weekend,23:27,07:44,25-34,hybrid,1,0,2,47.47
user_002,2024-01-15,228,38,9,33,23,4.35,38.53,0,workday,23:23,07:35,25-34,hybrid,1,0,3,57.56
user_002,2024-01-16,180,45,10,26,14,5.98,64.24,0,workday,22:58,07:02,25-34,hybrid,1,0,3,65.51
user_002,2024-01-17,222,40,18,24,16,4.42,52.61,0,workday,22:22,06:53,25-34,hybrid,1,0,2,38.08
user_002,2024-01-18,223,45,8,24,20,7.21,64.43,1,workday,23:10,06:49,25-34,hybrid,1,0,2,45.4
user_002,2024-01-19,227,39,17,16,13,6.65,64.6,0,workday,22:43,06:18,25-34,hybrid,1,0,2,33.82
user_002,2024-01-20,197,31,8,9,11,2.62,96.44,0,weekend,23:29,07:54,25-34,hybrid,1,0,2,44.79
user_002,2024-01-21,223,29,14,28,14,5.37,60.23,1,weekend,00:20,08:37,25-34,hybrid,1,0,2,28.4
user_003,2024-01-01,175,30,17,15,24,3.52,60.29,1,workday,23:16,06:46,45-54,remote,0,0,2,38.22
user_003,2024-01-02,161,12,5,19,6,3.86,35.39,0,workday,23:01,06:44,45-54,remote,0,0,3,57.44
user_003,2024-01-03,192,40,22,37,23,5.91,42.31,0,workday,23:48,06:45,45-54,remote,0,0,2,49.38
user_003,2024-01-04,220,26,18,16,17,5.11,38.54,0,workday,23:42,06:46,45-54,remote,0,0,3,57.69
user_003,2024-01-05,224,41,14,36,16,5.16,58.04,0,workday,22:32,07:01,45-54,remote,0,0,2,39.93
user_003,2024-01-06,283,29,2,22,24,6.59,53.86,0,weekend,23:22,07:30,45-54,remote,0,0,2,41.95
user_003,2024-01-07,165,22,0,20,14,0.59,81.96,0,weekend,21:50,07:14,45-54,remote,0,0,4,97.02
user_003,2024-01-08,229,28,9,8,18,0.56,58.8,1,workday,22:27,06:59,45-54,remote,0,0,2,33.21
user_003,2024-01-09,176,36,27,27,25,5.37,65.67,1,workday,23:12,08:16,45-54,remote,0,0,2,36.99
user_003,2024-01-10,202,27,22,18,16,3.72,69.36,0,workday,22:56,07:54,45-54,remote,0,0,3,67.57
user_003,2024-01-11,214,36,18,15,22,4.4,54.17,0,workday,23:21,06:18,45-54,remote,0,0,3,60.78
user_003,2024-01-12,240,49,9,27,19,5.65,48.79,0,workday,23:00,07:35,45-54,remote,0,0,2,30.72
user_003,2024-01-13,282,41,13,29,12,4.54,49.09,0,weekend,23:12,07:36,45-54,remote,0,0,2,35.78
user_003,2024-01-14,248,41,14,34,13,3.07,70.82,0,weekend,23:55,08:09,45-54,remote,0,0,3,54.8
user_003,2024-01-15,268,47,12,26,15,4.65,62.9,1,workday,22:02,07:07,45-54,remote,0,0,2,38.39
user_003,2024-01-16,257,37,13,40,23,4.3,33.86,0,workday,22:31,06:51,45-54,remote,0,0,2,44.96
user_003,2024-01-17,221,60,23,27,25,4.83,72.2,0,workday,23:04,06:24,45-54,remote,0,0,2,32.61
user_003,2024-01-18,250,40,30,27,19,2.72,58.11,0,workday,23:03,07:22,45-54,remote,0,0,2,37.32
user_003,2024-01-19,238,39,22,28,13,6.4,51.2,0,workday,22:12,06:44,45-54,remote,0,0,2,33.65
user_003,2024-01-20,259,27,14,27,6,6.12,55.17,0,weekend,23:22,07:22,45-54,remote,0,0,3,70.68
user_003,2024-01-21,141,28,8,5,16,3.5,41.16,0,weekend,23:26,08:09,45-54,remote,0,0,2,35.13
user_004,2024-01-01,172,33,20,34,16,8.21,52.05,1,workday,22:22,07:15,35-44,hybrid,1,0,2,45.57
user_004,2024-01-02,186,21,5,14,12,2.49,57.08,0,workday,22:04,06:34,35-44,hybrid,1,0,3,69.27
user_004,2024-01-03,150,31,10,21,19,3.14,72.69,0,workday,22:58,07:33,35-44,hybrid,1,0,3,74.65
user_004,2024-01-04,163,14,7,15,8,5.88,51.65,0,workday,22:53,07:09,35-44,hybrid,1,0,3,71.55
user_004,2024-01-05,259,60,9,33,22,7.52,45.54,1,workday,22:55,06:59,35-44,hybrid,1,0,2,37.53
user_004,2024-01-06,155,34,13,23,20,2.92,97.06,0,weekend,00:11,07:53,35-44,hybrid,1,0,4,99.24
user_004,2024-01-07,207,38,17,13,18,2.05,65.16,0,weekend,23:06,08:00,35-44,hybrid,1,0,2,46.51
user_004,2024-01-08,205,33,10,12,17,5.09,69.84,0,workday,23:13,07:04,35-44,hybrid,1,0,4,100.0
user_004,2024-01-09,239,33,15,10,16,3.24,81.75,0,workday,22:41,06:15,35-44,hybrid,1,0,4,96.25
user_004,2024-01-10,165,27,12,22,14,5.58,50.81,0,workday,22:27,06:16,35-44,hybrid,1,0,2,40.4
user_004,2024-01-11,191,59,17,16,23,4.15,59.41,0,workday,22:47,07:07,35-44,hybrid,1,0,4,81.21
user_004,2024-01-12,229,40,16,16,22,4.74,34.12,1,workday,22:30,07:54,35-44,hybrid,1,0,3,55.72
user_004,2024-01-13,220,40,18,31,11,4.16,51.54,0,weekend,22:55,07:45,35-44,hybrid,1,0,2,50.0
user_004,2024-01-14,250,39,16,21,15,6.36,44.32,0,weekend,23:58,08:00,35-44,hybrid,1,0,4,86.77
user_004,2024-01-15,191,37,18,32,14,8.63,43.67,0,workday,22:35,07:02,35-44,hybrid,1,0,2,30.78
user_004,2024-01-16,181,43,4,21,22,7.73,59.38,0,workday,23:30,06:15,35-44,hybrid,1,0,3,59.69
user_004,2024-01-17,227,41,7,23,18,6.62,45.75,1,workday,22:43,06:49,35-44,hybrid,1,0,2,44.63
user_004,2024-01-18,196,43,6,22,20,1.93,70.6,0,workday,23:10,06:53,35-44,hybrid,1,0,2,38.87
user_004,2024-01-19,188,46,35,28,15,6.23,67.86,0,workday,23:14,07:02,35-44,hybrid,1,0,3,59.01
user_004,2024-01-20,196,36,28,15,14,3.59,61.63,0,weekend,22:59,07:48,35-44,hybrid,1,0,3,57.86
user_004,2024-01-21,217,51,25,37,22,5.08,54.23,1,weekend,23:21,08:01,35-44,hybrid,1,0,2,37.85
user_005,2024-01-01,208,27,10,6,19,5.49,56.26,1,workday,22:30,07:03,18-24,remote,0,1,1,1.44
user_005,2024-01-02,178,44,33,22,10,5.56,54.0,0,workday,22:39,06:30,18-24,remote,0,1,1,22.65
user_005,2024-01-03,256,35,18,29,20,7.25,53.97,0,workday,23:29,05:35,18-24,remote,0,1,2,26.0
user_005,2024-01-04,201,54,8,22,27,7.15,36.29,1,workday,22:03,06:49,18-24,remote,0,1,1,2.58
user_005,2024-01-05,238,34,17,5,15,7.72,60.14,1,workday,22:24,06:35,18-24,remote,0,1,1,6.42
user_005,2024-01-06,196,36,14,20,19,8.2,52.13,0,weekend,23:11,07:35,18-24,remote,0,1,1,20.32
user_005,2024-01-07,223,50,17,36,9,5.02,59.25,1,weekend,00:19,07:56,18-24,remote,0,1,2,26.0
user_005,2024-01-08,194,33,21,27,17,3.82,60.17,0,workday,22:51,07:11,18-24,remote,0,1,2,36.55
user_005,2024-01-09,210,32,20,28,8,4.81,79.06,0,workday,23:09,07:00,18-24,remote,0,1,3,58.89
user_005,2024-01-10,245,50,19,16,24,5.33,51.25,0,workday,23:04,06:47,18-24,remote,0,1,2,41.6
user_005,2024-01-11,223,48,27,34,30,3.96,61.44,0,workday,22:11,06:32,18-24,remote,0,1,2,35.65
user_005,2024-01-12,255,32,18,6,12,6.05,45.14,0,workday,22:00,07:48,18-24,remote,0,1,2,31.02
user_005,2024-01-13,267,45,22,25,19,4.8,56.33,0,weekend,23:24,07:44,18-24,remote,0,1,1,2.94
user_005,2024-01-14,185,35,20,26,16,2.08,73.67,0,weekend,23:24,08:05,18-24,remote,0,1,2,37.52
user_005,2024-01-15,175,57,34,28,30,6.65,50.37,0,workday,22:35,07:06,18-24,remote,0,1,2,26.0
user_005,2024-01-16,246,42,20,27,14,6.04,62.42,1,workday,22:52,07:05,18-24,remote,0,1,2,46.76
user_005,2024-01-17,223,60,30,40,24,3.9,75.1,0,workday,23:00,06:51,18-24,remote,0,1,3,73.42
user_005,2024-01-18,199,51,19,20,22,5.83,45.98,1,workday,23:09,06:37,18-24,remote,0,1,2,29.87
user_005,2024-01-19,259,50,30,19,18,3.44,51.64,1,workday,23:09,07:01,18-24,remote,0,1,2,29.18
user_005,2024-01-20,300,52,14,35,25,5.07,58.08,1,weekend,22:56,07:43,18-24,remote,0,1,2,27.65
user_005,2024-01-21,206,22,9,13,8,0.1,72.93,0,weekend,23:32,07:30,18-24,remote,0,1,3,56.43
user_006,2024-01-01,190,41,23,21,19,6.57,78.54,0,workday,22:16,07:07,55+,hybrid,0,0,2,38.63
user_006,2024-01-02,230,33,12,22,12,5.93,69.92,1,workday,23:29,06:37,55+,hybrid,0,0,1,22.42
user_006,2024-01-03,167,31,21,6,20,6.51,50.73,1,workday,22:58,07:07,55+,hybrid,0,0,2,36.01
user_006,2024-01-04,219,40,14,22,20,5.88,36.62,1,workday,23:13,07:25,55+,hybrid,0,0,2,29.34
user_006,2024-01-05,168,9,5,14,10,0.1,86.18,0,workday,23:07,06:16,55+,hybrid,0,0,3,73.37
user_006,2024-01-06,263,55,44,25,10,5.83,58.27,0,weekend,23:42,07:28,55+,hybrid,0,0,2,46.04
user_006,2024-01-07,244,44,25,29,28,4.02,71.01,0,weekend,23:38,08:17,55+,hybrid,0,0,2,47.94
user_006,2024-01-08,139,47,30,28,17,5.02,52.19,0,workday,00:27,07:23,55+,hybrid,0,0,2,40.84
user_006,2024-01-09,151,34,25,29,19,6.35,60.45,0,workday,22:47,07:06,55+,hybrid,0,0,2,26.0
user_006,2024-01-10,231,51,41,38,24,1.5,73.49,0,workday,22:29,07:22,55+,hybrid,0,0,2,29.16
user_006,2024-01-11,197,15,8,21,4,4.62,75.5,1,workday,23:01,06:43,55+,hybrid,0,0,2,26.51
user_006,2024-01-12,153,43,12,26,16,6.07,60.96,0,workday,22:39,07:27,55+,hybrid,0,0,2,36.77
user_006,2024-01-13,221,34,1,12,20,2.88,44.54,0,weekend,22:54,07:24,55+,hybrid,0,0,2,43.46
user_006,2024-01-14,248,32,7,33,7,0.28,61.06,0,weekend,22:44,07:45,55+,hybrid,0,0,2,36.54
user_006,2024-01-15,234,39,25,42,15,3.47,61.45,0,workday,23:17,07:23,55+,hybrid,0,0,2,35.87
user_006,2024-01-16,194,38,30,15,16,4.35,55.36,1,workday,22:28,06:38,55+,hybrid,0,0,2,26.74
user_006,2024-01-17,206,39,21,27,21,7.12,56.12,1,workday,23:51,06:35,55+,hybrid,0,0,2,26.0
user_006,2024-01-18,213,48,31,23,23,4.94,57.53,1,workday,23:32,08:02,55+,hybrid,0,0,2,27.86
user_006,2024-01-19,210,37,19,25,19,1.49,79.1,0,workday,22:31,07:48,55+,hybrid,0,0,2,48.22
user_006,2024-01-20,224,56,31,19,30,5.29,52.89,0,weekend,23:28,07:32,55+,hybrid,0,0,2,39.47
user_006,2024-01-21,220,39,18,28,19,3.13,75.76,0,weekend,23:35,07:33,55+,hybrid,0,0,2,49.06
user_007,2024-01-01,289,31,13,24,13,4.93,53.66,0,workday,23:15,07:40,35-44,remote,0,0,2,47.48
user_007,2024-01-02,282,59,16,49,25,5.57,70.79,0,workday,23:08,06:58,35-44,remote,0,0,2,34.06
user_007,2024-01-03,262,34,21,23,21,3.69,70.76,0,workday,23:09,06:37,35-44,remote,0,0,3,72.81
user_007,2024-01-04,202,52,23,30,22,5.75,44.23,1,workday,22:29,06:32,35-44,remote,0,0,1,21.49
user_007,2024-01-05,258,41,23,21,25,6.32,31.69,1,workday,22:30,07:43,35-44,remote,0,0,2,26.68
user_007,2024-01-06,275,36,21,31,21,3.12,77.4,1,weekend,23:13,08:01,35-44,remote,0,0,2,31.47
user_007,2024-01-07,206,53,32,23,13,4.94,49.04,0,weekend,23:02,07:41,35-44,remote,0,0,2,27.6
user_007,2024-01-08,242,34,20,20,15,5.43,51.16,1,workday,22:27,07:19,35-44,remote,0,0,2,40.0
user_007,2024-01-09,233,56,25,38,18,4.26,61.26,1,workday,23:05,06:11,35-44,remote,0,0,2,28.41
user_007,2024-01-10,202,42,13,30,15,7.06,30.48,1,workday,22:16,07:23,35-44,remote,0,0,2,30.96
user_007,2024-01-11,135,36,11,23,17,5.34,61.11,1,workday,22:55,07:29,35-44,remote,0,0,1,18.97
user_007,2024-01-12,232,37,13,16,11,5.28,47.26,0,workday,22:35,06:59,35-44,remote,0,0,2,32.3
user_007,2024-01-13,269,34,30,29,13,2.49,89.94,1,weekend,23:43,07:53,35-44,remote,0,0,2,33.24
user_007,2024-01-14,181,37,10,19,19,1.41,81.13,0,weekend,22:57,06:51,35-44,remote,0,0,4,79.11
user_007,2024-01-15,250,44,8,31,15,6.32,68.56,1,workday,22:32,07:14,35-44,remote,0,0,2,38.54
user_007,2024-01-16,226,37,14,32,20,5.62,57.73,0,workday,22:42,07:16,35-44,remote,0,0,2,27.41
user_007,2024-01-17,192,29,20,16,13,4.58,73.84,0,workday,22:28,07:00,35-44,remote,0,0,2,36.47
user_007,2024-01-18,240,25,16,31,21,2.66,77.45,0,workday,00:06,06:34,35-44,remote,0,0,3,58.38
user_007,2024-01-19,229,50,27,34,24,6.55,54.3,0,workday,22:23,06:44,35-44,remote,0,0,2,26.0
user_007,2024-01-20,284,60,19,31,19,5.26,61.55,0,weekend,23:54,07:20,35-44,remote,0,0,3,75.0
user_007,2024-01-21,272,42,22,25,7,2.26,66.03,0,weekend,23:05,07:19,35-44,remote,0,0,2,43.24
user_008,2024-01-01,264,46,22,22,21,5.49,69.53,1,workday,22:33,06:41,45-54,remote,1,0,1,4.55
user_008,2024-01-02,259,42,13,35,19,6.57,46.07,0,workday,23:11,06:46,45-54,remote,1,0,2,37.43
user_008,2024-01-03,287,60,35,24,20,5.0,51.4,0,workday,23:33,07:22,45-54,remote,1,0,2,26.0
user_008,2024-01-04,242,51,51,25,16,2.84,56.46,1,workday,23:40,07:01,45-54,remote,1,0,1,12.22
user_008,2024-01-05,237,49,25,11,11,4.79,76.77,0,workday,23:14,07:03,45-54,remote,1,0,2,30.38
user_008,2024-01-06,257,41,18,26,23,7.12,46.02,0,weekend,23:22,07:26,45-54,remote,1,0,2,26.0
user_008,2024-01-07,215,60,24,29,23,4.51,55.3,0,weekend,23:40,08:21,45-54,remote,1,0,2,31.56
user_008,2024-01-08,222,38,11,31,27,7.6,74.8,0,workday,22:42,06:47,45-54,remote,1,0,1,4.98
user_008,2024-01-09,300,48,13,36,22,6.7,59.95,0,workday,22:39,06:03,45-54,remote,1,0,1,6.33
user_008,2024-01-10,232,46,32,33,15,7.4,46.18,0,workday,23:31,07:14,45-54,remote,1,0,2,28.53
user_008,2024-01-11,265,44,14,30,22,4.85,54.57,0,workday,23:27,06:34,45-54,remote,1,0,1,16.08
user_008,2024-01-12,210,35,14,24,15,4.88,45.72,0,workday,22:58,07:12,45-54,remote,1,0,2,47.59
user_008,2024-01-13,175,40,22,31,15,2.65,72.43,0,weekend,23:30,07:27,45-54,remote,1,0,2,30.97
user_008,2024-01-14,243,53,31,22,27,5.18,43.59,0,weekend,00:36,07:59,45-54,remote,1,0,1,3.68
user_008,2024-01-15,219,40,31,33,24,4.16,75.94,0,workday,23:01,07:21,45-54,remote,1,0,2,28.35
user_008,2024-01-16,234,44,23,29,15,4.75,43.13,0,workday,23:16,06:41,45-54,remote,1,0,2,26.06
user_008,2024-01-17,261,54,28,28,22,4.0,48.11,0,workday,23:12,07:23,45-54,remote,1,0,2,27.69
user_008,2024-01-18,210,49,27,20,18,7.84,54.37,1,workday,23:15,07:16,45-54,remote,1,0,1,24.47
user_008,2024-01-19,200,29,6,26,7,3.97,55.04,0,workday,22:52,07:18,45-54,remote,1,0,2,30.75
user_008,2024-01-20,242,46,11,16,14,2.42,52.13,0,weekend,22:46,07:39,45-54,remote,1,0,2,38.36
user_008,2024-01-21,208,29,13,23,15,1.92,77.46,0,weekend,22:58,07:43,45-54,remote,1,0,2,36.04
user_009,2024-01-01,246,33,18,11,8,6.13,60.66,1,workday,22:29,06:34,18-24,remote,1,0,2,33.1
user_009,2024-01-02,278,38,22,31,12,5.98,44.29,1,workday,22:23,07:07,18-24,remote,1,0,2,32.84
user_009,2024-01-03,186,47,25,26,21,5.78,49.92,1,workday,23:50,06:35,18-24,remote,1,0,2,27.22
user_009,2024-01-04,277,42,20,34,17,5.17,56.33,0,workday,22:41,06:06,18-24,remote,1,0,2,28.9
user_009,2024-01-05,220,60,27,24,28,6.54,36.17,1,workday,22:29,06:54,18-24,remote,1,0,2,28.54
user_009,2024-01-06,248,45,23,33,22,3.21,61.31,0,weekend,23:42,07:56,18-24,remote,1,0,2,49.81
user_009,2024-01-07,245,38,12,31,19,2.39,59.56,0,weekend,23:11,07:47,18-24,remote,1,0,3,58.04
user_009,2024-01-08,234,38,16,26,16,6.46,61.9,1,workday,23:07,06:30,18-24,remote,1,0,1,15.88
user_009,2024-01-09,247,29,10,21,16,4.44,81.37,0,workday,22:19,06:50,18-24,remote,1,0,2,29.59
user_009,2024-01-10,225,39,4,25,16,4.01,49.17,0,workday,22:56,06:53,18-24,remote,1,0,2,27.27
user_009,2024-01-11,194,41,18,38,14,2.64,63.09,1,workday,23:07,06:59,18-24,remote,1,0,2,29.08
user_009,2024-01-12,157,23,5,4,10,2.52,53.15,0,workday,23:10,06:40,18-24,remote,1,0,3,68.66
user_009,2024-01-13,273,46,34,18,18,1.57,70.13,0,weekend,23:56,07:46,18-24,remote,1,0,3,71.26
user_009,2024-01-14,201,60,28,21,28,4.01,72.03,0,weekend,23:37,07:06,18-24,remote,1,0,2,44.32
user_009,2024-01-15,281,60,29,29,26,3.96,59.79,1,workday,23:02,06:16,18-24,remote,1,0,2,38.45
user_009,2024-01-16,213,48,9,21,15,8.11,67.91,0,workday,00:05,07:38,18-24,remote,1,0,1,23.42
user_009,2024-01-17,227,56,26,40,23,7.27,41.41,0,workday,23:30,07:27,18-24,remote,1,0,2,41.48
user_009,2024-01-18,240,46,27,38,19,6.4,67.54,0,workday,23:31,06:54,18-24,remote,1,0,2,43.58
user_009,2024-01-19,185,38,22,28,11,4.61,73.14,1,workday,23:26,07:10,18-24,remote,1,0,2,31.93
user_009,2024-01-20,257,37,30,27,11,4.71,59.68,0,weekend,23:17,08:26,18-24,remote,1,0,2,38.62
user_009,2024-01-21,200,50,27,28,22,6.09,62.2,0,weekend,23:06,08:27,18-24,remote,1,0,2,45.92
user_010,2024-01-01,166,43,10,30,14,3.78,58.07,1,workday,22:57,06:25,25-34,hybrid,1,0,2,45.34
user_010,2024-01-02,183,45,22,24,12,7.21,67.93,0,workday,23:01,07:16,25-34,hybrid,1,0,2,35.34
user_010,2024-01-03,213,45,30,27,25,6.03,66.96,0,workday,23:10,06:49,25-34,hybrid,1,0,4,100.0
user_010,2024-01-04,251,52,32,35,20,4.32,40.45,0,workday,22:33,06:44,25-34,hybrid,1,0,2,41.08
user_010,2024-01-05,173,35,19,21,24,2.04,84.12,0,workday,22:19,07:34,25-34,hybrid,1,0,4,90.64
user_010,2024-01-06,219,40,4,14,25,5.16,57.94,0,weekend,23:01,07:34,25-34,hybrid,1,0,2,36.51
user_010,2024-01-07,230,58,24,31,30,6.28,66.88,0,weekend,23:32,07:42,25-34,hybrid,1,0,3,60.03
user_010,2024-01-08,156,34,10,27,7,4.31,60.95,0,workday,23:54,06:31,25-34,hybrid,1,0,4,80.35
user_010,2024-01-09,222,41,15,43,23,3.9,56.36,1,workday,22:50,06:06,25-34,hybrid,1,0,2,33.66
user_010,2024-01-10,215,34,12,28,16,7.05,41.9,1,workday,23:08,06:56,25-34,hybrid,1,0,2,36.71
user_010,2024-01-11,216,34,10,24,19,5.75,58.61,0,workday,23:19,06:57,25-34,hybrid,1,0,4,89.71
user_010,2024-01-12,220,35,21,20,23,5.37,63.89,0,workday,22:34,06:16,25-34,hybrid,1,0,2,47.72
user_010,2024-01-13,192,16,5,13,13,1.27,100.0,0,weekend,22:52,07:36,25-34,hybrid,1,0,3,75.0
user_010,2024-01-14,244,46,19,34,22,4.64,46.72,1,weekend,22:41,07:54,25-34,hybrid,1,0,2,46.64
user_010,2024-01-15,233,44,20,40,14,6.74,40.02,0,workday,22:56,07:50,25-34,hybrid,1,0,2,41.74
user_010,2024-01-16,229,27,16,18,11,4.24,65.28,0,workday,22:55,07:28,25-34,hybrid,1,0,2,31.73
user_010,2024-01-17,216,41,17,20,17,3.67,62.8,0,workday,23:44,06:52,25-34,hybrid,1,0,4,84.34
user_010,2024-01-18,209,41,21,42,18,6.97,50.66,1,workday,23:40,07:08,25-34,hybrid,1,0,2,47.71
user_010,2024-01-19,165,34,17,42,20,4.78,56.37,1,workday,23:08,06:39,25-34,hybrid,1,0,2,33.44
user_010,2024-01-20,177,34,17,34,8,3.44,45.41,0,weekend,23:32,08:29,25-34,hybrid,1,0,3,64.94
user_010,2024-01-21,206,28,9,11,16,4.9,49.12,0,weekend,00:02,07:51,25-34,hybrid,1,0,4,84.18
user_011,2024-01-01,206,35,17,27,9,3.79,53.1,0,workday,23:48,06:42,25-34,remote,1,0,2,48.49
user_011,2024-01-02,223,28,22,31,25,6.03,44.01,0,workday,22:02,05:57,25-34,remote,1,0,2,38.68
user_011,2024-01-03,235,45,17,32,12,4.49,59.48,1,workday,22:30,06:30,25-34,remote,1,0,2,42.87
user_011,2024-01-04,234,55,19,25,25,5.56,66.77,0,workday,22:59,07:37,25-34,remote,1,0,2,27.84
user_011,2024-01-05,300,48,12,35,17,4.91,51.8,0,workday,23:40,07:38,25-34,remote,1,0,2,46.34
user_011,2024-01-06,197,26,16,31,10,3.27,54.95,0,weekend,23:25,07:35,25-34,remote,1,0,3,64.5
user_011,2024-01-07,227,29,17,15,16,5.24,57.36,0,weekend,23:06,07:23,25-34,remote,1,0,3,54.91
user_011,2024-01-08,199,25,15,17,12,3.91,64.86,0,workday,22:16,07:33,25-34,remote,1,0,3,60.31
user_011,2024-01-09,233,42,30,29,12,5.41,78.43,0,workday,22:24,06:33,25-34,remote,1,0,2,38.06
user_011,2024-01-10,191,35,28,24,14,6.02,57.07,0,workday,22:52,06:56,25-34,remote,1,0,2,39.72
user_011,2024-01-11,208,31,11,17,17,2.69,59.62,0,workday,23:16,07:20,25-34,remote,1,0,3,65.03
user_011,2024-01-12,203,33,20,7,15,4.84,71.33,0,workday,22:43,07:40,25-34,remote,1,0,2,33.2
user_011,2024-01-13,213,32,21,21,11,2.68,48.09,0,weekend,23:03,08:03,25-34,remote,1,0,4,92.03
user_011,2024-01-14,250,26,14,21,10,4.1,46.03,1,weekend,23:03,08:04,25-34,remote,1,0,1,11.71
user_011,2024-01-15,253,53,27,38,19,7.04,60.52,1,workday,22:38,07:21,25-34,remote,1,0,2,26.0
user_011,2024-01-16,260,43,14,26,14,5.57,60.14,1,workday,23:39,07:06,25-34,remote,1,0,2,29.22
user_011,2024-01-17,237,40,26,13,16,5.49,91.34,1,workday,23:04,06:37,25-34,remote,1,0,2,37.63
user_011,2024-01-18,254,47,9,30,14,4.1,76.87,0,workday,22:53,07:14,25-34,remote,1,0,3,72.32
user_011,2024-01-19,196,35,33,24,11,5.97,48.99,0,workday,22:48,07:11,25-34,remote,1,0,2,44.62
user_011,2024-01-20,261,50,19,17,11,3.41,81.34,0,weekend,23:01,06:46,25-34,remote,1,0,3,62.07
user_011,2024-01-21,249,56,36,32,22,7.39,56.2,0,weekend,00:11,07:55,25-34,remote,1,0,3,58.12
user_012,2024-01-01,297,36,9,30,21,4.38,74.39,0,workday,22:18,07:39,55+,on_site,1,0,4,84.67
user_012,2024-01-02,197,46,27,23,20,5.96,59.4,0,workday,23:02,07:14,55+,on_site,1,0,2,36.71
user_012,2024-01-03,222,28,22,19,17,7.35,46.29,0,workday,22:30,07:24,55+,on_site,1,0,2,36.95
user_012,2024-01-04,228,39,9,22,20,4.24,60.72,0,workday,22:39,06:33,55+,on_site,1,0,4,81.59
user_012,2024-01-05,162,45,14,14,13,0.94,70.54,1,workday,22:57,07:13,55+,on_site,1,0,2,44.07
user_012,2024-01-06,183,44,15,40,19,2.94,71.67,0,weekend,23:35,07:43,55+,on_site,1,0,3,61.56
user_012,2024-01-07,224,35,11,24,12,4.39,60.15,1,weekend,23:54,07:55,55+,on_site,1,0,2,48.43
user_012,2024-01-08,230,47,24,25,9,2.17,64.77,0,workday,22:53,06:46,55+,on_site,1,0,2,43.94
user_012,2024-01-09,211,46,17,23,23,5.57,30.26,0,workday,22:41,07:55,55+,on_site,1,0,2,41.19
user_012,2024-01-10,128,42,20,22,13,5.54,49.56,1,workday,23:22,05:58,55+,on_site,1,0,2,27.56
user_012,2024-01-11,256,47,20,32,12,4.79,44.03,1,workday,23:02,07:36,55+,on_site,1,0,2,31.36
user_012,2024-01-12,190,31,8,32,14,3.52,60.12,0,workday,22:29,07:07,55+,on_site,1,0,3,58.05
user_012,2024-01-13,212,27,8,28,18,1.28,75.94,0,weekend,22:28,07:23,55+,on_site,1,0,2,50.0
user_012,2024-01-14,202,25,11,33,17,5.16,45.46,1,weekend,23:41,07:03,55+,on_site,1,0,2,32.84
user_012,2024-01-15,165,37,11,19,16,5.53,46.24,0,workday,23:04,07:17,55+,on_site,1,0,4,94.33
user_012,2024-01-16,197,41,23,25,16,4.01,54.89,0,workday,22:26,07:08,55+,on_site,1,0,2,37.86
user_012,2024-01-17,226,49,17,33,22,7.86,48.08,0,workday,22:36,07:47,55+,on_site,1,0,2,31.5
user_012,2024-01-18,170,30,11,23,13,5.68,72.94,1,workday,23:22,06:23,55+,on_site,1,0,3,59.58
user_012,2024-01-19,157,24,12,19,17,3.88,77.87,0,workday,22:38,06:52,55+,on_site,1,0,2,39.62
user_012,2024-01-20,196,44,13,32,19,2.31,67.28,0,weekend,22:35,07:42,55+,on_site,1,0,3,67.9
user_012,2024-01-21,217,47,29,8,24,2.54,56.83,0,weekend,22:59,08:10,55+,on_site,1,0,2,41.08
user_013,2024-01-01,256,46,32,31,15,3.9,81.91,1,workday,22:48,07:14,35-44,hybrid,1,0,3,62.39
user_013,2024-01-02,200,30,6,13,2,0.08,81.07,0,workday,23:12,06:50,35-44,hybrid,1,0,4,98.43
user_013,2024-01-03,226,47,37,30,18,5.24,61.77,1,workday,23:08,07:21,35-44,hybrid,1,0,3,66.0
user_013,2024-01-04,268,52,20,22,26,4.42,74.18,0,workday,22:44,07:03,35-44,hybrid,1,0,4,97.7
user_013,2024-01-05,260,17,5,17,15,4.32,52.19,1,workday,22:52,06:45,35-44,hybrid,1,0,4,79.81
user_013,2024-01-06,161,23,8,14,10,2.88,42.59,0,weekend,22:52,08:07,35-44,hybrid,1,0,3,72.48
user_013,2024-01-07,192,38,11,25,16,3.93,57.44,0,weekend,23:23,07:25,35-44,hybrid,1,0,2,48.24
user_013,2024-01-08,175,56,24,12,19,2.4,70.67,0,workday,23:06,07:08,35-44,hybrid,1,0,4,96.43
user_013,2024-01-09,178,53,28,21,15,5.61,51.77,0,workday,22:40,07:31,35-44,hybrid,1,0,3,56.29
user_013,2024-01-10,224,49,20,16,21,5.42,52.8,0,workday,23:16,07:12,35-44,hybrid,1,0,2,48.07
user_013,2024-01-11,186,46,7,29,19,3.71,69.9,1,workday,22:25,06:59,35-44,hybrid,1,0,2,50.0
user_013,2024-01-12,178,41,13,23,18,5.4,60.25,1,workday,23:22,07:23,35-44,hybrid,1,0,2,47.47
user_013,2024-01-13,212,36,21,29,17,3.57,61.69,0,weekend,22:33,08:32,35-44,hybrid,1,0,3,56.42
user_013,2024-01-14,201,40,26,18,22,4.27,55.59,1,weekend,00:15,07:48,35-44,hybrid,1,0,2,29.37
user_013,2024-01-15,230,33,11,16,17,4.46,61.53,0,workday,21:57,06:23,35-44,hybrid,1,0,3,72.83
user_013,2024-01-16,126,44,28,25,18,8.17,35.13,1,workday,23:08,07:15,35-44,hybrid,1,0,2,39.08
user_013,2024-01-17,281,44,16,27,20,6.56,38.73,1,workday,23:56,06:56,35-44,hybrid,1,0,2,47.09
user_013,2024-01-18,246,35,25,9,10,2.8,56.54,1,workday,22:13,06:37,35-44,hybrid,1,0,2,33.72
user_013,2024-01-19,243,45,32,33,22,3.83,42.27,1,workday,22:30,07:01,35-44,hybrid,1,0,2,40.92
user_013,2024-01-20,208,49,9,32,22,3.68,55.53,0,weekend,22:58,07:44,35-44,hybrid,1,0,2,49.32
user_013,2024-01-21,176,36,15,27,18,3.47,75.32,0,weekend,23:02,07:50,35-44,hybrid,1,0,3,67.72
user_014,2024-01-01,230,56,17,25,18,4.55,59.06,0,workday,23:21,07:35,45-54,remote,1,0,3,71.74
user_014,2024-01-02,222,42,25,25,14,4.29,51.43,1,workday,23:05,06:30,45-54,remote,1,0,4,76.0
user_014,2024-01-03,235,52,16,38,26,5.16,49.35,1,workday,23:48,07:30,45-54,remote,1,0,3,57.06
user_014,2024-01-04,205,31,13,17,13,3.54,77.39,0,workday,22:42,07:53,45-54,remote,1,0,4,99.0
user_014,2024-01-05,264,38,13,10,20,5.57,65.61,1,workday,22:29,07:18,45-54,remote,1,0,3,64.4
user_014,2024-01-06,215,27,14,0,11,3.22,62.35,0,weekend,23:20,07:58,45-54,remote,1,0,4,95.61
user_014,2024-01-07,172,51,8,34,13,2.86,70.31,0,weekend,23:09,07:23,45-54,remote,1,0,4,88.48
user_014,2024-01-08,235,37,20,14,10,6.72,59.92,0,workday,22:23,07:08,45-54,remote,1,0,4,83.23
user_014,2024-01-09,226,34,14,30,13,2.97,74.79,0,workday,22:35,05:47,45-54,remote,1,0,4,85.3
user_014,2024-01-10,261,52,28,24,13,4.73,45.08,0,workday,22:59,06:37,45-54,remote,1,0,3,65.41
user_014,2024-01-11,239,28,13,14,13,2.11,70.77,0,workday,22:36,06:49,45-54,remote,1,0,4,92.12
user_014,2024-01-12,194,36,26,32,14,5.06,61.61,0,workday,23:53,06:52,45-54,remote,1,0,4,94.07
user_014,2024-01-13,259,37,12,33,12,4.06,64.59,0,weekend,22:33,08:39,45-54,remote,1,0,4,82.96
user_014,2024-01-14,252,41,29,37,22,4.77,52.98,1,weekend,23:24,07:19,45-54,remote,1,0,3,70.12
user_014,2024-01-15,216,37,12,22,13,4.39,65.61,1,workday,22:56,06:20,45-54,remote,1,0,3,51.53
user_014,2024-01-16,240,56,35,22,19,4.87,71.66,0,workday,23:14,07:13,45-54,remote,1,0,3,51.85
user_014,2024-01-17,213,52,6,21,28,5.75,27.14,0,workday,23:00,07:38,45-54,remote,1,0,3,63.06
user_014,2024-01-18,198,16,3,10,3,3.6,64.92,0,workday,23:12,08:02,45-54,remote,1,0,4,97.2
user_014,2024-01-19,290,46,40,27,19,4.85,47.72,0,workday,23:08,06:30,45-54,remote,1,0,3,60.9
user_014,2024-01-20,203,40,21,26,12,4.99,60.13,1,weekend,23:15,07:49,45-54,remote,1,0,2,45.62
user_014,2024-01-21,217,23,13,14,10,2.5,44.04,0,weekend,22:49,07:20,45-54,remote,1,0,4,93.96
user_015,2024-01-01,154,50,23,32,19,6.41,67.02,0,workday,22:05,06:45,25-34,hybrid,0,0,4,81.68
user_015,2024-01-02,216,32,19,29,16,4.0,51.99,0,workday,22:40,07:30,25-34,hybrid,0,0,2,48.62
user_015,2024-01-03,258,57,25,33,24,3.6,76.98,1,workday,23:18,07:15,25-34,hybrid,0,0,2,29.8
user_015,2024-01-04,233,35,22,10,17,4.83,31.93,1,workday,22:35,07:55,25-34,hybrid,0,0,1,24.32
user_015,2024-01-05,223,46,11,22,21,5.61,61.27,1,workday,22:59,07:41,25-34,hybrid,0,0,2,31.1
user_015,2024-01-06,192,29,13,18,20,3.93,69.27,1,weekend,22:44,07:13,25-34,hybrid,0,0,2,49.3
user_015,2024-01-07,240,54,5,24,21,3.72,73.44,0,weekend,00:36,07:19,25-34,hybrid,0,0,3,61.37
user_015,2024-01-08,224,59,31,41,24,5.89,62.25,1,workday,23:06,06:03,25-34,hybrid,0,0,2,32.21
user_015,2024-01-09,221,39,17,11,17,3.93,70.62,0,workday,22:47,06:46,25-34,hybrid,0,0,3,53.57
user_015,2024-01-10,289,48,25,29,18,8.08,51.06,0,workday,23:26,07:00,25-34,hybrid,0,0,2,32.2
user_015,2024-01-11,187,31,11,15,14,4.6,77.42,0,workday,22:00,06:15,25-34,hybrid,0,0,2,47.44
user_015,2024-01-12,250,28,16,23,20,5.46,65.1,0,workday,22:46,06:30,25-34,hybrid,0,0,3,59.95
user_015,2024-01-13,253,58,5,39,17,5.24,59.35,0,weekend,23:31,08:02,25-34,hybrid,0,0,2,37.6
user_015,2024-01-14,285,30,10,16,14,2.9,75.84,0,weekend,23:32,07:42,25-34,hybrid,0,0,2,43.05
user_015,2024-01-15,193,25,10,32,10,6.16,66.86,0,workday,23:03,06:08,25-34,hybrid,0,0,4,81.01
user_015,2024-01-16,210,31,16,25,20,6.0,66.08,0,workday,22:31,07:13,25-34,hybrid,0,0,2,43.73
user_015,2024-01-17,232,51,21,35,24,5.43,43.59,0,workday,22:35,06:32,25-34,hybrid,0,0,2,33.62
user_015,2024-01-18,191,45,18,23,9,4.59,46.37,1,workday,22:30,07:02,25-34,hybrid,0,0,2,27.11
user_015,2024-01-19,220,44,12,23,16,4.18,57.05,0,workday,23:41,07:23,25-34,hybrid,0,0,2,34.93
user_015,2024-01-20,250,43,9,21,21,5.09,53.88,0,weekend,23:29,07:52,25-34,hybrid,0,0,2,33.12
user_015,2024-01-21,171,33,26,33,19,2.57,60.89,0,weekend,22:45,08:02,25-34,hybrid,0,0,2,50.0
user_016,2024-01-01,235,46,35,45,21,5.9,51.42,0,workday,22:30,07:14,25-34,remote,0,0,4,87.82
user_016,2024-01-02,243,37,6,20,12,3.06,66.16,1,workday,23:03,07:14,25-34,remote,0,0,4,93.76
user_016,2024-01-03,199,44,20,29,20,3.31,62.88,1,workday,22:48,06:40,25-34,remote,0,0,3,65.64
user_016,2024-01-04,243,46,22,31,23,4.47,82.47,1,workday,22:33,07:41,25-34,remote,0,0,4,81.42
user_016,2024-01-05,223,45,30,35,20,4.37,59.31,0,workday,23:27,06:10,25-34,remote,0,0,4,84.08
user_016,2024-01-06,159,47,20,33,18,7.07,58.01,0,weekend,23:49,08:31,25-34,remote,0,0,4,84.23
user_016,2024-01-07,165,29,10,18,5,0.82,55.51,0,weekend,23:16,07:47,25-34,remote,0,0,4,93.16
user_016,2024-01-08,259,45,26,30,19,5.39,59.37,0,workday,22:44,06:46,25-34,remote,0,0,2,41.03
user_016,2024-01-09,211,59,35,42,25,5.61,66.82,0,workday,00:02,06:50,25-34,remote,0,0,3,53.67
user_016,2024-01-10,244,43,19,28,15,7.3,77.41,1,workday,23:27,07:12,25-34,remote,0,0,3,60.96
user_016,2024-01-11,231,60,14,35,23,3.72,35.84,0,workday,23:04,08:29,25-34,remote,0,0,3,57.24
user_016,2024-01-12,263,33,3,10,18,5.31,44.08,1,workday,21:49,07:32,25-34,remote,0,0,3,67.0
user_016,2024-01-13,258,54,14,33,26,5.81,66.02,0,weekend,23:01,07:49,25-34,remote,0,0,2,47.92
user_016,2024-01-14,300,52,19,41,20,3.7,30.43,0,weekend,00:08,07:58,25-34,remote,0,0,2,48.32
user_016,2024-01-15,238,47,30,25,20,6.78,69.54,0,workday,23:14,06:34,25-34,remote,0,0,2,47.26
user_016,2024-01-16,222,55,7,35,20,7.2,58.32,0,workday,23:23,07:31,25-34,remote,0,0,3,52.71
user_016,2024-01-17,204,29,21,18,16,4.4,54.5,0,workday,23:00,07:10,25-34,remote,0,0,3,65.15
user_016,2024-01-18,154,36,21,24,16,2.87,64.07,1,workday,22:44,06:05,25-34,remote,0,0,4,85.45
user_016,2024-01-19,200,34,12,32,18,3.77,48.26,0,workday,23:22,07:30,25-34,remote,0,0,4,84.18
user_016,2024-01-20,245,38,15,26,13,1.67,62.03,0,weekend,23:11,08:19,25-34,remote,0,0,4,91.35
user_016,2024-01-21,254,48,18,37,25,7.23,77.68,0,weekend,23:25,07:40,25-34,remote,0,0,4,87.26
user_017,2024-01-01,236,44,27,40,21,7.49,73.13,0,workday,22:56,06:51,35-44,on_site,0,0,2,44.04
user_017,2024-01-02,198,31,13,21,18,5.22,64.54,0,workday,22:49,07:04,35-44,on_site,0,0,3,61.12
user_017,2024-01-03,279,35,11,24,18,4.53,76.27,0,workday,22:41,06:59,35-44,on_site,0,0,2,37.57
user_017,2024-01-04,194,41,8,12,21,3.14,66.61,1,workday,23:27,08:30,35-44,on_site,0,0,2,26.0
user_017,2024-01-05,194,41,21,16,25,6.11,50.89,1,workday,23:56,07:34,35-44,on_site,0,0,2,28.54
user_017,2024-01-06,215,40,10,21,15,3.86,78.28,0,weekend,22:57,08:24,35-44,on_site,0,0,3,55.5
user_017,2024-01-07,202,35,14,13,17,5.13,51.91,1,weekend,23:26,07:03,35-44,on_site,0,0,2,42.28
user_017,2024-01-08,99,34,7,28,19,4.91,69.64,1,workday,22:20,06:33,35-44,on_site,0,0,3,64.21
user_017,2024-01-09,180,17,11,11,14,2.58,69.92,0,workday,22:51,07:45,35-44,on_site,0,0,4,93.15
user_017,2024-01-10,188,44,5,18,22,5.62,49.26,1,workday,23:23,06:45,35-44,on_site,0,0,2,45.33
user_017,2024-01-11,155,53,18,23,20,4.75,52.09,1,workday,22:42,06:36,35-44,on_site,0,0,2,36.77
user_017,2024-01-12,220,49,22,31,21,5.8,68.36,1,workday,00:05,06:35,35-44,on_site,0,0,3,73.29
user_017,2024-01-13,202,23,9,12,13,1.68,42.87,0,weekend,23:02,07:27,35-44,on_site,0,0,3,64.11
user_017,2024-01-14,242,44,22,28,18,5.63,53.65,1,weekend,00:07,07:22,35-44,on_site,0,0,2,34.54
user_017,2024-01-15,207,53,20,37,25,4.66,53.75,1,workday,22:50,06:19,35-44,on_site,0,0,2,42.53
user_017,2024-01-16,194,41,18,11,18,5.79,60.96,0,workday,23:48,07:10,35-44,on_site,0,0,4,87.79
user_017,2024-01-17,178,30,4,20,22,4.93,59.46,0,workday,21:52,06:50,35-44,on_site,0,0,2,40.65
user_017,2024-01-18,205,37,23,39,23,6.58,49.32,0,workday,22:40,06:26,35-44,on_site,0,0,3,75.0
user_017,2024-01-19,114,21,19,8,14,5.39,54.33,0,workday,23:38,06:54,35-44,on_site,0,0,2,48.48
user_017,2024-01-20,194,38,30,19,18,5.37,49.06,0,weekend,23:19,06:56,35-44,on_site,0,0,3,65.58
user_017,2024-01-21,176,45,22,21,22,2.76,64.63,0,weekend,00:14,07:33,35-44,on_site,0,0,3,51.0
user_018,2024-01-01,215,51,18,43,20,6.21,52.5,0,workday,22:52,06:23,18-24,hybrid,0,0,2,26.76
user_018,2024-01-02,190,48,41,30,18,4.15,66.9,0,workday,23:30,06:44,18-24,hybrid,0,0,2,40.42
user_018,2024-01-03,182,30,13,14,17,6.48,48.87,0,workday,22:44,06:54,18-24,hybrid,0,0,2,39.8
user_018,2024-01-04,190,32,15,39,17,1.75,100.0,1,workday,22:57,06:24,18-24,hybrid,0,0,3,75.0
user_018,2024-01-05,185,49,28,29,23,3.47,55.38,1,workday,23:49,06:40,18-24,hybrid,0,0,2,27.47
user_018,2024-01-06,152,27,15,23,21,2.27,93.11,0,weekend,23:13,07:27,18-24,hybrid,0,0,2,45.03
user_018,2024-01-07,228,38,22,26,23,5.56,47.93,1,weekend,23:13,06:52,18-24,hybrid,0,0,1,13.25
user_018,2024-01-08,235,38,10,31,17,2.06,56.09,1,workday,23:12,07:00,18-24,hybrid,0,0,2,41.43
user_018,2024-01-09,253,40,19,37,16,3.69,67.48,0,workday,22:35,06:50,18-24,hybrid,0,0,3,72.86
user_018,2024-01-10,222,59,23,36,23,3.39,75.22,1,workday,22:50,06:35,18-24,hybrid,0,0,2,40.53
user_018,2024-01-11,248,27,11,19,22,3.13,87.93,0,workday,23:23,06:25,18-24,hybrid,0,0,2,41.97
user_018,2024-01-12,217,29,13,17,23,6.15,51.38,0,workday,22:13,06:51,18-24,hybrid,0,0,2,26.0
user_018,2024-01-13,269,41,35,35,21,2.38,72.24,0,weekend,00:04,07:35,18-24,hybrid,0,0,2,34.34
user_018,2024-01-14,229,43,22,27,23,4.32,75.42,0,weekend,23:25,08:30,18-24,hybrid,0,0,3,73.69
user_018,2024-01-15,236,46,19,29,17,4.99,71.4,0,workday,23:38,07:27,18-24,hybrid,0,0,2,40.18
user_018,2024-01-16,238,46,33,21,12,6.21,43.4,1,workday,22:54,06:01,18-24,hybrid,0,0,2,26.59
user_018,2024-01-17,197,54,28,25,25,4.6,52.49,0,workday,22:24,06:59,18-24,hybrid,0,0,2,34.25
user_018,2024-01-18,209,56,18,37,18,1.84,76.95,1,workday,22:39,07:11,18-24,hybrid,0,0,2,31.57
user_018,2024-01-19,143,18,7,22,16,3.9,62.99,1,workday,22:47,07:31,18-24,hybrid,0,0,2,48.23
user_018,2024-01-20,211,37,28,16,16,4.6,43.09,0,weekend,22:29,08:00,18-24,hybrid,0,0,2,40.51
user_018,2024-01-21,224,59,27,33,25,5.69,54.38,0,weekend,23:17,07:37,18-24,hybrid,0,0,2,32.91
user_019,2024-01-01,236,44,27,34,24,2.22,65.15,0,workday,22:39,06:58,45-54,hybrid,1,0,3,54.41
user_019,2024-01-02,134,24,14,20,9,2.18,64.33,0,workday,22:56,07:48,45-54,hybrid,1,0,3,72.45
user_019,2024-01-03,212,42,11,28,22,6.94,44.88,0,workday,22:48,06:58,45-54,hybrid,1,0,2,40.67
user_019,2024-01-04,203,38,28,20,16,3.99,38.7,0,workday,23:38,07:11,45-54,hybrid,1,0,2,30.61
user_019,2024-01-05,192,32,19,21,14,4.82,59.59,0,workday,23:12,07:20,45-54,hybrid,1,0,2,50.0
user_019,2024-01-06,196,37,19,20,13,3.61,49.88,0,weekend,23:34,08:20,45-54,hybrid,1,0,2,37.82
user_019,2024-01-07,278,60,5,38,22,3.66,50.29,0,weekend,23:27,07:56,45-54,hybrid,1,0,2,29.03
user_019,2024-01-08,192,30,11,17,13,2.37,70.44,0,workday,23:14,06:30,45-54,hybrid,1,0,4,87.29
user_019,2024-01-09,185,48,20,36,17,7.91,53.41,0,workday,22:13,07:45,45-54,hybrid,1,0,2,27.0
user_019,2024-01-10,236,57,32,24,20,5.0,53.12,1,workday,21:58,06:59,45-54,hybrid,1,0,2,42.63
user_019,2024-01-11,234,23,13,19,12,6.8,36.72,1,workday,23:02,07:19,45-54,hybrid,1,0,2,46.95
user_019,2024-01-12,174,53,14,36,21,6.61,41.15,0,workday,23:22,06:56,45-54,hybrid,1,0,2,27.5
user_019,2024-01-13,207,28,16,30,13,4.96,63.69,0,weekend,00:17,07:41,45-54,hybrid,1,0,4,83.52
user_019,2024-01-14,207,32,8,31,19,1.76,92.01,0,weekend,22:40,08:25,45-54,hybrid,1,0,3,56.25
user_019,2024-01-15,155,26,14,32,12,3.23,49.03,0,workday,21:53,07:43,45-54,hybrid,1,0,2,36.32
user_019,2024-01-16,240,41,23,23,19,6.68,59.46,0,workday,23:01,07:01,45-54,hybrid,1,0,2,34.43
user_019,2024-01-17,205,30,18,3,13,4.91,53.77,0,workday,22:39,07:06,45-54,hybrid,1,0,3,51.09
user_019,2024-01-18,212,32,16,21,13,3.18,66.61,1,workday,22:38,05:45,45-54,hybrid,1,0,1,5.8
user_019,2024-01-19,220,32,23,27,16,7.04,77.92,1,workday,23:39,07:02,45-54,hybrid,1,0,2,32.65
user_019,2024-01-20,175,46,19,33,15,4.77,58.23,0,weekend,23:25,07:45,45-54,hybrid,1,0,2,26.79
user_019,2024-01-21,208,39,15,22,11,3.63,63.3,0,weekend,23:18,07:18,45-54,hybrid,1,0,2,44.75
user_020,2024-01-01,178,48,19,27,19,2.47,46.81,0,workday,23:17,06:43,35-44,remote,0,1,2,40.97
user_020,2024-01-02,240,45,13,39,21,9.49,28.96,0,workday,22:10,06:54,35-44,remote,0,1,1,8.24
user_020,2024-01-03,231,45,34,26,14,5.43,58.83,1,workday,22:36,07:10,35-44,remote,0,1,2,26.45
user_020,2024-01-04,282,60,34,34,22,7.52,68.81,1,workday,22:39,06:55,35-44,remote,0,1,1,2.06
user_020,2024-01-05,290,57,23,46,17,8.62,51.6,0,workday,23:49,06:08,35-44,remote,0,1,2,30.91
user_020,2024-01-06,289,42,21,33,14,5.12,52.66,0,weekend,23:06,07:51,35-44,remote,0,1,2,30.04
user_020,2024-01-07,222,28,18,18,10,4.07,76.09,0,weekend,22:22,06:58,35-44,remote,0,1,2,34.51
user_020,2024-01-08,210,35,9,24,17,4.63,46.77,0,workday,22:29,07:21,35-44,remote,0,1,2,33.18
user_020,2024-01-09,232,53,22,21,25,8.13,58.03,1,workday,23:35,06:24,35-44,remote,0,1,2,26.0
user_020,2024-01-10,223,47,26,45,23,7.42,61.18,1,workday,23:26,06:09,35-44,remote,0,1,3,52.96
user_020,2024-01-11,253,34,14,3,15,3.79,70.36,1,workday,22:56,07:27,35-44,remote,0,1,2,31.69
user_020,2024-01-12,244,40,8,33,23,5.1,41.81,1,workday,22:29,06:42,35-44,remote,0,1,2,30.75
user_020,2024-01-13,258,37,26,27,23,3.91,40.19,0,weekend,23:39,08:11,35-44,remote,0,1,2,29.53
user_020,2024-01-14,249,48,6,27,20,3.71,68.41,0,weekend,23:15,07:03,35-44,remote,0,1,2,46.2
user_020,2024-01-15,225,48,24,30,19,5.35,53.24,1,workday,22:45,08:10,35-44,remote,0,1,1,10.67
user_020,2024-01-16,175,44,18,31,24,3.83,83.19,0,workday,22:40,07:17,35-44,remote,0,1,3,59.67
user_020,2024-01-17,233,46,22,31,19,5.28,75.66,1,workday,23:17,07:05,35-44,remote,0,1,1,13.02
user_020,2024-01-18,233,43,29,29,19,8.76,46.2,0,workday,22:39,07:07,35-44,remote,0,1,2,30.2
user_020,2024-01-19,202,35,9,35,13,6.27,59.21,1,workday,22:16,07:23,35-44,remote,0,1,2,34.3
user_020,2024-01-20,223,33,24,13,17,5.55,60.77,1,weekend,22:47,07:01,35-44,remote,0,1,1,5.68
user_020,2024-01-21,249,40,23,29,11,3.22,55.16,0,weekend,23:11,08:12,35-44,remote,0,1,2,26.53
user_021,2024-01-01,256,43,25,5,11,3.58,76.88,1,workday,22:10,07:12,35-44,hybrid,0,1,2,46.71
user_021,2024-01-02,174,34,13,13,16,3.95,52.57,0,workday,23:26,06:48,35-44,hybrid,0,1,2,45.09
user_021,2024-01-03,274,53,38,25,30,5.88,59.81,0,workday,22:35,07:32,35-44,hybrid,0,1,2,29.96
user_021,2024-01-04,155,39,22,17,16,4.06,68.49,0,workday,22:23,07:08,35-44,hybrid,0,1,2,37.73
user_021,2024-01-05,213,33,13,6,11,4.49,61.5,0,workday,22:20,07:46,35-44,hybrid,0,1,2,41.73
user_021,2024-01-06,180,34,9,35,20,4.37,58.31,1,weekend,22:44,08:14,35-44,hybrid,0,1,2,35.53
user_021,2024-01-07,238,60,43,41,23,9.24,64.19,0,weekend,23:51,06:50,35-44,hybrid,0,1,2,40.01
user_021,2024-01-08,250,42,6,22,10,4.27,70.07,0,workday,22:34,06:49,35-44,hybrid,0,1,2,37.31
user_021,2024-01-09,209,49,25,22,20,7.59,51.8,0,workday,22:22,06:08,35-44,hybrid,0,1,1,17.76
user_021,2024-01-10,210,34,15,22,9,4.46,52.34,0,workday,22:24,07:11,35-44,hybrid,0,1,2,27.56
user_021,2024-01-11,186,38,34,22,6,5.03,70.85,0,workday,21:20,07:07,35-44,hybrid,0,1,2,48.82
user_021,2024-01-12,144,15,8,13,13,3.09,71.63,0,workday,22:45,06:20,35-44,hybrid,0,1,3,64.18
user_021,2024-01-13,191,51,42,30,15,3.31,73.73,1,weekend,23:00,07:30,35-44,hybrid,0,1,2,38.98
user_021,2024-01-14,212,49,24,30,27,1.66,79.36,0,weekend,23:06,07:41,35-44,hybrid,0,1,2,50.0
user_021,2024-01-15,212,45,17,30,15,4.68,57.23,0,workday,23:35,07:18,35-44,hybrid,0,1,2,28.04
user_021,2024-01-16,243,42,24,35,17,5.38,40.25,1,workday,22:09,06:54,35-44,hybrid,0,1,1,10.01
user_021,2024-01-17,182,34,7,20,16,1.12,80.3,0,workday,21:48,06:38,35-44,hybrid,0,1,2,41.66
user_021,2024-01-18,212,39,20,10,1,3.38,56.58,0,workday,23:06,07:13,35-44,hybrid,0,1,2,33.65
user_021,2024-01-19,245,60,40,38,30,8.13,51.52,1,workday,22:20,06:55,35-44,hybrid,0,1,1,4.36
user_021,2024-01-20,168,51,21,35,20,3.17,56.61,0,weekend,23:53,07:47,35-44,hybrid,0,1,2,35.42
user_021,2024-01-21,246,40,15,29,26,7.21,53.88,1,weekend,21:56,08:00,35-44,hybrid,0,1,2,26.0
user_022,2024-01-01,210,41,23,13,23,5.72,54.83,0,workday,23:16,06:33,25-34,hybrid,1,0,2,29.94
user_022,2024-01-02,230,43,20,34,21,8.16,56.19,1,workday,23:22,07:00,25-34,hybrid,1,0,2,29.8
user_022,2024-01-03,275,48,12,24,26,6.19,42.92,0,workday,22:48,07:38,25-34,hybrid,1,0,2,44.43
user_022,2024-01-04,181,36,22,11,15,4.57,62.74,0,workday,23:21,06:59,25-34,hybrid,1,0,4,84.31
user_022,2024-01-05,204,49,5,39,20,6.06,56.17,0,workday,21:18,06:17,25-34,hybrid,1,0,2,39.83
user_022,2024-01-06,181,31,17,15,12,3.89,59.99,0,weekend,23:13,07:23,25-34,hybrid,1,0,3,66.62
user_022,2024-01-07,267,44,9,24,18,7.43,65.1,0,weekend,23:15,07:57,25-34,hybrid,1,0,2,37.58
user_022,2024-01-08,203,39,15,29,20,2.02,49.02,0,workday,22:31,07:33,25-34,hybrid,1,0,2,40.88
user_022,2024-01-09,138,32,9,16,13,6.05,51.07,0,workday,23:36,06:40,25-34,hybrid,1,0,2,34.62
user_022,2024-01-10,197,22,4,29,11,3.15,82.3,1,workday,23:04,06:30,25-34,hybrid,1,0,2,46.47
user_022,2024-01-11,257,35,21,27,7,4.79,45.16,1,workday,21:28,06:54,25-34,hybrid,1,0,2,40.93
user_022,2024-01-12,193,42,7,28,16,6.0,37.82,0,workday,22:58,06:33,25-34,hybrid,1,0,2,33.09
user_022,2024-01-13,239,29,10,28,14,4.77,66.41,0,weekend,00:40,07:12,25-34,hybrid,1,0,2,45.77
user_022,2024-01-14,214,37,10,21,15,4.55,59.78,0,weekend,23:15,07:31,25-34,hybrid,1,0,3,68.92
user_022,2024-01-15,247,32,15,27,9,3.09,52.87,0,workday,22:51,07:11,25-34,hybrid,1,0,3,52.39
user_022,2024-01-16,182,9,5,20,9,3.51,65.75,0,workday,22:00,07:00,25-34,hybrid,1,0,4,76.0
user_022,2024-01-17,275,60,18,41,24,4.7,61.35,1,workday,23:03,05:53,25-34,hybrid,1,0,2,32.14
user_022,2024-01-18,222,43,12,14,16,3.8,77.16,0,workday,22:59,07:00,25-34,hybrid,1,0,2,48.12
user_022,2024-01-19,185,37,13,24,22,6.64,38.15,1,workday,22:50,06:44,25-34,hybrid,1,0,2,30.38
user_022,2024-01-20,197,46,14,17,16,5.14,61.71,0,weekend,22:40,07:59,25-34,hybrid,1,0,2,41.45
user_022,2024-01-21,266,36,8,29,20,3.23,56.4,0,weekend,22:55,08:03,25-34,hybrid,1,0,3,58.34
user_023,2024-01-01,203,33,18,22,17,2.74,34.76,0,workday,22:47,07:31,55+,on_site,1,0,2,42.69
user_023,2024-01-02,182,25,7,13,17,2.32,49.3,0,workday,22:26,07:10,55+,on_site,1,0,4,81.16
user_023,2024-01-03,225,45,16,37,13,6.23,60.15,0,workday,22:54,07:09,55+,on_site,1,0,2,48.77
user_023,2024-01-04,203,33,18,26,11,2.33,69.65,1,workday,22:51,07:13,55+,on_site,1,0,3,53.28
user_023,2024-01-05,256,40,30,20,19,6.05,62.42,0,workday,22:50,06:58,55+,on_site,1,0,3,53.0
user_023,2024-01-06,284,31,7,23,16,3.41,58.02,0,weekend,23:09,08:16,55+,on_site,1,0,3,61.88
user_023,2024-01-07,178,34,11,17,21,4.31,52.74,0,weekend,23:57,08:26,55+,on_site,1,0,2,44.6
user_023,2024-01-08,191,33,16,27,18,7.4,51.94,0,workday,22:55,07:24,55+,on_site,1,0,2,33.55
user_023,2024-01-09,246,39,32,4,13,4.79,55.48,0,workday,23:25,07:10,55+,on_site,1,0,4,76.0
user_023,2024-01-10,200,34,14,32,18,5.34,57.59,0,workday,22:28,07:12,55+,on_site,1,0,2,41.22
user_023,2024-01-11,223,30,22,26,26,6.01,79.16,0,workday,22:14,07:34,55+,on_site,1,0,2,45.48
user_023,2024-01-12,213,44,6,17,16,4.69,69.98,0,workday,22:37,07:00,55+,on_site,1,0,4,97.76
user_023,2024-01-13,255,46,4,27,23,6.0,43.14,1,weekend,22:58,08:02,55+,on_site,1,0,2,35.47
user_023,2024-01-14,231,44,28,35,24,4.87,40.32,0,weekend,23:02,07:19,55+,on_site,1,0,2,42.79
user_023,2024-01-15,205,26,12,22,17,2.93,66.86,0,workday,22:40,06:59,55+,on_site,1,0,3,71.39
user_023,2024-01-16,193,32,21,23,15,5.71,63.96,0,workday,23:40,06:28,55+,on_site,1,0,4,79.34
user_023,2024-01-17,176,29,16,26,11,8.5,53.57,0,workday,22:41,06:55,55+,on_site,1,0,4,90.28
user_023,2024-01-18,214,40,17,30,25,5.37,54.0,0,workday,22:34,07:31,55+,on_site,1,0,2,45.04
user_023,2024-01-19,198,43,11,19,19,5.26,41.42,0,workday,23:36,07:00,55+,on_site,1,0,2,45.01
user_023,2024-01-20,220,30,6,15,23,4.95,41.24,0,weekend,23:03,07:58,55+,on_site,1,0,2,35.79
user_023,2024-01-21,194,37,19,26,17,2.92,70.28,0,weekend,22:47,07:53,55+,on_site,1,0,4,95.3
user_024,2024-01-01,175,49,28,27,21,5.24,58.45,0,workday,22:33,07:05,45-54,hybrid,1,0,3,75.0
user_024,2024-01-02,202,36,25,26,17,2.51,67.27,1,workday,23:10,07:32,45-54,hybrid,1,0,3,62.86
user_024,2024-01-03,215,42,20,18,21,3.41,69.31,0,workday,23:09,06:55,45-54,hybrid,1,0,4,99.91
user_024,2024-01-04,179,35,15,27,17,4.33,67.97,1,workday,23:06,06:20,45-54,hybrid,1,0,4,83.08
user_024,2024-01-05,210,48,8,42,22,4.19,48.53,0,workday,22:52,06:08,45-54,hybrid,1,0,4,84.17
user_024,2024-01-06,220,31,14,30,14,3.1,65.24,0,weekend,23:14,06:59,45-54,hybrid,1,0,4,100.0
user_024,2024-01-07,207,24,11,21,12,5.81,44.17,0,weekend,22:31,07:21,45-54,hybrid,1,0,2,34.88
user_024,2024-01-08,195,25,12,14,10,1.51,99.31,0,workday,22:12,07:13,45-54,hybrid,1,0,4,94.25
user_024,2024-01-09,240,26,6,30,11,5.2,63.63,0,workday,22:55,07:05,45-54,hybrid,1,0,4,100.0
user_024,2024-01-10,190,37,13,16,20,5.72,59.89,0,workday,23:29,06:49,45-54,hybrid,1,0,4,87.59
user_024,2024-01-11,158,45,14,32,18,5.29,62.96,1,workday,22:49,07:29,45-54,hybrid,1,0,3,70.7
user_024,2024-01-12,250,44,26,28,20,5.46,58.07,0,workday,22:48,07:09,45-54,hybrid,1,0,4,87.63
user_024,2024-01-13,220,32,22,32,19,5.2,62.63,0,weekend,00:24,08:12,45-54,hybrid,1,0,3,66.41
user_024,2024-01-14,219,44,14,16,16,2.35,66.68,1,weekend,23:44,07:20,45-54,hybrid,1,0,2,47.18
user_024,2024-01-15,194,41,40,17,18,5.03,65.78,0,workday,22:56,07:05,45-54,hybrid,1,0,4,90.81
user_024,2024-01-16,199,33,5,20,15,5.14,63.8,1,workday,23:54,07:42,45-54,hybrid,1,0,4,83.92
user_024,2024-01-17,164,25,17,11,12,5.06,52.34,0,workday,22:23,07:26,45-54,hybrid,1,0,2,41.25
user_024,2024-01-18,207,29,9,19,24,1.82,69.51,0,workday,23:04,07:18,45-54,hybrid,1,0,4,97.6
user_024,2024-01-19,194,42,27,24,22,5.46,59.58,0,workday,22:28,06:46,45-54,hybrid,1,0,4,99.83
user_024,2024-01-20,226,37,29,23,14,4.15,72.72,0,weekend,23:57,07:29,45-54,hybrid,1,0,4,86.85
user_024,2024-01-21,208,26,5,5,14,2.07,64.56,0,weekend,23:15,08:28,45-54,hybrid,1,0,4,99.98
user_025,2024-01-01,153,27,14,12,8,1.21,61.98,1,workday,22:38,06:56,45-54,hybrid,0,1,2,34.47
user_025,2024-01-02,201,44,23,43,11,5.05,63.05,0,workday,22:23,08:01,45-54,hybrid,0,1,2,27.54
user_025,2024-01-03,194,35,13,13,20,3.95,61.26,1,workday,22:10,06:55,45-54,hybrid,0,1,2,43.25
user_025,2024-01-04,245,37,14,32,27,5.38,57.85,0,workday,21:50,07:14,45-54,hybrid,0,1,2,29.95
user_025,2024-01-05,200,37,31,14,8,4.72,58.04,1,workday,23:13,06:50,45-54,hybrid,0,1,2,31.08
user_025,2024-01-06,136,29,16,34,21,4.4,69.87,0,weekend,23:09,06:22,45-54,hybrid,0,1,2,37.95
user_025,2024-01-07,225,51,19,24,22,1.16,73.16,0,weekend,23:18,07:37,45-54,hybrid,0,1,2,34.4
user_025,2024-01-08,208,56,24,27,20,6.7,68.76,1,workday,23:20,06:47,45-54,hybrid,0,1,1,22.13
user_025,2024-01-09,199,26,12,5,26,2.17,76.39,0,workday,22:34,07:27,45-54,hybrid,0,1,3,59.8
user_025,2024-01-10,186,50,22,37,30,7.75,50.61,0,workday,23:16,07:12,45-54,hybrid,0,1,2,29.86
user_025,2024-01-11,126,43,35,42,13,1.79,54.3,0,workday,22:38,07:02,45-54,hybrid,0,1,2,50.0
user_025,2024-01-12,208,51,16,24,20,4.27,71.91,0,workday,23:30,06:54,45-54,hybrid,0,1,2,26.27
user_025,2024-01-13,163,32,7,17,16,0.47,70.13,0,weekend,00:13,07:04,45-54,hybrid,0,1,2,39.08
user_025,2024-01-14,212,35,16,28,19,0.71,89.59,0,weekend,23:08,08:14,45-54,hybrid,0,1,4,88.35
user_025,2024-01-15,218,32,19,21,7,3.43,65.91,1,workday,21:58,07:21,45-54,hybrid,0,1,2,38.4
user_025,2024-01-16,171,38,18,14,25,4.42,67.86,1,workday,21:56,07:04,45-54,hybrid,0,1,2,29.65
user_025,2024-01-17,161,23,4,21,20,1.84,51.19,0,workday,22:58,06:27,45-54,hybrid,0,1,2,33.95
user_025,2024-01-18,260,47,9,48,21,9.06,28.25,0,workday,23:25,06:45,45-54,hybrid,0,1,1,16.38
user_025,2024-01-19,243,47,22,25,20,8.04,38.43,1,workday,23:48,07:14,45-54,hybrid,0,1,2,36.62
user_025,2024-01-20,197,35,19,31,23,3.66,77.85,0,weekend,22:51,08:41,45-54,hybrid,0,1,2,27.05
user_025,2024-01-21,208,45,13,35,16,1.0,90.06,0,weekend,23:42,07:36,45-54,hybrid,0,1,2,33.31
user_026,2024-01-01,240,33,20,29,10,5.9,68.29,0,workday,22:37,07:45,18-24,remote,0,0,4,78.17
user_026,2024-01-02,174,8,7,0,6,2.37,87.13,0,workday,23:12,07:36,18-24,remote,0,0,4,96.17
user_026,2024-01-03,161,12,11,13,3,2.84,74.89,0,workday,23:10,06:51,18-24,remote,0,0,3,72.97
user_026,2024-01-04,185,38,7,11,15,5.58,54.85,0,workday,22:57,06:00,18-24,remote,0,0,3,56.37
user_026,2024-01-05,156,26,24,20,18,5.59,57.11,1,workday,21:51,07:40,18-24,remote,0,0,2,45.18
user_026,2024-01-06,196,49,37,39,15,4.17,56.92,1,weekend,23:49,08:24,18-24,remote,0,0,2,38.69
user_026,2024-01-07,210,41,15,28,14,3.35,58.02,0,weekend,23:45,07:43,18-24,remote,0,0,4,97.68
user_026,2024-01-08,293,38,31,18,16,7.28,65.67,0,workday,22:45,07:24,18-24,remote,0,0,4,100.0
user_026,2024-01-09,218,33,19,22,19,5.67,40.35,0,workday,23:30,07:12,18-24,remote,0,0,3,64.23
user_026,2024-01-10,268,28,24,16,12,3.94,75.83,1,workday,22:28,06:46,18-24,remote,0,0,2,43.79
user_026,2024-01-11,279,41,21,17,18,3.82,58.35,0,workday,21:54,06:45,18-24,remote,0,0,2,36.22
user_026,2024-01-12,221,54,28,34,15,4.58,61.18,1,workday,22:56,07:15,18-24,remote,0,0,2,49.19
user_026,2024-01-13,208,27,0,16,16,4.76,67.53,0,weekend,23:28,07:26,18-24,remote,0,0,3,66.26
user_026,2024-01-14,211,36,21,17,8,4.95,64.83,0,weekend,23:52,06:52,18-24,remote,0,0,3,64.06
user_026,2024-01-15,203,43,24,31,20,6.73,52.61,0,workday,23:49,06:43,18-24,remote,0,0,3,71.12
user_026,2024-01-16,210,54,33,23,20,3.83,80.4,0,workday,22:43,08:06,18-24,remote,0,0,3,64.53
user_026,2024-01-17,257,29,5,25,12,4.9,61.6,0,workday,23:15,06:45,18-24,remote,0,0,2,32.04
user_026,2024-01-18,205,23,17,16,20,2.92,46.66,1,workday,22:33,06:34,18-24,remote,0,0,3,68.31
user_026,2024-01-19,179,37,16,23,12,0.0,71.33,0,workday,22:49,07:06,18-24,remote,0,0,3,52.53
user_026,2024-01-20,204,26,5,22,13,3.63,47.12,0,weekend,23:38,07:37,18-24,remote,0,0,3,62.23
user_026,2024-01-21,251,40,22,33,14,2.81,49.85,0,weekend,23:44,07:16,18-24,remote,0,0,2,40.62
user_027,2024-01-01,201,44,27,12,18,4.9,47.22,0,workday,22:53,06:58,25-34,remote,1,0,2,28.98
user_027,2024-01-02,254,41,10,29,10,3.65,62.03,0,workday,22:58,06:59,25-34,remote,1,0,2,30.8
user_027,2024-01-03,238,29,8,15,18,6.22,48.46,0,workday,22:15,07:11,25-34,remote,1,0,2,35.25
user_027,2024-01-04,215,35,11,28,17,3.99,60.93,0,workday,22:30,07:18,25-34,remote,1,0,1,16.98
user_027,2024-01-05,215,60,39,30,20,6.28,31.65,0,workday,22:47,07:24,25-34,remote,1,0,1,1.96
user_027,2024-01-06,242,31,18,16,15,4.12,53.15,0,weekend,22:57,08:27,25-34,remote,1,0,2,42.3
user_027,2024-01-07,215,35,9,43,13,3.39,54.3,0,weekend,22:26,08:03,25-34,remote,1,0,3,61.8
user_027,2024-01-08,213,36,15,37,17,3.91,76.08,0,workday,23:08,07:08,25-34,remote,1,0,2,43.84
user_027,2024-01-09,210,46,12,22,20,6.44,60.92,1,workday,22:24,06:40,25-34,remote,1,0,2,27.76
user_027,2024-01-10,239,28,7,13,16,3.64,62.14,0,workday,21:55,07:57,25-34,remote,1,0,2,33.43
user_027,2024-01-11,238,34,16,17,16,4.69,66.0,1,workday,22:06,06:36,25-34,remote,1,0,2,26.54
user_027,2024-01-12,197,29,8,13,9,4.34,63.05,0,workday,23:03,06:36,25-34,remote,1,0,2,37.29
user_027,2024-01-13,216,57,31,28,28,2.68,66.14,0,weekend,23:40,07:46,25-34,remote,1,0,3,67.79
user_027,2024-01-14,176,24,9,13,11,1.71,76.21,0,weekend,23:00,08:54,25-34,remote,1,0,3,69.38
user_027,2024-01-15,227,37,23,29,16,4.58,56.79,0,workday,22:54,06:13,25-34,remote,1,0,2,43.96
user_027,2024-01-16,189,18,6,15,11,4.6,80.16,0,workday,23:16,07:09,25-34,remote,1,0,2,36.69
user_027,2024-01-17,147,44,23,31,22,7.6,45.19,0,workday,23:26,06:58,25-34,remote,1,0,2,27.91
user_027,2024-01-18,177,27,5,37,16,5.32,53.58,0,workday,22:24,07:00,25-34,remote,1,0,2,34.65
user_027,2024-01-19,168,27,6,17,16,4.11,76.87,1,workday,22:40,06:48,25-34,remote,1,0,1,8.94
user_027,2024-01-20,233,29,17,27,6,4.2,73.21,1,weekend,23:00,08:09,25-34,remote,1,0,2,41.56
user_027,2024-01-21,280,37,19,32,16,5.03,62.94,0,weekend,23:37,07:23,25-34,remote,1,0,2,31.24
user_028,2024-01-01,211,56,38,38,22,5.76,52.5,0,workday,23:25,07:31,18-24,hybrid,0,0,3,57.92
user_028,2024-01-02,244,55,25,22,24,7.51,37.35,0,workday,23:07,07:02,18-24,hybrid,0,0,2,45.32
user_028,2024-01-03,215,52,26,33,21,4.84,36.91,1,workday,22:42,06:29,18-24,hybrid,0,0,2,40.85
user_028,2024-01-04,226,49,11,40,27,5.02,51.48,1,workday,23:05,07:21,18-24,hybrid,0,0,2,46.53
user_028,2024-01-05,255,47,29,26,22,8.6,31.88,0,workday,23:27,07:18,18-24,hybrid,0,0,2,47.39
user_028,2024-01-06,300,57,18,29,20,2.19,58.88,0,weekend,00:09,07:21,18-24,hybrid,0,0,2,35.48
user_028,2024-01-07,258,50,30,28,27,4.52,47.22,0,weekend,00:14,07:59,18-24,hybrid,0,0,2,42.77
user_028,2024-01-08,208,35,11,28,20,5.87,61.26,1,workday,22:46,07:13,18-24,hybrid,0,0,2,44.71
user_028,2024-01-09,247,42,11,21,19,7.15,27.95,0,workday,22:54,06:56,18-24,hybrid,0,0,2,27.04
user_028,2024-01-10,264,60,38,24,21,9.52,38.01,1,workday,23:18,06:53,18-24,hybrid,0,0,2,41.58
user_028,2024-01-11,270,40,19,24,23,6.16,46.46,0,workday,22:12,06:52,18-24,hybrid,0,0,2,26.13
user_028,2024-01-12,251,41,22,14,10,5.66,58.91,0,workday,22:46,07:08,18-24,hybrid,0,0,2,39.88
user_028,2024-01-13,238,56,21,32,22,7.02,56.08,1,weekend,23:31,07:58,18-24,hybrid,0,0,2,28.24
user_028,2024-01-14,157,36,2,18,10,3.98,59.21,0,weekend,23:24,07:58,18-24,hybrid,0,0,3,73.05
user_028,2024-01-15,180,34,15,14,16,5.96,53.31,0,workday,22:36,06:50,18-24,hybrid,0,0,3,66.44
user_028,2024-01-16,162,28,9,8,16,4.28,55.9,1,workday,23:10,07:37,18-24,hybrid,0,0,2,47.13
user_028,2024-01-17,192,30,19,15,15,3.36,67.32,0,workday,21:44,07:02,18-24,hybrid,0,0,4,76.17
user_028,2024-01-18,256,50,11,35,13,6.02,36.76,1,workday,21:49,06:35,18-24,hybrid,0,0,2,49.4
user_028,2024-01-19,219,51,6,31,23,8.29,43.91,1,workday,23:01,07:17,18-24,hybrid,0,0,3,58.85
user_028,2024-01-20,198,24,17,8,13,3.8,77.67,0,weekend,22:32,07:35,18-24,hybrid,0,0,3,65.27
user_028,2024-01-21,225,29,11,34,10,2.88,71.02,0,weekend,23:45,08:03,18-24,hybrid,0,0,3,63.98
user_029,2024-01-01,171,45,18,34,19,7.05,54.14,1,workday,23:14,06:37,18-24,hybrid,0,0,2,26.79
user_029,2024-01-02,134,26,19,26,1,3.36,64.36,1,workday,23:05,08:09,18-24,hybrid,0,0,2,34.74
user_029,2024-01-03,217,46,16,33,23,2.18,64.75,0,workday,22:50,06:00,18-24,hybrid,0,0,2,49.71
user_029,2024-01-04,203,27,12,26,17,3.79,55.28,0,workday,23:09,07:38,18-24,hybrid,0,0,3,57.29
user_029,2024-01-05,175,47,14,33,12,2.06,72.14,0,workday,23:23,07:02,18-24,hybrid,0,0,4,84.03
user_029,2024-01-06,232,35,22,28,10,1.48,68.81,0,weekend,23:11,07:54,18-24,hybrid,0,0,3,57.59
user_029,2024-01-07,203,21,8,32,9,3.13,65.47,0,weekend,22:37,07:22,18-24,hybrid,0,0,2,45.43
user_029,2024-01-08,227,60,15,37,22,5.15,80.21,0,workday,22:24,07:00,18-24,hybrid,0,0,3,67.84
user_029,2024-01-09,184,41,32,19,21,5.03,42.28,0,workday,22:20,07:04,18-24,hybrid,0,0,4,81.29
user_029,2024-01-10,160,26,3,10,13,6.2,59.67,0,workday,22:49,06:44,18-24,hybrid,0,0,2,29.95
user_029,2024-01-11,191,29,16,30,14,7.21,34.46,0,workday,22:27,06:35,18-24,hybrid,0,0,2,29.69
user_029,2024-01-12,147,35,5,22,13,4.66,54.36,0,workday,22:26,07:23,18-24,hybrid,0,0,2,39.81
user_029,2024-01-13,223,38,32,34,24,7.6,43.18,0,weekend,23:18,08:04,18-24,hybrid,0,0,2,26.46
user_029,2024-01-14,200,34,11,22,12,1.05,62.98,0,weekend,00:45,07:47,18-24,hybrid,0,0,3,67.54
user_029,2024-01-15,229,42,26,19,14,3.87,75.09,0,workday,21:56,07:23,18-24,hybrid,0,0,2,41.49
user_029,2024-01-16,195,37,16,22,14,4.25,60.59,1,workday,22:02,06:46,18-24,hybrid,0,0,2,39.05
user_029,2024-01-17,203,50,19,27,23,6.71,43.69,0,workday,23:15,07:24,18-24,hybrid,0,0,2,32.6
user_029,2024-01-18,243,38,9,23,16,4.91,43.34,1,workday,21:57,06:55,18-24,hybrid,0,0,2,40.1
user_029,2024-01-19,154,40,19,23,20,5.49,55.33,1,workday,22:10,06:14,18-24,hybrid,0,0,2,38.78
user_029,2024-01-20,260,49,13,26,19,6.21,63.89,0,weekend,23:25,08:15,18-24,hybrid,0,0,2,26.87
user_029,2024-01-21,239,34,11,21,24,4.05,47.74,1,weekend,22:54,07:03,18-24,hybrid,0,0,2,43.12
user_030,2024-01-01,216,45,19,23,24,4.91,56.41,0,workday,23:40,07:50,35-44,remote,0,0,2,27.27
user_030,2024-01-02,174,23,9,14,9,0.33,74.82,1,workday,23:10,07:28,35-44,remote,0,0,2,35.29
user_030,2024-01-03,190,31,8,19,19,5.28,57.24,0,workday,22:33,06:20,35-44,remote,0,0,2,36.47
user_030,2024-01-04,260,35,12,23,15,4.74,53.91,1,workday,23:28,07:30,35-44,remote,0,0,1,11.66
user_030,2024-01-05,230,53,22,26,24,7.09,43.4,0,workday,22:14,07:24,35-44,remote,0,0,1,20.55
user_030,2024-01-06,222,34,9,12,14,6.55,45.54,1,weekend,23:11,06:38,35-44,remote,0,0,2,26.14
user_030,2024-01-07,215,33,10,34,16,5.64,46.24,0,weekend,22:53,07:04,35-44,remote,0,0,2,26.0
user_030,2024-01-08,211,54,21,29,20,8.5,54.41,0,workday,23:02,07:05,35-44,remote,0,0,2,32.49
user_030,2024-01-09,210,47,18,18,15,6.46,59.2,1,workday,22:08,06:49,35-44,remote,0,0,1,19.59
user_030,2024-01-10,245,42,11,15,17,7.1,63.72,1,workday,23:52,07:17,35-44,remote,0,0,1,16.27
user_030,2024-01-11,184,27,9,27,10,3.22,58.33,0,workday,22:23,06:37,35-44,remote,0,0,2,29.52
user_030,2024-01-12,272,27,8,18,10,3.47,67.5,0,workday,23:16,06:59,35-44,remote,0,0,2,32.43
user_030,2024-01-13,218,49,15,36,22,4.43,57.13,0,weekend,23:37,08:02,35-44,remote,0,0,2,32.79
user_030,2024-01-14,248,53,32,26,25,3.84,64.12,0,weekend,23:39,07:39,35-44,remote,0,0,2,26.45
user_030,2024-01-15,253,55,20,34,19,3.45,73.43,0,workday,22:55,07:59,35-44,remote,0,0,1,15.85
user_030,2024-01-16,220,49,23,25,22,5.8,48.92,1,workday,22:30,06:16,35-44,remote,0,0,1,2.59
user_030,2024-01-17,259,47,38,24,13,5.11,48.34,0,workday,22:23,07:31,35-44,remote,0,0,2,27.35
user_030,2024-01-18,285,43,21,27,22,7.76,41.45,1,workday,22:21,07:29,35-44,remote,0,0,2,28.5
user_030,2024-01-19,234,42,28,26,11,3.33,48.01,0,workday,23:26,06:40,35-44,remote,0,0,2,34.38
user_030,2024-01-20,269,27,17,8,10,0.27,68.68,0,weekend,23:32,07:38,35-44,remote,0,0,2,42.33
user_030,2024-01-21,286,60,42,20,25,4.93,57.51,0,weekend,23:52,07:23,35-44,remote,0,0,1,20.33
user_031,2024-01-01,217,52,18,37,27,5.48,61.22,0,workday,22:55,06:53,35-44,on_site,1,0,2,37.12
user_031,2024-01-02,227,33,10,31,21,7.14,56.02,1,workday,23:42,07:27,35-44,on_site,1,0,2,41.91
user_031,2024-01-03,139,28,28,26,20,3.09,74.75,0,workday,23:27,06:36,35-44,on_site,1,0,4,83.04
user_031,2024-01-04,177,38,5,30,23,5.46,67.72,0,workday,23:55,07:14,35-44,on_site,1,0,4,77.44
user_031,2024-01-05,119,26,17,15,12,5.38,60.98,0,workday,23:08,06:53,35-44,on_site,1,0,2,35.8
user_031,2024-01-06,200,34,23,12,14,4.16,73.34,0,weekend,22:59,08:17,35-44,on_site,1,0,3,61.52
user_031,2024-01-07,240,48,11,21,24,5.15,65.86,0,weekend,23:09,06:42,35-44,on_site,1,0,2,46.77
user_031,2024-01-08,183,48,25,22,22,5.88,57.84,0,workday,23:35,07:12,35-44,on_site,1,0,2,41.79
user_031,2024-01-09,185,25,1,20,7,3.7,62.61,0,workday,22:04,06:54,35-44,on_site,1,0,3,73.02
user_031,2024-01-10,198,29,2,21,9,5.4,57.73,0,workday,22:27,07:19,35-44,on_site,1,0,4,90.25
user_031,2024-01-11,191,39,13,29,18,3.47,69.5,0,workday,23:14,07:42,35-44,on_site,1,0,3,71.87
user_031,2024-01-12,154,40,11,32,7,5.26,57.97,1,workday,23:53,06:51,35-44,on_site,1,0,2,48.16
user_031,2024-01-13,210,58,23,32,20,5.22,50.48,1,weekend,23:13,07:29,35-44,on_site,1,0,2,27.05
user_031,2024-01-14,205,40,5,18,12,3.59,53.87,0,weekend,23:09,07:49,35-44,on_site,1,0,4,98.23
user_031,2024-01-15,176,47,23,11,18,4.98,67.79,0,workday,23:17,07:22,35-44,on_site,1,0,3,71.92
user_031,2024-01-16,237,33,19,31,20,3.87,57.76,0,workday,22:46,06:53,35-44,on_site,1,0,2,38.8
user_031,2024-01-17,164,41,29,18,21,6.11,62.76,1,workday,23:15,06:08,35-44,on_site,1,0,2,41.04
user_031,2024-01-18,125,25,7,29,16,2.9,72.61,0,workday,22:35,06:53,35-44,on_site,1,0,3,70.6
user_031,2024-01-19,169,31,13,19,14,2.26,77.71,1,workday,22:40,07:25,35-44,on_site,1,0,2,50.0
user_031,2024-01-20,237,42,24,29,22,4.0,57.3,0,weekend,23:19,08:16,35-44,on_site,1,0,2,44.69
user_031,2024-01-21,199,30,20,23,17,5.54,63.78,1,weekend,22:51,07:01,35-44,on_site,1,0,2,50.0
user_032,2024-01-01,197,53,5,36,20,2.2,60.68,0,workday,21:55,07:02,55+,on_site,1,0,3,57.97
user_032,2024-01-02,173,51,17,28,14,4.62,77.33,0,workday,23:50,07:24,55+,on_site,1,0,2,40.66
user_032,2024-01-03,165,11,8,14,0,3.39,79.98,1,workday,22:57,06:56,55+,on_site,1,0,2,46.24
user_032,2024-01-04,247,41,13,28,19,3.46,77.0,1,workday,23:47,07:57,55+,on_site,1,0,2,35.41
user_032,2024-01-05,209,48,25,31,22,6.08,49.87,0,workday,22:28,06:44,55+,on_site,1,0,3,53.31
user_032,2024-01-06,237,52,40,26,26,3.74,61.19,0,weekend,00:15,08:23,55+,on_site,1,0,2,26.83
user_032,2024-01-07,183,51,22,32,24,4.93,89.27,0,weekend,23:10,07:38,55+,on_site,1,0,2,45.3
user_032,2024-01-08,152,29,11,27,9,5.35,66.23,0,workday,22:10,06:58,55+,on_site,1,0,4,97.02
user_032,2024-01-09,181,29,20,32,16,5.49,57.3,1,workday,00:06,07:05,55+,on_site,1,0,2,38.5
user_032,2024-01-10,190,29,21,19,14,6.74,63.58,1,workday,22:44,06:16,55+,on_site,1,0,2,29.84
user_032,2024-01-11,256,60,42,39,26,5.37,70.59,0,workday,23:29,07:35,55+,on_site,1,0,2,46.29
user_032,2024-01-12,173,39,22,28,16,4.95,46.41,1,workday,22:53,07:11,55+,on_site,1,0,2,26.0
user_032,2024-01-13,147,17,5,14,20,3.61,57.88,0,weekend,22:57,07:38,55+,on_site,1,0,3,57.76
user_032,2024-01-14,171,40,13,29,11,6.71,43.63,0,weekend,22:42,07:30,55+,on_site,1,0,3,72.5
user_032,2024-01-15,173,50,19,28,25,6.49,85.87,0,workday,23:08,07:23,55+,on_site,1,0,2,28.57
user_032,2024-01-16,234,38,13,23,19,3.8,69.16,0,workday,22:25,07:12,55+,on_site,1,0,1,14.0
user_032,2024-01-17,176,30,14,18,10,4.03,68.17,0,workday,22:49,07:09,55+,on_site,1,0,2,33.97
user_032,2024-01-18,211,48,45,41,16,6.22,68.92,1,workday,22:46,07:34,55+,on_site,1,0,1,22.67
user_032,2024-01-19,194,31,15,18,12,1.85,82.4,0,workday,22:29,06:32,55+,on_site,1,0,2,34.42
user_032,2024-01-20,205,35,11,17,14,4.23,46.05,0,weekend,23:37,08:14,55+,on_site,1,0,2,46.52
user_032,2024-01-21,198,50,17,35,13,4.63,48.02,1,weekend,22:12,08:04,55+,on_site,1,0,2,36.28
user_033,2024-01-01,228,58,37,30,22,6.43,45.67,0,workday,22:56,06:29,25-34,remote,1,0,2,41.15
user_033,2024-01-02,290,34,6,18,10,5.87,47.25,0,workday,23:15,07:38,25-34,remote,1,0,2,45.24
user_033,2024-01-03,192,26,4,19,6,0.77,70.11,0,workday,21:21,06:16,25-34,remote,1,0,3,52.42
user_033,2024-01-04,251,60,33,30,27,8.8,26.16,1,workday,23:32,07:01,25-34,remote,1,0,1,14.54
user_033,2024-01-05,205,38,20,25,12,2.37,73.97,1,workday,23:09,06:54,25-34,remote,1,0,2,36.44
user_033,2024-01-06,210,49,35,33,16,7.05,58.91,0,weekend,22:38,07:35,25-34,remote,1,0,2,26.0
user_033,2024-01-07,210,29,7,27,11,3.88,47.97,0,weekend,22:48,07:56,25-34,remote,1,0,3,58.66
user_033,2024-01-08,266,39,22,19,19,5.72,40.54,0,workday,23:07,06:46,25-34,remote,1,0,2,29.84
user_033,2024-01-09,223,39,33,26,10,5.29,63.76,0,workday,22:33,06:36,25-34,remote,1,0,2,30.47
user_033,2024-01-10,237,60,22,37,20,6.6,36.0,0,workday,22:46,07:19,25-34,remote,1,0,1,5.41
user_033,2024-01-11,226,54,24,15,17,5.54,66.83,1,workday,22:18,07:25,25-34,remote,1,0,2,42.97
user_033,2024-01-12,286,38,7,34,19,3.84,46.82,0,workday,22:11,07:32,25-34,remote,1,0,2,41.76
user_033,2024-01-13,180,12,3,12,11,1.52,49.36,0,weekend,23:20,07:50,25-34,remote,1,0,3,55.98
user_033,2024-01-14,266,44,34,32,24,8.43,42.46,1,weekend,23:30,07:28,25-34,remote,1,0,2,30.14
user_033,2024-01-15,284,50,25,30,29,6.64,52.6,1,workday,22:38,07:20,25-34,remote,1,0,2,31.35
user_033,2024-01-16,232,46,13,26,23,7.1,51.98,0,workday,23:31,07:30,25-34,remote,1,0,2,49.4
user_033,2024-01-17,240,39,30,17,14,5.6,55.85,0,workday,23:52,07:28,25-34,remote,1,0,3,58.05
user_033,2024-01-18,252,54,11,35,19,6.95,59.24,0,workday,23:38,06:47,25-34,remote,1,0,2,38.62
user_033,2024-01-19,212,27,11,25,14,4.02,76.84,0,workday,22:12,08:12,25-34,remote,1,0,2,46.1
user_033,2024-01-20,234,41,25,30,10,4.33,59.75,0,weekend,00:08,09:00,25-34,remote,1,0,3,62.36
user_033,2024-01-21,272,37,8,24,12,5.66,51.17,1,weekend,23:00,07:03,25-34,remote,1,0,2,30.41
user_034,2024-01-01,157,28,20,22,11,2.73,75.31,1,workday,21:54,07:02,25-34,hybrid,1,1,2,37.94
user_034,2024-01-02,163,27,19,6,14,2.23,84.19,0,workday,23:13,06:56,25-34,hybrid,1,1,2,29.99
user_034,2024-01-03,279,40,28,15,21,6.5,59.47,0,workday,22:31,06:39,25-34,hybrid,1,1,2,36.19
user_034,2024-01-04,208,28,5,22,13,5.09,61.54,0,workday,22:35,06:53,25-34,hybrid,1,1,3,51.0
user_034,2024-01-05,227,48,19,19,22,8.8,53.26,1,workday,22:37,06:44,25-34,hybrid,1,1,2,26.63
user_034,2024-01-06,257,60,48,36,22,7.95,67.5,1,weekend,00:26,07:11,25-34,hybrid,1,1,2,30.43
user_034,2024-01-07,201,46,29,32,16,5.1,42.49,0,weekend,00:28,06:48,25-34,hybrid,1,1,2,34.55
user_034,2024-01-08,166,32,8,16,14,2.46,58.23,1,workday,00:09,07:21,25-34,hybrid,1,1,2,49.24
user_034,2024-01-09,253,52,22,33,16,8.6,65.13,0,workday,23:03,07:05,25-34,hybrid,1,1,2,27.63
user_034,2024-01-10,181,38,26,19,10,6.89,57.3,1,workday,23:12,06:38,25-34,hybrid,1,1,2,26.39
user_034,2024-01-11,189,27,11,32,4,4.54,59.55,0,workday,22:52,06:47,25-34,hybrid,1,1,2,44.69
user_034,2024-01-12,164,23,7,28,11,1.37,82.34,0,workday,22:57,06:59,25-34,hybrid,1,1,2,39.24
user_034,2024-01-13,210,39,7,27,30,2.63,67.11,0,weekend,23:19,07:14,25-34,hybrid,1,1,4,79.52
user_034,2024-01-14,199,17,12,18,15,1.57,66.7,0,weekend,21:57,08:01,25-34,hybrid,1,1,2,48.13
user_034,2024-01-15,213,24,6,32,19,4.31,44.43,0,workday,22:07,06:20,25-34,hybrid,1,1,2,40.65
user_034,2024-01-16,173,37,9,25,6,3.45,62.85,1,workday,22:56,07:25,25-34,hybrid,1,1,2,35.62
user_034,2024-01-17,216,36,14,37,7,4.58,62.51,0,workday,22:39,07:01,25-34,hybrid,1,1,2,34.79
user_034,2024-01-18,234,49,22,23,25,1.55,96.65,0,workday,22:29,06:53,25-34,hybrid,1,1,2,43.7
user_034,2024-01-19,246,45,33,11,17,5.15,56.04,1,workday,22:02,06:58,25-34,hybrid,1,1,1,3.14
user_034,2024-01-20,200,35,12,25,15,3.27,66.38,0,weekend,23:15,07:34,25-34,hybrid,1,1,2,37.19
user_034,2024-01-21,189,27,10,33,17,1.96,64.68,0,weekend,00:17,07:39,25-34,hybrid,1,1,2,46.41
user_035,2024-01-01,204,45,14,17,19,4.98,66.8,0,workday,00:29,07:04,25-34,remote,1,0,2,35.42
user_035,2024-01-02,189,38,21,26,18,2.79,68.64,0,workday,22:53,06:37,25-34,remote,1,0,2,43.42
user_035,2024-01-03,260,60,18,24,18,6.21,28.64,1,workday,22:58,06:28,25-34,remote,1,0,2,26.85
user_035,2024-01-04,218,48,13,18,20,4.33,61.72,0,workday,22:08,07:27,25-34,remote,1,0,2,35.03
user_035,2024-01-05,227,19,6,10,14,6.84,56.57,1,workday,23:05,07:30,25-34,remote,1,0,2,39.69
user_035,2024-01-06,200,35,14,35,15,5.38,84.35,1,weekend,22:12,07:49,25-34,remote,1,0,2,35.28
user_035,2024-01-07,203,39,8,16,18,4.92,64.5,0,weekend,00:16,06:19,25-34,remote,1,0,2,42.63
user_035,2024-01-08,224,49,16,19,18,6.49,49.01,0,workday,00:08,06:41,25-34,remote,1,0,1,10.11
user_035,2024-01-09,293,60,16,29,17,4.07,71.91,1,workday,22:55,07:20,25-34,remote,1,0,2,31.37
user_035,2024-01-10,217,32,8,28,11,2.97,59.16,0,workday,22:46,06:23,25-34,remote,1,0,2,47.08
user_035,2024-01-11,226,55,46,33,18,5.05,49.76,0,workday,22:49,07:20,25-34,remote,1,0,2,33.81
user_035,2024-01-12,245,42,19,25,16,5.64,62.19,1,workday,22:36,06:56,25-34,remote,1,0,2,27.57
user_035,2024-01-13,169,40,17,24,7,4.17,62.28,1,weekend,23:09,07:26,25-34,remote,1,0,2,29.63
user_035,2024-01-14,272,42,11,21,15,3.8,41.62,0,weekend,23:03,07:42,25-34,remote,1,0,2,41.87
user_035,2024-01-15,166,34,7,32,19,3.74,71.2,0,workday,22:00,07:17,25-34,remote,1,0,2,44.63
user_035,2024-01-16,204,48,13,45,20,7.4,57.87,1,workday,22:42,07:02,25-34,remote,1,0,1,11.03
user_035,2024-01-17,168,33,20,10,13,5.0,77.21,1,workday,22:52,06:38,25-34,remote,1,0,2,32.77
user_035,2024-01-18,187,37,21,23,15,4.28,55.64,1,workday,22:26,06:49,25-34,remote,1,0,2,41.84
user_035,2024-01-19,218,51,24,30,17,6.75,43.94,1,workday,23:39,06:48,25-34,remote,1,0,2,33.75
user_035,2024-01-20,199,44,23,39,16,3.0,67.77,0,weekend,23:25,07:43,25-34,remote,1,0,2,40.95
user_035,2024-01-21,196,44,16,19,18,2.63,64.9,0,weekend,22:54,08:19,25-34,remote,1,0,4,83.1
user_036,2024-01-01,264,25,25,15,17,4.65,62.31,0,workday,22:43,07:03,18-24,hybrid,0,0,2,31.9
user_036,2024-01-02,216,40,26,16,18,3.85,67.58,0,workday,22:57,07:34,18-24,hybrid,0,0,3,68.96
user_036,2024-01-03,220,44,17,28,22,6.95,41.56,1,workday,22:27,07:10,18-24,hybrid,0,0,3,61.64
user_036,2024-01-04,222,44,32,24,24,5.4,69.23,1,workday,22:08,07:22,18-24,hybrid,0,0,2,29.86
user_036,2024-01-05,210,31,8,17,15,1.92,74.38,1,workday,23:00,07:14,18-24,hybrid,0,0,2,49.25
user_036,2024-01-06,239,43,27,16,14,4.29,38.01,0,weekend,23:03,07:16,18-24,hybrid,0,0,3,58.39
user_036,2024-01-07,217,40,18,34,19,5.52,69.55,0,weekend,22:59,06:51,18-24,hybrid,0,0,3,70.85
user_036,2024-01-08,175,20,9,6,14,3.77,43.64,0,workday,22:38,06:59,18-24,hybrid,0,0,3,62.4
user_036,2024-01-09,182,26,22,19,14,3.89,73.25,1,workday,22:59,07:03,18-24,hybrid,0,0,2,45.86
user_036,2024-01-10,222,53,21,34,18,5.29,48.39,0,workday,22:41,06:44,18-24,hybrid,0,0,3,75.0
user_036,2024-01-11,221,25,3,12,9,2.75,85.5,1,workday,23:49,06:34,18-24,hybrid,0,0,2,45.89
user_036,2024-01-12,172,30,4,16,8,3.19,67.2,0,workday,23:09,06:47,18-24,hybrid,0,0,4,93.82
user_036,2024-01-13,212,30,13,26,16,4.03,68.73,0,weekend,23:09,08:08,18-24,hybrid,0,0,2,42.98
user_036,2024-01-14,187,38,17,11,16,2.29,88.13,0,weekend,23:23,08:13,18-24,hybrid,0,0,4,89.83
user_036,2024-01-15,162,33,11,21,19,4.9,51.28,0,workday,23:06,06:55,18-24,hybrid,0,0,3,68.0
user_036,2024-01-16,223,35,16,32,17,2.44,63.56,0,workday,22:52,07:30,18-24,hybrid,0,0,3,75.0
user_036,2024-01-17,205,42,40,20,13,4.12,67.57,1,workday,22:35,06:39,18-24,hybrid,0,0,2,37.45
user_036,2024-01-18,250,42,26,34,19,5.85,74.81,1,workday,22:43,06:20,18-24,hybrid,0,0,2,46.58
user_036,2024-01-19,225,45,10,31,23,5.41,58.84,0,workday,23:33,07:34,18-24,hybrid,0,0,4,81.23
user_036,2024-01-20,289,55,27,30,12,4.73,65.45,0,weekend,00:03,07:37,18-24,hybrid,0,0,2,40.34
user_036,2024-01-21,169,39,18,17,17,3.65,94.84,0,weekend,22:58,07:20,18-24,hybrid,0,0,3,73.81
user_037,2024-01-01,210,44,19,39,20,6.42,70.59,1,workday,23:38,07:24,18-24,remote,1,0,2,31.47
user_037,2024-01-02,298,54,21,29,17,5.96,56.58,0,workday,22:52,06:42,18-24,remote,1,0,2,36.22
user_037,2024-01-03,232,43,9,31,14,5.57,50.65,0,workday,22:45,07:42,18-24,remote,1,0,2,43.25
user_037,2024-01-04,294,43,19,28,20,4.56,65.17,0,workday,22:35,07:29,18-24,remote,1,0,2,30.19
user_037,2024-01-05,204,40,28,31,13,3.17,76.76,0,workday,22:49,06:32,18-24,remote,1,0,2,34.48
user_037,2024-01-06,217,20,7,18,8,3.07,57.87,0,weekend,00:19,07:47,18-24,remote,1,0,4,98.13
user_037,2024-01-07,220,60,34,28,14,2.91,51.91,0,weekend,00:30,08:01,18-24,remote,1,0,2,40.35
user_037,2024-01-08,239,42,18,22,27,7.99,59.46,0,workday,22:01,07:36,18-24,remote,1,0,3,60.78
user_037,2024-01-09,214,39,18,22,13,3.55,52.63,0,workday,23:38,06:28,18-24,remote,1,0,3,58.02
user_037,2024-01-10,214,40,14,12,23,5.08,52.67,0,workday,23:58,07:41,18-24,remote,1,0,2,37.11
user_037,2024-01-11,252,57,15,22,29,6.16,52.59,0,workday,23:07,06:45,18-24,remote,1,0,2,30.63
user_037,2024-01-12,233,44,31,35,15,3.74,64.16,1,workday,22:27,06:23,18-24,remote,1,0,2,32.35
user_037,2024-01-13,233,51,17,25,18,6.12,50.14,0,weekend,22:37,07:39,18-24,remote,1,0,2,46.94
user_037,2024-01-14,162,27,22,23,10,1.79,77.84,1,weekend,22:57,07:42,18-24,remote,1,0,2,41.08
user_037,2024-01-15,229,26,16,28,12,4.64,59.1,0,workday,22:48,07:14,18-24,remote,1,0,3,57.26
user_037,2024-01-16,214,43,35,23,27,6.99,52.22,0,workday,22:52,06:18,18-24,remote,1,0,2,35.67
user_037,2024-01-17,203,35,7,36,13,8.03,60.45,0,workday,23:05,06:36,18-24,remote,1,0,2,35.73
user_037,2024-01-18,223,37,17,21,15,3.86,88.65,0,workday,22:40,06:48,18-24,remote,1,0,4,77.6
user_037,2024-01-19,230,44,22,21,20,2.17,76.73,1,workday,22:41,07:33,18-24,remote,1,0,2,39.93
user_037,2024-01-20,193,45,36,30,12,2.67,32.42,0,weekend,23:24,07:09,18-24,remote,1,0,1,22.45
user_037,2024-01-21,259,28,12,0,19,3.75,71.55,1,weekend,22:26,07:55,18-24,remote,1,0,2,38.94
user_038,2024-01-01,181,26,16,16,15,4.33,62.54,0,workday,22:52,06:39,25-34,hybrid,0,0,4,77.13
user_038,2024-01-02,211,30,22,19,11,5.87,42.38,0,workday,22:53,06:50,25-34,hybrid,0,0,3,75.0
user_038,2024-01-03,197,40,15,33,20,4.7,46.3,0,workday,22:32,06:54,25-34,hybrid,0,0,2,42.93
user_038,2024-01-04,242,39,21,19,18,5.87,61.59,0,workday,22:08,07:13,25-34,hybrid,0,0,2,34.5
user_038,2024-01-05,209,39,16,16,13,4.32,53.95,1,workday,22:38,06:22,25-34,hybrid,0,0,3,51.8
user_038,2024-01-06,222,60,15,41,19,3.34,76.62,0,weekend,23:06,07:20,25-34,hybrid,0,0,4,87.65
user_038,2024-01-07,162,33,12,23,14,3.61,70.36,1,weekend,22:49,08:01,25-34,hybrid,0,0,2,45.17
user_038,2024-01-08,266,44,13,35,16,4.23,54.93,0,workday,22:20,06:52,25-34,hybrid,0,0,4,82.13
user_038,2024-01-09,220,60,6,39,16,5.27,66.86,1,workday,23:20,07:56,25-34,hybrid,0,0,3,55.02
user_038,2024-01-10,198,29,10,22,17,5.58,69.44,0,workday,22:52,06:35,25-34,hybrid,0,0,2,35.18
user_038,2024-01-11,260,32,12,14,18,6.1,60.03,1,workday,21:19,06:52,25-34,hybrid,0,0,3,51.0
user_038,2024-01-12,177,37,17,22,11,5.24,55.37,0,workday,22:55,07:14,25-34,hybrid,0,0,2,34.56
user_038,2024-01-13,201,52,18,42,18,6.87,54.08,1,weekend,23:55,08:01,25-34,hybrid,0,0,2,45.77
user_038,2024-01-14,191,41,16,26,17,3.22,77.25,0,weekend,23:56,07:50,25-34,hybrid,0,0,2,47.35
user_038,2024-01-15,207,41,19,34,17,3.68,62.73,0,workday,22:56,07:19,25-34,hybrid,0,0,2,46.91
user_038,2024-01-16,217,43,28,20,12,6.44,60.03,0,workday,22:41,06:50,25-34,hybrid,0,0,2,45.71
user_038,2024-01-17,166,30,18,30,20,6.65,80.34,0,workday,22:43,06:51,25-34,hybrid,0,0,2,39.61
user_038,2024-01-18,264,43,14,30,23,7.35,52.21,0,workday,23:12,06:38,25-34,hybrid,0,0,2,46.75
user_038,2024-01-19,187,21,9,14,11,2.59,60.01,0,workday,23:12,06:28,25-34,hybrid,0,0,3,51.0
user_038,2024-01-20,245,35,27,24,15,4.76,50.98,0,weekend,22:33,07:57,25-34,hybrid,0,0,3,52.03
user_038,2024-01-21,224,60,43,38,20,4.17,56.66,0,weekend,22:55,07:54,25-34,hybrid,0,0,2,43.98
user_039,2024-01-01,227,51,13,29,18,6.11,65.78,0,workday,23:27,06:45,25-34,hybrid,0,0,4,97.61
user_039,2024-01-02,171,36,18,23,11,3.82,80.56,1,workday,22:56,06:07,25-34,hybrid,0,0,3,57.03
user_039,2024-01-03,199,57,30,27,20,4.85,49.65,1,workday,23:04,07:30,25-34,hybrid,0,0,2,44.99
user_039,2024-01-04,184,24,17,10,9,7.54,39.57,0,workday,23:23,06:59,25-34,hybrid,0,0,2,36.24
user_039,2024-01-05,156,13,4,11,19,1.56,66.72,0,workday,22:42,07:05,25-34,hybrid,0,0,3,54.76
user_039,2024-01-06,262,23,9,5,16,4.15,66.36,0,weekend,22:51,08:56,25-34,hybrid,0,0,3,70.76
user_039,2024-01-07,237,41,9,27,14,0.49,67.23,0,weekend,23:24,07:12,25-34,hybrid,0,0,2,36.39
user_039,2024-01-08,155,19,10,20,12,5.38,37.98,0,workday,23:12,06:53,25-34,hybrid,0,0,2,31.39
user_039,2024-01-09,170,35,29,29,19,3.79,54.38,0,workday,22:35,06:52,25-34,hybrid,0,0,4,86.21
user_039,2024-01-10,196,49,25,33,27,6.01,49.42,0,workday,22:58,07:32,25-34,hybrid,0,0,4,84.9
user_039,2024-01-11,226,44,24,26,17,6.46,59.96,0,workday,22:57,06:31,25-34,hybrid,0,0,4,79.48
user_039,2024-01-12,218,50,20,27,20,6.74,64.07,1,workday,23:39,06:36,25-34,hybrid,0,0,2,35.29
user_039,2024-01-13,205,42,12,33,18,2.78,55.58,0,weekend,23:35,07:41,25-34,hybrid,0,0,3,67.86
user_039,2024-01-14,235,38,24,25,16,4.3,39.16,0,weekend,22:57,07:33,25-34,hybrid,0,0,2,34.16
user_039,2024-01-15,199,41,11,37,18,6.16,47.9,1,workday,22:52,07:45,25-34,hybrid,0,0,2,34.12
user_039,2024-01-16,208,29,13,26,16,1.22,87.03,0,workday,22:32,07:29,25-34,hybrid,0,0,4,84.45
user_039,2024-01-17,222,41,24,41,22,5.54,55.76,1,workday,00:00,06:48,25-34,hybrid,0,0,2,41.27
user_039,2024-01-18,199,43,24,27,20,6.44,42.47,1,workday,22:59,06:46,25-34,hybrid,0,0,1,20.97
user_039,2024-01-19,181,37,8,25,8,2.71,62.46,1,workday,22:31,07:32,25-34,hybrid,0,0,2,40.76
user_039,2024-01-20,185,53,27,41,17,2.69,66.47,0,weekend,23:47,08:09,25-34,hybrid,0,0,3,52.01
user_039,2024-01-21,266,45,28,32,13,3.7,77.12,1,weekend,23:10,08:16,25-34,hybrid,0,0,2,40.21
user_040,2024-01-01,242,44,7,37,19,5.95,66.16,0,workday,22:39,07:54,35-44,hybrid,1,1,4,87.07
user_040,2024-01-02,199,45,22,38,11,7.2,40.3,0,workday,23:40,06:55,35-44,hybrid,1,1,2,38.84
user_040,2024-01-03,186,19,14,19,19,6.94,48.03,1,workday,22:28,06:06,35-44,hybrid,1,1,4,91.34
user_040,2024-01-04,168,36,28,21,22,2.8,77.89,0,workday,21:54,07:13,35-44,hybrid,1,1,4,82.53
user_040,2024-01-05,242,35,29,8,16,5.08,72.0,0,workday,22:59,06:33,35-44,hybrid,1,1,2,45.23
user_040,2024-01-06,187,56,9,23,22,1.1,67.51,0,weekend,23:06,07:28,35-44,hybrid,1,1,4,91.5
user_040,2024-01-07,206,43,32,28,25,5.3,53.03,0,weekend,23:26,07:00,35-44,hybrid,1,1,2,29.49
user_040,2024-01-08,183,31,23,22,27,7.63,53.57,0,workday,23:28,07:11,35-44,hybrid,1,1,3,59.89
user_040,2024-01-09,269,60,35,36,24,7.88,50.84,0,workday,23:12,07:19,35-44,hybrid,1,1,2,44.33
user_040,2024-01-10,242,60,33,44,20,8.15,58.88,0,workday,21:54,07:18,35-44,hybrid,1,1,2,42.9
user_040,2024-01-11,221,39,22,18,9,8.95,40.47,0,workday,23:09,07:20,35-44,hybrid,1,1,3,62.94
user_040,2024-01-12,300,34,7,22,13,8.3,80.88,0,workday,22:42,07:24,35-44,hybrid,1,1,3,64.67
user_040,2024-01-13,250,31,10,38,11,3.39,64.68,0,weekend,21:58,08:12,35-44,hybrid,1,1,3,62.34
user_040,2024-01-14,201,38,21,10,16,6.05,50.36,0,weekend,00:12,07:47,35-44,hybrid,1,1,2,30.69
user_040,2024-01-15,222,33,18,19,17,2.25,71.53,0,workday,23:05,06:23,35-44,hybrid,1,1,4,96.19
user_040,2024-01-16,217,54,21,28,19,7.16,60.15,1,workday,22:36,07:14,35-44,hybrid,1,1,2,45.65
user_040,2024-01-17,224,56,38,40,23,3.7,71.63,0,workday,23:30,07:26,35-44,hybrid,1,1,3,62.12
user_040,2024-01-18,261,34,23,35,21,7.08,49.06,0,workday,22:05,07:05,35-44,hybrid,1,1,3,56.61
user_040,2024-01-19,222,51,28,43,25,3.95,72.72,1,workday,22:30,07:39,35-44,hybrid,1,1,3,67.47
user_040,2024-01-20,241,39,18,32,17,6.96,57.93,0,weekend,23:51,08:21,35-44,hybrid,1,1,4,93.69
user_040,2024-01-21,179,22,7,17,19,3.74,72.48,1,weekend,23:27,07:22,35-44,hybrid,1,1,4,89.87
user_041,2024-01-01,210,38,15,22,13,5.01,49.14,0,workday,22:28,05:48,25-34,remote,0,0,2,33.25
user_041,2024-01-02,251,30,16,32,17,7.56,49.39,1,workday,00:05,06:25,25-34,remote,0,0,2,26.0
user_041,2024-01-03,237,52,17,31,19,3.34,54.28,1,workday,22:53,07:30,25-34,remote,0,0,3,67.94
user_041,2024-01-04,205,47,17,30,20,5.29,60.66,0,workday,23:23,06:57,25-34,remote,0,0,2,37.77
user_041,2024-01-05,235,42,12,27,21,5.0,65.65,0,workday,22:04,06:31,25-34,remote,0,0,3,53.2
user_041,2024-01-06,211,27,7,21,11,1.19,68.54,0,weekend,22:09,07:52,25-34,remote,0,0,3,63.62
user_041,2024-01-07,243,41,28,25,23,3.17,59.42,0,weekend,23:23,08:15,25-34,remote,0,0,2,48.02
user_041,2024-01-08,288,50,22,19,11,4.41,29.54,1,workday,23:31,06:32,25-34,remote,0,0,2,30.65
user_041,2024-01-09,237,41,18,26,20,6.53,51.51,0,workday,21:55,07:37,25-34,remote,0,0,2,31.89
user_041,2024-01-10,187,36,5,19,22,2.62,64.53,0,workday,23:28,06:44,25-34,remote,0,0,3,51.0
user_041,2024-01-11,210,45,11,25,16,5.64,53.36,0,workday,23:14,06:46,25-34,remote,0,0,2,35.2
user_041,2024-01-12,234,42,18,29,7,4.71,72.37,0,workday,22:57,06:50,25-34,remote,0,0,2,46.99
user_041,2024-01-13,227,5,1,9,10,1.1,46.78,0,weekend,22:56,08:08,25-34,remote,0,0,3,68.84
user_041,2024-01-14,264,41,17,29,15,4.46,56.46,0,weekend,23:06,07:38,25-34,remote,0,0,3,57.03
user_041,2024-01-15,238,47,11,27,18,5.83,40.2,0,workday,23:28,07:01,25-34,remote,0,0,2,43.99
user_041,2024-01-16,251,51,16,35,22,6.32,59.37,0,workday,22:50,06:55,25-34,remote,0,0,2,37.83
user_041,2024-01-17,167,31,8,27,4,3.27,62.62,1,workday,21:40,08:08,25-34,remote,0,0,2,37.84
user_041,2024-01-18,224,37,25,23,18,7.06,53.86,0,workday,22:34,07:43,25-34,remote,0,0,2,35.17
user_041,2024-01-19,189,41,11,17,18,4.42,64.4,0,workday,23:38,06:47,25-34,remote,0,0,4,77.43
user_041,2024-01-20,215,39,31,26,21,2.68,78.07,0,weekend,22:34,06:36,25-34,remote,0,0,4,99.48
user_041,2024-01-21,190,30,23,19,24,4.84,62.94,0,weekend,22:37,07:40,25-34,remote,0,0,2,49.87
user_042,2024-01-01,186,24,7,35,17,2.31,81.17,0,workday,21:45,06:32,45-54,on_site,0,1,4,80.07
user_042,2024-01-02,198,27,16,33,6,6.87,61.61,1,workday,22:33,07:20,45-54,on_site,0,1,2,35.56
user_042,2024-01-03,167,26,8,25,2,3.96,74.94,0,workday,22:54,07:31,45-54,on_site,0,1,2,44.32
user_042,2024-01-04,206,49,29,27,18,8.06,49.27,1,workday,23:24,06:46,45-54,on_site,0,1,1,4.52
user_042,2024-01-05,231,60,33,21,22,7.42,63.83,1,workday,23:01,06:29,45-54,on_site,0,1,1,3.71
user_042,2024-01-06,239,60,17,24,20,8.43,42.08,0,weekend,22:25,07:39,45-54,on_site,0,1,2,32.74
user_042,2024-01-07,182,26,3,20,7,2.23,58.97,0,weekend,00:03,07:40,45-54,on_site,0,1,2,32.0
user_042,2024-01-08,214,50,24,37,21,5.82,54.14,1,workday,23:35,07:04,45-54,on_site,0,1,1,16.78
user_042,2024-01-09,214,42,32,18,19,4.49,66.27,0,workday,22:49,07:39,45-54,on_site,0,1,2,30.56
user_042,2024-01-10,197,40,8,30,13,4.72,70.52,1,workday,23:55,07:40,45-54,on_site,0,1,2,28.73
user_042,2024-01-11,175,36,30,17,18,5.28,56.27,0,workday,23:13,06:30,45-54,on_site,0,1,2,32.84
user_042,2024-01-12,254,50,32,33,18,4.29,71.44,0,workday,23:35,07:38,45-54,on_site,0,1,2,31.7
user_042,2024-01-13,164,41,18,27,5,2.44,70.46,0,weekend,23:55,07:30,45-54,on_site,0,1,2,32.32
user_042,2024-01-14,145,30,3,19,11,0.7,74.73,1,weekend,22:51,07:26,45-54,on_site,0,1,2,33.8
user_042,2024-01-15,158,19,12,15,9,3.48,76.49,1,workday,22:55,07:24,45-54,on_site,0,1,2,43.16
user_042,2024-01-16,279,60,15,25,27,6.88,74.6,0,workday,23:20,06:54,45-54,on_site,0,1,2,38.11
user_042,2024-01-17,185,55,25,30,17,2.04,73.91,1,workday,22:50,06:15,45-54,on_site,0,1,2,27.58
user_042,2024-01-18,180,46,34,30,20,2.38,54.22,1,workday,23:30,07:50,45-54,on_site,0,1,2,29.28
user_042,2024-01-19,177,42,18,20,16,3.75,57.73,0,workday,23:58,07:23,45-54,on_site,0,1,2,32.97
user_042,2024-01-20,240,18,11,14,15,1.14,63.78,0,weekend,23:18,08:10,45-54,on_site,0,1,2,50.0
user_042,2024-01-21,162,21,14,7,11,2.89,74.1,0,weekend,23:02,07:17,45-54,on_site,0,1,3,54.46
user_043,2024-01-01,294,31,7,26,17,5.18,57.29,0,workday,23:07,06:33,35-44,remote,0,0,4,85.16
user_043,2024-01-02,241,33,21,28,17,6.06,80.61,1,workday,22:21,06:55,35-44,remote,0,0,2,43.54
user_043,2024-01-03,215,20,12,31,12,4.68,77.8,0,workday,22:52,07:34,35-44,remote,0,0,4,85.02
user_043,2024-01-04,266,43,5,18,22,3.56,49.2,0,workday,23:09,07:07,35-44,remote,0,0,3,72.62
user_043,2024-01-05,267,33,6,31,16,4.25,71.87,1,workday,23:14,06:25,35-44,remote,0,0,3,75.0
user_043,2024-01-06,190,45,23,27,12,5.61,54.61,0,weekend,23:25,07:11,35-44,remote,0,0,2,30.33
user_043,2024-01-07,268,55,33,31,28,5.65,61.96,0,weekend,23:43,08:49,35-44,remote,0,0,4,92.73
user_043,2024-01-08,236,45,8,41,22,7.69,68.88,0,workday,22:21,07:43,35-44,remote,0,0,2,36.69
user_043,2024-01-09,210,32,9,30,9,5.33,50.36,0,workday,23:11,07:10,35-44,remote,0,0,2,48.58
user_043,2024-01-10,248,46,25,25,24,6.49,44.09,0,workday,23:27,07:14,35-44,remote,0,0,2,41.85
user_043,2024-01-11,188,43,33,23,19,2.36,55.57,0,workday,22:52,06:56,35-44,remote,0,0,2,50.0
user_043,2024-01-12,172,34,5,13,18,1.22,63.58,0,workday,22:57,07:14,35-44,remote,0,0,3,72.16
user_043,2024-01-13,203,38,23,21,22,1.57,80.97,0,weekend,23:01,07:25,35-44,remote,0,0,3,73.07
user_043,2024-01-14,227,60,8,26,18,3.98,66.5,0,weekend,23:34,06:57,35-44,remote,0,0,4,96.55
user_043,2024-01-15,214,36,15,23,17,4.58,54.31,1,workday,23:23,07:09,35-44,remote,0,0,2,45.37
user_043,2024-01-16,222,35,14,10,20,4.7,59.66,1,workday,22:17,07:09,35-44,remote,0,0,2,42.97
user_043,2024-01-17,189,35,9,10,20,3.79,67.51,1,workday,22:57,06:34,35-44,remote,0,0,3,68.21
user_043,2024-01-18,238,35,29,32,13,9.08,42.79,0,workday,22:46,06:34,35-44,remote,0,0,2,40.2
user_043,2024-01-19,269,52,11,28,23,7.8,36.35,0,workday,23:42,07:48,35-44,remote,0,0,2,41.88
user_043,2024-01-20,285,30,14,33,11,4.57,85.78,0,weekend,22:52,07:37,35-44,remote,0,0,4,81.4
user_043,2024-01-21,188,29,7,15,10,5.53,26.81,0,weekend,22:56,08:01,35-44,remote,0,0,2,40.73
user_044,2024-01-01,217,50,16,41,16,4.43,66.08,0,workday,22:14,06:19,25-34,remote,1,0,2,37.65
user_044,2024-01-02,169,29,16,23,8,4.28,56.87,1,workday,22:58,07:02,25-34,remote,1,0,3,51.0
user_044,2024-01-03,281,40,20,21,19,4.47,71.22,0,workday,22:12,06:32,25-34,remote,1,0,2,37.97
user_044,2024-01-04,247,50,20,23,25,6.49,66.85,0,workday,21:46,07:44,25-34,remote,1,0,2,43.18
user_044,2024-01-05,240,33,16,19,12,6.62,71.08,0,workday,22:55,06:05,25-34,remote,1,0,2,36.64
user_044,2024-01-06,178,37,25,11,15,0.81,80.47,0,weekend,23:56,07:26,25-34,remote,1,0,3,65.91
user_044,2024-01-07,206,41,18,18,18,4.25,59.85,0,weekend,23:26,07:17,25-34,remote,1,0,3,68.49
user_044,2024-01-08,223,39,34,36,19,6.25,71.52,0,workday,22:22,07:43,25-34,remote,1,0,2,28.42
user_044,2024-01-09,248,37,17,24,20,4.06,35.42,1,workday,22:27,06:26,25-34,remote,1,0,2,31.82
user_044,2024-01-10,206,41,16,14,17,4.11,58.91,1,workday,23:16,07:34,25-34,remote,1,0,1,7.05
user_044,2024-01-11,258,50,23,19,24,7.0,39.22,0,workday,22:17,06:41,25-34,remote,1,0,2,28.1
user_044,2024-01-12,242,52,20,23,16,4.27,58.81,0,workday,23:27,07:37,25-34,remote,1,0,2,33.95
user_044,2024-01-13,255,46,16,33,20,3.94,55.31,1,weekend,23:33,07:52,25-34,remote,1,0,2,46.1
user_044,2024-01-14,207,30,3,13,17,2.33,73.88,0,weekend,23:44,07:39,25-34,remote,1,0,2,48.37
user_044,2024-01-15,254,55,30,29,16,4.64,36.74,1,workday,23:01,07:44,25-34,remote,1,0,2,31.21
user_044,2024-01-16,245,37,16,20,21,5.03,63.29,0,workday,22:07,07:12,25-34,remote,1,0,2,46.44
user_044,2024-01-17,205,60,25,35,22,4.65,56.57,1,workday,22:36,07:09,25-34,remote,1,0,2,27.64
user_044,2024-01-18,181,30,16,22,10,5.42,68.11,1,workday,23:28,07:07,25-34,remote,1,0,2,36.7
user_044,2024-01-19,248,54,40,33,22,6.0,34.4,0,workday,23:01,07:06,25-34,remote,1,0,2,38.32
user_044,2024-01-20,228,38,7,28,23,5.95,50.64,1,weekend,22:42,07:39,25-34,remote,1,0,3,62.26
user_044,2024-01-21,147,33,20,19,12,2.14,82.4,0,weekend,23:57,07:08,25-34,remote,1,0,2,35.05
user_045,2024-01-01,216,46,19,37,19,6.93,48.37,0,workday,23:11,07:15,45-54,hybrid,0,0,2,49.35
user_045,2024-01-02,210,35,27,23,18,5.62,40.62,1,workday,22:03,06:00,45-54,hybrid,0,0,2,38.03
user_045,2024-01-03,213,55,46,33,24,5.9,66.86,0,workday,00:04,06:38,45-54,hybrid,0,0,2,31.92
user_045,2024-01-04,289,43,12,28,13,4.44,37.6,0,workday,23:10,06:56,45-54,hybrid,0,0,2,49.1
user_045,2024-01-05,259,38,4,32,13,4.11,49.97,1,workday,22:29,07:16,45-54,hybrid,0,0,2,44.15
user_045,2024-01-06,210,33,26,23,14,3.61,74.74,0,weekend,23:29,07:40,45-54,hybrid,0,0,4,97.12
user_045,2024-01-07,227,50,29,26,20,6.01,72.36,1,weekend,23:15,06:46,45-54,hybrid,0,0,4,77.34
user_045,2024-01-08,222,31,11,27,11,3.36,50.56,0,workday,22:48,07:15,45-54,hybrid,0,0,4,94.88
user_045,2024-01-09,265,33,14,33,9,3.29,74.31,0,workday,22:29,07:10,45-54,hybrid,0,0,4,97.03
user_045,2024-01-10,207,45,26,27,12,5.52,63.13,1,workday,22:18,07:41,45-54,hybrid,0,0,2,34.63
user_045,2024-01-11,196,35,21,13,13,2.94,83.29,0,workday,23:32,07:12,45-54,hybrid,0,0,2,46.18
user_045,2024-01-12,160,30,16,12,7,3.07,59.69,0,workday,22:59,06:33,45-54,hybrid,0,0,4,80.85
user_045,2024-01-13,223,50,22,27,22,6.35,72.44,0,weekend,23:18,07:57,45-54,hybrid,0,0,3,67.72
user_045,2024-01-14,254,53,24,29,17,4.61,65.49,0,weekend,23:18,07:56,45-54,hybrid,0,0,2,49.3
user_045,2024-01-15,215,36,12,21,17,6.91,30.0,0,workday,23:38,07:04,45-54,hybrid,0,0,2,48.61
user_045,2024-01-16,251,26,9,25,10,4.71,66.19,0,workday,23:13,07:13,45-54,hybrid,0,0,3,74.11
user_045,2024-01-17,151,17,10,18,13,3.54,74.98,0,workday,22:40,06:24,45-54,hybrid,0,0,3,68.07
user_045,2024-01-18,153,32,14,20,18,2.84,67.06,0,workday,22:34,07:52,45-54,hybrid,0,0,2,45.43
user_045,2024-01-19,210,57,24,40,19,7.06,68.77,0,workday,22:14,07:01,45-54,hybrid,0,0,2,40.47
user_045,2024-01-20,222,41,15,33,13,2.11,77.69,0,weekend,23:05,07:01,45-54,hybrid,0,0,3,72.51
user_045,2024-01-21,214,60,9,43,25,6.08,63.78,0,weekend,22:50,08:00,45-54,hybrid,0,0,2,42.02
user_046,2024-01-01,216,44,37,23,10,2.86,68.9,0,workday,22:39,07:56,45-54,remote,0,0,3,58.36
user_046,2024-01-02,248,41,23,19,11,4.01,45.31,1,workday,22:40,07:27,45-54,remote,0,0,2,43.39
user_046,2024-01-03,216,48,11,32,28,4.53,57.57,0,workday,23:19,06:59,45-54,remote,0,0,2,42.19
user_046,2024-01-04,239,44,30,17,26,3.07,61.05,0,workday,22:21,06:53,45-54,remote,0,0,4,83.47
user_046,2024-01-05,216,29,23,21,15,1.53,66.14,0,workday,22:01,06:50,45-54,remote,0,0,4,83.34
user_046,2024-01-06,220,49,10,28,21,2.93,68.9,0,weekend,00:09,07:51,45-54,remote,0,0,4,81.93
user_046,2024-01-07,225,36,14,22,12,4.74,53.22,0,weekend,23:16,07:30,45-54,remote,0,0,2,48.37
user_046,2024-01-08,210,44,17,30,16,3.83,54.24,0,workday,22:33,06:19,45-54,remote,0,0,4,83.41
user_046,2024-01-09,251,53,29,23,20,3.0,58.39,0,workday,22:51,06:14,45-54,remote,0,0,3,55.83
user_046,2024-01-10,190,26,11,26,18,2.78,49.58,0,workday,22:59,07:28,45-54,remote,0,0,2,48.15
user_046,2024-01-11,184,29,10,24,11,3.73,50.63,1,workday,21:45,07:08,45-54,remote,0,0,3,73.26
user_046,2024-01-12,160,24,3,15,9,3.35,68.46,0,workday,22:46,07:00,45-54,remote,0,0,2,41.3
user_046,2024-01-13,273,49,24,27,20,4.03,56.0,0,weekend,23:03,08:02,45-54,remote,0,0,3,66.24
user_046,2024-01-14,225,29,10,12,2,4.15,74.03,0,weekend,23:38,07:45,45-54,remote,0,0,2,46.36
user_046,2024-01-15,233,48,20,37,22,4.86,68.18,1,workday,23:51,06:14,45-54,remote,0,0,3,62.2
user_046,2024-01-16,181,31,23,34,6,4.24,67.97,0,workday,22:54,07:16,45-54,remote,0,0,2,50.0
user_046,2024-01-17,199,50,16,22,15,4.99,49.49,0,workday,22:32,07:00,45-54,remote,0,0,2,47.13
user_046,2024-01-18,247,43,20,36,21,5.38,50.23,0,workday,22:52,06:53,45-54,remote,0,0,2,26.31
user_046,2024-01-19,227,50,36,24,17,6.15,65.03,0,workday,22:43,06:20,45-54,remote,0,0,4,92.17
user_046,2024-01-20,226,38,17,31,22,3.94,50.06,1,weekend,23:12,07:42,45-54,remote,0,0,1,23.94
user_046,2024-01-21,228,56,26,33,24,3.69,77.37,0,weekend,23:29,06:41,45-54,remote,0,0,3,66.98
user_047,2024-01-01,188,58,25,30,22,5.21,51.83,0,workday,22:46,07:25,25-34,on_site,1,1,2,35.98
user_047,2024-01-02,215,44,29,37,14,4.8,63.69,1,workday,21:42,06:53,25-34,on_site,1,1,3,61.89
user_047,2024-01-03,160,53,35,35,19,6.5,33.39,0,workday,22:40,06:16,25-34,on_site,1,1,2,31.11
user_047,2024-01-04,230,42,14,13,25,6.35,57.24,0,workday,22:55,08:06,25-34,on_site,1,1,3,58.23
user_047,2024-01-05,213,50,39,26,27,8.38,56.87,0,workday,23:16,06:42,25-34,on_site,1,1,2,44.58
user_047,2024-01-06,175,44,11,24,20,3.97,55.54,0,weekend,22:45,07:31,25-34,on_site,1,1,2,37.79
user_047,2024-01-07,190,23,9,17,18,0.64,78.97,0,weekend,23:56,07:50,25-34,on_site,1,1,3,74.98
user_047,2024-01-08,185,35,25,29,20,4.06,39.34,1,workday,22:33,07:28,25-34,on_site,1,1,1,10.33
user_047,2024-01-09,143,33,22,26,11,7.72,50.67,1,workday,23:41,07:14,25-34,on_site,1,1,2,31.66
user_047,2024-01-10,229,58,30,33,15,9.74,58.75,0,workday,23:43,07:13,25-34,on_site,1,1,1,4.04
user_047,2024-01-11,229,52,11,22,16,3.79,64.23,1,workday,23:33,07:14,25-34,on_site,1,1,2,49.43
user_047,2024-01-12,178,58,10,19,16,4.44,62.21,0,workday,23:31,07:34,25-34,on_site,1,1,4,84.31
user_047,2024-01-13,227,40,19,21,9,0.66,50.82,0,weekend,23:08,07:48,25-34,on_site,1,1,2,45.81
user_047,2024-01-14,222,47,26,27,18,5.87,48.65,0,weekend,23:21,07:59,25-34,on_site,1,1,1,25.0
user_047,2024-01-15,170,36,20,3,13,4.26,81.74,1,workday,23:09,07:34,25-34,on_site,1,1,2,33.19
user_047,2024-01-16,209,21,19,15,23,7.69,66.63,0,workday,22:11,07:37,25-34,on_site,1,1,2,46.78
user_047,2024-01-17,208,25,9,13,29,4.87,48.42,1,workday,22:37,06:50,25-34,on_site,1,1,2,35.18
user_047,2024-01-18,230,54,24,26,19,5.16,67.15,0,workday,22:21,07:27,25-34,on_site,1,1,4,93.4
user_047,2024-01-19,221,60,35,22,18,3.81,66.51,0,workday,23:44,06:54,25-34,on_site,1,1,2,48.9
user_047,2024-01-20,279,53,11,28,12,6.51,41.47,0,weekend,23:25,07:41,25-34,on_site,1,1,2,32.74
user_047,2024-01-21,219,39,20,19,1,1.86,54.25,0,weekend,23:06,07:17,25-34,on_site,1,1,2,41.82
user_048,2024-01-01,153,33,10,30,14,6.31,64.79,0,workday,22:13,07:07,25-34,on_site,0,0,4,94.71
user_048,2024-01-02,197,59,37,30,19,5.66,53.26,1,workday,23:03,07:27,25-34,on_site,0,0,3,52.85
user_048,2024-01-03,206,31,22,20,15,5.83,90.3,0,workday,22:23,06:19,25-34,on_site,0,0,2,41.21
user_048,2024-01-04,163,34,25,21,18,5.93,50.58,0,workday,22:56,06:58,25-34,on_site,0,0,3,64.75
user_048,2024-01-05,200,43,18,28,23,6.11,75.79,0,workday,22:42,07:20,25-34,on_site,0,0,3,66.57
user_048,2024-01-06,193,30,24,4,15,2.69,79.99,0,weekend,23:36,08:04,25-34,on_site,0,0,3,62.73
user_048,2024-01-07,216,47,26,31,25,2.34,68.92,0,weekend,22:57,07:16,25-34,on_site,0,0,2,46.48
user_048,2024-01-08,205,45,27,29,17,8.55,63.25,0,workday,23:04,06:55,25-34,on_site,0,0,2,35.47
user_048,2024-01-09,231,30,24,21,13,5.17,56.44,1,workday,22:38,07:12,25-34,on_site,0,0,2,43.42
user_048,2024-01-10,180,41,23,13,17,4.94,47.94,1,workday,22:18,06:44,25-34,on_site,0,0,2,39.26
user_048,2024-01-11,135,28,9,29,17,3.19,76.36,0,workday,22:00,06:53,25-34,on_site,0,0,4,84.62
user_048,2024-01-12,231,60,27,21,21,6.39,74.28,1,workday,23:34,07:31,25-34,on_site,0,0,2,30.86
user_048,2024-01-13,167,34,18,23,23,7.32,55.18,0,weekend,23:15,08:26,25-34,on_site,0,0,2,34.42
user_048,2024-01-14,185,33,7,23,12,2.45,81.76,0,weekend,00:00,08:43,25-34,on_site,0,0,4,97.67
user_048,2024-01-15,213,38,25,23,20,6.04,53.85,0,workday,22:08,06:22,25-34,on_site,0,0,2,37.37
user_048,2024-01-16,222,34,11,34,16,2.54,49.32,0,workday,23:02,07:11,25-34,on_site,0,0,4,90.17
user_048,2024-01-17,226,34,31,22,15,5.83,54.99,0,workday,22:40,07:06,25-34,on_site,0,0,2,40.66
user_048,2024-01-18,190,52,42,26,25,8.24,53.73,0,workday,23:32,06:41,25-34,on_site,0,0,2,30.51
user_048,2024-01-19,192,26,10,21,21,3.86,63.7,0,workday,22:13,07:16,25-34,on_site,0,0,2,42.98
user_048,2024-01-20,192,45,20,29,8,3.66,53.0,0,weekend,23:19,07:49,25-34,on_site,0,0,2,43.29
user_048,2024-01-21,259,60,37,26,22,6.46,54.45,1,weekend,22:28,07:07,25-34,on_site,0,0,2,29.61
user_049,2024-01-01,202,25,12,24,11,4.92,54.08,0,workday,23:26,07:11,35-44,remote,1,0,3,58.0
user_049,2024-01-02,235,53,19,32,17,5.44,80.3,0,workday,23:53,07:14,35-44,remote,1,0,4,87.34
user_049,2024-01-03,235,30,26,20,15,4.45,52.12,0,workday,22:57,07:09,35-44,remote,1,0,4,88.06
user_049,2024-01-04,255,24,21,15,16,6.39,59.9,0,workday,23:57,06:20,35-44,remote,1,0,4,79.37
user_049,2024-01-05,244,34,23,24,18,1.6,64.73,0,workday,23:11,06:35,35-44,remote,1,0,4,93.55
user_049,2024-01-06,267,60,30,24,30,6.57,50.77,0,weekend,23:03,07:50,35-44,remote,1,0,4,83.25
user_049,2024-01-07,253,37,18,37,23,5.59,21.26,1,weekend,23:19,07:06,35-44,remote,1,0,4,92.28
user_049,2024-01-08,256,22,6,23,18,5.1,59.34,1,workday,23:05,06:47,35-44,remote,1,0,2,44.99
user_049,2024-01-09,188,34,25,29,10,7.93,53.69,1,workday,22:56,06:47,35-44,remote,1,0,3,73.25
user_049,2024-01-10,232,40,21,11,19,5.57,64.73,0,workday,22:48,06:18,35-44,remote,1,0,4,83.83
user_049,2024-01-11,219,48,22,29,26,5.43,39.74,0,workday,23:35,07:45,35-44,remote,1,0,3,54.33
user_049,2024-01-12,147,32,23,21,9,4.45,63.95,0,workday,22:41,07:31,35-44,remote,1,0,2,49.73
user_049,2024-01-13,193,14,9,12,12,3.81,64.26,0,weekend,23:10,08:35,35-44,remote,1,0,3,59.94
user_049,2024-01-14,285,54,44,18,26,1.43,66.47,0,weekend,23:27,07:54,35-44,remote,1,0,4,87.64
user_049,2024-01-15,228,36,19,30,16,4.68,81.01,0,workday,23:22,06:30,35-44,remote,1,0,4,95.82
user_049,2024-01-16,192,37,14,19,14,1.83,70.38,0,workday,22:45,07:31,35-44,remote,1,0,4,92.94
user_049,2024-01-17,209,31,18,20,19,5.6,59.61,1,workday,22:45,07:58,35-44,remote,1,0,3,55.1
user_049,2024-01-18,201,33,15,17,21,2.77,40.21,0,workday,22:58,06:55,35-44,remote,1,0,4,90.2
user_049,2024-01-19,269,46,34,23,20,4.97,56.48,1,workday,23:06,07:10,35-44,remote,1,0,3,62.05
user_049,2024-01-20,300,48,21,26,21,4.15,73.61,1,weekend,23:00,07:34,35-44,remote,1,0,4,96.83
user_049,2024-01-21,207,46,16,36,16,4.75,64.27,0,weekend,23:16,07:51,35-44,remote,1,0,2,46.43
user_050,2024-01-01,216,60,40,42,19,5.88,62.24,1,workday,23:45,06:54,18-24,on_site,1,0,4,87.74
user_050,2024-01-02,248,26,4,26,13,3.75,51.02,0,workday,23:39,06:53,18-24,on_site,1,0,3,63.75
user_050,2024-01-03,231,41,19,24,20,5.75,61.55,1,workday,23:18,07:20,18-24,on_site,1,0,2,38.1
user_050,2024-01-04,174,37,19,5,18,1.01,81.73,0,workday,23:30,07:19,18-24,on_site,1,0,4,92.71
user_050,2024-01-05,159,50,26,26,16,4.1,55.95,0,workday,22:40,06:56,18-24,on_site,1,0,4,99.81
user_050,2024-01-06,178,35,19,17,26,4.28,59.19,0,weekend,00:13,07:32,18-24,on_site,1,0,2,36.25
user_050,2024-01-07,193,29,15,13,12,2.23,71.68,0,weekend,23:53,08:11,18-24,on_site,1,0,4,77.48
user_050,2024-01-08,188,31,3,29,11,2.7,80.43,0,workday,22:43,06:49,18-24,on_site,1,0,4,96.45
user_050,2024-01-09,227,42,21,25,14,4.38,75.34,1,workday,22:58,06:56,18-24,on_site,1,0,4,97.44
user_050,2024-01-10,149,36,14,25,15,4.18,57.55,1,workday,00:07,06:56,18-24,on_site,1,0,4,76.99
user_050,2024-01-11,201,43,19,42,19,6.15,57.97,0,workday,23:29,06:23,18-24,on_site,1,0,4,88.6
user_050,2024-01-12,221,38,24,26,14,4.32,70.62,0,workday,23:26,06:46,18-24,on_site,1,0,4,98.97
user_050,2024-01-13,126,37,12,17,15,4.56,74.33,0,weekend,23:01,07:01,18-24,on_site,1,0,3,52.06
user_050,2024-01-14,187,27,13,16,15,4.19,63.79,0,weekend,23:26,08:04,18-24,on_site,1,0,2,40.79
user_050,2024-01-15,250,59,36,28,18,4.21,71.97,0,workday,23:58,07:26,18-24,on_site,1,0,3,67.63
user_050,2024-01-16,200,40,28,29,17,6.62,55.46,1,workday,23:33,07:29,18-24,on_site,1,0,2,28.26
user_050,2024-01-17,242,60,50,43,20,7.14,53.42,0,workday,22:45,06:44,18-24,on_site,1,0,3,75.0
user_050,2024-01-18,151,40,11,23,16,5.35,83.38,0,workday,23:13,07:08,18-24,on_site,1,0,4,95.28
user_050,2024-01-19,227,55,34,37,20,4.89,70.13,0,workday,22:54,06:41,18-24,on_site,1,0,4,100.0
user_050,2024-01-20,183,32,17,12,23,5.22,44.07,0,weekend,23:12,07:53,18-24,on_site,1,0,4,79.04
user_050,2024-01-21,176,53,44,34,10,4.22,30.04,1,weekend,22:44,08:14,18-24,on_site,1,0,2,39.41
user_051,2024-01-01,222,44,16,36,11,3.85,72.34,0,workday,22:55,06:40,18-24,remote,1,0,2,44.42
user_051,2024-01-02,222,45,16,25,17,7.06,33.78,1,workday,23:18,07:11,18-24,remote,1,0,2,38.11
user_051,2024-01-03,226,46,20,26,15,4.39,75.11,0,workday,23:42,06:54,18-24,remote,1,0,2,45.62
user_051,2024-01-04,189,47,19,33,18,3.93,77.31,0,workday,23:05,07:15,18-24,remote,1,0,2,32.04
user_051,2024-01-05,230,27,12,32,26,3.61,53.26,0,workday,22:00,07:12,18-24,remote,1,0,4,89.41
user_051,2024-01-06,242,17,5,18,11,3.7,59.72,0,weekend,23:34,07:32,18-24,remote,1,0,4,89.35
user_051,2024-01-07,213,33,22,12,16,2.42,87.52,0,weekend,23:12,08:23,18-24,remote,1,0,2,44.33
user_051,2024-01-08,223,19,7,13,19,2.44,81.65,0,workday,23:20,07:26,18-24,remote,1,0,3,74.03
user_051,2024-01-09,203,55,24,28,20,4.69,65.26,0,workday,23:02,06:57,18-24,remote,1,0,2,33.28
user_051,2024-01-10,222,41,20,32,16,4.32,74.36,0,workday,22:40,07:35,18-24,remote,1,0,2,41.07
user_051,2024-01-11,235,44,13,31,20,5.44,58.01,0,workday,22:46,06:01,18-24,remote,1,0,2,27.12
user_051,2024-01-12,187,32,17,22,14,7.64,57.82,1,workday,23:34,07:44,18-24,remote,1,0,2,30.05
user_051,2024-01-13,217,41,12,34,19,2.23,68.97,0,weekend,23:24,07:28,18-24,remote,1,0,3,60.72
user_051,2024-01-14,261,37,6,21,13,2.3,80.73,0,weekend,23:17,07:53,18-24,remote,1,0,4,81.9
user_051,2024-01-15,199,39,19,35,12,5.56,51.59,0,workday,22:42,07:02,18-24,remote,1,0,2,40.52
user_051,2024-01-16,178,58,31,38,21,4.12,64.96,0,workday,22:13,07:27,18-24,remote,1,0,2,47.43
user_051,2024-01-17,150,33,13,38,19,3.37,92.14,1,workday,22:30,07:35,18-24,remote,1,0,2,43.84
user_051,2024-01-18,216,27,14,24,19,4.34,63.33,0,workday,22:53,07:31,18-24,remote,1,0,4,97.5
user_051,2024-01-19,239,43,6,27,17,4.57,64.22,1,workday,23:16,07:12,18-24,remote,1,0,3,59.24
user_051,2024-01-20,176,42,18,25,12,4.32,49.02,0,weekend,00:16,08:13,18-24,remote,1,0,3,56.45
user_051,2024-01-21,266,47,20,19,22,3.71,59.77,0,weekend,23:34,08:43,18-24,remote,1,0,3,60.18
user_052,2024-01-01,245,45,20,25,20,3.97,61.83,1,workday,22:08,06:52,18-24,hybrid,0,0,2,37.64
user_052,2024-01-02,197,40,21,35,24,5.31,54.38,0,workday,23:13,07:34,18-24,hybrid,0,0,3,74.7
user_052,2024-01-03,263,30,9,21,17,3.77,66.74,1,workday,22:59,07:11,18-24,hybrid,0,0,2,36.22
user_052,2024-01-04,251,47,28,19,21,4.85,72.45,1,workday,22:32,07:12,18-24,hybrid,0,0,2,34.98
user_052,2024-01-05,161,35,9,34,20,3.37,64.14,0,workday,22:30,07:32,18-24,hybrid,0,0,4,77.71
user_052,2024-01-06,271,35,15,26,16,4.3,59.23,1,weekend,23:40,06:55,18-24,hybrid,0,0,3,61.18
user_052,2024-01-07,208,41,13,29,14,2.68,67.15,0,weekend,22:47,07:45,18-24,hybrid,0,0,3,52.48
user_052,2024-01-08,245,31,20,14,10,4.48,50.57,0,workday,23:07,07:07,18-24,hybrid,0,0,2,45.26
user_052,2024-01-09,210,44,27,28,10,4.7,40.82,0,workday,23:02,06:01,18-24,hybrid,0,0,2,40.33
user_052,2024-01-10,217,55,22,33,25,3.71,47.23,1,workday,22:06,06:04,18-24,hybrid,0,0,2,30.08
user_052,2024-01-11,227,46,26,23,10,4.75,50.33,0,workday,23:32,07:22,18-24,hybrid,0,0,2,49.92
user_052,2024-01-12,180,48,17,22,21,5.21,55.01,0,workday,23:46,06:52,18-24,hybrid,0,0,2,41.04
user_052,2024-01-13,179,31,8,14,17,6.3,61.47,0,weekend,21:52,06:53,18-24,hybrid,0,0,2,46.46
user_052,2024-01-14,222,35,13,24,23,6.17,60.78,0,weekend,22:19,07:32,18-24,hybrid,0,0,2,43.94
user_052,2024-01-15,255,27,11,19,13,2.09,73.96,0,workday,23:27,06:49,18-24,hybrid,0,0,2,40.17
user_052,2024-01-16,219,55,8,39,26,4.64,65.9,0,workday,23:23,06:31,18-24,hybrid,0,0,4,77.39
user_052,2024-01-17,185,36,18,17,20,3.08,62.94,1,workday,23:03,06:10,18-24,hybrid,0,0,2,28.73
user_052,2024-01-18,221,31,8,30,11,2.6,63.45,1,workday,23:17,07:25,18-24,hybrid,0,0,2,47.8
user_052,2024-01-19,177,39,12,23,14,4.3,48.68,1,workday,23:47,06:17,18-24,hybrid,0,0,3,73.04
user_052,2024-01-20,239,58,20,45,21,4.46,74.23,0,weekend,00:41,09:00,18-24,hybrid,0,0,4,88.72
user_052,2024-01-21,245,48,28,25,18,7.77,54.59,0,weekend,23:14,08:13,18-24,hybrid,0,0,2,37.16
user_053,2024-01-01,239,34,11,20,23,6.86,53.57,1,workday,22:23,06:19,45-54,remote,0,0,2,39.58
user_053,2024-01-02,185,43,24,14,18,3.8,77.41,0,workday,23:46,06:41,45-54,remote,0,0,3,64.39
user_053,2024-01-03,243,32,14,20,10,4.67,62.43,0,workday,23:22,07:05,45-54,remote,0,0,3,70.12
user_053,2024-01-04,259,21,13,32,7,7.13,62.47,1,workday,23:07,06:50,45-54,remote,0,0,3,61.07
user_053,2024-01-05,230,48,38,33,11,4.82,55.78,1,workday,22:29,07:06,45-54,remote,0,0,2,44.7
user_053,2024-01-06,261,46,30,15,18,4.82,72.63,0,weekend,23:41,08:15,45-54,remote,0,0,4,85.49
user_053,2024-01-07,236,48,18,44,22,3.9,63.65,1,weekend,23:43,07:55,45-54,remote,0,0,3,67.17
user_053,2024-01-08,296,58,33,38,26,7.39,58.54,1,workday,23:28,06:31,45-54,remote,0,0,2,47.84
user_053,2024-01-09,211,45,13,40,20,7.97,64.94,1,workday,23:19,06:36,45-54,remote,0,0,2,44.86
user_053,2024-01-10,259,49,25,28,17,8.43,54.75,0,workday,23:01,07:25,45-54,remote,0,0,2,39.21
user_053,2024-01-11,207,32,20,15,18,5.62,52.29,0,workday,23:11,06:57,45-54,remote,0,0,3,54.22
user_053,2024-01-12,232,49,17,27,24,4.85,64.65,1,workday,22:54,06:18,45-54,remote,0,0,3,53.78
user_053,2024-01-13,228,29,12,9,9,4.37,53.42,0,weekend,22:28,07:51,45-54,remote,0,0,3,68.89
user_053,2024-01-14,255,35,5,24,8,3.15,56.31,0,weekend,23:16,07:32,45-54,remote,0,0,4,83.97
user_053,2024-01-15,230,29,18,36,13,6.15,43.58,0,workday,22:12,07:00,45-54,remote,0,0,3,64.49
user_053,2024-01-16,245,38,12,21,14,3.58,70.91,0,workday,23:18,06:41,45-54,remote,0,0,4,83.08
user_053,2024-01-17,197,26,14,12,17,5.29,42.83,0,workday,22:49,06:52,45-54,remote,0,0,2,34.44
user_053,2024-01-18,241,45,32,25,26,4.27,59.86,0,workday,22:48,06:41,45-54,remote,0,0,4,90.2
user_053,2024-01-19,255,50,30,21,22,5.33,64.89,1,workday,22:54,06:44,45-54,remote,0,0,2,45.71
user_053,2024-01-20,279,34,13,17,14,4.55,55.28,0,weekend,23:07,08:20,45-54,remote,0,0,2,39.61
user_053,2024-01-21,203,32,4,10,13,2.09,74.92,1,weekend,22:45,08:00,45-54,remote,0,0,4,88.16
user_054,2024-01-01,227,60,9,28,22,4.15,64.07,1,workday,22:56,07:23,35-44,on_site,0,0,1,11.57
user_054,2024-01-02,153,37,32,17,16,3.44,72.55,0,workday,22:54,06:11,35-44,on_site,0,0,2,47.82
user_054,2024-01-03,225,31,16,22,11,3.43,40.07,0,workday,22:44,06:56,35-44,on_site,0,0,2,40.37
user_054,2024-01-04,134,28,11,25,23,6.76,47.32,0,workday,23:21,06:50,35-44,on_site,0,0,2,26.98
user_054,2024-01-05,159,38,15,22,19,4.28,54.81,0,workday,22:29,06:23,35-44,on_site,0,0,2,32.32
user_054,2024-01-06,246,60,26,19,19,5.05,66.83,0,weekend,22:34,08:07,35-44,on_site,0,0,3,68.47
user_054,2024-01-07,207,37,13,23,9,3.59,82.35,0,weekend,22:38,07:59,35-44,on_site,0,0,3,61.74
user_054,2024-01-08,183,23,18,20,9,3.18,82.65,0,workday,22:49,05:48,35-44,on_site,0,0,3,59.91
user_054,2024-01-09,217,33,12,14,12,4.54,71.43,1,workday,22:43,06:54,35-44,on_site,0,0,2,46.81
user_054,2024-01-10,195,34,8,13,17,3.54,43.69,1,workday,23:26,07:20,35-44,on_site,0,0,2,37.17
user_054,2024-01-11,222,47,8,11,18,2.22,57.7,0,workday,23:01,07:17,35-44,on_site,0,0,3,60.81
user_054,2024-01-12,152,41,21,23,18,4.0,69.31,0,workday,22:22,07:05,35-44,on_site,0,0,2,33.32
user_054,2024-01-13,215,34,13,20,23,5.28,53.47,1,weekend,23:04,07:12,35-44,on_site,0,0,2,32.39
user_054,2024-01-14,157,26,4,18,14,3.3,69.65,0,weekend,23:30,06:38,35-44,on_site,0,0,3,58.84
user_054,2024-01-15,151,35,28,19,15,4.24,75.4,0,workday,22:10,07:05,35-44,on_site,0,0,2,37.11
user_054,2024-01-16,194,32,10,32,10,6.07,74.62,0,workday,22:43,06:30,35-44,on_site,0,0,2,42.33
user_054,2024-01-17,238,48,17,29,25,6.14,51.65,0,workday,23:04,06:44,35-44,on_site,0,0,2,30.44
user_054,2024-01-18,157,24,16,25,11,3.01,62.91,1,workday,22:48,07:39,35-44,on_site,0,0,3,56.56
user_054,2024-01-19,229,58,31,34,23,6.85,40.45,0,workday,22:39,06:40,35-44,on_site,0,0,1,8.4
user_054,2024-01-20,243,55,49,41,23,4.23,68.73,0,weekend,23:42,07:58,35-44,on_site,0,0,2,49.0
user_054,2024-01-21,181,44,27,26,15,6.29,53.81,0,weekend,23:07,07:28,35-44,on_site,0,0,2,44.68
user_055,2024-01-01,234,19,17,12,10,3.75,52.1,0,workday,22:14,06:28,35-44,remote,1,0,4,80.81
user_055,2024-01-02,199,43,17,36,18,6.92,51.79,1,workday,23:08,07:55,35-44,remote,1,0,2,48.76
user_055,2024-01-03,244,45,14,34,21,5.36,47.28,0,workday,23:27,06:58,35-44,remote,1,0,2,40.79
user_055,2024-01-04,227,29,10,25,13,7.85,56.47,0,workday,22:52,06:44,35-44,remote,1,0,3,56.7
user_055,2024-01-05,271,59,44,38,13,5.13,53.82,0,workday,22:58,07:19,35-44,remote,1,0,2,37.65
user_055,2024-01-06,212,40,23,12,26,3.63,58.47,0,weekend,23:37,08:05,35-44,remote,1,0,2,48.77
user_055,2024-01-07,248,46,37,23,20,3.66,59.46,0,weekend,22:38,07:21,35-44,remote,1,0,2,33.16
user_055,2024-01-08,262,56,32,31,18,5.99,49.71,0,workday,22:18,07:14,35-44,remote,1,0,2,31.37
user_055,2024-01-09,289,36,9,20,8,3.67,82.38,1,workday,22:31,07:02,35-44,remote,1,0,4,78.2
user_055,2024-01-10,205,39,24,28,23,5.57,62.3,0,workday,22:29,07:21,35-44,remote,1,0,2,45.83
user_055,2024-01-11,287,41,24,23,15,4.28,53.72,0,workday,22:54,06:41,35-44,remote,1,0,2,31.3
user_055,2024-01-12,253,50,42,29,22,7.98,67.9,0,workday,23:04,06:59,35-44,remote,1,0,2,30.69
user_055,2024-01-13,295,60,37,38,20,4.61,58.33,0,weekend,23:52,08:05,35-44,remote,1,0,2,41.87
user_055,2024-01-14,197,23,6,18,7,3.09,61.92,0,weekend,23:58,07:52,35-44,remote,1,0,2,48.59
user_055,2024-01-15,233,38,7,13,16,4.64,57.59,0,workday,23:14,07:25,35-44,remote,1,0,3,70.3
user_055,2024-01-16,268,53,11,35,26,6.58,67.17,0,workday,23:53,06:13,35-44,remote,1,0,2,34.34
user_055,2024-01-17,249,51,27,34,23,9.68,52.24,0,workday,22:42,07:35,35-44,remote,1,0,2,45.06
user_055,2024-01-18,208,41,16,30,19,2.94,62.92,0,workday,23:02,07:18,35-44,remote,1,0,4,85.39
user_055,2024-01-19,219,46,28,35,16,5.82,67.63,1,workday,23:40,07:03,35-44,remote,1,0,2,40.53
user_055,2024-01-20,176,30,9,19,17,4.69,61.04,0,weekend,23:14,08:19,35-44,remote,1,0,4,95.84
user_055,2024-01-21,239,43,10,24,14,3.31,71.43,0,weekend,23:22,07:22,35-44,remote,1,0,3,66.85
user_056,2024-01-01,199,46,20,26,15,4.95,50.39,1,workday,23:39,06:07,45-54,remote,0,0,2,26.98
user_056,2024-01-02,259,60,19,41,27,6.6,40.74,0,workday,23:51,07:00,45-54,remote,0,0,4,84.77
user_056,2024-01-03,187,27,8,20,18,7.16,45.25,0,workday,22:56,07:08,45-54,remote,0,0,2,34.04
user_056,2024-01-04,265,50,19,33,18,7.54,39.97,0,workday,23:38,07:08,45-54,remote,0,0,2,26.0
user_056,2024-01-05,175,34,16,27,16,3.42,53.84,0,workday,23:28,06:47,45-54,remote,0,0,2,41.86
user_056,2024-01-06,215,24,4,20,9,1.3,58.25,0,weekend,23:02,08:13,45-54,remote,0,0,4,86.17
user_056,2024-01-07,194,32,3,28,20,2.82,67.77,0,weekend,23:13,07:40,45-54,remote,0,0,2,46.57
user_056,2024-01-08,225,28,11,17,25,5.62,48.24,0,workday,22:24,05:48,45-54,remote,0,0,3,57.37
user_056,2024-01-09,189,34,21,15,20,5.05,58.72,0,workday,22:39,08:01,45-54,remote,0,0,2,43.01
user_056,2024-01-10,262,54,33,38,23,4.3,46.19,0,workday,23:49,06:53,45-54,remote,0,0,3,70.84
user_056,2024-01-11,272,53,38,37,22,5.42,55.66,0,workday,23:26,06:20,45-54,remote,0,0,2,39.35
user_056,2024-01-12,293,45,21,30,25,4.81,56.19,0,workday,21:23,06:36,45-54,remote,0,0,2,42.21
user_056,2024-01-13,224,32,11,21,11,2.38,41.12,0,weekend,23:11,08:13,45-54,remote,0,0,2,36.83
user_056,2024-01-14,249,37,24,24,10,4.95,79.54,0,weekend,22:59,07:00,45-54,remote,0,0,2,47.88
user_056,2024-01-15,244,52,35,38,17,7.05,68.35,1,workday,22:45,06:56,45-54,remote,0,0,2,29.35
user_056,2024-01-16,243,37,9,26,22,7.25,54.32,1,workday,23:13,06:22,45-54,remote,0,0,2,29.94
user_056,2024-01-17,250,53,22,37,17,1.49,47.19,0,workday,22:57,06:06,45-54,remote,0,0,4,89.91
user_056,2024-01-18,177,51,10,28,16,5.22,58.05,1,workday,23:17,06:59,45-54,remote,0,0,2,31.71
user_056,2024-01-19,239,46,30,44,22,8.37,26.93,1,workday,23:02,05:47,45-54,remote,0,0,2,29.45
user_056,2024-01-20,262,57,42,36,23,5.75,62.75,1,weekend,00:03,07:35,45-54,remote,0,0,2,31.45
user_056,2024-01-21,250,35,17,11,22,3.91,53.03,0,weekend,23:32,08:10,45-54,remote,0,0,4,79.62
user_057,2024-01-01,201,25,14,17,5,5.32,64.83,0,workday,22:13,07:50,25-34,hybrid,0,0,4,84.43
user_057,2024-01-02,240,45,29,25,19,4.64,86.63,0,workday,22:08,07:18,25-34,hybrid,0,0,2,45.01
user_057,2024-01-03,184,54,22,32,19,5.97,56.8,0,workday,22:56,07:22,25-34,hybrid,0,0,3,69.83
user_057,2024-01-04,185,25,6,32,8,5.04,62.81,0,workday,23:50,06:56,25-34,hybrid,0,0,4,99.1
user_057,2024-01-05,216,38,21,29,28,6.26,75.11,0,workday,22:11,06:50,25-34,hybrid,0,0,4,85.74
user_057,2024-01-06,178,22,15,12,11,3.82,52.74,1,weekend,23:59,08:09,25-34,hybrid,0,0,2,33.49
user_057,2024-01-07,231,48,24,33,21,5.58,53.39,1,weekend,23:03,08:15,25-34,hybrid,0,0,2,37.14
user_057,2024-01-08,149,48,17,9,17,3.1,60.47,1,workday,22:29,06:54,25-34,hybrid,0,0,2,38.14
user_057,2024-01-09,170,51,21,29,23,5.6,48.24,0,workday,22:49,07:21,25-34,hybrid,0,0,2,43.27
user_057,2024-01-10,246,37,22,21,21,7.01,49.5,0,workday,22:21,07:29,25-34,hybrid,0,0,2,45.0
user_057,2024-01-11,153,7,7,6,12,2.67,66.19,0,workday,23:18,07:33,25-34,hybrid,0,0,4,81.15
user_057,2024-01-12,166,27,8,13,11,4.29,65.26,0,workday,23:16,06:38,25-34,hybrid,0,0,3,69.89
user_057,2024-01-13,229,41,19,19,21,2.75,66.19,0,weekend,23:08,07:34,25-34,hybrid,0,0,2,41.44
user_057,2024-01-14,202,20,16,24,5,3.53,46.25,0,weekend,23:52,07:40,25-34,hybrid,0,0,3,51.52
user_057,2024-01-15,224,40,17,15,9,0.04,72.86,1,workday,22:27,06:50,25-34,hybrid,0,0,3,73.71
user_057,2024-01-16,136,18,8,8,8,4.95,59.71,1,workday,23:30,07:17,25-34,hybrid,0,0,2,30.04
user_057,2024-01-17,194,36,8,26,18,5.49,59.7,0,workday,23:19,07:23,25-34,hybrid,0,0,3,51.96
user_057,2024-01-18,180,40,24,12,16,4.3,74.52,1,workday,23:10,07:44,25-34,hybrid,0,0,2,46.16
user_057,2024-01-19,230,48,19,23,19,4.4,50.41,1,workday,23:23,06:32,25-34,hybrid,0,0,2,35.58
user_057,2024-01-20,231,43,19,23,17,1.02,86.37,0,weekend,22:32,07:07,25-34,hybrid,0,0,4,80.89
user_057,2024-01-21,195,43,24,38,24,5.45,85.35,0,weekend,23:34,06:59,25-34,hybrid,0,0,4,92.68
user_058,2024-01-01,137,58,19,32,23,5.36,63.57,0,workday,22:39,07:50,35-44,on_site,0,0,2,36.78
user_058,2024-01-02,125,32,25,21,19,3.66,71.49,0,workday,22:06,07:16,35-44,on_site,0,0,2,50.0
user_058,2024-01-03,206,50,33,24,24,5.17,60.89,0,workday,23:35,06:42,35-44,on_site,0,0,2,27.7
user_058,2024-01-04,226,51,13,33,20,6.82,52.17,0,workday,23:20,06:06,35-44,on_site,0,0,2,34.72
user_058,2024-01-05,229,42,26,18,26,6.77,42.01,0,workday,23:22,07:24,35-44,on_site,0,0,2,32.05
user_058,2024-01-06,167,21,13,27,11,3.23,71.21,0,weekend,23:03,07:28,35-44,on_site,0,0,2,44.68
user_058,2024-01-07,187,44,9,21,16,3.2,79.83,0,weekend,00:09,07:18,35-44,on_site,0,0,2,35.04
user_058,2024-01-08,218,54,34,37,30,5.38,54.42,0,workday,22:27,06:25,35-44,on_site,0,0,2,29.47
user_058,2024-01-09,215,39,11,18,16,6.14,79.89,1,workday,22:22,06:46,35-44,on_site,0,0,2,29.11
user_058,2024-01-10,161,39,12,29,19,3.85,52.58,0,workday,22:50,06:31,35-44,on_site,0,0,2,48.43
user_058,2024-01-11,175,48,9,13,18,4.95,75.55,1,workday,21:49,07:01,35-44,on_site,0,0,2,27.77
user_058,2024-01-12,192,44,21,25,13,6.04,74.26,0,workday,23:08,07:24,35-44,on_site,0,0,2,36.68
user_058,2024-01-13,233,37,19,16,14,1.31,72.66,0,weekend,23:55,07:51,35-44,on_site,0,0,4,79.08
user_058,2024-01-14,260,60,12,25,24,2.68,73.81,0,weekend,23:39,08:19,35-44,on_site,0,0,2,47.8
user_058,2024-01-15,165,30,14,32,12,4.42,49.37,1,workday,22:43,07:16,35-44,on_site,0,0,2,27.27
user_058,2024-01-16,208,38,22,28,19,6.68,70.75,0,workday,23:26,07:14,35-44,on_site,0,0,2,44.47
user_058,2024-01-17,149,44,18,29,27,7.94,43.49,0,workday,23:04,07:22,35-44,on_site,0,0,2,33.53
user_058,2024-01-18,254,45,22,45,29,5.97,54.35,1,workday,23:12,07:00,35-44,on_site,0,0,2,28.68
user_058,2024-01-19,204,39,23,35,19,5.19,43.02,1,workday,23:12,06:05,35-44,on_site,0,0,2,49.56
user_058,2024-01-20,168,38,15,26,11,4.44,62.91,0,weekend,23:08,07:54,35-44,on_site,0,0,4,76.16
user_058,2024-01-21,222,60,14,38,25,5.57,71.0,0,weekend,23:51,08:05,35-44,on_site,0,0,2,44.12
user_059,2024-01-01,184,32,23,12,20,7.46,56.67,1,workday,22:28,06:53,18-24,on_site,1,0,2,33.73
user_059,2024-01-02,167,45,7,20,14,6.17,43.46,1,workday,22:45,07:33,18-24,on_site,1,0,2,26.74
user_059,2024-01-03,195,57,37,25,22,10.0,45.53,0,workday,22:59,07:08,18-24,on_site,1,0,2,32.64
user_059,2024-01-04,227,49,22,35,27,3.03,58.48,0,workday,22:48,07:39,18-24,on_site,1,0,2,46.93
user_059,2024-01-05,142,17,11,13,20,4.29,69.29,0,workday,23:17,06:19,18-24,on_site,1,0,2,28.87
user_059,2024-01-06,210,28,9,7,16,4.74,58.97,0,weekend,23:35,07:17,18-24,on_site,1,0,2,45.9
user_059,2024-01-07,187,40,26,30,14,5.13,57.08,0,weekend,01:00,07:26,18-24,on_site,1,0,4,77.57
user_059,2024-01-08,275,52,17,43,16,5.79,44.94,0,workday,22:56,06:46,18-24,on_site,1,0,2,34.4
user_059,2024-01-09,179,20,8,24,19,2.66,56.43,0,workday,22:01,07:17,18-24,on_site,1,0,2,41.6
user_059,2024-01-10,237,55,26,27,21,7.0,51.88,0,workday,22:35,06:24,18-24,on_site,1,0,2,48.34
user_059,2024-01-11,234,43,10,25,17,4.2,45.46,0,workday,22:43,07:28,18-24,on_site,1,0,2,50.0
user_059,2024-01-12,224,59,44,31,29,6.07,39.57,1,workday,23:13,06:50,18-24,on_site,1,0,1,17.47
user_059,2024-01-13,164,30,4,20,9,4.34,48.52,0,weekend,23:38,08:10,18-24,on_site,1,0,2,37.49
user_059,2024-01-14,240,53,23,22,23,6.01,54.92,1,weekend,23:05,07:30,18-24,on_site,1,0,2,30.9
user_059,2024-01-15,184,44,6,15,15,4.15,59.83,1,workday,22:43,07:17,18-24,on_site,1,0,2,31.03
user_059,2024-01-16,160,34,23,30,13,2.89,57.98,0,workday,23:33,07:50,18-24,on_site,1,0,2,40.93
user_059,2024-01-17,187,39,31,32,20,5.25,41.28,0,workday,22:39,06:11,18-24,on_site,1,0,2,34.3
user_059,2024-01-18,161,49,40,20,18,1.08,69.09,0,workday,22:37,07:04,18-24,on_site,1,0,2,38.79
user_059,2024-01-19,214,29,19,21,15,3.24,52.68,0,workday,22:40,06:39,18-24,on_site,1,0,2,42.09
user_059,2024-01-20,255,30,9,16,10,3.57,55.43,0,weekend,00:31,07:41,18-24,on_site,1,0,2,26.01
user_059,2024-01-21,188,33,17,24,6,5.18,48.06,0,weekend,22:56,08:13,18-24,on_site,1,0,2,31.8
user_060,2024-01-01,231,49,28,24,17,4.1,75.06,0,workday,22:15,07:09,18-24,hybrid,0,0,2,29.09
user_060,2024-01-02,221,39,27,27,16,1.82,62.8,0,workday,22:52,07:13,18-24,hybrid,0,0,2,27.78
user_060,2024-01-03,229,58,17,30,18,5.51,60.64,1,workday,22:37,06:25,18-24,hybrid,0,0,2,33.92
user_060,2024-01-04,209,40,26,39,11,2.6,71.31,0,workday,23:11,07:30,18-24,hybrid,0,0,3,56.92
user_060,2024-01-05,263,56,12,43,19,6.18,79.04,1,workday,23:11,06:36,18-24,hybrid,0,0,1,6.67
user_060,2024-01-06,177,13,8,16,7,1.28,71.96,0,weekend,23:05,08:11,18-24,hybrid,0,0,2,43.89
user_060,2024-01-07,188,21,14,12,11,4.11,51.15,0,weekend,00:34,08:11,18-24,hybrid,0,0,2,32.75
user_060,2024-01-08,214,44,28,18,18,7.19,44.84,0,workday,22:20,07:09,18-24,hybrid,0,0,2,26.47
user_060,2024-01-09,205,41,26,17,14,4.5,79.66,1,workday,22:41,07:15,18-24,hybrid,0,0,2,27.93
user_060,2024-01-10,241,34,22,12,17,7.44,75.93,1,workday,23:02,07:48,18-24,hybrid,0,0,2,35.37
user_060,2024-01-11,208,38,17,27,17,5.03,80.05,0,workday,23:46,06:50,18-24,hybrid,0,0,2,29.37
user_060,2024-01-12,245,36,21,25,20,7.17,60.11,0,workday,21:26,07:26,18-24,hybrid,0,0,1,16.83
user_060,2024-01-13,223,41,25,23,18,3.02,64.24,1,weekend,22:34,07:42,18-24,hybrid,0,0,2,32.11
user_060,2024-01-14,210,42,27,18,19,2.52,70.14,0,weekend,23:01,07:22,18-24,hybrid,0,0,2,28.67
user_060,2024-01-15,169,21,2,20,11,2.31,72.59,1,workday,23:00,07:04,18-24,hybrid,0,0,2,31.88
user_060,2024-01-16,164,34,7,20,12,2.75,50.4,0,workday,22:38,07:40,18-24,hybrid,0,0,2,27.35
user_060,2024-01-17,196,39,19,26,21,4.97,60.7,1,workday,22:28,07:39,18-24,hybrid,0,0,2,27.53
user_060,2024-01-18,249,44,21,34,13,6.69,46.51,1,workday,22:31,06:54,18-24,hybrid,0,0,1,13.83
user_060,2024-01-19,190,50,26,34,17,4.65,54.18,0,workday,22:59,06:52,18-24,hybrid,0,0,2,26.0
user_060,2024-01-20,258,40,10,40,22,5.46,59.72,1,weekend,23:28,07:59,18-24,hybrid,0,0,2,33.16
user_060,2024-01-21,195,39,10,34,14,0.66,65.71,0,weekend,23:45,07:57,18-24,hybrid,0,0,2,36.66
user_061,2024-01-01,202,37,15,31,10,4.16,44.87,1,workday,22:49,06:39,35-44,on_site,1,1,2,28.75
user_061,2024-01-02,213,34,13,33,25,1.7,55.8,0,workday,22:22,07:02,35-44,on_site,1,1,2,36.0
user_061,2024-01-03,164,38,19,33,17,4.93,62.68,1,workday,22:50,06:00,35-44,on_site,1,1,1,4.58
user_061,2024-01-04,164,32,10,24,18,4.33,60.05,0,workday,22:47,07:33,35-44,on_site,1,1,2,26.78
user_061,2024-01-05,209,8,6,12,12,3.66,53.85,0,workday,22:47,07:31,35-44,on_site,1,1,2,40.47
user_061,2024-01-06,169,43,23,21,18,4.6,65.13,0,weekend,00:13,07:12,35-44,on_site,1,1,4,83.82
user_061,2024-01-07,228,46,21,19,24,3.2,69.03,0,weekend,23:18,07:17,35-44,on_site,1,1,3,55.73
user_061,2024-01-08,174,35,14,8,15,3.6,79.59,1,workday,22:54,07:27,35-44,on_site,1,1,2,34.01
user_061,2024-01-09,253,46,30,23,13,4.04,52.25,0,workday,23:17,06:58,35-44,on_site,1,1,2,27.53
user_061,2024-01-10,239,22,9,10,9,4.35,84.17,0,workday,23:06,07:04,35-44,on_site,1,1,2,48.0
user_061,2024-01-11,216,41,24,19,23,5.11,67.19,0,workday,23:20,07:18,35-44,on_site,1,1,2,45.39
user_061,2024-01-12,140,51,32,28,26,4.0,71.42,1,workday,22:23,06:49,35-44,on_site,1,1,2,36.12
user_061,2024-01-13,161,3,3,4,2,2.18,65.26,0,weekend,22:55,08:07,35-44,on_site,1,1,3,62.06
user_061,2024-01-14,281,50,30,25,24,6.7,62.26,0,weekend,23:40,08:05,35-44,on_site,1,1,2,35.71
user_061,2024-01-15,176,36,5,22,14,4.71,75.16,0,workday,22:24,06:53,35-44,on_site,1,1,2,31.99
user_061,2024-01-16,202,39,23,35,24,6.24,52.17,1,workday,23:01,07:35,35-44,on_site,1,1,2,45.64
user_061,2024-01-17,217,20,5,1,11,2.64,48.1,1,workday,21:39,06:40,35-44,on_site,1,1,2,29.98
user_061,2024-01-18,260,40,10,45,7,4.25,71.39,0,workday,23:43,06:45,35-44,on_site,1,1,3,51.0
user_061,2024-01-19,212,22,8,7,19,6.32,80.34,0,workday,22:30,06:37,35-44,on_site,1,1,2,26.35
user_061,2024-01-20,210,47,20,35,26,5.46,41.0,0,weekend,23:04,08:00,35-44,on_site,1,1,2,34.49
user_061,2024-01-21,239,18,13,10,10,2.51,70.95,0,weekend,22:12,08:47,35-44,on_site,1,1,2,48.01
user_062,2024-01-01,187,39,15,30,17,5.33,49.59,0,workday,23:40,06:34,25-34,on_site,0,0,2,28.3
user_062,2024-01-02,228,42,18,32,18,5.89,42.41,1,workday,22:39,06:15,25-34,on_site,0,0,2,31.24
user_062,2024-01-03,169,50,23,32,21,4.6,40.56,1,workday,22:56,07:09,25-34,on_site,0,0,2,30.87
user_062,2024-01-04,257,55,48,42,17,6.38,61.57,0,workday,23:14,07:03,25-34,on_site,0,0,2,35.49
user_062,2024-01-05,199,32,19,27,7,5.57,78.03,1,workday,22:58,06:41,25-34,on_site,0,0,2,38.17
user_062,2024-01-06,235,47,19,37,11,4.98,46.02,0,weekend,23:13,07:18,25-34,on_site,0,0,2,48.34
user_062,2024-01-07,228,36,15,26,12,5.42,54.85,0,weekend,23:11,07:16,25-34,on_site,0,0,2,26.37
user_062,2024-01-08,177,40,6,18,16,6.0,63.8,1,workday,22:25,07:04,25-34,on_site,0,0,2,34.47
user_062,2024-01-09,172,49,24,26,30,4.6,48.09,1,workday,23:22,07:11,25-34,on_site,0,0,2,31.47
user_062,2024-01-10,236,37,8,18,13,4.96,26.1,0,workday,23:17,06:01,25-34,on_site,0,0,2,35.29
user_062,2024-01-11,236,19,7,30,9,6.49,66.07,0,workday,22:58,07:22,25-34,on_site,0,0,3,70.38
user_062,2024-01-12,220,24,15,23,13,5.36,59.72,0,workday,22:40,07:20,25-34,on_site,0,0,4,88.42
user_062,2024-01-13,176,28,15,21,15,1.85,48.34,0,weekend,23:17,07:32,25-34,on_site,0,0,3,52.71
user_062,2024-01-14,201,29,19,20,21,4.96,46.44,0,weekend,23:49,07:49,25-34,on_site,0,0,3,74.24
user_062,2024-01-15,174,37,24,24,18,5.39,48.7,0,workday,22:20,06:58,25-34,on_site,0,0,2,43.45
user_062,2024-01-16,245,49,27,33,22,5.37,51.28,0,workday,22:40,07:57,25-34,on_site,0,0,2,31.36
user_062,2024-01-17,215,32,15,22,17,2.93,53.47,0,workday,22:57,07:16,25-34,on_site,0,0,2,33.21
user_062,2024-01-18,205,34,10,7,12,4.45,53.34,1,workday,22:02,07:22,25-34,on_site,0,0,2,46.05
user_062,2024-01-19,220,60,49,36,24,4.74,32.8,0,workday,23:37,07:30,25-34,on_site,0,0,2,27.93
user_062,2024-01-20,160,35,10,34,18,2.52,50.47,1,weekend,23:07,08:04,25-34,on_site,0,0,2,39.16
user_062,2024-01-21,231,52,30,28,22,2.21,84.43,0,weekend,22:26,07:34,25-34,on_site,0,0,3,65.42
user_063,2024-01-01,238,56,21,40,11,3.36,69.07,1,workday,23:17,06:53,35-44,hybrid,0,0,1,21.47
user_063,2024-01-02,222,33,6,20,20,4.9,72.52,0,workday,21:54,06:21,35-44,hybrid,0,0,4,93.85
user_063,2024-01-03,224,33,19,20,11,6.49,32.51,0,workday,23:42,06:49,35-44,hybrid,0,0,2,45.54
user_063,2024-01-04,204,36,21,25,17,3.66,51.51,0,workday,23:39,07:04,35-44,hybrid,0,0,2,43.62
user_063,2024-01-05,212,28,16,18,11,3.76,57.29,1,workday,22:41,07:26,35-44,hybrid,0,0,2,43.23
user_063,2024-01-06,231,42,18,28,19,3.62,78.32,0,weekend,23:57,07:22,35-44,hybrid,0,0,2,31.75
user_063,2024-01-07,187,44,33,12,19,2.88,61.02,0,weekend,23:06,08:13,35-44,hybrid,0,0,4,95.15
user_063,2024-01-08,210,33,7,18,14,4.62,48.78,0,workday,22:25,07:18,35-44,hybrid,0,0,2,42.81
user_063,2024-01-09,152,26,9,8,19,2.19,76.71,1,workday,22:20,07:05,35-44,hybrid,0,0,3,67.54
user_063,2024-01-10,206,34,9,30,11,5.09,95.69,0,workday,23:46,06:58,35-44,hybrid,0,0,2,46.6
user_063,2024-01-11,224,40,24,32,15,3.33,78.39,0,workday,22:44,07:13,35-44,hybrid,0,0,4,95.5
user_063,2024-01-12,224,34,25,25,19,6.52,49.07,0,workday,22:40,06:30,35-44,hybrid,0,0,2,32.43
user_063,2024-01-13,249,42,4,31,15,3.83,59.97,0,weekend,00:30,07:53,35-44,hybrid,0,0,3,67.19
user_063,2024-01-14,282,31,17,35,20,4.79,73.07,0,weekend,22:37,07:19,35-44,hybrid,0,0,2,42.23
user_063,2024-01-15,185,60,33,27,20,7.12,38.43,0,workday,22:37,07:43,35-44,hybrid,0,0,2,34.81
user_063,2024-01-16,186,44,10,28,20,3.9,63.37,0,workday,22:44,07:43,35-44,hybrid,0,0,3,64.95
user_063,2024-01-17,237,53,23,44,15,4.2,50.32,0,workday,22:25,07:30,35-44,hybrid,0,0,2,42.34
user_063,2024-01-18,209,42,12,28,16,7.88,48.81,0,workday,23:41,07:25,35-44,hybrid,0,0,3,54.23
user_063,2024-01-19,212,41,18,29,24,3.85,54.97,1,workday,22:02,07:58,35-44,hybrid,0,0,2,41.07
user_063,2024-01-20,240,47,22,24,14,4.27,55.5,0,weekend,23:10,07:30,35-44,hybrid,0,0,2,31.61
user_063,2024-01-21,289,49,13,29,10,2.38,65.0,0,weekend,23:05,07:54,35-44,hybrid,0,0,2,36.03
user_064,2024-01-01,238,57,20,27,22,5.24,51.65,1,workday,23:12,07:23,35-44,remote,0,0,2,41.36
user_064,2024-01-02,172,38,14,16,14,4.12,55.18,1,workday,22:55,06:45,35-44,remote,0,0,2,46.74
user_064,2024-01-03,258,43,22,20,17,5.99,62.45,0,workday,22:59,07:08,35-44,remote,0,0,3,55.67
user_064,2024-01-04,209,35,29,33,24,6.11,61.19,0,workday,22:17,06:48,35-44,remote,0,0,2,43.78
user_064,2024-01-05,275,42,11,16,18,2.55,73.01,0,workday,23:10,07:18,35-44,remote,0,0,4,100.0
user_064,2024-01-06,225,53,7,28,21,4.5,61.29,0,weekend,00:00,07:42,35-44,remote,0,0,4,93.51
user_064,2024-01-07,290,49,24,24,17,4.55,54.37,0,weekend,23:10,08:06,35-44,remote,0,0,3,74.77
user_064,2024-01-08,195,57,21,23,25,5.63,59.24,0,workday,22:47,05:50,35-44,remote,0,0,3,64.56
user_064,2024-01-09,183,26,11,9,7,3.27,69.07,1,workday,22:55,06:33,35-44,remote,0,0,2,46.34
user_064,2024-01-10,256,37,19,20,19,5.61,71.81,1,workday,23:28,07:19,35-44,remote,0,0,3,62.99
user_064,2024-01-11,199,44,18,26,15,4.88,43.77,1,workday,22:42,06:57,35-44,remote,0,0,3,67.09
user_064,2024-01-12,229,39,30,24,14,3.81,53.9,0,workday,23:01,07:07,35-44,remote,0,0,2,47.54
user_064,2024-01-13,192,36,25,24,17,4.8,48.05,0,weekend,23:23,06:53,35-44,remote,0,0,4,80.52
user_064,2024-01-14,277,27,7,13,11,2.24,48.73,0,weekend,22:57,06:48,35-44,remote,0,0,4,80.83
user_064,2024-01-15,204,51,26,30,16,4.82,52.08,0,workday,22:39,06:57,35-44,remote,0,0,3,75.0
user_064,2024-01-16,201,46,7,40,18,3.69,65.15,0,workday,23:17,07:00,35-44,remote,0,0,4,79.59
user_064,2024-01-17,215,59,20,30,20,1.61,69.9,0,workday,22:57,07:17,35-44,remote,0,0,3,59.72
user_064,2024-01-18,285,49,26,44,22,5.23,63.81,0,workday,22:51,07:32,35-44,remote,0,0,3,70.37
user_064,2024-01-19,239,52,40,36,14,5.43,44.6,0,workday,22:57,07:13,35-44,remote,0,0,2,41.01
user_064,2024-01-20,249,34,9,20,15,0.85,77.56,0,weekend,22:28,07:33,35-44,remote,0,0,4,100.0
user_064,2024-01-21,197,49,30,24,18,3.83,80.03,0,weekend,23:16,07:33,35-44,remote,0,0,2,42.46
user_065,2024-01-01,200,36,19,23,24,5.16,37.23,0,workday,23:02,06:49,35-44,hybrid,1,0,3,73.14
user_065,2024-01-02,172,37,10,28,22,4.94,46.48,0,workday,22:14,07:55,35-44,hybrid,1,0,3,62.13
user_065,2024-01-03,266,48,34,30,25,5.15,57.02,1,workday,22:46,06:38,35-44,hybrid,1,0,2,50.0
user_065,2024-01-04,191,32,11,20,16,3.02,68.27,0,workday,22:43,07:01,35-44,hybrid,1,0,4,83.02
user_065,2024-01-05,208,18,11,25,15,3.75,63.46,0,workday,22:33,07:45,35-44,hybrid,1,0,4,96.16
user_065,2024-01-06,219,39,26,33,15,4.07,61.75,0,weekend,23:16,06:54,35-44,hybrid,1,0,4,95.31
user_065,2024-01-07,167,30,11,19,3,2.49,56.42,0,weekend,23:32,07:12,35-44,hybrid,1,0,4,84.98
user_065,2024-01-08,240,36,18,23,19,5.69,51.71,0,workday,22:32,07:12,35-44,hybrid,1,0,3,67.33
user_065,2024-01-09,196,42,19,35,22,4.16,62.27,0,workday,00:17,07:04,35-44,hybrid,1,0,3,72.94
user_065,2024-01-10,192,47,28,27,23,4.96,66.41,0,workday,22:36,06:52,35-44,hybrid,1,0,4,89.44
user_065,2024-01-11,217,36,22,15,18,4.91,62.84,0,workday,22:58,06:17,35-44,hybrid,1,0,3,66.8
user_065,2024-01-12,158,42,15,16,22,6.75,44.14,0,workday,23:42,06:26,35-44,hybrid,1,0,3,52.79
user_065,2024-01-13,205,40,10,32,13,4.01,57.43,0,weekend,23:02,07:24,35-44,hybrid,1,0,2,41.63
user_065,2024-01-14,229,34,31,18,20,3.09,67.94,0,weekend,23:41,08:31,35-44,hybrid,1,0,4,76.01
user_065,2024-01-15,221,60,30,29,21,4.64,75.84,0,workday,00:07,07:02,35-44,hybrid,1,0,2,33.85
user_065,2024-01-16,255,51,25,27,14,3.54,65.63,0,workday,23:44,06:49,35-44,hybrid,1,0,4,94.78
user_065,2024-01-17,185,27,13,18,10,2.35,59.5,0,workday,23:10,07:48,35-44,hybrid,1,0,4,94.57
user_065,2024-01-18,246,23,15,9,14,5.53,51.33,0,workday,22:56,07:19,35-44,hybrid,1,0,4,76.87
user_065,2024-01-19,210,33,17,19,14,5.12,48.34,0,workday,21:58,07:17,35-44,hybrid,1,0,2,40.01
user_065,2024-01-20,237,39,10,18,13,2.28,62.53,0,weekend,23:26,07:36,35-44,hybrid,1,0,4,82.87
user_065,2024-01-21,245,30,17,31,20,5.4,48.99,0,weekend,22:29,07:13,35-44,hybrid,1,0,3,70.64
user_066,2024-01-01,180,55,18,40,16,6.14,45.78,1,workday,22:04,06:57,35-44,hybrid,0,0,2,38.82
user_066,2024-01-02,192,53,29,33,21,6.12,47.28,0,workday,23:31,07:12,35-44,hybrid,0,0,2,26.83
user_066,2024-01-03,248,53,17,30,24,6.89,57.19,1,workday,22:49,07:17,35-44,hybrid,0,0,2,30.68
user_066,2024-01-04,191,47,16,33,21,3.97,75.48,0,workday,23:56,06:39,35-44,hybrid,0,0,2,29.47
user_066,2024-01-05,220,30,10,20,13,6.37,59.06,0,workday,23:07,07:32,35-44,hybrid,0,0,2,33.95
user_066,2024-01-06,192,32,12,18,16,3.95,60.6,1,weekend,23:36,07:34,35-44,hybrid,0,0,2,37.03
user_066,2024-01-07,221,33,27,16,15,4.35,72.77,0,weekend,23:11,07:40,35-44,hybrid,0,0,3,61.9
user_066,2024-01-08,218,39,5,18,17,2.9,75.14,1,workday,23:06,06:32,35-44,hybrid,0,0,2,28.35
user_066,2024-01-09,178,34,13,10,13,5.86,60.13,1,workday,22:24,07:05,35-44,hybrid,0,0,2,33.96
user_066,2024-01-10,208,43,12,35,13,2.32,71.22,1,workday,22:22,07:30,35-44,hybrid,0,0,2,34.25
user_066,2024-01-11,126,57,23,27,22,6.14,44.45,0,workday,23:05,07:41,35-44,hybrid,0,0,2,42.01
user_066,2024-01-12,225,41,21,41,11,4.63,49.98,0,workday,23:53,06:27,35-44,hybrid,0,0,2,45.22
user_066,2024-01-13,217,41,17,24,13,5.82,56.29,0,weekend,23:26,07:53,35-44,hybrid,0,0,2,48.43
user_066,2024-01-14,228,40,15,19,15,4.39,48.36,1,weekend,23:08,07:04,35-44,hybrid,0,0,2,38.74
user_066,2024-01-15,203,13,11,5,5,3.49,68.61,0,workday,22:52,07:02,35-44,hybrid,0,0,2,43.19
user_066,2024-01-16,260,50,18,35,20,7.13,36.76,0,workday,21:20,06:58,35-44,hybrid,0,0,2,29.08
user_066,2024-01-17,193,40,14,26,15,4.78,64.34,1,workday,22:43,07:16,35-44,hybrid,0,0,2,34.25
user_066,2024-01-18,198,37,31,22,15,3.73,46.44,1,workday,23:52,06:48,35-44,hybrid,0,0,2,33.71
user_066,2024-01-19,156,23,9,15,19,0.95,87.1,0,workday,00:11,07:35,35-44,hybrid,0,0,4,79.9
user_066,2024-01-20,141,15,7,11,7,2.34,77.58,0,weekend,22:12,07:28,35-44,hybrid,0,0,2,34.48
user_066,2024-01-21,191,41,20,22,16,3.5,74.53,1,weekend,22:36,07:44,35-44,hybrid,0,0,2,39.8
user_067,2024-01-01,196,34,18,24,17,5.58,64.18,0,workday,22:57,06:09,35-44,remote,0,0,4,78.8
user_067,2024-01-02,168,14,2,10,17,5.19,57.79,0,workday,23:47,07:53,35-44,remote,0,0,4,96.19
user_067,2024-01-03,257,39,14,26,22,5.61,59.03,0,workday,22:58,07:11,35-44,remote,0,0,2,37.81
user_067,2024-01-04,290,44,23,31,18,6.64,41.7,1,workday,22:20,06:24,35-44,remote,0,0,2,30.63
user_067,2024-01-05,225,40,29,25,23,5.78,62.87,1,workday,23:01,06:45,35-44,remote,0,0,3,51.0
user_067,2024-01-06,260,34,31,22,13,2.87,71.93,0,weekend,23:19,07:59,35-44,remote,0,0,2,41.57
user_067,2024-01-07,187,32,16,24,20,3.84,49.46,0,weekend,23:38,07:39,35-44,remote,0,0,3,64.13
user_067,2024-01-08,194,43,28,20,20,6.9,58.98,1,workday,22:44,07:38,35-44,remote,0,0,2,35.13
user_067,2024-01-09,224,47,15,41,22,4.81,55.86,0,workday,23:18,07:42,35-44,remote,0,0,3,74.01
user_067,2024-01-10,210,20,10,13,12,3.26,70.86,0,workday,22:51,07:14,35-44,remote,0,0,2,44.6
user_067,2024-01-11,224,39,14,24,16,3.8,61.37,0,workday,22:39,07:08,35-44,remote,0,0,3,66.63
user_067,2024-01-12,231,60,33,34,27,7.24,61.62,1,workday,22:56,06:34,35-44,remote,0,0,3,55.26
user_067,2024-01-13,222,25,2,21,9,2.04,73.51,0,weekend,23:07,07:35,35-44,remote,0,0,4,78.58
user_067,2024-01-14,186,40,18,27,19,2.18,60.74,0,weekend,00:00,06:56,35-44,remote,0,0,2,50.0
user_067,2024-01-15,206,27,13,23,8,4.57,53.82,0,workday,21:53,07:38,35-44,remote,0,0,4,88.05
user_067,2024-01-16,210,39,18,19,17,4.91,48.36,0,workday,23:01,07:23,35-44,remote,0,0,3,58.2
user_067,2024-01-17,179,37,28,28,12,5.81,60.58,0,workday,22:00,07:17,35-44,remote,0,0,2,38.49
user_067,2024-01-18,233,37,14,20,20,5.13,69.78,1,workday,22:50,07:40,35-44,remote,0,0,2,47.51
user_067,2024-01-19,232,52,24,47,14,3.27,92.69,0,workday,23:08,07:14,35-44,remote,0,0,3,66.14
user_067,2024-01-20,231,40,6,18,21,3.87,67.87,0,weekend,23:42,07:04,35-44,remote,0,0,4,91.98
user_067,2024-01-21,263,33,28,24,18,5.44,61.94,0,weekend,22:45,07:56,35-44,remote,0,0,2,47.78
user_068,2024-01-01,254,60,32,38,17,4.97,79.68,1,workday,23:02,07:04,25-34,remote,1,0,2,32.84
user_068,2024-01-02,207,52,13,34,20,7.22,58.11,0,workday,23:35,06:53,25-34,remote,1,0,2,26.0
user_068,2024-01-03,225,45,15,20,17,2.67,59.26,0,workday,23:48,06:57,25-34,remote,1,0,2,36.73
user_068,2024-01-04,232,57,35,37,21,6.7,48.02,1,workday,23:33,07:42,25-34,remote,1,0,2,29.2
user_068,2024-01-05,242,45,20,29,26,5.19,68.76,0,workday,22:53,06:13,25-34,remote,1,0,2,44.0
user_068,2024-01-06,250,55,21,26,14,6.49,51.47,0,weekend,00:01,08:35,25-34,remote,1,0,2,45.73
user_068,2024-01-07,254,39,5,29,15,5.09,58.72,0,weekend,23:54,07:55,25-34,remote,1,0,2,37.47
user_068,2024-01-08,235,49,11,33,28,7.05,56.82,0,workday,22:55,06:55,25-34,remote,1,0,3,67.55
user_068,2024-01-09,300,46,24,19,18,6.79,52.65,0,workday,22:29,07:08,25-34,remote,1,0,2,42.77
user_068,2024-01-10,238,35,13,26,14,3.07,65.47,0,workday,23:05,08:06,25-34,remote,1,0,2,46.41
user_068,2024-01-11,209,46,26,23,13,4.77,46.11,0,workday,23:56,06:06,25-34,remote,1,0,2,40.06
user_068,2024-01-12,260,50,38,37,11,5.44,52.81,0,workday,22:37,06:51,25-34,remote,1,0,2,39.95
user_068,2024-01-13,230,60,40,26,19,4.63,70.85,0,weekend,23:20,08:12,25-34,remote,1,0,2,38.68
user_068,2024-01-14,232,49,15,26,28,3.85,53.83,0,weekend,23:33,07:18,25-34,remote,1,0,2,37.72
user_068,2024-01-15,222,54,28,39,20,6.15,50.44,1,workday,23:18,07:23,25-34,remote,1,0,2,32.14
user_068,2024-01-16,255,50,34,33,24,6.42,47.75,0,workday,23:36,06:33,25-34,remote,1,0,2,33.15
user_068,2024-01-17,242,59,28,39,15,4.09,64.76,0,workday,22:54,06:41,25-34,remote,1,0,2,41.88
user_068,2024-01-18,220,48,18,14,22,5.17,57.24,0,workday,22:54,07:10,25-34,remote,1,0,3,62.38
user_068,2024-01-19,250,51,9,26,21,7.95,32.39,0,workday,22:47,07:02,25-34,remote,1,0,3,60.9
user_068,2024-01-20,256,44,8,32,11,2.47,70.11,0,weekend,23:55,07:33,25-34,remote,1,0,2,48.58
user_068,2024-01-21,278,48,34,24,14,6.23,49.91,0,weekend,23:09,07:08,25-34,remote,1,0,2,35.65
user_069,2024-01-01,232,54,46,23,23,6.23,44.76,0,workday,23:39,06:32,18-24,hybrid,1,0,2,37.15
user_069,2024-01-02,219,44,6,31,21,5.79,31.04,0,workday,22:24,06:49,18-24,hybrid,1,0,2,30.3
user_069,2024-01-03,215,55,13,41,20,7.35,44.03,1,workday,23:08,07:32,18-24,hybrid,1,0,2,27.79
user_069,2024-01-04,183,37,22,33,12,5.8,50.03,0,workday,22:45,07:52,18-24,hybrid,1,0,2,32.25
user_069,2024-01-05,153,41,17,16,22,2.23,69.63,0,workday,23:07,06:31,18-24,hybrid,1,0,2,44.12
user_069,2024-01-06,188,31,9,23,18,3.4,78.56,0,weekend,23:10,07:48,18-24,hybrid,1,0,2,45.11
user_069,2024-01-07,215,50,9,23,22,4.64,68.59,0,weekend,23:06,08:33,18-24,hybrid,1,0,2,42.84
user_069,2024-01-08,204,26,19,27,14,4.82,74.82,0,workday,22:43,06:59,18-24,hybrid,1,0,3,56.01
user_069,2024-01-09,233,47,38,21,28,4.37,68.45,1,workday,23:26,07:00,18-24,hybrid,1,0,2,34.42
user_069,2024-01-10,153,42,23,34,16,2.92,56.91,1,workday,22:12,06:26,18-24,hybrid,1,0,3,51.0
user_069,2024-01-11,275,52,14,22,11,5.88,74.72,0,workday,21:43,06:51,18-24,hybrid,1,0,3,51.76
user_069,2024-01-12,178,37,16,25,18,3.84,56.36,0,workday,22:58,06:52,18-24,hybrid,1,0,2,45.88
user_069,2024-01-13,207,35,10,25,21,5.04,52.4,1,weekend,22:46,08:31,18-24,hybrid,1,0,2,45.2
user_069,2024-01-14,218,31,14,20,19,4.51,75.43,0,weekend,00:21,08:03,18-24,hybrid,1,0,3,52.94
user_069,2024-01-15,165,38,15,36,20,4.71,52.53,1,workday,22:36,07:22,18-24,hybrid,1,0,2,31.06
user_069,2024-01-16,134,24,1,27,5,4.1,64.74,0,workday,22:33,07:23,18-24,hybrid,1,0,3,61.05
user_069,2024-01-17,233,55,31,46,21,6.9,46.85,1,workday,22:46,07:11,18-24,hybrid,1,0,1,5.11
user_069,2024-01-18,215,60,41,33,21,4.78,58.79,1,workday,22:27,06:54,18-24,hybrid,1,0,2,34.65
user_069,2024-01-19,215,40,25,34,19,5.55,33.98,1,workday,22:31,06:27,18-24,hybrid,1,0,2,32.19
user_069,2024-01-20,225,38,10,30,12,3.4,44.94,0,weekend,00:17,07:13,18-24,hybrid,1,0,2,35.84
user_069,2024-01-21,230,37,20,28,15,2.0,65.26,0,weekend,23:49,07:45,18-24,hybrid,1,0,4,84.3
user_070,2024-01-01,235,23,9,24,18,2.85,59.03,0,workday,21:37,06:09,25-34,remote,1,1,3,66.72
user_070,2024-01-02,230,60,36,41,18,8.23,40.07,1,workday,23:41,07:02,25-34,remote,1,1,2,41.4
user_070,2024-01-03,276,60,23,43,22,7.73,20.25,0,workday,23:10,06:36,25-34,remote,1,1,2,28.15
user_070,2024-01-04,267,53,36,48,25,9.69,44.17,1,workday,23:10,06:34,25-34,remote,1,1,2,31.96
user_070,2024-01-05,300,49,14,28,19,4.53,47.89,0,workday,22:28,06:49,25-34,remote,1,1,2,39.42
user_070,2024-01-06,268,60,20,29,26,2.72,89.48,0,weekend,22:35,07:39,25-34,remote,1,1,4,83.8
user_070,2024-01-07,243,42,14,44,21,4.58,55.09,0,weekend,23:32,07:32,25-34,remote,1,1,2,33.68
user_070,2024-01-08,238,41,10,31,19,5.51,46.89,1,workday,22:37,07:00,25-34,remote,1,1,3,59.46
user_070,2024-01-09,231,48,28,42,14,5.99,64.39,0,workday,22:42,07:25,25-34,remote,1,1,2,47.58
user_070,2024-01-10,300,60,27,34,23,10.0,57.87,0,workday,23:31,07:30,25-34,remote,1,1,2,28.78
user_070,2024-01-11,232,47,28,24,30,7.16,44.83,0,workday,23:04,07:16,25-34,remote,1,1,2,34.52
user_070,2024-01-12,283,40,12,24,25,7.9,50.97,0,workday,22:23,06:34,25-34,remote,1,1,3,75.0
user_070,2024-01-13,242,30,13,18,17,2.49,81.4,0,weekend,23:10,08:01,25-34,remote,1,1,4,88.11
user_070,2024-01-14,184,49,27,32,14,2.8,62.64,0,weekend,23:45,08:09,25-34,remote,1,1,3,51.41
user_070,2024-01-15,247,41,9,41,17,7.36,61.42,1,workday,22:34,07:44,25-34,remote,1,1,2,29.68
user_070,2024-01-16,194,23,0,6,12,3.42,87.63,1,workday,23:12,07:10,25-34,remote,1,1,2,39.25
user_070,2024-01-17,194,27,4,18,16,0.55,71.56,0,workday,23:17,06:44,25-34,remote,1,1,3,72.17
user_070,2024-01-18,274,55,24,34,28,8.45,51.01,1,workday,21:51,07:14,25-34,remote,1,1,1,21.63
user_070,2024-01-19,202,36,13,28,16,6.56,63.75,1,workday,23:00,06:49,25-34,remote,1,1,2,45.65
user_070,2024-01-20,156,13,9,6,1,5.54,56.13,0,weekend,23:32,07:30,25-34,remote,1,1,4,84.01
user_070,2024-01-21,229,40,15,19,12,3.09,65.25,0,weekend,23:16,07:41,25-34,remote,1,1,2,38.57
user_071,2024-01-01,180,24,8,12,14,2.63,31.05,0,workday,23:29,06:51,18-24,on_site,1,0,3,70.01
user_071,2024-01-02,213,34,15,21,16,2.15,43.86,0,workday,00:21,07:47,18-24,on_site,1,0,2,35.12
user_071,2024-01-03,184,41,1,27,13,4.77,70.46,1,workday,22:05,06:38,18-24,on_site,1,0,2,44.21
user_071,2024-01-04,203,50,14,29,26,6.79,62.33,0,workday,22:37,06:11,18-24,on_site,1,0,2,41.31
user_071,2024-01-05,155,25,7,23,6,3.56,76.67,0,workday,23:15,06:45,18-24,on_site,1,0,2,43.79
user_071,2024-01-06,208,38,19,26,15,5.29,65.86,0,weekend,23:09,07:14,18-24,on_site,1,0,4,96.54
user_071,2024-01-07,210,36,13,33,4,3.23,80.38,1,weekend,23:12,07:47,18-24,on_site,1,0,2,40.21
user_071,2024-01-08,202,53,11,42,22,5.56,85.96,1,workday,22:39,07:23,18-24,on_site,1,0,3,60.69
user_071,2024-01-09,197,27,10,39,13,2.55,58.1,1,workday,22:22,07:35,18-24,on_site,1,0,2,39.88
user_071,2024-01-10,154,26,20,21,16,4.97,68.72,1,workday,22:19,06:48,18-24,on_site,1,0,3,71.2
user_071,2024-01-11,190,40,7,24,20,4.13,44.59,1,workday,22:37,07:10,18-24,on_site,1,0,3,62.86
user_071,2024-01-12,207,39,9,21,15,4.83,59.8,0,workday,23:00,06:46,18-24,on_site,1,0,2,45.75
user_071,2024-01-13,165,47,25,24,18,3.27,68.79,0,weekend,23:51,07:02,18-24,on_site,1,0,2,48.45
user_071,2024-01-14,300,47,14,28,22,6.62,69.58,0,weekend,22:03,07:41,18-24,on_site,1,0,2,38.84
user_071,2024-01-15,209,45,17,40,19,6.03,39.11,0,workday,22:53,06:42,18-24,on_site,1,0,2,39.43
user_071,2024-01-16,176,33,20,25,21,7.11,49.31,0,workday,22:02,06:30,18-24,on_site,1,0,2,42.84
user_071,2024-01-17,252,38,13,21,22,5.57,64.76,0,workday,23:26,08:02,18-24,on_site,1,0,3,59.69
user_071,2024-01-18,203,51,35,39,22,6.87,69.51,1,workday,22:30,06:36,18-24,on_site,1,0,2,48.02
user_071,2024-01-19,129,33,23,22,14,3.19,80.49,0,workday,23:04,07:44,18-24,on_site,1,0,4,81.92
user_071,2024-01-20,222,39,10,27,11,6.15,57.58,1,weekend,23:08,07:28,18-24,on_site,1,0,3,64.13
user_071,2024-01-21,216,48,18,27,23,3.49,62.11,0,weekend,23:56,07:40,18-24,on_site,1,0,2,47.95
user_072,2024-01-01,228,46,24,31,24,6.76,72.57,0,workday,23:18,07:30,25-34,remote,0,0,2,48.77
user_072,2024-01-02,218,37,30,12,11,1.57,68.12,0,workday,22:16,06:45,25-34,remote,0,0,3,52.43
user_072,2024-01-03,240,32,15,29,19,5.45,53.82,1,workday,23:01,07:31,25-34,remote,0,0,2,40.7
user_072,2024-01-04,209,39,11,16,16,2.33,60.93,0,workday,22:49,07:46,25-34,remote,0,0,2,43.95
user_072,2024-01-05,242,31,9,23,12,4.86,61.78,1,workday,22:54,06:31,25-34,remote,0,0,2,31.8
user_072,2024-01-06,207,30,13,16,15,4.85,54.55,0,weekend,00:23,07:10,25-34,remote,0,0,2,50.0
user_072,2024-01-07,267,49,14,32,22,2.9,71.92,0,weekend,23:59,08:06,25-34,remote,0,0,2,38.33
user_072,2024-01-08,243,49,41,19,25,8.37,66.74,0,workday,22:50,07:14,25-34,remote,0,0,2,26.0
user_072,2024-01-09,181,41,24,31,19,4.98,60.26,0,workday,23:05,07:17,25-34,remote,0,0,2,48.93
user_072,2024-01-10,247,43,26,34,17,3.31,56.98,0,workday,22:50,07:29,25-34,remote,0,0,2,41.05
user_072,2024-01-11,282,33,14,34,16,5.66,61.73,0,workday,23:06,06:52,25-34,remote,0,0,2,48.94
user_072,2024-01-12,168,40,17,27,23,5.17,53.51,0,workday,22:09,06:51,25-34,remote,0,0,2,46.54
user_072,2024-01-13,217,49,23,20,27,6.87,47.21,0,weekend,23:46,07:23,25-34,remote,0,0,2,43.33
user_072,2024-01-14,214,37,11,24,14,7.27,52.53,0,weekend,22:26,07:46,25-34,remote,0,0,2,35.67
user_072,2024-01-15,217,43,10,27,14,5.29,56.42,1,workday,23:03,07:20,25-34,remote,0,0,2,37.89
user_072,2024-01-16,184,44,24,31,26,7.74,49.18,0,workday,23:20,06:10,25-34,remote,0,0,2,40.59
user_072,2024-01-17,248,42,27,32,21,5.83,40.24,0,workday,23:34,07:18,25-34,remote,0,0,2,38.26
user_072,2024-01-18,233,58,33,41,19,5.15,42.74,0,workday,22:42,07:51,25-34,remote,0,0,2,32.93
user_072,2024-01-19,238,46,11,38,26,4.12,42.06,0,workday,22:45,06:35,25-34,remote,0,0,3,74.28
user_072,2024-01-20,220,18,7,20,13,2.46,51.43,0,weekend,23:43,07:55,25-34,remote,0,0,2,46.44
user_072,2024-01-21,231,37,8,18,18,1.31,60.07,0,weekend,22:45,08:01,25-34,remote,0,0,3,74.62
user_073,2024-01-01,277,30,17,23,25,5.97,35.66,0,workday,22:15,06:51,45-54,remote,1,0,4,92.2
user_073,2024-01-02,245,52,36,47,18,4.08,74.63,0,workday,22:09,07:04,45-54,remote,1,0,3,60.99
user_073,2024-01-03,273,47,14,25,26,6.08,73.44,0,workday,22:36,06:30,45-54,remote,1,0,3,64.0
user_073,2024-01-04,256,45,32,37,25,6.99,52.59,0,workday,23:11,06:48,45-54,remote,1,0,2,46.12
user_073,2024-01-05,238,31,22,19,24,4.82,61.34,0,workday,21:41,07:13,45-54,remote,1,0,2,36.83
user_073,2024-01-06,244,29,15,14,22,2.67,64.5,0,weekend,22:17,07:43,45-54,remote,1,0,4,96.63
user_073,2024-01-07,212,48,25,25,17,5.27,72.12,1,weekend,00:29,07:24,45-54,remote,1,0,4,83.37
user_073,2024-01-08,256,52,10,16,13,3.35,69.11,0,workday,00:12,06:03,45-54,remote,1,0,3,53.27
user_073,2024-01-09,245,41,29,32,13,5.14,58.42,0,workday,22:48,07:23,45-54,remote,1,0,2,48.78
user_073,2024-01-10,247,44,32,31,17,5.3,62.63,1,workday,23:41,06:58,45-54,remote,1,0,2,50.0
user_073,2024-01-11,278,55,41,43,11,4.67,61.06,1,workday,23:14,07:25,45-54,remote,1,0,2,30.6
user_073,2024-01-12,131,35,18,30,13,4.62,52.5,0,workday,22:32,07:00,45-54,remote,1,0,4,79.62
user_073,2024-01-13,179,36,21,17,20,5.35,48.73,0,weekend,23:08,07:54,45-54,remote,1,0,2,34.88
user_073,2024-01-14,227,49,21,29,17,4.29,73.06,1,weekend,22:50,06:46,45-54,remote,1,0,2,48.58
user_073,2024-01-15,228,60,21,25,25,3.81,46.16,0,workday,23:30,06:49,45-54,remote,1,0,2,50.0
user_073,2024-01-16,210,35,24,34,19,4.16,71.17,0,workday,23:23,07:06,45-54,remote,1,0,4,88.1
user_073,2024-01-17,216,49,21,21,16,7.29,48.36,1,workday,22:41,07:07,45-54,remote,1,0,2,37.71
user_073,2024-01-18,167,26,11,18,15,5.59,66.88,1,workday,23:00,06:57,45-54,remote,1,0,4,86.6
user_073,2024-01-19,264,55,33,36,18,7.71,45.74,1,workday,23:11,07:02,45-54,remote,1,0,2,31.11
user_073,2024-01-20,231,35,24,32,15,3.66,64.67,0,weekend,23:36,08:32,45-54,remote,1,0,4,95.6
user_073,2024-01-21,223,40,9,16,19,2.24,65.64,0,weekend,23:51,07:20,45-54,remote,1,0,2,47.47
user_074,2024-01-01,138,36,8,26,13,4.29,62.31,0,workday,23:30,07:55,25-34,on_site,0,0,3,51.0
user_074,2024-01-02,208,52,14,26,23,8.02,30.69,0,workday,22:45,06:25,25-34,on_site,0,0,2,26.02
user_074,2024-01-03,181,52,30,31,12,3.72,66.03,0,workday,22:42,06:29,25-34,on_site,0,0,2,36.96
user_074,2024-01-04,178,37,11,24,18,5.29,63.02,0,workday,22:27,07:21,25-34,on_site,0,0,2,43.93
user_074,2024-01-05,142,33,26,5,14,3.84,50.28,0,workday,23:28,06:36,25-34,on_site,0,0,2,42.28
user_074,2024-01-06,250,40,23,35,18,3.83,49.76,0,weekend,23:29,08:05,25-34,on_site,0,0,1,22.34
user_074,2024-01-07,222,33,15,20,11,2.68,91.58,0,weekend,23:52,06:48,25-34,on_site,0,0,2,44.27
user_074,2024-01-08,143,41,14,22,15,3.06,53.2,1,workday,22:50,06:52,25-34,on_site,0,0,2,34.87
user_074,2024-01-09,272,60,45,35,16,7.93,47.89,1,workday,22:52,06:54,25-34,on_site,0,0,1,1.74
user_074,2024-01-10,186,60,10,41,26,5.79,58.67,0,workday,23:09,06:41,25-34,on_site,0,0,2,30.85
user_074,2024-01-11,165,43,18,16,15,4.87,67.87,0,workday,22:38,07:04,25-34,on_site,0,0,3,55.2
user_074,2024-01-12,217,48,19,34,21,6.05,52.18,0,workday,22:29,06:47,25-34,on_site,0,0,2,30.5
user_074,2024-01-13,221,43,18,31,21,5.93,47.64,1,weekend,23:04,09:00,25-34,on_site,0,0,2,29.01
user_074,2024-01-14,214,23,11,29,14,5.22,57.7,1,weekend,22:39,07:31,25-34,on_site,0,0,1,23.87
user_074,2024-01-15,200,36,13,24,21,5.49,58.55,0,workday,23:39,06:41,25-34,on_site,0,0,2,46.44
user_074,2024-01-16,202,52,25,29,18,3.24,84.28,1,workday,23:10,06:56,25-34,on_site,0,0,2,28.55
user_074,2024-01-17,153,25,6,22,10,1.96,51.31,0,workday,23:43,05:59,25-34,on_site,0,0,2,38.65
user_074,2024-01-18,282,55,7,28,16,5.3,61.14,0,workday,23:28,06:03,25-34,on_site,0,0,2,44.8
user_074,2024-01-19,221,39,13,25,24,6.72,38.14,1,workday,22:39,07:09,25-34,on_site,0,0,2,27.6
user_074,2024-01-20,191,45,13,44,15,4.37,63.9,0,weekend,23:43,07:54,25-34,on_site,0,0,2,38.98
user_074,2024-01-21,207,32,9,30,24,5.31,79.99,0,weekend,00:17,08:06,25-34,on_site,0,0,4,86.48
user_075,2024-01-01,215,46,32,33,23,5.76,65.84,0,workday,22:28,06:41,18-24,remote,1,0,2,50.0
user_075,2024-01-02,227,33,10,22,16,6.33,51.77,1,workday,22:37,06:27,18-24,remote,1,0,2,27.08
user_075,2024-01-03,200,40,7,24,14,3.12,57.69,0,workday,23:47,07:08,18-24,remote,1,0,2,49.63
user_075,2024-01-04,222,39,17,18,17,5.9,58.8,0,workday,23:16,07:23,18-24,remote,1,0,2,29.9
user_075,2024-01-05,244,26,7,31,11,5.6,63.02,0,workday,22:35,07:03,18-24,remote,1,0,3,66.61
user_075,2024-01-06,233,14,5,26,11,3.02,66.29,0,weekend,23:36,08:08,18-24,remote,1,0,4,81.21
user_075,2024-01-07,244,27,17,13,10,3.36,79.27,0,weekend,23:43,07:39,18-24,remote,1,0,3,57.43
user_075,2024-01-08,159,22,1,22,10,4.52,58.57,1,workday,23:28,07:48,18-24,remote,1,0,3,59.76
user_075,2024-01-09,202,46,36,36,25,5.61,49.16,0,workday,23:09,07:03,18-24,remote,1,0,3,59.27
user_075,2024-01-10,182,34,15,32,11,3.22,79.23,1,workday,00:08,07:54,18-24,remote,1,0,2,35.75
user_075,2024-01-11,266,60,19,40,25,4.98,63.91,1,workday,22:31,07:55,18-24,remote,1,0,2,38.72
user_075,2024-01-12,239,36,20,29,18,3.17,64.74,0,workday,22:06,07:02,18-24,remote,1,0,3,74.83
user_075,2024-01-13,215,41,26,37,14,5.66,55.42,0,weekend,22:47,07:11,18-24,remote,1,0,2,37.68
user_075,2024-01-14,233,46,18,27,15,3.49,69.35,0,weekend,23:12,07:35,18-24,remote,1,0,4,90.59
user_075,2024-01-15,272,49,44,22,21,8.34,40.22,1,workday,23:32,07:33,18-24,remote,1,0,2,26.15
user_075,2024-01-16,214,39,19,27,12,5.05,64.48,1,workday,23:27,06:35,18-24,remote,1,0,2,32.48
user_075,2024-01-17,235,20,8,16,10,3.59,78.01,0,workday,22:12,06:29,18-24,remote,1,0,4,84.48
user_075,2024-01-18,210,36,21,32,20,6.77,50.09,0,workday,23:10,07:03,18-24,remote,1,0,2,37.15
user_075,2024-01-19,272,46,24,21,12,7.18,46.41,1,workday,22:34,07:00,18-24,remote,1,0,2,42.94
user_075,2024-01-20,265,39,20,25,16,4.11,68.52,0,weekend,22:38,08:02,18-24,remote,1,0,4,90.78
user_075,2024-01-21,233,49,13,26,20,6.38,64.81,0,weekend,23:28,08:20,18-24,remote,1,0,2,29.85
user_076,2024-01-01,206,36,17,25,16,4.76,67.9,1,workday,23:32,07:29,25-34,remote,1,0,4,88.4
user_076,2024-01-02,175,35,16,31,17,5.33,65.35,0,workday,00:00,07:30,25-34,remote,1,0,3,55.71
user_076,2024-01-03,254,27,15,16,12,4.82,92.99,0,workday,22:01,08:06,25-34,remote,1,0,4,76.0
user_076,2024-01-04,206,27,8,22,17,3.27,80.24,0,workday,22:20,07:04,25-34,remote,1,0,4,92.31
user_076,2024-01-05,189,34,14,13,17,5.4,60.65,1,workday,23:31,07:34,25-34,remote,1,0,4,80.73
user_076,2024-01-06,271,33,19,22,11,2.67,69.67,0,weekend,23:20,08:08,25-34,remote,1,0,4,98.97
user_076,2024-01-07,287,60,27,33,18,4.2,45.92,0,weekend,00:24,08:12,25-34,remote,1,0,3,63.17
user_076,2024-01-08,197,32,13,33,12,0.69,69.67,0,workday,23:46,06:36,25-34,remote,1,0,4,100.0
user_076,2024-01-09,252,40,14,45,9,3.91,64.63,0,workday,22:44,07:51,25-34,remote,1,0,3,55.22
user_076,2024-01-10,201,39,13,27,21,5.16,60.15,1,workday,22:42,07:23,25-34,remote,1,0,2,39.78
user_076,2024-01-11,215,23,3,12,17,1.4,75.61,0,workday,22:27,07:19,25-34,remote,1,0,4,94.28
user_076,2024-01-12,194,42,33,14,25,4.46,66.8,1,workday,00:13,06:42,25-34,remote,1,0,3,62.26
user_076,2024-01-13,235,30,13,37,18,3.11,66.78,0,weekend,23:15,08:01,25-34,remote,1,0,2,46.55
user_076,2024-01-14,211,51,14,33,20,2.63,84.05,0,weekend,23:21,07:29,25-34,remote,1,0,4,81.43
user_076,2024-01-15,139,9,8,2,5,2.1,59.99,0,workday,23:18,07:12,25-34,remote,1,0,4,85.48
user_076,2024-01-16,233,36,22,13,16,4.13,50.04,0,workday,22:30,06:24,25-34,remote,1,0,4,94.95
user_076,2024-01-17,233,42,18,29,18,4.27,73.29,0,workday,23:51,07:25,25-34,remote,1,0,3,71.61
user_076,2024-01-18,151,41,13,17,24,3.09,82.09,0,workday,23:31,06:18,25-34,remote,1,0,4,96.61
user_076,2024-01-19,202,45,17,40,18,5.62,76.44,1,workday,23:26,07:21,25-34,remote,1,0,3,60.52
user_076,2024-01-20,222,39,16,27,15,4.12,59.0,0,weekend,23:23,07:57,25-34,remote,1,0,3,71.99
user_076,2024-01-21,244,24,12,18,17,1.65,65.54,0,weekend,22:36,07:37,25-34,remote,1,0,2,48.95
user_077,2024-01-01,154,22,8,20,6,5.23,77.01,1,workday,22:49,06:42,25-34,hybrid,1,1,2,35.12
user_077,2024-01-02,200,32,17,20,17,5.82,55.62,1,workday,23:23,07:31,25-34,hybrid,1,1,2,32.5
user_077,2024-01-03,266,40,26,15,15,6.4,53.53,1,workday,22:43,07:38,25-34,hybrid,1,1,2,42.53
user_077,2024-01-04,219,29,4,35,13,1.99,68.99,0,workday,22:24,07:31,25-34,hybrid,1,1,4,82.28
user_077,2024-01-05,238,56,26,21,20,5.66,62.2,1,workday,23:42,06:22,25-34,hybrid,1,1,2,29.11
user_077,2024-01-06,271,49,33,30,25,4.4,74.27,0,weekend,00:09,08:01,25-34,hybrid,1,1,2,48.41
user_077,2024-01-07,207,43,17,31,23,4.44,53.86,0,weekend,23:26,06:43,25-34,hybrid,1,1,4,76.22
user_077,2024-01-08,280,49,14,19,21,3.12,47.94,0,workday,23:31,07:02,25-34,hybrid,1,1,2,36.96
user_077,2024-01-09,241,53,35,34,22,6.45,51.83,0,workday,23:22,06:34,25-34,hybrid,1,1,2,48.46
user_077,2024-01-10,229,54,35,40,25,8.57,51.41,1,workday,22:30,07:02,25-34,hybrid,1,1,2,34.8
user_077,2024-01-11,202,30,8,8,22,7.71,68.3,1,workday,22:46,05:58,25-34,hybrid,1,1,2,37.35
user_077,2024-01-12,236,46,36,33,20,5.91,58.04,1,workday,23:02,07:11,25-34,hybrid,1,1,2,41.87
user_077,2024-01-13,204,51,13,28,10,9.47,73.23,0,weekend,23:29,07:29,25-34,hybrid,1,1,2,38.91
user_077,2024-01-14,259,60,36,41,21,4.85,59.12,0,weekend,23:01,08:20,25-34,hybrid,1,1,2,42.24
user_077,2024-01-15,264,42,6,21,23,7.28,41.06,0,workday,22:51,07:16,25-34,hybrid,1,1,3,54.17
user_077,2024-01-16,216,57,24,43,18,9.52,32.97,1,workday,22:21,07:06,25-34,hybrid,1,1,2,28.03
user_077,2024-01-17,213,60,14,33,25,7.25,47.8,1,workday,23:00,06:24,25-34,hybrid,1,1,2,37.8
user_077,2024-01-18,230,60,21,22,20,1.3,71.64,1,workday,23:33,07:17,25-34,hybrid,1,1,2,38.82
user_077,2024-01-19,259,58,18,33,25,6.22,50.65,0,workday,23:39,07:29,25-34,hybrid,1,1,3,69.26
user_077,2024-01-20,186,45,16,29,17,2.03,82.9,0,weekend,23:31,08:04,25-34,hybrid,1,1,4,82.06
user_077,2024-01-21,223,51,24,36,28,6.14,53.12,0,weekend,00:33,08:08,25-34,hybrid,1,1,2,47.53
user_078,2024-01-01,191,30,9,27,20,4.25,70.07,0,workday,23:47,07:38,35-44,on_site,1,0,4,93.62
user_078,2024-01-02,190,43,18,19,17,4.82,63.42,0,workday,22:24,07:12,35-44,on_site,1,0,3,64.25
user_078,2024-01-03,187,41,24,10,20,1.46,66.86,0,workday,23:41,08:01,35-44,on_site,1,0,4,94.16
user_078,2024-01-04,146,30,19,13,17,5.82,53.12,0,workday,23:43,07:32,35-44,on_site,1,0,3,60.63
user_078,2024-01-05,207,60,30,26,21,7.83,35.53,0,workday,23:02,07:22,35-44,on_site,1,0,3,64.03
user_078,2024-01-06,173,39,27,19,14,2.23,70.82,0,weekend,23:27,08:09,35-44,on_site,1,0,4,83.7
user_078,2024-01-07,201,45,28,22,18,5.79,41.66,0,weekend,23:53,07:56,35-44,on_site,1,0,4,77.25
user_078,2024-01-08,198,32,19,16,9,2.86,52.05,0,workday,22:54,07:35,35-44,on_site,1,0,2,43.18
user_078,2024-01-09,193,44,9,31,18,4.11,46.88,0,workday,22:51,06:40,35-44,on_site,1,0,4,84.41
user_078,2024-01-10,240,36,33,25,13,6.72,58.7,0,workday,23:50,07:43,35-44,on_site,1,0,3,68.4
user_078,2024-01-11,190,56,24,35,20,6.57,65.25,0,workday,23:51,07:02,35-44,on_site,1,0,4,97.45
user_078,2024-01-12,151,30,19,29,25,6.8,63.67,0,workday,22:59,06:49,35-44,on_site,1,0,4,91.31
user_078,2024-01-13,191,18,11,33,14,2.09,78.29,0,weekend,23:30,07:48,35-44,on_site,1,0,4,93.41
user_078,2024-01-14,188,19,11,10,16,4.39,60.79,0,weekend,23:11,07:27,35-44,on_site,1,0,2,44.27
user_078,2024-01-15,202,38,9,26,22,6.27,40.63,0,workday,22:59,07:18,35-44,on_site,1,0,2,49.35
user_078,2024-01-16,149,30,11,14,17,6.8,36.93,1,workday,22:33,07:34,35-44,on_site,1,0,2,32.65
user_078,2024-01-17,196,21,16,31,16,4.38,74.64,0,workday,23:06,07:11,35-44,on_site,1,0,3,68.23
user_078,2024-01-18,171,43,6,34,19,7.06,68.16,0,workday,22:27,07:01,35-44,on_site,1,0,4,87.55
user_078,2024-01-19,203,27,11,8,16,5.34,77.27,0,workday,23:25,06:39,35-44,on_site,1,0,4,93.89
user_078,2024-01-20,220,32,19,15,18,2.95,54.68,0,weekend,23:36,07:42,35-44,on_site,1,0,4,89.1
user_078,2024-01-21,183,49,29,33,19,3.34,64.3,0,weekend,23:24,08:06,35-44,on_site,1,0,4,85.77
user_079,2024-01-01,252,60,34,43,15,6.12,48.37,0,workday,22:37,07:54,35-44,remote,1,0,2,35.33
user_079,2024-01-02,220,36,13,27,13,6.16,64.16,0,workday,23:36,06:20,35-44,remote,1,0,4,93.1
user_079,2024-01-03,270,49,19,30,15,3.92,76.03,0,workday,22:58,06:51,35-44,remote,1,0,2,49.17
user_079,2024-01-04,186,42,5,33,23,2.63,81.22,0,workday,21:40,06:35,35-44,remote,1,0,4,84.63
user_079,2024-01-05,300,58,13,22,17,8.36,42.59,1,workday,22:53,07:09,35-44,remote,1,0,2,35.28
user_079,2024-01-06,229,57,25,43,17,7.95,43.33,0,weekend,22:01,08:05,35-44,remote,1,0,2,26.51
user_079,2024-01-07,265,46,25,22,12,4.91,74.25,0,weekend,21:41,07:33,35-44,remote,1,0,3,61.31
user_079,2024-01-08,166,25,12,24,14,0.71,71.84,0,workday,00:02,07:28,35-44,remote,1,0,2,41.73
user_079,2024-01-09,224,52,22,32,19,4.38,63.38,0,workday,23:48,06:49,35-44,remote,1,0,4,84.54
user_079,2024-01-10,295,49,15,27,24,5.41,38.8,0,workday,22:49,07:13,35-44,remote,1,0,4,91.66
user_079,2024-01-11,288,41,21,38,28,5.01,48.94,1,workday,22:38,06:37,35-44,remote,1,0,4,85.81
user_079,2024-01-12,297,47,13,32,26,5.21,70.92,0,workday,23:26,07:15,35-44,remote,1,0,2,46.39
user_079,2024-01-13,216,43,20,14,17,3.67,63.68,0,weekend,23:27,07:22,35-44,remote,1,0,2,26.0
user_079,2024-01-14,233,60,24,40,26,7.6,64.5,0,weekend,23:50,08:20,35-44,remote,1,0,2,47.75
user_079,2024-01-15,213,23,10,21,14,5.26,79.97,0,workday,23:15,07:15,35-44,remote,1,0,4,95.2
user_079,2024-01-16,241,53,27,16,18,6.35,66.24,1,workday,23:35,07:22,35-44,remote,1,0,2,31.7
user_079,2024-01-17,152,18,7,15,14,3.91,51.62,0,workday,23:03,07:34,35-44,remote,1,0,4,92.56
user_079,2024-01-18,197,40,23,18,24,4.35,54.77,0,workday,23:28,07:05,35-44,remote,1,0,2,33.32
user_079,2024-01-19,247,54,32,25,23,5.14,53.45,0,workday,23:02,06:37,35-44,remote,1,0,2,43.88
user_079,2024-01-20,253,52,47,16,16,4.88,45.12,0,weekend,23:56,06:35,35-44,remote,1,0,2,36.16
user_079,2024-01-21,266,38,29,16,21,5.25,51.55,0,weekend,23:29,07:31,35-44,remote,1,0,3,54.72
user_080,2024-01-01,260,52,40,29,18,7.06,58.38,0,workday,23:58,06:51,45-54,remote,1,0,2,28.14
user_080,2024-01-02,243,40,19,19,26,7.98,56.62,1,workday,23:03,07:16,45-54,remote,1,0,2,29.03
user_080,2024-01-03,231,42,31,16,23,4.21,54.98,0,workday,23:07,06:18,45-54,remote,1,0,3,53.85
user_080,2024-01-04,224,60,29,33,20,5.54,69.48,0,workday,21:42,07:05,45-54,remote,1,0,2,43.32
user_080,2024-01-05,283,41,8,18,24,4.47,64.63,0,workday,23:26,06:44,45-54,remote,1,0,3,73.22
user_080,2024-01-06,285,51,7,30,23,5.72,56.26,1,weekend,23:36,07:04,45-54,remote,1,0,2,46.33
user_080,2024-01-07,282,37,26,27,8,6.31,35.89,1,weekend,22:45,07:36,45-54,remote,1,0,2,34.72
user_080,2024-01-08,287,59,19,40,23,8.04,34.4,1,workday,22:25,07:16,45-54,remote,1,0,2,35.87
user_080,2024-01-09,232,52,11,32,21,4.75,64.9,0,workday,22:07,06:35,45-54,remote,1,0,4,81.03
user_080,2024-01-10,249,46,17,24,18,4.19,75.39,1,workday,22:54,06:23,45-54,remote,1,0,2,46.94
user_080,2024-01-11,258,53,22,21,21,5.95,32.92,0,workday,23:24,07:12,45-54,remote,1,0,2,36.26
user_080,2024-01-12,214,50,20,41,19,6.74,48.63,0,workday,23:12,07:15,45-54,remote,1,0,2,36.62
user_080,2024-01-13,232,29,8,21,18,3.61,64.17,0,weekend,23:41,08:23,45-54,remote,1,0,3,56.21
user_080,2024-01-14,231,47,16,26,14,6.63,63.36,0,weekend,23:18,08:18,45-54,remote,1,0,2,45.85
user_080,2024-01-15,223,47,17,31,15,4.35,56.82,0,workday,23:25,07:26,45-54,remote,1,0,2,39.72
user_080,2024-01-16,227,49,11,31,18,6.47,50.11,1,workday,22:06,07:07,45-54,remote,1,0,2,45.59
user_080,2024-01-17,267,54,10,35,17,4.89,55.61,1,workday,23:03,07:10,45-54,remote,1,0,2,34.54
user_080,2024-01-18,249,48,27,16,15,3.74,67.7,1,workday,22:58,07:25,45-54,remote,1,0,4,88.39
user_080,2024-01-19,180,19,5,9,7,6.1,72.83,1,workday,22:36,07:50,45-54,remote,1,0,2,40.59
user_080,2024-01-20,244,52,21,35,24,4.79,69.57,0,weekend,23:17,07:03,45-54,remote,1,0,2,33.07
user_080,2024-01-21,276,42,13,21,15,3.61,61.39,0,weekend,23:19,08:11,45-54,remote,1,0,3,59.68
user_081,2024-01-01,205,38,17,36,15,5.89,71.24,0,workday,23:14,07:17,35-44,hybrid,1,0,2,47.66
user_081,2024-01-02,202,40,6,43,15,4.6,56.66,1,workday,22:04,06:49,35-44,hybrid,1,0,3,73.23
user_081,2024-01-03,220,48,20,31,17,4.42,61.84,1,workday,22:56,06:40,35-44,hybrid,1,0,2,40.27
user_081,2024-01-04,223,25,13,24,12,4.38,72.67,1,workday,22:55,06:59,35-44,hybrid,1,0,3,70.51
user_081,2024-01-05,173,22,7,30,7,3.94,51.93,0,workday,22:14,06:58,35-44,hybrid,1,0,3,65.63
user_081,2024-01-06,209,55,0,28,16,4.99,62.67,0,weekend,23:24,08:05,35-44,hybrid,1,0,3,70.2
user_081,2024-01-07,231,50,32,35,14,3.15,65.91,0,weekend,23:37,07:54,35-44,hybrid,1,0,2,47.93
user_081,2024-01-08,167,45,27,31,21,7.29,43.26,1,workday,22:59,07:08,35-44,hybrid,1,0,1,9.63
user_081,2024-01-09,207,33,17,19,15,5.32,76.1,1,workday,22:26,06:54,35-44,hybrid,1,0,2,47.52
user_081,2024-01-10,168,27,7,28,12,4.57,75.83,1,workday,21:49,06:50,35-44,hybrid,1,0,2,35.37
user_081,2024-01-11,160,47,33,27,20,5.48,73.08,1,workday,22:17,07:13,35-44,hybrid,1,0,2,41.81
user_081,2024-01-12,178,26,10,16,15,2.42,71.84,0,workday,22:51,07:14,35-44,hybrid,1,0,3,62.02
user_081,2024-01-13,182,36,24,20,17,4.51,54.53,0,weekend,00:34,07:19,35-44,hybrid,1,0,3,56.29
user_081,2024-01-14,230,60,27,33,26,4.87,47.49,0,weekend,21:46,07:50,35-44,hybrid,1,0,2,34.22
user_081,2024-01-15,191,45,29,14,27,3.8,62.81,0,workday,22:39,06:06,35-44,hybrid,1,0,2,42.72
user_081,2024-01-16,190,33,13,16,8,4.06,39.88,0,workday,22:02,07:27,35-44,hybrid,1,0,2,42.04
user_081,2024-01-17,206,55,21,41,22,6.5,53.17,0,workday,22:54,07:29,35-44,hybrid,1,0,2,32.85
user_081,2024-01-18,161,43,43,29,19,2.31,60.15,0,workday,22:40,06:29,35-44,hybrid,1,0,2,39.69
user_081,2024-01-19,168,21,11,12,20,5.51,67.04,1,workday,22:07,07:59,35-44,hybrid,1,0,2,44.6
user_081,2024-01-20,235,33,12,18,13,4.27,65.54,0,weekend,23:38,07:25,35-44,hybrid,1,0,2,47.98
user_081,2024-01-21,190,40,10,24,24,4.38,60.82,0,weekend,23:23,08:01,35-44,hybrid,1,0,2,50.0
user_082,2024-01-01,212,54,11,16,13,4.22,57.53,0,workday,23:17,07:01,25-34,on_site,0,1,2,39.02
user_082,2024-01-02,300,53,15,45,30,7.35,54.76,0,workday,22:38,07:12,25-34,on_site,0,1,2,32.62
user_082,2024-01-03,251,35,24,39,24,6.86,82.24,0,workday,22:38,07:42,25-34,on_site,0,1,4,89.4
user_082,2024-01-04,199,30,19,13,12,3.04,56.56,0,workday,23:04,07:04,25-34,on_site,0,1,3,56.38
user_082,2024-01-05,184,41,6,22,19,4.36,56.35,1,workday,22:13,07:11,25-34,on_site,0,1,3,53.97
user_082,2024-01-06,168,36,25,26,10,2.96,44.43,0,weekend,23:52,07:35,25-34,on_site,0,1,4,82.71
user_082,2024-01-07,284,52,31,31,25,1.86,55.82,0,weekend,23:00,07:35,25-34,on_site,0,1,3,65.83
user_082,2024-01-08,131,22,9,17,5,2.27,64.75,0,workday,22:54,06:42,25-34,on_site,0,1,3,68.07
user_082,2024-01-09,133,30,10,33,18,3.11,72.18,0,workday,23:16,06:42,25-34,on_site,0,1,3,71.9
user_082,2024-01-10,213,60,19,27,18,7.47,67.51,0,workday,22:21,07:36,25-34,on_site,0,1,2,41.01
user_082,2024-01-11,125,50,7,32,26,5.15,45.04,0,workday,22:07,07:21,25-34,on_site,0,1,2,47.09
user_082,2024-01-12,220,34,5,28,17,7.46,38.08,0,workday,23:33,06:33,25-34,on_site,0,1,2,47.0
user_082,2024-01-13,151,26,21,30,7,1.52,77.42,0,weekend,23:38,06:55,25-34,on_site,0,1,2,47.17
user_082,2024-01-14,212,45,17,22,19,3.82,48.72,1,weekend,23:45,07:29,25-34,on_site,0,1,2,31.21
user_082,2024-01-15,153,33,13,11,13,4.66,68.22,0,workday,22:37,06:44,25-34,on_site,0,1,4,90.25
user_082,2024-01-16,221,60,37,50,20,5.51,48.6,0,workday,22:43,07:06,25-34,on_site,0,1,3,57.34
user_082,2024-01-17,235,41,14,35,15,5.24,46.44,0,workday,23:39,06:40,25-34,on_site,0,1,3,67.91
user_082,2024-01-18,143,43,16,16,16,8.38,35.73,0,workday,22:53,07:03,25-34,on_site,0,1,2,26.0
user_082,2024-01-19,214,45,21,22,23,7.31,66.29,0,workday,23:10,06:48,25-34,on_site,0,1,2,38.1
user_082,2024-01-20,193,26,13,17,17,2.77,54.26,0,weekend,23:27,07:05,25-34,on_site,0,1,3,69.99
user_082,2024-01-21,157,26,22,26,11,2.83,49.57,0,weekend,23:54,07:59,25-34,on_site,0,1,2,33.49
user_083,2024-01-01,174,45,17,32,22,3.24,81.39,0,workday,22:07,06:26,45-54,hybrid,0,0,2,27.96
user_083,2024-01-02,167,35,13,20,8,4.56,48.83,0,workday,22:52,06:55,45-54,hybrid,0,0,3,66.49
user_083,2024-01-03,279,50,13,40,16,5.26,62.43,0,workday,23:03,06:35,45-54,hybrid,0,0,2,37.16
user_083,2024-01-04,231,52,22,20,24,3.86,46.38,1,workday,22:22,08:03,45-54,hybrid,0,0,3,53.53
user_083,2024-01-05,198,28,6,22,8,4.67,57.51,1,workday,22:06,07:36,45-54,hybrid,0,0,2,26.0
user_083,2024-01-06,193,43,21,21,19,2.11,48.52,0,weekend,23:03,07:47,45-54,hybrid,0,0,2,32.88
user_083,2024-01-07,182,54,34,30,21,4.44,59.79,1,weekend,23:19,08:04,45-54,hybrid,0,0,2,41.23
user_083,2024-01-08,225,37,25,22,21,6.35,45.32,0,workday,22:30,07:01,45-54,hybrid,0,0,2,26.02
user_083,2024-01-09,230,39,24,29,22,5.76,47.08,0,workday,00:03,06:42,45-54,hybrid,0,0,2,28.72
user_083,2024-01-10,232,60,18,42,20,6.31,51.87,0,workday,22:48,06:07,45-54,hybrid,0,0,1,19.47
user_083,2024-01-11,263,36,20,29,19,5.69,48.77,1,workday,23:27,06:30,45-54,hybrid,0,0,2,28.79
user_083,2024-01-12,202,54,19,31,15,4.44,57.59,0,workday,23:02,07:04,45-54,hybrid,0,0,2,44.7
user_083,2024-01-13,151,14,7,26,9,2.0,66.63,0,weekend,23:07,07:51,45-54,hybrid,0,0,3,63.53
user_083,2024-01-14,273,47,16,20,21,5.48,67.36,0,weekend,22:27,07:24,45-54,hybrid,0,0,3,70.33
user_083,2024-01-15,224,43,14,25,15,6.01,51.61,0,workday,23:24,06:52,45-54,hybrid,0,0,2,27.75
user_083,2024-01-16,253,52,35,27,23,6.28,75.83,0,workday,22:38,07:22,45-54,hybrid,0,0,2,44.05
user_083,2024-01-17,149,26,4,15,10,4.63,60.12,1,workday,22:47,07:06,45-54,hybrid,0,0,1,22.82
user_083,2024-01-18,205,38,25,21,17,3.11,59.47,0,workday,22:17,06:39,45-54,hybrid,0,0,2,43.25
user_083,2024-01-19,145,29,22,18,23,5.87,63.92,0,workday,22:16,06:20,45-54,hybrid,0,0,2,43.25
user_083,2024-01-20,228,40,34,15,9,2.52,81.49,0,weekend,23:38,07:46,45-54,hybrid,0,0,2,46.75
user_083,2024-01-21,185,13,7,10,11,1.04,66.75,0,weekend,23:43,08:12,45-54,hybrid,0,0,3,51.02
user_084,2024-01-01,252,33,10,29,26,9.55,46.53,1,workday,00:16,06:51,18-24,remote,0,0,2,31.7
user_084,2024-01-02,170,37,16,27,7,4.5,60.66,1,workday,23:03,07:13,18-24,remote,0,0,2,31.95
user_084,2024-01-03,245,40,13,45,14,4.38,55.33,0,workday,22:21,07:22,18-24,remote,0,0,3,68.01
user_084,2024-01-04,191,39,30,32,18,3.38,81.88,0,workday,23:04,06:32,18-24,remote,0,0,4,96.54
user_084,2024-01-05,230,39,18,26,20,4.4,71.91,1,workday,21:37,06:56,18-24,remote,0,0,2,32.54
user_084,2024-01-06,203,45,19,30,19,6.06,65.62,0,weekend,23:36,06:24,18-24,remote,0,0,2,49.61
user_084,2024-01-07,229,26,26,21,10,4.36,44.82,0,weekend,23:05,07:30,18-24,remote,0,0,2,35.07
user_084,2024-01-08,259,35,13,26,23,4.89,62.15,0,workday,22:06,06:15,18-24,remote,0,0,4,90.78
user_084,2024-01-09,234,48,19,27,25,5.82,62.08,1,workday,22:11,07:08,18-24,remote,0,0,2,34.08
user_084,2024-01-10,232,39,8,11,15,7.48,44.23,0,workday,22:07,07:36,18-24,remote,0,0,2,38.88
user_084,2024-01-11,241,38,11,29,22,5.31,44.31,0,workday,22:06,07:21,18-24,remote,0,0,2,45.5
user_084,2024-01-12,242,32,17,21,18,4.25,68.03,0,workday,23:08,07:06,18-24,remote,0,0,4,78.81
user_084,2024-01-13,229,35,15,16,11,3.16,55.28,0,weekend,23:53,07:57,18-24,remote,0,0,4,87.0
user_084,2024-01-14,233,49,7,28,16,2.68,66.23,0,weekend,23:30,07:22,18-24,remote,0,0,4,76.81
user_084,2024-01-15,223,44,4,23,24,3.29,80.57,0,workday,22:13,08:12,18-24,remote,0,0,2,40.84
user_084,2024-01-16,190,33,16,23,17,4.84,48.24,0,workday,21:51,07:20,18-24,remote,0,0,2,38.89
user_084,2024-01-17,182,23,12,17,16,6.32,59.04,0,workday,22:32,06:55,18-24,remote,0,0,2,47.97
user_084,2024-01-18,220,42,13,33,22,4.89,50.97,0,workday,23:10,07:40,18-24,remote,0,0,2,37.65
user_084,2024-01-19,193,26,19,13,7,3.61,53.77,0,workday,23:07,07:21,18-24,remote,0,0,4,84.11
user_084,2024-01-20,212,30,10,18,10,1.98,91.17,0,weekend,00:16,07:31,18-24,remote,0,0,4,79.67
user_084,2024-01-21,215,49,31,19,24,3.49,67.48,1,weekend,23:56,06:32,18-24,remote,0,0,2,39.66
user_085,2024-01-01,205,46,14,34,16,6.86,59.44,0,workday,22:05,06:24,18-24,remote,1,0,2,27.22
user_085,2024-01-02,220,30,18,34,13,4.95,52.62,1,workday,23:03,06:50,18-24,remote,1,0,2,33.02
user_085,2024-01-03,243,39,10,24,18,3.54,51.19,0,workday,23:21,07:00,18-24,remote,1,0,2,27.69
user_085,2024-01-04,240,37,18,19,12,3.23,58.32,0,workday,23:37,06:22,18-24,remote,1,0,2,41.3
user_085,2024-01-05,161,26,12,14,16,2.26,67.8,0,workday,22:35,07:03,18-24,remote,1,0,4,78.34
user_085,2024-01-06,273,41,25,27,19,4.14,66.28,0,weekend,22:24,07:16,18-24,remote,1,0,2,29.79
user_085,2024-01-07,236,46,18,29,23,1.76,53.91,0,weekend,23:17,07:24,18-24,remote,1,0,2,46.29
user_085,2024-01-08,229,15,5,19,12,1.96,80.63,0,workday,23:16,06:40,18-24,remote,1,0,3,72.81
user_085,2024-01-09,215,41,19,32,22,5.22,53.9,1,workday,22:55,06:40,18-24,remote,1,0,2,27.34
user_085,2024-01-10,212,37,9,30,20,5.35,69.55,1,workday,23:16,06:08,18-24,remote,1,0,2,26.36
user_085,2024-01-11,195,35,21,14,21,2.98,63.58,0,workday,23:27,07:10,18-24,remote,1,0,2,44.18
user_085,2024-01-12,284,53,20,28,15,3.41,72.84,0,workday,22:22,06:43,18-24,remote,1,0,3,71.35
user_085,2024-01-13,222,29,14,23,12,6.43,71.81,0,weekend,22:54,07:42,18-24,remote,1,0,2,29.89
user_085,2024-01-14,202,42,18,39,22,5.74,63.67,0,weekend,23:17,08:17,18-24,remote,1,0,2,32.83
user_085,2024-01-15,173,41,16,35,22,4.42,64.49,0,workday,23:38,07:09,18-24,remote,1,0,2,39.15
user_085,2024-01-16,233,39,31,19,11,6.36,35.93,1,workday,22:54,07:23,18-24,remote,1,0,2,30.97
user_085,2024-01-17,169,29,23,21,10,6.65,45.68,0,workday,22:20,07:41,18-24,remote,1,0,2,31.48
user_085,2024-01-18,192,35,18,25,18,5.17,52.79,1,workday,22:50,07:54,18-24,remote,1,0,2,29.66
user_085,2024-01-19,203,36,13,26,18,5.51,59.92,0,workday,22:59,07:16,18-24,remote,1,0,2,26.0
user_085,2024-01-20,250,51,32,31,21,6.34,37.42,1,weekend,23:17,06:50,18-24,remote,1,0,2,29.15
user_085,2024-01-21,233,33,18,25,24,4.48,56.97,0,weekend,23:37,07:17,18-24,remote,1,0,2,36.46
user_086,2024-01-01,235,46,22,30,18,4.83,62.12,1,workday,21:50,07:08,18-24,remote,0,1,2,30.34
user_086,2024-01-02,240,47,19,25,26,5.82,41.02,0,workday,23:39,06:53,18-24,remote,0,1,2,40.23
user_086,2024-01-03,258,31,9,20,14,2.69,57.81,0,workday,23:43,07:20,18-24,remote,0,1,4,92.14
user_086,2024-01-04,282,58,24,38,26,6.8,47.16,1,workday,23:49,06:47,18-24,remote,0,1,2,39.07
user_086,2024-01-05,209,35,14,14,15,7.67,37.25,1,workday,23:16,07:32,18-24,remote,0,1,2,33.56
user_086,2024-01-06,200,46,41,34,21,6.09,56.05,0,weekend,00:05,08:21,18-24,remote,0,1,2,48.95
user_086,2024-01-07,242,40,22,35,23,4.48,77.68,0,weekend,23:20,07:46,18-24,remote,0,1,4,92.79
user_086,2024-01-08,212,39,11,29,10,6.82,54.24,1,workday,22:42,07:01,18-24,remote,0,1,2,30.48
user_086,2024-01-09,224,50,17,15,16,3.05,73.25,0,workday,23:39,06:38,18-24,remote,0,1,2,35.77
user_086,2024-01-10,135,25,9,42,15,6.95,40.04,0,workday,22:41,07:19,18-24,remote,0,1,3,63.16
user_086,2024-01-11,205,57,18,46,20,2.89,56.59,0,workday,22:09,07:32,18-24,remote,0,1,2,32.67
user_086,2024-01-12,231,53,32,40,23,7.83,58.04,0,workday,21:33,06:28,18-24,remote,0,1,2,38.1
user_086,2024-01-13,231,31,21,27,23,5.41,78.52,0,weekend,22:42,08:02,18-24,remote,0,1,2,44.5
user_086,2024-01-14,170,22,5,18,21,3.0,63.31,0,weekend,22:59,08:06,18-24,remote,0,1,3,68.34
user_086,2024-01-15,264,51,26,37,23,7.67,43.27,0,workday,23:43,06:50,18-24,remote,0,1,2,37.83
user_086,2024-01-16,176,46,8,29,21,4.56,68.4,0,workday,22:38,06:37,18-24,remote,0,1,2,37.16
user_086,2024-01-17,277,23,8,27,18,2.13,64.37,0,workday,23:30,07:21,18-24,remote,0,1,4,96.69
user_086,2024-01-18,197,60,32,27,24,4.91,56.35,1,workday,22:30,06:38,18-24,remote,0,1,3,54.27
user_086,2024-01-19,281,60,11,39,30,8.58,38.07,1,workday,22:13,06:42,18-24,remote,0,1,2,32.6
user_086,2024-01-20,200,27,27,5,18,7.3,32.35,0,weekend,23:13,08:36,18-24,remote,0,1,2,36.89
user_086,2024-01-21,200,31,4,35,18,7.04,58.61,0,weekend,23:22,08:39,18-24,remote,0,1,3,72.59
user_087,2024-01-01,208,34,14,23,17,4.38,65.28,1,workday,21:39,05:35,35-44,remote,0,0,3,60.14
user_087,2024-01-02,248,45,33,26,18,3.64,46.68,1,workday,22:30,07:30,35-44,remote,0,0,3,55.29
user_087,2024-01-03,210,34,21,25,16,5.0,53.7,0,workday,22:23,07:30,35-44,remote,0,0,2,47.55
user_087,2024-01-04,251,21,14,20,16,2.17,76.33,0,workday,22:35,06:18,35-44,remote,0,0,3,70.15
user_087,2024-01-05,273,36,17,20,26,6.52,57.33,0,workday,23:04,07:33,35-44,remote,0,0,3,51.94
user_087,2024-01-06,264,51,17,17,23,1.97,62.87,1,weekend,00:59,07:39,35-44,remote,0,0,3,60.55
user_087,2024-01-07,232,49,21,27,13,4.52,54.02,0,weekend,23:00,06:42,35-44,remote,0,0,3,55.22
user_087,2024-01-08,229,53,12,38,20,5.32,51.76,0,workday,23:20,07:50,35-44,remote,0,0,3,71.77
user_087,2024-01-09,220,55,23,35,17,7.96,37.93,1,workday,00:19,06:34,35-44,remote,0,0,2,40.55
user_087,2024-01-10,246,32,16,23,16,3.15,45.73,0,workday,22:16,06:37,35-44,remote,0,0,4,83.84
user_087,2024-01-11,226,36,18,8,10,7.26,36.91,0,workday,22:26,06:19,35-44,remote,0,0,2,44.01
user_087,2024-01-12,238,46,31,21,19,5.39,61.73,0,workday,22:36,06:45,35-44,remote,0,0,2,40.43
user_087,2024-01-13,177,42,10,13,20,0.0,73.4,0,weekend,22:25,08:00,35-44,remote,0,0,4,96.91
user_087,2024-01-14,212,53,27,24,21,3.66,47.95,0,weekend,22:04,08:01,35-44,remote,0,0,3,67.92
user_087,2024-01-15,253,39,24,19,14,5.32,55.11,0,workday,22:33,07:07,35-44,remote,0,0,2,36.04
user_087,2024-01-16,224,26,12,16,9,4.29,63.15,0,workday,22:04,07:04,35-44,remote,0,0,4,98.26
user_087,2024-01-17,230,36,17,23,18,6.76,58.76,0,workday,00:04,06:48,35-44,remote,0,0,4,76.0
user_087,2024-01-18,182,13,12,10,12,4.34,56.43,1,workday,21:50,07:15,35-44,remote,0,0,3,70.26
user_087,2024-01-19,231,60,29,34,22,8.01,48.65,0,workday,22:06,07:03,35-44,remote,0,0,2,46.42
user_087,2024-01-20,236,43,11,33,24,2.69,58.81,0,weekend,23:37,08:04,35-44,remote,0,0,2,47.17
user_087,2024-01-21,190,51,15,37,16,3.22,85.52,0,weekend,22:43,07:28,35-44,remote,0,0,4,90.27
user_088,2024-01-01,208,33,20,14,9,5.45,86.85,0,workday,22:42,07:08,25-34,hybrid,0,1,3,65.34
user_088,2024-01-02,171,28,13,25,17,1.42,66.54,0,workday,23:12,07:00,25-34,hybrid,0,1,4,94.53
user_088,2024-01-03,227,23,18,17,24,6.73,49.21,1,workday,22:26,06:13,25-34,hybrid,0,1,1,16.25
user_088,2024-01-04,195,35,19,19,18,2.84,62.3,0,workday,21:41,07:09,25-34,hybrid,0,1,4,85.85
user_088,2024-01-05,186,38,26,21,20,4.5,56.79,1,workday,22:46,06:55,25-34,hybrid,0,1,2,34.21
user_088,2024-01-06,147,40,8,38,24,2.06,65.51,0,weekend,23:11,07:29,25-34,hybrid,0,1,2,33.9
user_088,2024-01-07,221,51,17,23,19,4.68,70.75,0,weekend,23:32,07:19,25-34,hybrid,0,1,3,58.2
user_088,2024-01-08,198,28,20,8,0,2.71,76.73,1,workday,21:49,06:40,25-34,hybrid,0,1,2,37.26
user_088,2024-01-09,199,48,25,20,22,3.1,69.0,0,workday,22:50,07:03,25-34,hybrid,0,1,4,76.0
user_088,2024-01-10,196,19,4,8,0,0.55,77.41,0,workday,22:39,07:13,25-34,hybrid,0,1,3,57.32
user_088,2024-01-11,202,45,28,25,12,5.37,68.63,0,workday,22:36,06:57,25-34,hybrid,0,1,3,51.0
user_088,2024-01-12,180,29,4,11,24,0.2,75.93,1,workday,23:12,06:55,25-34,hybrid,0,1,3,57.18
user_088,2024-01-13,185,29,15,21,17,2.66,76.47,0,weekend,23:44,07:50,25-34,hybrid,0,1,3,69.4
user_088,2024-01-14,238,51,36,35,5,4.22,88.04,0,weekend,23:22,08:03,25-34,hybrid,0,1,3,73.24
user_088,2024-01-15,215,39,20,30,24,1.2,56.92,0,workday,22:52,06:55,25-34,hybrid,0,1,4,91.05
user_088,2024-01-16,180,17,7,16,20,5.06,74.75,1,workday,22:33,08:07,25-34,hybrid,0,1,3,51.0
user_088,2024-01-17,256,36,27,41,19,5.83,74.56,0,workday,22:16,06:59,25-34,hybrid,0,1,2,34.9
user_088,2024-01-18,226,31,1,39,19,3.5,58.07,1,workday,22:55,06:53,25-34,hybrid,0,1,2,32.85
user_088,2024-01-19,228,49,11,27,17,7.16,36.99,0,workday,23:14,07:55,25-34,hybrid,0,1,3,71.94
user_088,2024-01-20,259,60,25,16,25,5.66,26.35,0,weekend,23:50,08:09,25-34,hybrid,0,1,2,34.86
user_088,2024-01-21,194,32,14,3,20,4.22,61.65,1,weekend,23:32,07:43,25-34,hybrid,0,1,3,63.99
user_089,2024-01-01,288,58,14,33,23,7.03,61.49,1,workday,00:00,07:01,18-24,remote,1,0,2,50.0
user_089,2024-01-02,211,59,35,35,18,5.26,67.21,0,workday,22:52,06:31,18-24,remote,1,0,2,33.43
user_089,2024-01-03,172,53,17,25,18,5.81,56.46,0,workday,23:43,07:12,18-24,remote,1,0,2,29.03
user_089,2024-01-04,225,49,15,39,14,5.14,54.67,0,workday,22:40,06:26,18-24,remote,1,0,2,33.84
user_089,2024-01-05,222,60,6,38,16,4.52,52.9,0,workday,00:00,06:24,18-24,remote,1,0,3,59.31
user_089,2024-01-06,238,45,6,30,23,4.04,39.36,1,weekend,23:54,07:45,18-24,remote,1,0,2,33.31
user_089,2024-01-07,185,32,12,17,15,4.44,68.0,0,weekend,23:35,07:12,18-24,remote,1,0,2,46.36
user_089,2024-01-08,227,25,16,27,22,7.6,41.58,0,workday,22:01,06:59,18-24,remote,1,0,3,68.5
user_089,2024-01-09,173,45,36,22,20,4.5,63.6,1,workday,22:57,07:14,18-24,remote,1,0,2,38.35
user_089,2024-01-10,218,37,22,37,15,4.97,62.9,0,workday,22:36,06:59,18-24,remote,1,0,2,49.05
user_089,2024-01-11,218,35,15,21,8,4.94,76.64,0,workday,22:56,06:27,18-24,remote,1,0,2,32.42
user_089,2024-01-12,254,50,16,29,27,5.11,60.1,0,workday,23:45,06:55,18-24,remote,1,0,2,46.86
user_089,2024-01-13,267,35,29,23,16,2.71,56.47,0,weekend,23:22,07:29,18-24,remote,1,0,2,30.92
user_089,2024-01-14,276,60,29,31,27,6.04,50.48,0,weekend,00:18,07:39,18-24,remote,1,0,2,32.29
user_089,2024-01-15,236,60,37,35,27,7.04,51.71,0,workday,22:32,07:02,18-24,remote,1,0,2,45.4
user_089,2024-01-16,283,44,4,16,22,6.79,60.96,0,workday,23:12,06:51,18-24,remote,1,0,2,33.38
user_089,2024-01-17,217,42,23,30,17,3.4,57.28,1,workday,00:15,06:24,18-24,remote,1,0,2,40.34
user_089,2024-01-18,221,44,16,31,20,6.67,50.59,0,workday,22:01,07:12,18-24,remote,1,0,2,31.94
user_089,2024-01-19,169,38,13,45,21,4.3,49.04,0,workday,22:37,07:07,18-24,remote,1,0,2,29.95
user_089,2024-01-20,207,35,7,22,8,3.47,90.62,0,weekend,23:10,07:25,18-24,remote,1,0,3,51.0
user_089,2024-01-21,212,42,18,33,25,5.55,71.6,0,weekend,23:33,07:09,18-24,remote,1,0,2,45.48
user_090,2024-01-01,220,37,25,20,23,5.83,56.74,1,workday,23:05,05:59,25-34,hybrid,1,1,2,49.79
user_090,2024-01-02,178,31,18,25,11,4.63,56.1,0,workday,22:55,06:55,25-34,hybrid,1,1,2,46.38
user_090,2024-01-03,260,49,47,23,13,7.07,41.07,1,workday,21:59,07:12,25-34,hybrid,1,1,2,44.18
user_090,2024-01-04,229,35,16,27,19,5.83,56.67,0,workday,22:09,06:49,25-34,hybrid,1,1,3,69.41
user_090,2024-01-05,222,45,11,42,20,5.73,52.32,0,workday,22:27,07:05,25-34,hybrid,1,1,2,30.54
user_090,2024-01-06,164,34,17,33,28,3.35,77.99,0,weekend,23:05,07:15,25-34,hybrid,1,1,3,55.53
user_090,2024-01-07,203,33,17,12,12,5.5,68.6,0,weekend,22:48,08:26,25-34,hybrid,1,1,3,52.7
user_090,2024-01-08,203,43,12,32,16,6.47,73.9,0,workday,22:05,06:38,25-34,hybrid,1,1,2,34.94
user_090,2024-01-09,207,28,19,25,15,5.03,70.65,1,workday,22:26,06:19,25-34,hybrid,1,1,2,48.11
user_090,2024-01-10,249,54,29,21,24,2.84,73.44,0,workday,23:22,06:12,25-34,hybrid,1,1,2,35.31
user_090,2024-01-11,275,41,21,15,2,2.31,71.89,0,workday,21:53,07:37,25-34,hybrid,1,1,2,48.98
user_090,2024-01-12,192,43,32,17,18,2.82,78.86,0,workday,23:24,06:52,25-34,hybrid,1,1,3,52.41
user_090,2024-01-13,180,31,9,26,24,3.71,73.44,0,weekend,23:14,07:39,25-34,hybrid,1,1,3,55.05
user_090,2024-01-14,268,59,33,35,28,6.46,33.31,1,weekend,00:12,07:47,25-34,hybrid,1,1,2,29.65
user_090,2024-01-15,219,51,30,33,12,6.87,40.41,1,workday,00:32,06:18,25-34,hybrid,1,1,2,33.42
user_090,2024-01-16,230,37,6,19,8,5.79,49.49,1,workday,23:17,06:51,25-34,hybrid,1,1,2,43.36
user_090,2024-01-17,227,29,22,22,10,5.24,46.02,1,workday,22:56,07:33,25-34,hybrid,1,1,2,43.34
user_090,2024-01-18,214,48,17,7,25,3.74,40.74,0,workday,22:39,06:46,25-34,hybrid,1,1,2,44.73
user_090,2024-01-19,171,50,18,27,20,3.94,50.41,0,workday,22:42,07:12,25-34,hybrid,1,1,3,56.48
user_090,2024-01-20,184,23,6,24,15,1.19,77.37,0,weekend,23:30,08:10,25-34,hybrid,1,1,2,50.0
user_090,2024-01-21,192,34,7,21,10,2.51,76.36,0,weekend,23:58,08:28,25-34,hybrid,1,1,2,37.28
user_091,2024-01-01,200,35,31,28,22,5.93,48.38,1,workday,23:13,06:40,18-24,hybrid,1,0,2,40.16
user_091,2024-01-02,200,40,10,30,26,4.94,73.16,1,workday,22:42,06:58,18-24,hybrid,1,0,2,27.95
user_091,2024-01-03,239,48,16,32,26,6.24,73.99,1,workday,23:07,07:26,18-24,hybrid,1,0,3,66.14
user_091,2024-01-04,231,23,14,15,9,4.83,77.23,0,workday,22:29,07:43,18-24,hybrid,1,0,2,42.69
user_091,2024-01-05,230,42,21,25,18,6.19,70.57,0,workday,22:31,07:18,18-24,hybrid,1,0,3,54.38
user_091,2024-01-06,223,52,19,19,15,3.51,51.39,0,weekend,23:20,07:24,18-24,hybrid,1,0,2,33.46
user_091,2024-01-07,266,59,37,34,30,2.26,72.92,0,weekend,00:48,07:10,18-24,hybrid,1,0,2,48.53
user_091,2024-01-08,261,60,26,35,21,5.5,60.59,0,workday,23:37,07:39,18-24,hybrid,1,0,2,27.11
user_091,2024-01-09,234,22,15,20,10,4.18,71.9,0,workday,22:44,06:47,18-24,hybrid,1,0,3,53.7
user_091,2024-01-10,213,57,32,35,28,5.89,41.07,0,workday,22:35,07:08,18-24,hybrid,1,0,2,37.68
user_091,2024-01-11,227,50,48,33,15,8.84,38.11,0,workday,23:13,07:28,18-24,hybrid,1,0,1,5.29
user_091,2024-01-12,218,50,22,33,14,3.77,83.2,1,workday,22:43,07:10,18-24,hybrid,1,0,2,31.84
user_091,2024-01-13,248,30,13,14,21,3.19,73.8,0,weekend,22:23,07:13,18-24,hybrid,1,0,2,35.64
user_091,2024-01-14,151,19,18,8,11,3.86,62.66,0,weekend,23:38,06:46,18-24,hybrid,1,0,2,44.33
user_091,2024-01-15,195,39,13,18,11,6.5,52.9,1,workday,22:56,06:57,18-24,hybrid,1,0,2,32.31
user_091,2024-01-16,183,45,13,4,12,3.2,54.61,1,workday,23:24,06:14,18-24,hybrid,1,0,2,44.83
user_091,2024-01-17,258,51,21,34,27,5.99,72.5,1,workday,23:30,06:54,18-24,hybrid,1,0,2,46.39
user_091,2024-01-18,166,32,23,32,21,3.72,65.52,1,workday,22:47,07:47,18-24,hybrid,1,0,3,66.6
user_091,2024-01-19,199,20,10,17,17,4.15,59.63,0,workday,23:09,07:06,18-24,hybrid,1,0,3,60.88
user_091,2024-01-20,233,33,9,25,14,3.95,63.01,0,weekend,22:37,07:23,18-24,hybrid,1,0,2,47.33
user_091,2024-01-21,178,42,15,16,17,3.57,49.99,0,weekend,23:28,07:28,18-24,hybrid,1,0,2,42.14
user_092,2024-01-01,210,57,28,37,17,6.95,42.74,0,workday,23:37,07:30,35-44,hybrid,0,0,4,89.64
user_092,2024-01-02,174,28,17,24,15,2.62,58.32,1,workday,22:27,07:15,35-44,hybrid,0,0,2,39.96
user_092,2024-01-03,177,33,8,28,16,5.19,52.64,0,workday,23:20,06:42,35-44,hybrid,0,0,2,50.0
user_092,2024-01-04,210,42,11,22,22,3.75,74.64,0,workday,22:58,07:09,35-44,hybrid,0,0,3,68.86
user_092,2024-01-05,213,36,14,27,13,1.84,74.5,1,workday,22:38,07:03,35-44,hybrid,0,0,3,63.04
user_092,2024-01-06,139,22,7,6,6,3.08,67.63,0,weekend,22:20,07:32,35-44,hybrid,0,0,4,97.68
user_092,2024-01-07,226,38,16,21,22,4.55,50.18,0,weekend,23:14,08:17,35-44,hybrid,0,0,2,47.07
user_092,2024-01-08,127,29,12,27,19,2.85,77.3,0,workday,22:34,07:11,35-44,hybrid,0,0,4,94.3
user_092,2024-01-09,187,28,12,12,14,3.15,63.18,0,workday,23:05,06:54,35-44,hybrid,0,0,4,90.44
user_092,2024-01-10,183,60,8,26,24,7.29,38.83,1,workday,22:35,06:46,35-44,hybrid,0,0,2,36.87
user_092,2024-01-11,213,51,25,18,27,7.12,48.68,0,workday,22:39,06:54,35-44,hybrid,0,0,2,29.97
user_092,2024-01-12,223,30,11,29,20,6.22,39.68,0,workday,22:56,07:12,35-44,hybrid,0,0,3,64.8
user_092,2024-01-13,244,42,9,32,12,6.76,52.22,1,weekend,00:51,07:33,35-44,hybrid,0,0,3,63.04
user_092,2024-01-14,295,55,30,36,22,6.4,52.92,0,weekend,23:46,06:51,35-44,hybrid,0,0,2,38.1
user_092,2024-01-15,225,47,32,14,14,6.16,64.06,1,workday,22:36,07:28,35-44,hybrid,0,0,2,40.21
user_092,2024-01-16,233,38,8,22,19,3.93,61.56,0,workday,23:20,07:33,35-44,hybrid,0,0,2,48.27
user_092,2024-01-17,189,44,25,22,15,5.11,54.74,1,workday,23:54,07:24,35-44,hybrid,0,0,3,72.4
user_092,2024-01-18,196,36,14,26,14,6.6,38.12,1,workday,22:00,05:55,35-44,hybrid,0,0,2,49.05
user_092,2024-01-19,175,50,24,32,18,6.63,50.56,0,workday,23:54,06:59,35-44,hybrid,0,0,2,27.8
user_092,2024-01-20,167,37,14,22,16,3.14,58.17,0,weekend,23:28,08:14,35-44,hybrid,0,0,3,55.73
user_092,2024-01-21,219,28,9,26,10,4.38,72.68,0,weekend,23:16,07:45,35-44,hybrid,0,0,3,71.02
user_093,2024-01-01,233,39,14,30,19,3.48,60.71,0,workday,22:53,06:33,25-34,remote,0,0,2,33.99
user_093,2024-01-02,196,20,10,18,4,0.0,82.11,0,workday,23:15,06:58,25-34,remote,0,0,2,35.51
user_093,2024-01-03,205,45,30,35,23,7.0,53.95,0,workday,22:20,06:30,25-34,remote,0,0,2,26.87
user_093,2024-01-04,228,42,39,26,22,5.48,45.91,1,workday,23:12,06:39,25-34,remote,0,0,1,14.91
user_093,2024-01-05,176,40,17,23,16,4.62,54.29,1,workday,23:34,07:10,25-34,remote,0,0,2,43.71
user_093,2024-01-06,163,39,23,19,22,5.19,68.91,0,weekend,00:25,07:18,25-34,remote,0,0,2,27.96
user_093,2024-01-07,210,45,12,16,15,2.8,50.48,1,weekend,23:32,08:22,25-34,remote,0,0,1,15.39
user_093,2024-01-08,187,32,21,18,16,4.14,55.97,0,workday,23:01,07:02,25-34,remote,0,0,2,27.9
user_093,2024-01-09,236,52,40,31,20,6.06,54.23,0,workday,23:02,06:40,25-34,remote,0,0,2,36.95
user_093,2024-01-10,207,40,26,21,19,6.03,53.03,0,workday,22:20,07:43,25-34,remote,0,0,2,38.1
user_093,2024-01-11,238,45,24,24,19,8.66,56.71,0,workday,22:15,08:01,25-34,remote,0,0,2,29.45
user_093,2024-01-12,204,39,14,15,24,4.25,54.73,0,workday,23:11,07:00,25-34,remote,0,0,2,34.26
user_093,2024-01-13,240,50,28,27,19,5.88,74.8,1,weekend,23:44,07:17,25-34,remote,0,0,2,41.68
user_093,2024-01-14,268,49,12,27,20,4.91,61.73,0,weekend,23:29,07:19,25-34,remote,0,0,2,31.99
user_093,2024-01-15,254,37,19,19,20,5.62,51.85,0,workday,22:05,07:05,25-34,remote,0,0,2,37.68
user_093,2024-01-16,157,31,17,41,19,1.97,72.0,1,workday,22:57,06:51,25-34,remote,0,0,2,34.24
user_093,2024-01-17,272,57,8,39,22,5.9,40.48,0,workday,22:31,05:01,25-34,remote,0,0,1,15.42
user_093,2024-01-18,265,44,29,25,17,5.86,61.9,0,workday,22:28,07:26,25-34,remote,0,0,2,29.51
user_093,2024-01-19,217,41,25,15,18,6.59,48.6,1,workday,23:29,06:37,25-34,remote,0,0,1,11.96
user_093,2024-01-20,158,22,8,6,14,2.97,54.18,0,weekend,23:04,08:16,25-34,remote,0,0,2,40.68
user_093,2024-01-21,211,30,13,18,22,4.2,70.73,0,weekend,23:13,07:45,25-34,remote,0,0,2,47.44
user_094,2024-01-01,204,43,35,19,10,4.06,59.25,0,workday,22:35,06:12,25-34,on_site,0,0,2,42.87
user_094,2024-01-02,211,39,7,16,12,4.38,70.12,1,workday,21:54,07:22,25-34,on_site,0,0,2,46.88
user_094,2024-01-03,200,26,8,19,8,5.23,67.82,0,workday,22:12,06:59,25-34,on_site,0,0,4,81.27
user_094,2024-01-04,169,51,26,45,29,7.21,27.55,0,workday,22:00,07:05,25-34,on_site,0,0,2,30.84
user_094,2024-01-05,241,41,20,20,18,6.01,48.56,0,workday,22:26,06:33,25-34,on_site,0,0,2,32.49
user_094,2024-01-06,204,41,13,20,18,3.3,59.9,0,weekend,23:19,07:33,25-34,on_site,0,0,2,47.72
user_094,2024-01-07,192,29,2,24,13,5.9,25.82,0,weekend,23:22,07:41,25-34,on_site,0,0,2,38.3
user_094,2024-01-08,217,49,27,28,18,7.34,42.51,1,workday,23:48,06:28,25-34,on_site,0,0,2,28.16
user_094,2024-01-09,180,37,21,27,15,4.5,63.77,1,workday,23:11,07:38,25-34,on_site,0,0,1,23.02
user_094,2024-01-10,156,27,9,10,14,3.25,58.77,0,workday,23:17,07:40,25-34,on_site,0,0,2,43.51
user_094,2024-01-11,244,38,6,11,18,6.47,58.42,0,workday,22:53,07:01,25-34,on_site,0,0,1,5.1
user_094,2024-01-12,193,40,21,21,16,5.78,60.83,1,workday,22:47,07:26,25-34,on_site,0,0,2,34.91
user_094,2024-01-13,151,34,6,19,17,3.64,73.21,0,weekend,00:36,08:15,25-34,on_site,0,0,3,61.12
user_094,2024-01-14,139,35,17,13,20,5.6,43.68,0,weekend,23:36,08:11,25-34,on_site,0,0,2,48.66
user_094,2024-01-15,148,25,12,19,18,5.21,68.19,0,workday,22:41,06:51,25-34,on_site,0,0,2,45.92
user_094,2024-01-16,165,25,16,26,19,4.95,57.16,0,workday,23:06,06:24,25-34,on_site,0,0,2,47.44
user_094,2024-01-17,227,29,22,10,12,4.88,47.15,0,workday,00:00,06:58,25-34,on_site,0,0,3,58.15
user_094,2024-01-18,178,60,44,25,23,5.48,32.97,0,workday,23:30,07:11,25-34,on_site,0,0,2,35.32
user_094,2024-01-19,183,45,5,22,15,6.39,63.71,0,workday,22:53,07:54,25-34,on_site,0,0,3,57.58
user_094,2024-01-20,161,16,15,12,13,4.17,69.39,0,weekend,23:08,07:25,25-34,on_site,0,0,3,53.77
user_094,2024-01-21,226,48,19,31,29,4.92,54.52,0,weekend,23:21,07:41,25-34,on_site,0,0,2,42.55
user_095,2024-01-01,189,49,14,16,24,5.52,50.16,0,workday,22:56,07:19,25-34,hybrid,0,0,2,39.34
user_095,2024-01-02,234,50,31,27,10,2.42,74.99,0,workday,22:09,07:12,25-34,hybrid,0,0,2,26.67
user_095,2024-01-03,182,23,22,31,18,2.14,65.86,0,workday,22:26,07:11,25-34,hybrid,0,0,2,26.44
user_095,2024-01-04,166,42,22,26,23,3.42,70.49,1,workday,22:38,07:35,25-34,hybrid,0,0,2,37.97
user_095,2024-01-05,171,56,31,43,29,4.66,56.73,1,workday,23:05,06:55,25-34,hybrid,0,0,1,19.49
user_095,2024-01-06,191,52,14,26,11,4.65,70.3,1,weekend,23:08,07:50,25-34,hybrid,0,0,1,16.29
user_095,2024-01-07,183,44,28,18,18,3.12,91.81,0,weekend,00:17,07:21,25-34,hybrid,0,0,2,28.31
user_095,2024-01-08,300,59,39,42,19,7.07,57.68,0,workday,23:40,06:46,25-34,hybrid,0,0,1,10.16
user_095,2024-01-09,179,28,19,17,23,4.73,56.92,0,workday,22:50,06:48,25-34,hybrid,0,0,2,35.93
user_095,2024-01-10,238,60,12,36,20,10.0,55.02,0,workday,00:03,06:54,25-34,hybrid,0,0,1,10.1
user_095,2024-01-11,226,37,6,24,18,4.14,63.99,0,workday,22:40,06:51,25-34,hybrid,0,0,2,30.52
user_095,2024-01-12,219,39,17,26,18,3.49,56.25,0,workday,23:10,07:13,25-34,hybrid,0,0,1,13.03
user_095,2024-01-13,185,58,9,36,12,5.69,56.25,0,weekend,23:50,08:30,25-34,hybrid,0,0,2,26.59
user_095,2024-01-14,126,27,16,20,15,0.0,86.28,0,weekend,23:23,07:56,25-34,hybrid,0,0,2,46.24
user_095,2024-01-15,195,37,26,16,8,4.35,81.49,0,workday,23:04,07:44,25-34,hybrid,0,0,2,32.55
user_095,2024-01-16,186,40,8,24,12,4.8,53.89,0,workday,23:18,06:58,25-34,hybrid,0,0,2,45.95
user_095,2024-01-17,209,27,11,14,10,4.88,72.13,1,workday,22:20,06:40,25-34,hybrid,0,0,2,30.8
user_095,2024-01-18,180,55,17,30,23,4.29,50.01,0,workday,22:53,07:32,25-34,hybrid,0,0,1,3.53
user_095,2024-01-19,184,29,16,26,19,2.88,44.31,1,workday,23:39,06:41,25-34,hybrid,0,0,1,19.41
user_095,2024-01-20,210,51,9,36,23,4.76,61.83,0,weekend,22:44,07:51,25-34,hybrid,0,0,2,30.36
user_095,2024-01-21,244,48,20,24,21,7.64,54.92,1,weekend,22:30,07:37,25-34,hybrid,0,0,1,1.86
user_096,2024-01-01,194,45,22,20,25,4.55,54.75,1,workday,22:22,07:08,35-44,hybrid,0,0,2,26.0
user_096,2024-01-02,208,50,33,25,16,2.75,76.62,0,workday,22:52,06:55,35-44,hybrid,0,0,2,33.55
user_096,2024-01-03,209,48,13,28,21,4.35,49.54,1,workday,22:40,06:44,35-44,hybrid,0,0,2,49.77
user_096,2024-01-04,262,41,11,34,12,4.57,56.95,0,workday,22:43,07:37,35-44,hybrid,0,0,2,34.43
user_096,2024-01-05,217,33,15,26,20,6.49,57.81,0,workday,23:02,06:04,35-44,hybrid,0,0,2,43.83
user_096,2024-01-06,226,36,23,26,9,0.39,78.9,0,weekend,23:40,08:17,35-44,hybrid,0,0,2,36.52
user_096,2024-01-07,195,53,24,25,20,7.58,56.33,0,weekend,23:21,07:58,35-44,hybrid,0,0,2,32.13
user_096,2024-01-08,173,43,26,35,17,0.0,71.8,0,workday,22:45,07:04,35-44,hybrid,0,0,2,39.92
user_096,2024-01-09,205,38,13,26,17,3.38,50.36,1,workday,22:09,06:27,35-44,hybrid,0,0,2,28.38
user_096,2024-01-10,188,45,16,24,14,2.48,58.42,1,workday,21:56,07:11,35-44,hybrid,0,0,1,2.49
user_096,2024-01-11,287,59,35,37,15,6.42,73.83,0,workday,23:21,06:36,35-44,hybrid,0,0,2,26.0
user_096,2024-01-12,221,55,49,33,26,8.15,61.77,0,workday,23:46,07:05,35-44,hybrid,0,0,2,29.64
user_096,2024-01-13,254,39,24,19,21,3.94,45.16,0,weekend,22:31,08:20,35-44,hybrid,0,0,2,32.78
user_096,2024-01-14,207,50,37,31,18,5.38,52.83,0,weekend,22:56,07:32,35-44,hybrid,0,0,2,26.39
user_096,2024-01-15,189,38,28,31,25,6.06,65.44,0,workday,22:29,07:07,35-44,hybrid,0,0,2,32.81
user_096,2024-01-16,185,29,8,15,12,6.5,49.59,0,workday,22:21,07:19,35-44,hybrid,0,0,2,42.58
user_096,2024-01-17,206,51,21,29,22,3.12,77.17,0,workday,22:37,06:41,35-44,hybrid,0,0,2,34.25
user_096,2024-01-18,227,40,27,15,15,6.62,58.35,1,workday,22:00,06:39,35-44,hybrid,0,0,2,26.0
user_096,2024-01-19,207,51,10,35,20,9.65,59.4,0,workday,22:34,06:50,35-44,hybrid,0,0,2,26.0
user_096,2024-01-20,272,48,17,25,21,4.82,72.9,1,weekend,23:08,07:45,35-44,hybrid,0,0,2,26.0
user_096,2024-01-21,188,44,16,21,26,2.8,59.84,0,weekend,23:42,07:43,35-44,hybrid,0,0,2,38.09
user_097,2024-01-01,255,30,26,30,21,4.52,59.21,1,workday,23:05,07:10,25-34,remote,1,1,3,55.41
user_097,2024-01-02,218,26,18,12,6,5.23,79.86,0,workday,22:44,06:47,25-34,remote,1,1,3,73.09
user_097,2024-01-03,201,33,25,28,19,4.78,58.49,0,workday,23:00,07:02,25-34,remote,1,1,4,91.0
user_097,2024-01-04,282,60,39,31,30,4.18,68.52,0,workday,23:10,07:10,25-34,remote,1,1,3,63.59
user_097,2024-01-05,173,28,9,12,14,0.47,72.43,0,workday,22:47,07:27,25-34,remote,1,1,4,92.7
user_097,2024-01-06,238,39,5,26,9,6.76,60.31,1,weekend,23:30,07:27,25-34,remote,1,1,2,29.3
user_097,2024-01-07,254,48,21,23,26,7.61,39.88,1,weekend,23:24,07:29,25-34,remote,1,1,2,32.21
user_097,2024-01-08,254,41,28,24,21,3.96,60.4,0,workday,22:43,07:27,25-34,remote,1,1,4,90.41
user_097,2024-01-09,179,37,22,20,6,6.76,55.11,1,workday,22:52,06:57,25-34,remote,1,1,2,43.07
user_097,2024-01-10,240,41,30,39,23,3.55,54.93,0,workday,22:19,06:56,25-34,remote,1,1,3,53.92
user_097,2024-01-11,213,44,19,19,26,1.83,50.3,0,workday,23:46,07:38,25-34,remote,1,1,4,77.52
user_097,2024-01-12,248,51,9,16,15,5.85,47.35,1,workday,23:44,06:43,25-34,remote,1,1,3,71.51
user_097,2024-01-13,219,24,20,14,16,2.69,59.19,0,weekend,23:52,07:31,25-34,remote,1,1,4,94.94
user_097,2024-01-14,186,19,6,21,4,2.0,52.25,0,weekend,22:08,08:00,25-34,remote,1,1,2,45.71
user_097,2024-01-15,207,45,15,39,25,2.48,59.64,0,workday,23:26,07:13,25-34,remote,1,1,4,83.48
user_097,2024-01-16,233,23,5,7,11,5.1,62.53,0,workday,22:33,07:19,25-34,remote,1,1,4,91.35
user_097,2024-01-17,300,45,21,17,30,8.34,25.68,0,workday,22:56,07:52,25-34,remote,1,1,2,30.89
user_097,2024-01-18,248,20,9,17,11,6.82,54.78,1,workday,23:35,07:59,25-34,remote,1,1,2,49.0
user_097,2024-01-19,244,41,5,36,16,8.23,66.49,0,workday,00:01,06:23,25-34,remote,1,1,3,73.42
user_097,2024-01-20,228,28,20,26,9,2.76,47.33,0,weekend,22:13,08:14,25-34,remote,1,1,4,94.75
user_097,2024-01-21,276,48,16,26,19,6.2,62.87,0,weekend,22:41,07:11,25-34,remote,1,1,2,41.82
user_098,2024-01-01,253,58,39,32,18,4.76,50.6,0,workday,23:12,07:20,18-24,remote,1,0,2,41.81
user_098,2024-01-02,220,47,30,19,11,7.69,60.35,1,workday,23:28,07:48,18-24,remote,1,0,2,32.29
user_098,2024-01-03,203,50,45,30,16,3.05,66.86,1,workday,23:34,07:43,18-24,remote,1,0,2,48.36
user_098,2024-01-04,262,45,9,35,19,3.9,74.35,0,workday,23:01,07:10,18-24,remote,1,0,2,48.38
user_098,2024-01-05,201,34,14,18,22,5.15,55.49,1,workday,22:27,06:39,18-24,remote,1,0,3,53.96
user_098,2024-01-06,231,44,15,30,20,5.32,62.71,1,weekend,23:24,08:46,18-24,remote,1,0,4,80.26
user_098,2024-01-07,217,39,14,24,13,4.25,37.23,0,weekend,23:46,07:20,18-24,remote,1,0,3,65.29
user_098,2024-01-08,225,41,22,20,16,2.78,75.63,0,workday,22:42,06:10,18-24,remote,1,0,2,40.57
user_098,2024-01-09,190,39,20,34,17,4.89,47.84,0,workday,22:39,07:17,18-24,remote,1,0,4,76.0
user_098,2024-01-10,226,41,10,18,15,5.56,41.17,0,workday,22:10,06:27,18-24,remote,1,0,3,61.92
user_098,2024-01-11,207,48,19,18,17,6.36,29.46,1,workday,22:45,06:33,18-24,remote,1,0,2,31.72
user_098,2024-01-12,204,52,33,19,21,5.19,69.06,0,workday,22:40,06:44,18-24,remote,1,0,4,83.45
user_098,2024-01-13,241,46,25,28,24,4.86,64.27,0,weekend,22:47,08:03,18-24,remote,1,0,2,40.38
user_098,2024-01-14,213,49,9,25,18,2.2,70.87,0,weekend,23:37,08:05,18-24,remote,1,0,4,78.27
user_098,2024-01-15,229,40,19,22,16,6.7,46.74,0,workday,23:10,07:00,18-24,remote,1,0,2,34.31
user_098,2024-01-16,219,45,24,19,22,5.65,43.0,1,workday,22:44,07:13,18-24,remote,1,0,2,41.38
user_098,2024-01-17,280,60,48,33,20,5.18,46.68,1,workday,22:39,06:22,18-24,remote,1,0,2,37.6
user_098,2024-01-18,192,36,6,21,15,4.17,34.56,1,workday,23:29,06:55,18-24,remote,1,0,2,43.82
user_098,2024-01-19,262,47,20,28,19,5.6,58.61,0,workday,00:08,06:57,18-24,remote,1,0,3,67.51
user_098,2024-01-20,300,29,23,18,8,2.72,65.84,0,weekend,23:14,08:05,18-24,remote,1,0,4,99.4
user_098,2024-01-21,210,54,31,40,19,3.18,57.18,0,weekend,22:44,06:53,18-24,remote,1,0,4,76.63
user_099,2024-01-01,157,40,14,32,13,4.26,49.79,0,workday,22:57,06:38,18-24,on_site,1,0,3,75.0
user_099,2024-01-02,169,26,12,14,9,5.37,55.12,0,workday,23:18,07:07,18-24,on_site,1,0,2,46.46
user_099,2024-01-03,183,29,16,24,21,6.63,67.17,1,workday,23:02,06:20,18-24,on_site,1,0,4,95.5
user_099,2024-01-04,250,34,21,23,18,2.45,58.24,0,workday,22:07,06:56,18-24,on_site,1,0,2,40.09
user_099,2024-01-05,114,29,21,23,14,5.0,70.11,1,workday,22:17,07:17,18-24,on_site,1,0,2,29.42
user_099,2024-01-06,271,47,8,39,19,5.2,57.43,0,weekend,22:49,07:27,18-24,on_site,1,0,2,44.22
user_099,2024-01-07,171,35,16,17,14,1.84,69.46,0,weekend,23:37,07:51,18-24,on_site,1,0,3,57.31
user_099,2024-01-08,240,45,10,26,19,4.12,65.56,1,workday,23:24,06:34,18-24,on_site,1,0,2,27.45
user_099,2024-01-09,163,13,4,25,10,3.68,59.33,1,workday,22:46,05:55,18-24,on_site,1,0,2,49.26
user_099,2024-01-10,169,52,31,31,20,6.98,57.86,0,workday,23:17,06:00,18-24,on_site,1,0,2,31.56
user_099,2024-01-11,219,33,22,23,16,5.59,43.84,0,workday,22:22,06:18,18-24,on_site,1,0,2,40.09
user_099,2024-01-12,169,48,18,20,21,7.45,57.22,0,workday,22:20,07:34,18-24,on_site,1,0,2,29.73
user_099,2024-01-13,240,53,23,32,24,3.98,54.53,0,weekend,22:54,07:38,18-24,on_site,1,0,2,26.95
user_099,2024-01-14,223,40,20,15,21,2.02,75.75,0,weekend,23:45,07:35,18-24,on_site,1,0,4,76.0
user_099,2024-01-15,130,25,11,23,11,3.4,78.55,0,workday,22:36,07:25,18-24,on_site,1,0,4,92.97
user_099,2024-01-16,225,60,43,35,23,6.64,45.13,1,workday,00:28,06:35,18-24,on_site,1,0,1,8.63
user_099,2024-01-17,230,31,8,23,10,5.26,67.44,0,workday,22:04,07:04,18-24,on_site,1,0,2,46.11
user_099,2024-01-18,154,29,20,19,13,3.43,76.4,1,workday,22:39,06:12,18-24,on_site,1,0,2,41.68
user_099,2024-01-19,199,49,27,26,20,7.8,45.39,0,workday,22:31,06:57,18-24,on_site,1,0,2,35.53
user_099,2024-01-20,158,24,19,31,10,2.1,58.32,0,weekend,23:10,07:39,18-24,on_site,1,0,2,50.0
user_099,2024-01-21,162,34,1,11,16,1.46,73.88,0,weekend,23:17,07:29,18-24,on_site,1,0,2,31.58
user_100,2024-01-01,263,29,8,23,11,5.2,48.64,0,workday,22:48,07:05,55+,hybrid,0,0,2,37.06
user_100,2024-01-02,207,37,22,17,16,4.07,73.04,0,workday,23:49,07:20,55+,hybrid,0,0,2,44.13
user_100,2024-01-03,222,43,22,24,13,6.47,65.62,0,workday,23:13,07:47,55+,hybrid,0,0,2,47.23
user_100,2024-01-04,198,37,27,26,19,5.25,65.98,0,workday,22:47,07:21,55+,hybrid,0,0,2,31.56
user_100,2024-01-05,197,39,25,35,16,3.38,72.42,0,workday,22:41,06:49,55+,hybrid,0,0,2,31.04
user_100,2024-01-06,214,39,11,13,22,4.16,71.67,0,weekend,22:32,07:06,55+,hybrid,0,0,2,45.81
user_100,2024-01-07,197,26,7,16,15,1.34,67.1,0,weekend,22:56,07:15,55+,hybrid,0,0,3,59.18
user_100,2024-01-08,189,40,21,17,15,3.7,65.72,1,workday,23:23,06:12,55+,hybrid,0,0,2,29.18
user_100,2024-01-09,231,41,10,36,18,2.88,74.17,0,workday,22:59,07:39,55+,hybrid,0,0,2,41.54
user_100,2024-01-10,205,18,12,0,12,3.96,75.63,0,workday,23:49,07:00,55+,hybrid,0,0,2,48.27
user_100,2024-01-11,175,30,21,25,12,5.2,76.5,0,workday,22:45,07:13,55+,hybrid,0,0,2,34.38
user_100,2024-01-12,246,28,12,22,11,3.07,73.65,0,workday,23:33,08:06,55+,hybrid,0,0,2,40.09
user_100,2024-01-13,162,34,16,17,14,1.6,50.34,0,weekend,22:54,07:19,55+,hybrid,0,0,2,43.75
user_100,2024-01-14,235,41,11,33,18,1.74,71.22,0,weekend,23:42,07:39,55+,hybrid,0,0,2,28.37
user_100,2024-01-15,177,37,11,29,14,5.4,49.11,0,workday,22:43,07:49,55+,hybrid,0,0,2,28.74
user_100,2024-01-16,236,41,26,29,20,2.42,75.16,1,workday,21:06,06:58,55+,hybrid,0,0,2,27.51
user_100,2024-01-17,213,35,15,19,15,4.4,69.17,0,workday,21:56,06:12,55+,hybrid,0,0,2,33.12
user_100,2024-01-18,220,19,7,16,17,4.28,52.04,1,workday,23:13,07:32,55+,hybrid,0,0,1,12.37
user_100,2024-01-19,234,47,22,23,24,4.79,39.71,0,workday,23:03,07:07,55+,hybrid,0,0,2,28.38
user_100,2024-01-20,231,49,24,20,25,4.17,54.05,0,weekend,23:04,08:04,55+,hybrid,0,0,2,44.15
user_100,2024-01-21,209,31,7,30,20,2.47,70.97,0,weekend,23:03,07:38,55+,hybrid,0,0,2,27.0
user_101,2024-01-01,282,54,27,36,23,4.88,66.94,1,workday,23:36,07:11,45-54,remote,0,0,2,26.0
user_101,2024-01-02,212,45,14,23,17,5.5,72.93,0,workday,23:04,06:06,45-54,remote,0,0,2,28.73
user_101,2024-01-03,221,35,28,31,18,4.51,47.11,1,workday,22:35,06:37,45-54,remote,0,0,1,16.74
user_101,2024-01-04,262,42,33,23,20,4.28,59.94,0,workday,23:26,07:24,45-54,remote,0,0,1,19.54
user_101,2024-01-05,187,21,12,23,17,3.39,68.57,0,workday,22:13,06:31,45-54,remote,0,0,2,27.62
user_101,2024-01-06,297,55,23,29,23,7.19,52.79,0,weekend,23:10,08:19,45-54,remote,0,0,1,5.62
user_101,2024-01-07,295,60,32,39,20,6.88,45.13,0,weekend,22:40,08:30,45-54,remote,0,0,1,2.36
user_101,2024-01-08,177,24,12,14,9,4.22,69.88,0,workday,22:18,06:27,45-54,remote,0,0,2,34.17
user_101,2024-01-09,179,45,42,25,12,3.4,52.84,0,workday,22:57,07:16,45-54,remote,0,0,1,1.27
user_101,2024-01-10,262,32,21,23,14,4.48,58.91,1,workday,22:54,06:57,45-54,remote,0,0,1,0.9
user_101,2024-01-11,215,35,14,14,13,6.76,35.07,0,workday,21:44,06:25,45-54,remote,0,0,1,1.06
user_101,2024-01-12,252,39,6,25,17,5.18,56.65,0,workday,23:14,07:47,45-54,remote,0,0,1,19.35
user_101,2024-01-13,300,58,20,36,11,4.2,71.19,1,weekend,23:50,07:27,45-54,remote,0,0,1,0.0
user_101,2024-01-14,212,30,7,22,16,3.98,62.55,0,weekend,23:47,07:17,45-54,remote,0,0,2,40.49
user_101,2024-01-15,261,59,30,31,29,2.78,73.33,1,workday,00:10,06:30,45-54,remote,0,0,1,5.08
user_101,2024-01-16,254,53,4,29,23,5.66,59.55,0,workday,23:29,07:20,45-54,remote,0,0,2,26.0
user_101,2024-01-17,184,33,10,20,25,5.03,59.84,1,workday,22:23,06:52,45-54,remote,0,0,2,36.11
user_101,2024-01-18,158,33,6,40,12,3.93,68.93,1,workday,23:34,06:59,45-54,remote,0,0,2,26.93
user_101,2024-01-19,203,48,12,22,22,8.57,39.32,1,workday,23:04,07:38,45-54,remote,0,0,1,5.51
user_101,2024-01-20,231,36,19,19,21,3.0,53.85,0,weekend,23:23,07:44,45-54,remote,0,0,2,27.4
user_101,2024-01-21,227,48,19,28,18,6.19,54.05,0,weekend,23:53,08:02,45-54,remote,0,0,1,10.1
user_102,2024-01-01,201,46,17,29,28,7.01,48.41,0,workday,23:46,07:55,35-44,hybrid,1,1,1,12.71
user_102,2024-01-02,200,34,7,17,10,5.56,57.88,1,workday,23:00,07:35,35-44,hybrid,1,1,2,29.47
user_102,2024-01-03,250,39,19,34,19,4.94,53.29,0,workday,22:47,06:54,35-44,hybrid,1,1,2,29.81
user_102,2024-01-04,261,58,16,25,20,5.96,67.52,0,workday,21:58,05:54,35-44,hybrid,1,1,2,47.51
user_102,2024-01-05,172,15,8,16,17,3.88,80.47,0,workday,22:32,07:18,35-44,hybrid,1,1,2,36.28
user_102,2024-01-06,215,54,11,31,13,6.23,43.4,0,weekend,22:53,07:41,35-44,hybrid,1,1,2,28.91
user_102,2024-01-07,178,28,19,4,17,4.18,79.1,0,weekend,23:03,07:02,35-44,hybrid,1,1,4,87.92
user_102,2024-01-08,170,41,24,23,21,5.46,47.95,1,workday,23:36,06:55,35-44,hybrid,1,1,2,45.82
user_102,2024-01-09,192,42,9,16,19,6.47,79.06,1,workday,22:34,07:19,35-44,hybrid,1,1,2,42.3
user_102,2024-01-10,219,40,19,11,16,6.75,62.15,0,workday,23:06,06:59,35-44,hybrid,1,1,2,40.22
user_102,2024-01-11,202,49,25,38,15,3.87,63.79,0,workday,22:58,07:39,35-44,hybrid,1,1,2,47.83
user_102,2024-01-12,224,22,14,18,15,6.92,37.44,0,workday,00:02,07:08,35-44,hybrid,1,1,2,31.33
user_102,2024-01-13,181,24,15,22,17,5.84,54.94,0,weekend,00:12,08:13,35-44,hybrid,1,1,2,45.3
user_102,2024-01-14,212,39,15,19,16,1.96,50.45,0,weekend,23:13,07:50,35-44,hybrid,1,1,2,39.73
user_102,2024-01-15,224,33,4,32,18,5.0,59.35,0,workday,23:20,06:37,35-44,hybrid,1,1,2,35.35
user_102,2024-01-16,252,28,11,22,18,5.76,63.65,0,workday,22:11,07:00,35-44,hybrid,1,1,2,47.04
user_102,2024-01-17,184,16,10,25,21,5.11,53.97,0,workday,22:51,06:21,35-44,hybrid,1,1,2,43.86
user_102,2024-01-18,162,3,1,20,0,2.01,83.42,0,workday,22:41,06:40,35-44,hybrid,1,1,4,78.65
user_102,2024-01-19,296,54,25,40,13,5.03,80.0,1,workday,22:40,07:10,35-44,hybrid,1,1,4,84.69
user_102,2024-01-20,199,34,12,24,15,2.3,67.61,0,weekend,23:10,07:08,35-44,hybrid,1,1,2,30.32
user_102,2024-01-21,192,25,16,26,16,4.78,67.48,1,weekend,23:05,06:56,35-44,hybrid,1,1,2,44.41
user_103,2024-01-01,176,41,22,26,24,8.11,42.92,0,workday,22:37,06:26,25-34,hybrid,0,0,4,85.15
user_103,2024-01-02,194,35,8,25,21,4.52,53.75,1,workday,23:16,07:16,25-34,hybrid,0,0,3,63.46
user_103,2024-01-03,186,32,1,26,16,6.5,52.97,0,workday,22:26,06:51,25-34,hybrid,0,0,2,43.6
user_103,2024-01-04,150,27,15,17,10,3.85,64.2,0,workday,22:29,07:29,25-34,hybrid,0,0,3,73.86
user_103,2024-01-05,201,39,9,33,20,3.54,64.47,0,workday,22:48,07:29,25-34,hybrid,0,0,4,93.01
user_103,2024-01-06,221,26,22,19,20,4.29,46.75,0,weekend,22:29,07:00,25-34,hybrid,0,0,3,70.39
user_103,2024-01-07,275,41,31,15,14,4.2,83.66,0,weekend,23:30,08:18,25-34,hybrid,0,0,4,87.15
user_103,2024-01-08,207,33,23,26,17,4.14,55.83,0,workday,23:05,06:57,25-34,hybrid,0,0,3,69.09
user_103,2024-01-09,230,44,16,24,24,5.73,56.34,0,workday,22:54,07:44,25-34,hybrid,0,0,3,66.71
user_103,2024-01-10,187,40,19,28,19,6.41,55.19,0,workday,22:35,07:07,25-34,hybrid,0,0,3,53.39
user_103,2024-01-11,204,37,10,28,18,8.0,45.35,1,workday,22:25,07:12,25-34,hybrid,0,0,2,41.22
user_103,2024-01-12,275,52,15,25,18,5.11,41.08,1,workday,22:46,07:19,25-34,hybrid,0,0,3,60.52
user_103,2024-01-13,248,23,12,6,10,4.99,61.98,0,weekend,23:43,08:04,25-34,hybrid,0,0,4,88.99
user_103,2024-01-14,297,56,37,21,26,5.96,54.02,0,weekend,22:38,08:14,25-34,hybrid,0,0,3,51.0
user_103,2024-01-15,193,30,8,18,14,2.89,58.94,1,workday,22:22,07:48,25-34,hybrid,0,0,4,89.95
user_103,2024-01-16,185,37,19,22,18,4.1,37.2,0,workday,23:01,07:58,25-34,hybrid,0,0,2,46.22
user_103,2024-01-17,184,25,13,23,19,3.22,56.7,1,workday,22:44,06:32,25-34,hybrid,0,0,4,85.2
user_103,2024-01-18,253,49,13,32,17,3.65,60.61,0,workday,22:35,06:42,25-34,hybrid,0,0,2,50.0
user_103,2024-01-19,174,42,33,25,21,3.02,76.5,0,workday,23:24,06:56,25-34,hybrid,0,0,2,40.9
user_103,2024-01-20,206,36,4,10,18,2.85,76.95,0,weekend,22:54,07:50,25-34,hybrid,0,0,3,69.03
user_103,2024-01-21,212,37,14,20,9,5.27,45.46,0,weekend,22:52,08:16,25-34,hybrid,0,0,3,65.72
user_104,2024-01-01,220,46,14,26,24,6.2,46.25,1,workday,21:59,06:56,55+,on_site,0,0,2,41.68
user_104,2024-01-02,130,27,3,28,8,4.26,86.11,0,workday,21:30,07:36,55+,on_site,0,0,4,89.7
user_104,2024-01-03,281,44,12,24,13,4.53,62.38,1,workday,22:22,07:22,55+,on_site,0,0,2,41.32
user_104,2024-01-04,175,29,10,23,12,5.2,60.47,0,workday,22:09,07:11,55+,on_site,0,0,3,55.39
user_104,2024-01-05,192,23,13,15,24,5.3,57.47,1,workday,22:52,06:28,55+,on_site,0,0,3,62.41
user_104,2024-01-06,198,30,8,28,7,3.8,73.85,1,weekend,22:50,07:52,55+,on_site,0,0,2,42.69
user_104,2024-01-07,246,39,11,28,13,3.14,77.6,0,weekend,23:39,07:17,55+,on_site,0,0,3,65.5
user_104,2024-01-08,197,39,27,17,13,9.65,63.62,1,workday,23:09,07:08,55+,on_site,0,0,2,48.38
user_104,2024-01-09,153,22,14,22,6,2.22,64.31,0,workday,23:20,08:00,55+,on_site,0,0,2,45.27
user_104,2024-01-10,172,44,38,27,17,5.53,55.47,0,workday,22:08,07:11,55+,on_site,0,0,2,45.17
user_104,2024-01-11,210,58,40,24,24,6.72,67.53,0,workday,22:21,06:29,55+,on_site,0,0,2,42.85
user_104,2024-01-12,300,60,38,43,26,6.22,31.19,0,workday,22:22,06:53,55+,on_site,0,0,3,56.34
user_104,2024-01-13,258,50,23,36,21,5.29,45.52,0,weekend,23:46,08:21,55+,on_site,0,0,2,48.02
user_104,2024-01-14,201,45,28,39,21,5.32,49.41,0,weekend,23:24,07:36,55+,on_site,0,0,2,32.2
user_104,2024-01-15,191,44,21,33,18,2.98,66.49,0,workday,22:27,07:30,55+,on_site,0,0,4,85.55
user_104,2024-01-16,193,39,1,24,14,2.82,66.47,0,workday,22:31,06:30,55+,on_site,0,0,3,73.76
user_104,2024-01-17,207,60,32,39,23,2.39,56.74,0,workday,22:07,07:26,55+,on_site,0,0,2,40.38
user_104,2024-01-18,189,27,6,16,11,5.25,41.64,1,workday,22:47,06:13,55+,on_site,0,0,2,41.09
user_104,2024-01-19,184,16,8,15,6,2.66,66.66,0,workday,22:29,07:48,55+,on_site,0,0,3,72.9
user_104,2024-01-20,180,40,19,20,12,4.22,59.43,0,weekend,23:45,08:22,55+,on_site,0,0,3,72.8
user_104,2024-01-21,164,36,33,2,20,3.73,66.75,0,weekend,23:44,06:46,55+,on_site,0,0,2,37.7
user_105,2024-01-01,300,39,12,31,21,6.3,61.09,0,workday,22:35,07:09,45-54,remote,0,1,2,46.97
user_105,2024-01-02,228,49,35,41,11,4.98,37.35,0,workday,22:13,07:29,45-54,remote,0,1,2,47.87
user_105,2024-01-03,259,58,15,36,23,9.04,57.39,1,workday,22:56,07:32,45-54,remote,0,1,2,36.83
user_105,2024-01-04,256,54,34,44,28,9.55,48.12,0,workday,22:35,06:39,45-54,remote,0,1,1,17.09
user_105,2024-01-05,261,52,26,33,17,6.99,64.72,0,workday,22:34,06:19,45-54,remote,0,1,2,27.49
user_105,2024-01-06,192,12,0,18,9,1.86,66.53,0,weekend,23:59,07:15,45-54,remote,0,1,4,86.65
user_105,2024-01-07,206,32,6,34,11,3.14,56.99,0,weekend,23:54,07:53,45-54,remote,0,1,2,44.87
user_105,2024-01-08,233,50,25,45,19,6.71,69.52,1,workday,22:56,06:19,45-54,remote,0,1,3,67.0
user_105,2024-01-09,226,52,9,40,29,4.91,64.16,0,workday,22:36,06:44,45-54,remote,0,1,2,35.58
user_105,2024-01-10,210,32,16,19,23,6.51,37.09,0,workday,22:12,07:39,45-54,remote,0,1,2,27.38
user_105,2024-01-11,281,33,6,13,16,8.25,62.61,0,workday,22:18,06:32,45-54,remote,0,1,2,42.65
user_105,2024-01-12,234,43,13,14,18,3.49,45.82,1,workday,22:53,07:24,45-54,remote,0,1,2,41.04
user_105,2024-01-13,260,43,13,23,24,6.28,60.2,0,weekend,23:34,08:00,45-54,remote,0,1,3,63.77
user_105,2024-01-14,216,58,20,21,19,3.63,68.39,0,weekend,23:40,08:07,45-54,remote,0,1,1,20.06
user_105,2024-01-15,225,32,8,28,15,4.74,58.28,0,workday,22:39,06:49,45-54,remote,0,1,2,40.73
user_105,2024-01-16,271,59,48,41,22,7.48,37.4,1,workday,23:16,07:01,45-54,remote,0,1,1,14.18
user_105,2024-01-17,181,29,12,36,12,2.9,80.52,0,workday,22:09,07:43,45-54,remote,0,1,4,96.68
user_105,2024-01-18,194,38,5,9,19,1.85,80.92,0,workday,23:42,06:41,45-54,remote,0,1,4,78.29
user_105,2024-01-19,218,39,16,31,14,6.47,43.89,0,workday,23:13,06:40,45-54,remote,0,1,2,30.63
user_105,2024-01-20,210,50,5,31,27,6.1,44.56,0,weekend,23:43,07:20,45-54,remote,0,1,2,30.67
user_105,2024-01-21,232,47,33,29,22,5.9,26.87,1,weekend,23:39,07:22,45-54,remote,0,1,2,43.5
user_106,2024-01-01,182,16,3,9,11,0.0,80.05,0,workday,22:28,07:33,35-44,on_site,1,1,2,48.0
user_106,2024-01-02,189,24,16,13,26,3.71,84.62,0,workday,22:44,07:33,35-44,on_site,1,1,4,99.1
user_106,2024-01-03,267,39,33,34,5,3.34,51.91,1,workday,22:14,06:41,35-44,on_site,1,1,2,49.41
user_106,2024-01-04,221,60,16,24,27,7.94,60.25,0,workday,23:00,06:56,35-44,on_site,1,1,4,76.0
user_106,2024-01-05,166,50,41,22,26,9.6,54.22,0,workday,22:54,06:33,35-44,on_site,1,1,2,34.74
user_106,2024-01-06,237,32,15,26,14,3.28,75.13,0,weekend,23:58,07:30,35-44,on_site,1,1,4,92.45
user_106,2024-01-07,186,33,3,20,25,7.03,57.94,0,weekend,23:44,09:00,35-44,on_site,1,1,3,61.22
user_106,2024-01-08,173,27,13,33,7,0.47,70.15,0,workday,22:34,07:17,35-44,on_site,1,1,4,79.37
user_106,2024-01-09,197,43,17,25,16,4.53,68.68,0,workday,23:36,06:43,35-44,on_site,1,1,4,98.07
user_106,2024-01-10,159,31,8,19,13,1.99,62.06,0,workday,21:51,06:09,35-44,on_site,1,1,4,88.06
user_106,2024-01-11,231,54,23,46,8,7.24,59.07,0,workday,22:50,07:33,35-44,on_site,1,1,2,27.93
user_106,2024-01-12,113,21,13,20,2,0.0,87.73,1,workday,21:46,06:55,35-44,on_site,1,1,3,53.83
user_106,2024-01-13,279,48,25,33,14,4.44,77.75,0,weekend,23:41,07:39,35-44,on_site,1,1,2,31.41
user_106,2024-01-14,233,14,9,25,7,3.97,69.9,0,weekend,00:18,06:59,35-44,on_site,1,1,3,51.0
user_106,2024-01-15,190,48,21,22,30,3.72,67.55,0,workday,23:27,07:27,35-44,on_site,1,1,2,43.91
user_106,2024-01-16,163,38,22,39,19,6.33,51.02,0,workday,21:51,06:54,35-44,on_site,1,1,2,38.67
user_106,2024-01-17,135,38,9,22,18,3.71,68.38,1,workday,23:53,07:06,35-44,on_site,1,1,3,56.93
user_106,2024-01-18,224,22,8,9,15,3.51,55.14,0,workday,22:49,07:01,35-44,on_site,1,1,3,66.75
user_106,2024-01-19,174,39,29,29,16,3.09,64.8,1,workday,23:05,07:22,35-44,on_site,1,1,2,46.63
user_106,2024-01-20,242,44,20,37,17,6.12,48.16,0,weekend,23:34,07:50,35-44,on_site,1,1,3,67.78
user_106,2024-01-21,213,36,27,26,23,3.85,66.83,0,weekend,23:26,07:36,35-44,on_site,1,1,2,46.61
user_107,2024-01-01,195,53,29,33,22,5.15,70.31,1,workday,21:51,08:00,25-34,remote,1,0,1,12.54
user_107,2024-01-02,215,34,24,16,13,5.44,64.52,0,workday,21:43,07:38,25-34,remote,1,0,2,26.07
user_107,2024-01-03,191,53,15,28,15,4.3,62.92,1,workday,22:52,06:40,25-34,remote,1,0,2,27.27
user_107,2024-01-04,208,48,17,34,9,4.28,64.52,1,workday,22:49,07:10,25-34,remote,1,0,1,23.54
user_107,2024-01-05,213,55,7,33,29,6.75,45.46,0,workday,00:13,06:16,25-34,remote,1,0,2,29.56
user_107,2024-01-06,233,46,26,6,17,1.24,90.18,0,weekend,23:05,07:38,25-34,remote,1,0,2,48.1
user_107,2024-01-07,263,52,23,24,30,5.42,43.82,0,weekend,23:46,08:10,25-34,remote,1,0,1,7.48
user_107,2024-01-08,283,36,21,21,18,3.28,68.19,1,workday,22:03,06:53,25-34,remote,1,0,2,37.48
user_107,2024-01-09,261,45,5,29,26,2.76,80.45,0,workday,23:24,07:09,25-34,remote,1,0,2,46.32
user_107,2024-01-10,237,32,21,28,17,7.13,50.76,1,workday,22:31,07:00,25-34,remote,1,0,1,10.94
user_107,2024-01-11,300,60,22,31,28,5.53,43.89,0,workday,23:55,07:07,25-34,remote,1,0,2,47.16
user_107,2024-01-12,183,56,32,32,21,4.88,64.97,0,workday,23:57,06:48,25-34,remote,1,0,2,43.45
user_107,2024-01-13,253,38,19,21,16,2.87,75.88,0,weekend,23:51,07:19,25-34,remote,1,0,3,71.48
user_107,2024-01-14,217,49,9,34,30,3.87,56.35,1,weekend,23:48,07:17,25-34,remote,1,0,2,39.12
user_107,2024-01-15,242,48,19,38,20,4.4,72.7,1,workday,23:31,07:23,25-34,remote,1,0,1,15.55
user_107,2024-01-16,231,48,7,24,21,6.17,63.3,0,workday,23:38,07:01,25-34,remote,1,0,2,41.29
user_107,2024-01-17,225,46,18,30,23,4.75,49.21,0,workday,22:30,06:21,25-34,remote,1,0,2,35.29
user_107,2024-01-18,208,42,20,25,14,5.66,67.46,1,workday,23:16,06:20,25-34,remote,1,0,2,34.61
user_107,2024-01-19,261,38,19,38,15,3.7,66.75,0,workday,23:03,06:13,25-34,remote,1,0,2,35.69
user_107,2024-01-20,243,53,24,35,17,3.76,85.09,0,weekend,23:54,08:07,25-34,remote,1,0,2,37.92
user_107,2024-01-21,221,57,17,30,13,3.5,61.67,0,weekend,23:19,07:30,25-34,remote,1,0,2,43.55
user_108,2024-01-01,210,51,36,28,20,4.7,57.42,1,workday,22:23,07:15,25-34,hybrid,0,1,2,40.44
user_108,2024-01-02,189,20,10,28,7,3.14,72.86,0,workday,00:12,07:08,25-34,hybrid,0,1,2,38.82
user_108,2024-01-03,215,32,22,10,14,4.0,62.03,0,workday,23:13,06:44,25-34,hybrid,0,1,3,63.71
user_108,2024-01-04,279,39,21,14,12,6.03,68.1,0,workday,22:49,07:01,25-34,hybrid,0,1,2,37.37
user_108,2024-01-05,190,34,12,25,18,2.92,44.87,0,workday,22:40,07:03,25-34,hybrid,0,1,4,86.2
user_108,2024-01-06,244,43,9,8,18,3.85,62.75,0,weekend,00:13,07:49,25-34,hybrid,0,1,2,38.13
user_108,2024-01-07,189,35,12,18,18,6.39,47.61,0,weekend,23:41,07:32,25-34,hybrid,0,1,2,29.39
user_108,2024-01-08,177,34,18,1,10,7.76,27.67,0,workday,23:46,06:44,25-34,hybrid,0,1,2,28.55
user_108,2024-01-09,186,60,26,38,24,5.4,50.52,0,workday,23:31,07:12,25-34,hybrid,0,1,2,32.65
user_108,2024-01-10,197,37,9,18,26,3.58,60.64,1,workday,22:40,06:54,25-34,hybrid,0,1,3,71.9
user_108,2024-01-11,189,45,15,24,13,7.67,67.28,0,workday,23:00,06:20,25-34,hybrid,0,1,2,42.19
user_108,2024-01-12,210,34,21,21,19,8.19,49.02,1,workday,23:49,06:58,25-34,hybrid,0,1,2,42.4
user_108,2024-01-13,218,51,14,34,30,3.65,49.44,0,weekend,22:58,07:49,25-34,hybrid,0,1,3,72.17
user_108,2024-01-14,229,43,26,25,14,0.93,70.86,0,weekend,23:50,07:41,25-34,hybrid,0,1,2,36.39
user_108,2024-01-15,160,39,17,22,9,7.0,52.33,1,workday,22:20,07:28,25-34,hybrid,0,1,2,41.69
user_108,2024-01-16,237,46,13,17,20,9.61,37.17,1,workday,23:32,06:48,25-34,hybrid,0,1,2,26.72
user_108,2024-01-17,149,42,29,13,8,1.47,67.37,1,workday,23:17,06:40,25-34,hybrid,0,1,2,45.34
user_108,2024-01-18,216,41,24,18,13,4.31,56.26,1,workday,23:00,07:08,25-34,hybrid,0,1,3,51.6
user_108,2024-01-19,234,59,15,17,30,6.02,51.84,0,workday,22:57,07:25,25-34,hybrid,0,1,1,23.67
user_108,2024-01-20,270,32,23,4,15,1.73,80.59,0,weekend,23:51,08:06,25-34,hybrid,0,1,2,40.82
user_108,2024-01-21,231,33,5,26,16,2.34,61.18,0,weekend,22:44,07:36,25-34,hybrid,0,1,2,33.11
user_109,2024-01-01,181,31,19,18,10,3.72,66.26,0,workday,22:19,06:29,18-24,hybrid,1,0,3,56.85
user_109,2024-01-02,242,46,23,28,16,3.82,65.15,1,workday,22:55,06:40,18-24,hybrid,1,0,2,39.05
user_109,2024-01-03,204,45,22,31,23,4.33,54.75,0,workday,22:21,07:36,18-24,hybrid,1,0,2,41.94
user_109,2024-01-04,217,27,7,17,20,3.52,74.54,0,workday,23:36,06:10,18-24,hybrid,1,0,4,97.63
user_109,2024-01-05,233,25,18,19,15,5.15,69.24,1,workday,22:47,07:31,18-24,hybrid,1,0,2,27.59
user_109,2024-01-06,205,57,7,32,24,4.78,52.59,0,weekend,23:02,07:55,18-24,hybrid,1,0,2,41.61
user_109,2024-01-07,255,42,15,22,14,5.0,48.74,0,weekend,22:47,08:04,18-24,hybrid,1,0,2,42.85
user_109,2024-01-08,193,36,8,23,14,2.18,41.15,0,workday,23:48,07:11,18-24,hybrid,1,0,2,39.37
user_109,2024-01-09,258,42,11,36,14,4.22,50.88,0,workday,23:24,06:04,18-24,hybrid,1,0,2,45.07
user_109,2024-01-10,169,20,9,15,7,6.28,44.83,0,workday,23:49,06:40,18-24,hybrid,1,0,2,39.96
user_109,2024-01-11,187,29,9,15,4,3.3,79.28,1,workday,22:53,07:22,18-24,hybrid,1,0,2,42.81
user_109,2024-01-12,191,44,10,25,26,2.82,46.4,0,workday,23:56,07:29,18-24,hybrid,1,0,2,41.18
user_109,2024-01-13,158,32,8,29,12,2.27,81.59,0,weekend,22:24,07:53,18-24,hybrid,1,0,4,83.18
user_109,2024-01-14,244,51,34,41,24,5.5,64.78,0,weekend,23:45,07:52,18-24,hybrid,1,0,2,45.66
user_109,2024-01-15,188,44,16,27,18,2.91,60.05,0,workday,22:03,07:28,18-24,hybrid,1,0,4,77.38
user_109,2024-01-16,135,31,3,15,16,5.54,49.87,1,workday,22:13,07:26,18-24,hybrid,1,0,4,91.66
user_109,2024-01-17,203,37,32,23,17,6.9,51.51,0,workday,23:14,07:12,18-24,hybrid,1,0,2,41.38
user_109,2024-01-18,163,42,26,35,22,5.62,44.57,0,workday,23:10,06:39,18-24,hybrid,1,0,1,16.14
user_109,2024-01-19,203,36,13,25,14,7.76,59.24,1,workday,22:06,06:37,18-24,hybrid,1,0,2,31.92
user_109,2024-01-20,262,55,46,21,29,7.82,45.83,0,weekend,22:49,07:28,18-24,hybrid,1,0,2,32.03
user_109,2024-01-21,148,25,9,17,19,2.72,79.48,0,weekend,23:00,07:41,18-24,hybrid,1,0,4,94.01
user_110,2024-01-01,199,43,9,33,17,5.33,65.42,0,workday,22:57,06:17,45-54,remote,1,1,3,62.32
user_110,2024-01-02,235,24,8,25,22,8.01,40.71,0,workday,23:11,05:54,45-54,remote,1,1,3,72.53
user_110,2024-01-03,170,32,14,33,14,6.68,45.06,1,workday,22:51,06:58,45-54,remote,1,1,2,44.73
user_110,2024-01-04,149,49,33,33,11,3.6,48.43,1,workday,22:53,06:31,45-54,remote,1,1,2,26.36
user_110,2024-01-05,229,48,22,49,18,8.55,35.46,0,workday,22:37,06:20,45-54,remote,1,1,1,12.25
user_110,2024-01-06,207,44,30,31,19,4.64,54.38,0,weekend,23:35,07:49,45-54,remote,1,1,2,30.19
user_110,2024-01-07,166,26,2,18,13,3.37,64.95,0,weekend,23:55,08:21,45-54,remote,1,1,3,72.48
user_110,2024-01-08,227,39,19,26,9,5.0,62.95,0,workday,22:22,06:26,45-54,remote,1,1,3,65.49
user_110,2024-01-09,198,47,12,16,25,5.82,60.08,0,workday,23:16,07:14,45-54,remote,1,1,3,67.03
user_110,2024-01-10,205,43,6,22,10,4.51,47.66,0,workday,22:56,06:40,45-54,remote,1,1,2,35.98
user_110,2024-01-11,165,44,30,31,18,2.52,89.87,0,workday,22:51,07:44,45-54,remote,1,1,3,57.67
user_110,2024-01-12,202,50,26,27,23,6.81,65.59,1,workday,23:02,06:47,45-54,remote,1,1,2,38.65
user_110,2024-01-13,224,51,20,24,17,3.87,72.61,0,weekend,23:49,07:14,45-54,remote,1,1,2,45.26
user_110,2024-01-14,233,41,16,35,7,3.34,47.77,0,weekend,23:42,07:38,45-54,remote,1,1,2,37.06
user_110,2024-01-15,246,47,20,19,17,4.68,51.58,0,workday,21:53,06:27,45-54,remote,1,1,2,43.86
user_110,2024-01-16,213,34,26,31,16,7.68,44.4,0,workday,22:46,07:07,45-54,remote,1,1,2,28.4
user_110,2024-01-17,208,0,0,0,18,3.56,63.06,0,workday,22:37,06:43,45-54,remote,1,1,3,59.7
user_110,2024-01-18,254,51,15,20,11,5.34,69.71,1,workday,22:50,07:33,45-54,remote,1,1,3,53.01
user_110,2024-01-19,259,44,33,32,17,5.08,46.83,1,workday,22:44,07:09,45-54,remote,1,1,2,29.84
user_110,2024-01-20,240,34,29,43,16,3.96,53.22,0,weekend,23:34,08:11,45-54,remote,1,1,3,70.16
user_110,2024-01-21,233,27,6,21,12,4.67,68.25,0,weekend,23:24,07:24,45-54,remote,1,1,2,40.49
user_111,2024-01-01,226,36,25,22,16,4.36,54.4,0,workday,22:15,07:01,25-34,remote,1,0,2,47.78
user_111,2024-01-02,225,37,24,15,9,4.58,60.03,0,workday,23:32,07:16,25-34,remote,1,0,2,50.0
user_111,2024-01-03,208,28,5,16,15,2.25,52.13,0,workday,22:58,07:09,25-34,remote,1,0,2,45.05
user_111,2024-01-04,236,39,29,21,17,5.38,40.94,0,workday,22:41,07:59,25-34,remote,1,0,4,80.78
user_111,2024-01-05,207,41,22,32,20,5.19,55.45,0,workday,23:10,07:36,25-34,remote,1,0,3,53.11
user_111,2024-01-06,200,46,31,18,18,4.04,75.62,0,weekend,23:23,07:56,25-34,remote,1,0,2,35.15
user_111,2024-01-07,299,44,15,17,26,2.22,78.17,0,weekend,23:34,08:10,25-34,remote,1,0,4,79.33
user_111,2024-01-08,191,33,11,14,16,6.31,25.79,0,workday,22:48,07:15,25-34,remote,1,0,4,79.57
user_111,2024-01-09,247,54,23,31,26,4.97,72.23,0,workday,22:14,07:59,25-34,remote,1,0,4,81.29
user_111,2024-01-10,188,44,29,28,20,4.12,65.45,0,workday,22:27,07:24,25-34,remote,1,0,2,42.83
user_111,2024-01-11,215,48,21,24,27,6.34,63.22,1,workday,23:11,06:43,25-34,remote,1,0,3,64.66
user_111,2024-01-12,231,58,23,37,24,8.71,46.11,1,workday,23:11,07:02,25-34,remote,1,0,2,35.28
user_111,2024-01-13,294,60,10,35,14,4.65,41.13,0,weekend,23:54,08:23,25-34,remote,1,0,2,33.62
user_111,2024-01-14,274,35,15,25,11,2.05,81.25,0,weekend,23:07,07:27,25-34,remote,1,0,4,76.0
user_111,2024-01-15,198,40,10,12,15,5.84,60.02,1,workday,22:51,07:04,25-34,remote,1,0,2,47.56
user_111,2024-01-16,231,35,11,20,21,3.93,56.0,1,workday,22:08,05:57,25-34,remote,1,0,4,90.94
user_111,2024-01-17,251,46,15,29,22,6.82,66.58,0,workday,22:36,07:01,25-34,remote,1,0,3,68.85
user_111,2024-01-18,271,31,20,39,17,3.94,69.21,1,workday,23:04,06:53,25-34,remote,1,0,3,71.8
user_111,2024-01-19,225,51,10,25,19,4.53,64.44,0,workday,23:16,06:49,25-34,remote,1,0,4,91.4
user_111,2024-01-20,231,8,8,18,6,3.41,50.6,0,weekend,23:09,07:51,25-34,remote,1,0,4,86.77
user_111,2024-01-21,258,54,25,37,18,3.1,64.29,0,weekend,22:44,08:48,25-34,remote,1,0,2,43.85
user_112,2024-01-01,151,27,12,33,13,6.42,66.55,1,workday,23:31,06:28,18-24,hybrid,1,0,2,44.46
user_112,2024-01-02,191,39,20,38,13,5.44,65.65,0,workday,22:19,06:04,18-24,hybrid,1,0,2,40.54
user_112,2024-01-03,206,27,12,15,12,4.09,56.19,0,workday,22:34,06:25,18-24,hybrid,1,0,4,76.0
user_112,2024-01-04,221,41,8,22,15,3.67,70.96,1,workday,22:11,07:03,18-24,hybrid,1,0,2,34.04
user_112,2024-01-05,213,27,8,35,9,3.32,70.78,1,workday,22:21,06:55,18-24,hybrid,1,0,3,58.58
user_112,2024-01-06,257,39,15,26,20,5.38,70.24,0,weekend,23:47,07:19,18-24,hybrid,1,0,2,38.03
user_112,2024-01-07,251,30,20,17,14,5.58,62.82,1,weekend,22:34,07:36,18-24,hybrid,1,0,2,44.08
user_112,2024-01-08,232,40,4,38,20,4.07,57.25,1,workday,23:40,07:04,18-24,hybrid,1,0,2,45.66
user_112,2024-01-09,165,39,9,27,19,5.49,61.31,0,workday,23:06,07:02,18-24,hybrid,1,0,2,49.99
user_112,2024-01-10,227,50,49,37,20,3.8,86.01,1,workday,23:18,06:52,18-24,hybrid,1,0,3,57.19
user_112,2024-01-11,263,36,17,37,12,3.22,70.74,0,workday,22:53,06:47,18-24,hybrid,1,0,2,37.21
user_112,2024-01-12,212,57,12,32,22,6.28,59.75,0,workday,22:22,07:27,18-24,hybrid,1,0,3,74.89
user_112,2024-01-13,244,50,2,28,18,3.33,41.5,1,weekend,22:58,07:42,18-24,hybrid,1,0,2,32.65
user_112,2024-01-14,237,36,15,23,11,2.79,54.55,0,weekend,23:39,08:22,18-24,hybrid,1,0,2,39.73
user_112,2024-01-15,207,44,34,21,19,5.41,52.34,1,workday,22:47,06:56,18-24,hybrid,1,0,2,27.63
user_112,2024-01-16,190,42,11,27,14,4.39,78.35,0,workday,22:42,07:13,18-24,hybrid,1,0,3,59.2
user_112,2024-01-17,223,52,37,36,20,8.19,55.55,0,workday,23:05,06:24,18-24,hybrid,1,0,2,44.66
user_112,2024-01-18,185,28,8,26,9,3.69,53.41,0,workday,22:25,06:55,18-24,hybrid,1,0,4,77.08
user_112,2024-01-19,224,39,22,19,20,3.93,89.08,0,workday,22:44,06:30,18-24,hybrid,1,0,2,42.55
user_112,2024-01-20,199,51,35,25,18,5.93,42.73,0,weekend,23:25,07:19,18-24,hybrid,1,0,2,41.83
user_112,2024-01-21,176,22,15,28,11,0.0,64.24,0,weekend,22:49,07:58,18-24,hybrid,1,0,3,68.33
user_113,2024-01-01,139,30,16,22,17,3.63,59.53,0,workday,23:27,06:28,25-34,on_site,0,0,2,47.07
user_113,2024-01-02,214,45,35,34,14,4.26,82.75,0,workday,22:21,07:15,25-34,on_site,0,0,4,77.63
user_113,2024-01-03,191,34,9,17,18,3.48,75.99,0,workday,23:31,06:49,25-34,on_site,0,0,4,91.4
user_113,2024-01-04,170,39,14,29,11,3.67,82.59,0,workday,22:15,06:59,25-34,on_site,0,0,4,94.59
user_113,2024-01-05,214,35,20,19,20,4.99,36.04,0,workday,21:34,07:01,25-34,on_site,0,0,2,30.15
user_113,2024-01-06,207,44,21,36,23,2.62,61.57,0,weekend,00:38,06:51,25-34,on_site,0,0,4,80.45
user_113,2024-01-07,216,43,25,33,21,4.22,50.94,0,weekend,23:56,07:24,25-34,on_site,0,0,3,59.71
user_113,2024-01-08,158,21,2,20,12,6.74,33.03,0,workday,22:22,07:30,25-34,on_site,0,0,2,33.06
user_113,2024-01-09,231,36,24,30,13,2.33,63.19,0,workday,22:38,07:12,25-34,on_site,0,0,3,60.29
user_113,2024-01-10,210,60,38,32,27,5.42,63.65,0,workday,23:23,06:26,25-34,on_site,0,0,3,55.8
user_113,2024-01-11,217,45,30,28,18,7.19,42.03,0,workday,22:30,06:58,25-34,on_site,0,0,2,32.73
user_113,2024-01-12,196,36,28,25,17,6.17,52.3,0,workday,22:38,06:42,25-34,on_site,0,0,2,47.22
user_113,2024-01-13,219,39,16,18,20,4.78,80.38,0,weekend,23:18,06:55,25-34,on_site,0,0,3,61.03
user_113,2024-01-14,113,23,4,14,9,3.09,64.15,0,weekend,23:23,07:54,25-34,on_site,0,0,2,44.23
user_113,2024-01-15,166,34,11,27,28,6.84,51.43,0,workday,23:28,06:10,25-34,on_site,0,0,2,31.46
user_113,2024-01-16,171,30,23,30,23,4.52,94.1,0,workday,23:22,06:33,25-34,on_site,0,0,4,99.5
user_113,2024-01-17,190,38,14,29,20,7.17,48.07,0,workday,23:22,07:14,25-34,on_site,0,0,2,37.63
user_113,2024-01-18,191,25,14,12,22,4.77,50.66,0,workday,22:44,06:38,25-34,on_site,0,0,4,89.2
user_113,2024-01-19,172,21,17,14,11,5.35,71.1,0,workday,21:34,07:21,25-34,on_site,0,0,4,86.54
user_113,2024-01-20,252,27,10,24,9,4.57,54.16,0,weekend,23:29,07:33,25-34,on_site,0,0,3,61.69
user_113,2024-01-21,208,33,4,34,21,4.34,35.49,0,weekend,22:41,07:40,25-34,on_site,0,0,2,35.39
user_114,2024-01-01,225,38,38,21,18,4.87,46.86,0,workday,23:38,06:07,35-44,hybrid,1,1,3,54.97
user_114,2024-01-02,211,25,13,34,15,7.65,55.22,1,workday,22:35,07:29,35-44,hybrid,1,1,2,31.68
user_114,2024-01-03,200,32,17,25,14,4.82,48.34,0,workday,23:08,07:01,35-44,hybrid,1,1,1,8.82
user_114,2024-01-04,217,37,11,28,23,4.54,60.73,0,workday,22:43,08:06,35-44,hybrid,1,1,2,39.7
user_114,2024-01-05,213,34,7,38,24,10.0,33.41,1,workday,23:03,06:14,35-44,hybrid,1,1,2,27.33
user_114,2024-01-06,212,23,12,36,12,3.87,60.85,0,weekend,22:41,07:33,35-44,hybrid,1,1,2,42.37
user_114,2024-01-07,190,36,10,19,16,4.51,51.71,0,weekend,23:31,07:17,35-44,hybrid,1,1,2,33.03
user_114,2024-01-08,241,44,21,13,27,6.0,44.05,0,workday,23:26,06:48,35-44,hybrid,1,1,2,41.2
user_114,2024-01-09,140,22,15,18,10,3.84,61.63,0,workday,23:08,07:45,35-44,hybrid,1,1,2,32.38
user_114,2024-01-10,218,60,24,17,26,4.13,61.39,1,workday,22:53,07:46,35-44,hybrid,1,1,2,49.53
user_114,2024-01-11,213,22,3,19,12,6.63,31.82,0,workday,23:26,06:22,35-44,hybrid,1,1,1,10.83
user_114,2024-01-12,171,38,16,21,27,2.11,67.39,0,workday,22:45,07:09,35-44,hybrid,1,1,2,46.07
user_114,2024-01-13,240,40,14,24,9,3.43,79.85,0,weekend,22:56,07:30,35-44,hybrid,1,1,2,31.81
user_114,2024-01-14,188,30,10,16,16,3.5,46.89,0,weekend,23:55,07:22,35-44,hybrid,1,1,3,52.06
user_114,2024-01-15,215,25,8,15,17,3.2,57.96,1,workday,23:42,07:03,35-44,hybrid,1,1,2,27.06
user_114,2024-01-16,256,40,21,26,21,4.55,51.36,0,workday,22:02,06:51,35-44,hybrid,1,1,2,34.69
user_114,2024-01-17,155,43,19,38,9,0.72,54.24,1,workday,22:20,07:35,35-44,hybrid,1,1,2,40.74
user_114,2024-01-18,165,44,14,29,22,7.49,38.48,0,workday,22:51,06:32,35-44,hybrid,1,1,1,24.06
user_114,2024-01-19,140,32,14,19,16,3.62,56.68,0,workday,23:15,07:44,35-44,hybrid,1,1,2,43.2
user_114,2024-01-20,182,60,59,20,30,2.69,65.2,0,weekend,22:45,07:51,35-44,hybrid,1,1,2,47.33
user_114,2024-01-21,255,36,8,29,10,3.86,75.71,0,weekend,23:23,07:45,35-44,hybrid,1,1,3,69.05
user_115,2024-01-01,162,20,12,24,16,3.37,67.49,0,workday,22:39,07:21,18-24,on_site,0,0,3,64.22
user_115,2024-01-02,139,51,31,14,19,5.35,60.35,0,workday,23:36,07:47,18-24,on_site,0,0,4,89.0
user_115,2024-01-03,217,32,19,30,16,6.85,57.74,1,workday,22:03,06:20,18-24,on_site,0,0,2,49.54
user_115,2024-01-04,153,30,22,7,14,4.62,74.17,0,workday,22:14,07:10,18-24,on_site,0,0,4,89.88
user_115,2024-01-05,215,46,19,24,18,5.72,61.39,0,workday,23:20,07:30,18-24,on_site,0,0,3,54.66
user_115,2024-01-06,170,37,10,31,21,3.65,45.71,0,weekend,23:32,07:33,18-24,on_site,0,0,2,37.62
user_115,2024-01-07,210,55,12,34,23,7.46,64.77,0,weekend,23:44,08:36,18-24,on_site,0,0,3,53.61
user_115,2024-01-08,195,38,7,39,16,5.89,48.4,0,workday,22:45,06:59,18-24,on_site,0,0,4,86.93
user_115,2024-01-09,201,37,16,28,21,3.53,69.05,1,workday,23:27,06:56,18-24,on_site,0,0,2,37.6
user_115,2024-01-10,183,38,21,13,12,4.47,60.72,0,workday,23:17,06:55,18-24,on_site,0,0,4,88.73
user_115,2024-01-11,157,57,30,28,21,7.93,67.02,1,workday,22:37,06:40,18-24,on_site,0,0,2,32.36
user_115,2024-01-12,189,41,17,28,22,4.72,70.21,0,workday,22:55,07:06,18-24,on_site,0,0,2,36.96
user_115,2024-01-13,239,53,19,23,21,4.23,64.5,0,weekend,23:22,07:17,18-24,on_site,0,0,3,66.66
user_115,2024-01-14,204,40,11,36,24,7.91,41.74,1,weekend,23:24,08:16,18-24,on_site,0,0,2,50.0
user_115,2024-01-15,251,44,36,25,17,7.17,62.05,0,workday,23:01,05:55,18-24,on_site,0,0,3,60.74
user_115,2024-01-16,151,24,14,16,12,5.05,58.84,1,workday,23:31,07:54,18-24,on_site,0,0,3,58.78
user_115,2024-01-17,238,28,18,28,11,4.34,40.35,0,workday,22:41,06:37,18-24,on_site,0,0,3,67.4
user_115,2024-01-18,203,43,29,25,22,5.72,49.63,1,workday,22:56,06:53,18-24,on_site,0,0,2,36.7
user_115,2024-01-19,238,35,27,12,16,4.22,46.96,1,workday,21:41,06:01,18-24,on_site,0,0,2,35.37
user_115,2024-01-20,188,24,11,19,14,1.9,49.96,0,weekend,22:57,07:31,18-24,on_site,0,0,3,68.18
user_115,2024-01-21,179,29,13,10,18,7.46,53.58,1,weekend,23:31,07:46,18-24,on_site,0,0,2,32.42
user_116,2024-01-01,195,54,13,37,20,5.36,53.64,0,workday,22:48,06:39,45-54,on_site,1,0,2,42.84
user_116,2024-01-02,167,39,15,17,10,1.9,66.36,1,workday,22:55,07:40,45-54,on_site,1,0,3,53.56
user_116,2024-01-03,245,40,21,28,20,3.96,62.88,0,workday,21:54,07:07,45-54,on_site,1,0,3,65.52
user_116,2024-01-04,183,55,16,26,27,4.13,80.89,0,workday,22:39,06:23,45-54,on_site,1,0,4,97.87
user_116,2024-01-05,208,39,36,22,14,6.83,56.59,1,workday,22:39,06:35,45-54,on_site,1,0,3,70.91
user_116,2024-01-06,203,36,15,30,18,4.83,62.33,0,weekend,23:07,07:12,45-54,on_site,1,0,4,81.99
user_116,2024-01-07,251,44,16,27,19,3.02,68.98,0,weekend,23:37,07:17,45-54,on_site,1,0,4,90.55
user_116,2024-01-08,152,30,25,27,15,3.82,63.95,1,workday,22:55,07:00,45-54,on_site,1,0,3,51.0
user_116,2024-01-09,132,41,22,23,18,4.42,58.52,0,workday,23:13,06:45,45-54,on_site,1,0,2,49.12
user_116,2024-01-10,193,26,21,21,22,4.97,52.35,0,workday,23:24,06:23,45-54,on_site,1,0,2,44.85
user_116,2024-01-11,207,56,38,27,17,7.7,37.08,0,workday,22:41,07:21,45-54,on_site,1,0,2,48.26
user_116,2024-01-12,175,42,36,26,21,5.92,50.19,0,workday,23:14,06:52,45-54,on_site,1,0,2,35.8
user_116,2024-01-13,218,28,17,20,14,5.48,54.29,1,weekend,22:48,07:47,45-54,on_site,1,0,2,46.69
user_116,2024-01-14,168,39,23,19,24,1.88,83.83,0,weekend,00:06,07:13,45-54,on_site,1,0,4,94.63
user_116,2024-01-15,228,36,33,22,15,6.74,52.45,0,workday,22:04,06:58,45-54,on_site,1,0,3,65.12
user_116,2024-01-16,211,32,9,23,23,3.87,55.24,0,workday,22:02,06:42,45-54,on_site,1,0,3,67.35
user_116,2024-01-17,216,51,29,34,22,5.5,44.72,0,workday,22:46,06:05,45-54,on_site,1,0,4,93.08
user_116,2024-01-18,170,31,15,17,12,1.66,71.5,0,workday,23:04,06:59,45-54,on_site,1,0,4,98.02
user_116,2024-01-19,268,35,24,22,16,6.67,62.35,0,workday,22:29,08:16,45-54,on_site,1,0,4,88.8
user_116,2024-01-20,164,41,5,25,17,4.07,57.24,1,weekend,23:35,08:04,45-54,on_site,1,0,3,59.05
user_116,2024-01-21,181,49,18,28,16,4.68,55.99,0,weekend,22:53,08:15,45-54,on_site,1,0,3,71.44
user_117,2024-01-01,228,44,18,34,18,4.65,65.08,1,workday,00:10,07:40,35-44,hybrid,1,0,2,32.98
user_117,2024-01-02,243,45,14,32,21,3.45,60.57,1,workday,23:08,06:40,35-44,hybrid,1,0,2,39.03
user_117,2024-01-03,137,27,14,22,21,4.69,63.97,0,workday,23:15,07:02,35-44,hybrid,1,0,2,32.16
user_117,2024-01-04,183,39,7,18,20,2.75,71.24,0,workday,23:13,06:55,35-44,hybrid,1,0,2,31.34
user_117,2024-01-05,211,56,33,20,18,4.98,57.02,0,workday,22:09,06:21,35-44,hybrid,1,0,2,39.62
user_117,2024-01-06,272,57,19,25,15,3.88,54.56,0,weekend,23:13,07:54,35-44,hybrid,1,0,2,38.09
user_117,2024-01-07,192,45,26,15,21,5.1,59.19,1,weekend,22:44,07:42,35-44,hybrid,1,0,2,33.39
user_117,2024-01-08,209,39,12,24,13,4.02,66.39,0,workday,22:39,06:34,35-44,hybrid,1,0,2,26.0
user_117,2024-01-09,239,36,16,22,20,6.52,50.14,1,workday,22:30,07:07,35-44,hybrid,1,0,2,38.55
user_117,2024-01-10,250,44,9,21,23,6.69,34.56,1,workday,22:12,06:51,35-44,hybrid,1,0,2,26.0
user_117,2024-01-11,228,38,21,30,13,5.06,54.83,0,workday,22:35,07:08,35-44,hybrid,1,0,2,37.1
user_117,2024-01-12,178,28,18,27,17,4.44,61.92,0,workday,23:07,07:56,35-44,hybrid,1,0,2,29.49
user_117,2024-01-13,209,33,17,18,14,3.02,66.63,0,weekend,23:38,07:58,35-44,hybrid,1,0,2,30.7
user_117,2024-01-14,199,60,47,32,26,6.25,52.22,0,weekend,00:36,08:22,35-44,hybrid,1,0,2,30.12
user_117,2024-01-15,213,46,26,36,24,7.44,46.2,0,workday,22:05,06:36,35-44,hybrid,1,0,2,29.02
user_117,2024-01-16,264,41,14,26,14,6.54,39.4,0,workday,22:51,06:03,35-44,hybrid,1,0,2,41.89
user_117,2024-01-17,217,38,10,37,19,2.8,70.9,0,workday,23:31,06:43,35-44,hybrid,1,0,1,22.77
user_117,2024-01-18,194,20,9,18,18,3.0,49.3,0,workday,23:52,07:00,35-44,hybrid,1,0,2,36.19
user_117,2024-01-19,176,25,10,25,17,8.85,32.77,0,workday,23:37,06:25,35-44,hybrid,1,0,2,33.62
user_117,2024-01-20,198,32,27,20,18,3.56,47.46,0,weekend,23:03,07:38,35-44,hybrid,1,0,2,44.59
user_117,2024-01-21,227,22,11,11,12,2.15,61.14,0,weekend,23:02,08:02,35-44,hybrid,1,0,2,50.0
user_118,2024-01-01,178,27,12,21,12,4.07,73.71,0,workday,21:59,06:54,35-44,hybrid,1,0,2,32.58
user_118,2024-01-02,186,49,18,28,23,7.33,55.98,0,workday,23:21,07:28,35-44,hybrid,1,0,2,29.67
user_118,2024-01-03,262,35,24,10,26,3.48,60.79,0,workday,22:15,07:12,35-44,hybrid,1,0,1,17.97
user_118,2024-01-04,187,51,30,12,15,4.47,46.91,0,workday,21:51,07:18,35-44,hybrid,1,0,2,32.55
user_118,2024-01-05,162,44,29,28,24,4.01,48.89,0,workday,23:26,06:34,35-44,hybrid,1,0,2,42.31
user_118,2024-01-06,195,26,16,23,15,2.93,72.08,0,weekend,23:03,07:55,35-44,hybrid,1,0,2,41.79
user_118,2024-01-07,227,42,26,27,15,4.72,75.05,0,weekend,23:14,07:45,35-44,hybrid,1,0,3,70.56
user_118,2024-01-08,231,29,9,16,12,5.97,56.87,0,workday,23:29,07:12,35-44,hybrid,1,0,2,44.18
user_118,2024-01-09,233,37,7,17,19,6.3,43.04,1,workday,23:05,06:47,35-44,hybrid,1,0,2,31.81
user_118,2024-01-10,207,41,14,19,18,4.16,58.41,0,workday,22:09,06:23,35-44,hybrid,1,0,2,35.52
user_118,2024-01-11,203,16,10,21,7,4.69,54.68,1,workday,22:17,06:55,35-44,hybrid,1,0,2,38.9
user_118,2024-01-12,195,46,20,27,18,4.89,64.77,0,workday,22:32,06:32,35-44,hybrid,1,0,2,38.84
user_118,2024-01-13,267,47,16,35,12,5.92,64.2,0,weekend,21:50,07:39,35-44,hybrid,1,0,2,34.16
user_118,2024-01-14,200,32,12,14,18,6.84,70.18,0,weekend,22:04,07:06,35-44,hybrid,1,0,2,42.76
user_118,2024-01-15,163,29,13,8,6,4.88,63.4,0,workday,23:01,06:57,35-44,hybrid,1,0,3,59.45
user_118,2024-01-16,172,36,3,23,14,4.37,53.73,0,workday,23:10,06:39,35-44,hybrid,1,0,2,30.91
user_118,2024-01-17,157,38,9,30,12,2.47,66.62,0,workday,22:34,06:02,35-44,hybrid,1,0,4,82.75
user_118,2024-01-18,164,14,9,12,20,4.82,63.81,1,workday,22:14,07:17,35-44,hybrid,1,0,2,30.17
user_118,2024-01-19,260,60,13,27,17,3.3,69.9,0,workday,23:49,07:24,35-44,hybrid,1,0,2,40.22
user_118,2024-01-20,189,18,10,17,9,2.37,71.66,0,weekend,23:40,08:24,35-44,hybrid,1,0,2,39.46
user_118,2024-01-21,205,48,31,36,19,5.7,58.36,0,weekend,23:56,08:05,35-44,hybrid,1,0,2,35.76
user_119,2024-01-01,225,22,7,6,9,3.74,49.13,0,workday,22:52,07:17,25-34,remote,1,0,3,59.86
user_119,2024-01-02,192,21,18,25,12,5.78,58.42,1,workday,23:20,07:15,25-34,remote,1,0,2,29.52
user_119,2024-01-03,219,30,8,25,14,3.16,73.79,0,workday,22:00,07:37,25-34,remote,1,0,4,86.23
user_119,2024-01-04,240,51,19,29,18,5.76,60.38,1,workday,23:22,07:02,25-34,remote,1,0,4,88.0
user_119,2024-01-05,243,52,24,32,11,6.27,53.18,1,workday,23:17,05:51,25-34,remote,1,0,3,54.17
user_119,2024-01-06,254,47,6,33,25,5.58,60.53,0,weekend,00:00,06:57,25-34,remote,1,0,4,78.12
user_119,2024-01-07,287,30,11,32,18,5.03,69.25,0,weekend,22:47,07:47,25-34,remote,1,0,4,85.66
user_119,2024-01-08,215,53,36,21,25,5.55,60.32,0,workday,23:06,06:32,25-34,remote,1,0,4,79.4
user_119,2024-01-09,206,42,10,26,22,4.33,63.37,1,workday,22:41,06:59,25-34,remote,1,0,4,89.74
user_119,2024-01-10,279,60,38,38,26,6.6,62.47,1,workday,23:01,07:06,25-34,remote,1,0,2,40.01
user_119,2024-01-11,184,32,17,19,11,4.94,58.38,1,workday,22:40,07:22,25-34,remote,1,0,3,63.96
user_119,2024-01-12,199,40,26,37,19,5.04,79.41,0,workday,22:05,06:28,25-34,remote,1,0,4,77.8
user_119,2024-01-13,259,60,26,33,26,7.03,57.55,0,weekend,23:38,07:25,25-34,remote,1,0,2,43.3
user_119,2024-01-14,208,19,12,16,8,1.93,61.23,0,weekend,22:41,06:54,25-34,remote,1,0,4,97.61
user_119,2024-01-15,277,54,20,32,21,7.08,53.97,0,workday,22:56,06:55,25-34,remote,1,0,2,47.39
user_119,2024-01-16,300,33,17,24,21,4.82,42.7,0,workday,23:39,07:01,25-34,remote,1,0,3,75.0
user_119,2024-01-17,156,32,27,18,16,4.41,63.72,0,workday,23:26,06:45,25-34,remote,1,0,3,67.9
user_119,2024-01-18,240,60,13,33,24,7.15,42.57,0,workday,23:06,07:41,25-34,remote,1,0,2,32.46
user_119,2024-01-19,278,36,12,26,9,3.75,57.44,1,workday,22:57,06:53,25-34,remote,1,0,2,39.51
user_119,2024-01-20,217,47,31,18,18,4.35,59.27,0,weekend,23:27,07:24,25-34,remote,1,0,2,49.8
user_119,2024-01-21,281,36,16,12,19,3.95,46.89,0,weekend,23:10,08:36,25-34,remote,1,0,2,44.24
user_120,2024-01-01,210,38,12,38,20,6.24,54.08,0,workday,22:31,05:47,35-44,remote,1,1,2,48.4
user_120,2024-01-02,216,49,22,36,17,6.67,64.29,0,workday,22:48,07:49,35-44,remote,1,1,2,34.92
user_120,2024-01-03,182,8,3,19,3,1.31,67.64,0,workday,22:15,07:15,35-44,remote,1,1,3,55.29
user_120,2024-01-04,229,49,29,38,17,2.45,78.01,0,workday,23:38,07:03,35-44,remote,1,1,4,78.99
user_120,2024-01-05,239,39,19,35,4,4.45,61.14,0,workday,22:56,06:46,35-44,remote,1,1,2,45.6
user_120,2024-01-06,255,42,10,10,13,4.88,65.23,0,weekend,23:54,07:44,35-44,remote,1,1,4,78.33
user_120,2024-01-07,293,33,14,22,17,3.3,60.54,0,weekend,23:17,07:45,35-44,remote,1,1,2,50.0
user_120,2024-01-08,257,46,3,15,16,6.09,41.7,1,workday,23:09,07:01,35-44,remote,1,1,2,31.06
user_120,2024-01-09,195,33,16,7,16,3.4,64.38,0,workday,23:54,07:05,35-44,remote,1,1,2,30.48
user_120,2024-01-10,206,45,19,28,23,5.91,65.18,0,workday,23:41,06:38,35-44,remote,1,1,3,61.65
user_120,2024-01-11,159,29,17,21,21,5.55,65.63,0,workday,22:04,07:27,35-44,remote,1,1,3,63.79
user_120,2024-01-12,208,31,22,18,15,3.53,61.54,1,workday,21:53,06:35,35-44,remote,1,1,2,26.0
user_120,2024-01-13,177,30,19,38,16,1.16,74.65,0,weekend,00:31,07:50,35-44,remote,1,1,4,90.51
user_120,2024-01-14,201,33,16,27,15,5.0,51.67,0,weekend,22:29,07:38,35-44,remote,1,1,2,41.82
user_120,2024-01-15,300,55,46,30,20,7.38,59.48,0,workday,22:47,07:33,35-44,remote,1,1,3,71.78
user_120,2024-01-16,229,32,10,16,21,5.01,71.38,1,workday,22:32,06:46,35-44,remote,1,1,3,53.82
user_120,2024-01-17,275,29,24,35,8,7.03,66.43,0,workday,23:51,07:51,35-44,remote,1,1,1,0.9
user_120,2024-01-18,223,60,30,34,30,9.58,27.0,1,workday,22:18,06:42,35-44,remote,1,1,1,8.2
user_120,2024-01-19,246,32,13,17,10,3.73,56.53,0,workday,22:40,07:56,35-44,remote,1,1,3,56.84
user_120,2024-01-20,243,38,7,26,26,6.43,43.65,0,weekend,23:16,08:01,35-44,remote,1,1,2,39.3
user_120,2024-01-21,206,34,21,38,21,4.39,55.29,0,weekend,23:51,07:05,35-44,remote,1,1,4,90.84
