user_id,date,sleep_quality_0_100,sleep_class,screen_time_evening_min,screen_time_last_hour_min,social_media_last_hour_min,notifications_night,unlocks_last_hour,stress_0_10,mental_wellness_0_100,caffeine_after_14,day_type,bedtime_clock,wake_time_clock,age_band,work_mode,medication,sleep_disorder_flag
user_001,2024-01-01,39.27,2,232,51,42,22,26,7.69,61.28,0,workday,23:42,05:53,45-54,hybrid,0,0
user_001,2024-01-02,63.53,3,192,33,21,25,18,2.43,63.05,0,workday,00:01,06:58,45-54,hybrid,0,0
user_001,2024-01-03,55.75,3,178,36,24,23,14,4.02,42.34,0,workday,23:02,06:19,45-54,hybrid,0,0
user_001,2024-01-04,30.91,2,169,52,28,30,17,5.75,52.16,1,workday,00:11,06:27,45-54,hybrid,0,0
user_001,2024-01-05,42.59,2,225,60,16,37,16,5.7,50.73,0,workday,22:50,07:36,45-54,hybrid,0,0
user_001,2024-01-06,94.81,4,229,23,13,13,7,3.12,72.98,0,weekend,23:27,07:25,45-54,hybrid,0,0
user_001,2024-01-07,62.47,3,196,42,4,38,30,3.45,64.5,0,weekend,22:25,07:33,45-54,hybrid,0,0
user_001,2024-01-08,60.51,3,230,29,16,27,8,4.98,57.3,0,workday,22:39,07:52,45-54,hybrid,0,0
user_001,2024-01-09,57.16,3,240,41,23,23,19,8.14,47.95,0,workday,22:02,06:15,45-54,hybrid,0,0
user_001,2024-01-10,80.64,4,218,34,9,27,18,4.41,53.79,0,workday,23:22,07:18,45-54,hybrid,0,0
user_001,2024-01-11,31.33,2,235,58,22,18,20,4.41,51.79,1,workday,21:51,06:33,45-54,hybrid,0,0
user_001,2024-01-12,47.74,2,178,38,28,30,18,4.96,60.24,1,workday,22:23,07:00,45-54,hybrid,0,0
user_001,2024-01-13,77.96,4,197,25,18,29,14,2.13,64.64,0,weekend,22:42,07:11,45-54,hybrid,0,0
user_001,2024-01-14,84.65,4,230,44,38,36,15,4.3,59.97,0,weekend,23:33,08:08,45-54,hybrid,0,0
user_001,2024-01-15,64.92,3,219,41,5,34,22,6.18,42.68,0,workday,23:40,07:18,45-54,hybrid,0,0
user_001,2024-01-16,43.1,2,223,40,7,37,19,6.38,36.72,1,workday,22:22,07:11,45-54,hybrid,0,0
user_001,2024-01-17,35.81,2,261,52,20,29,18,3.09,61.69,0,workday,23:21,07:11,45-54,hybrid,0,0
user_001,2024-01-18,60.9,3,247,46,16,37,20,5.09,72.3,0,workday,22:51,07:06,45-54,hybrid,0,0
user_001,2024-01-19,61.23,3,188,41,14,37,13,4.32,55.27,0,workday,21:57,07:01,45-54,hybrid,0,0
user_001,2024-01-20,66.67,3,232,58,20,43,30,4.0,39.34,1,weekend,00:41,07:43,45-54,hybrid,0,0
user_001,2024-01-21,21.51,1,300,57,24,33,24,4.04,64.19,1,weekend,23:48,07:54,45-54,hybrid,0,0
user_002,2024-01-01,7.58,1,218,46,24,30,22,6.43,33.37,0,workday,23:25,07:02,25-34,hybrid,1,0
user_002,2024-01-02,46.12,2,192,34,19,25,21,1.97,63.82,0,workday,21:32,06:12,25-34,hybrid,1,0
user_002,2024-01-03,35.86,2,199,50,15,31,20,4.35,57.29,1,workday,22:43,07:58,25-34,hybrid,1,0
user_002,2024-01-04,43.66,2,177,39,20,29,23,3.13,52.2,1,workday,22:47,06:36,25-34,hybrid,1,0
user_002,2024-01-05,70.86,3,203,44,21,40,21,4.33,77.01,0,workday,22:22,06:58,25-34,hybrid,1,0
user_002,2024-01-06,25.15,2,244,58,27,9,16,5.67,64.91,1,weekend,23:54,07:09,25-34,hybrid,1,0
user_002,2024-01-07,32.98,2,233,50,41,22,21,6.53,72.42,1,weekend,00:04,07:43,25-34,hybrid,1,0
user_002,2024-01-08,32.47,2,180,28,25,11,16,5.12,63.93,0,workday,23:04,07:18,25-34,hybrid,1,0
user_002,2024-01-09,30.25,2,246,60,44,36,25,5.86,48.07,0,workday,23:07,06:40,25-34,hybrid,1,0
user_002,2024-01-10,39.2,2,242,43,32,17,15,6.38,56.28,0,workday,23:01,06:52,25-34,hybrid,1,0
user_002,2024-01-11,51.13,3,233,52,10,34,20,6.35,57.8,1,workday,22:47,07:00,25-34,hybrid,1,0
user_002,2024-01-12,53.65,3,177,47,30,33,16,4.35,69.75,0,workday,22:21,06:54,25-34,hybrid,1,0
user_002,2024-01-13,50.52,3,248,55,27,43,21,8.36,54.76,1,weekend,23:01,07:55,25-34,hybrid,1,0
user_002,2024-01-14,46.07,2,212,24,4,30,15,4.07,47.66,1,weekend,23:33,07:44,25-34,hybrid,1,0
user_002,2024-01-15,61.26,3,232,40,10,35,25,4.61,35.76,0,workday,23:30,07:35,25-34,hybrid,1,0
user_002,2024-01-16,64.82,3,184,48,12,29,16,6.34,61.16,0,workday,23:06,07:02,25-34,hybrid,1,0
user_002,2024-01-17,36.2,2,226,43,20,27,18,4.69,49.82,0,workday,22:30,06:53,25-34,hybrid,1,0
user_002,2024-01-18,51.59,3,229,48,9,28,22,7.65,61.11,1,workday,23:18,06:49,25-34,hybrid,1,0
user_002,2024-01-19,31.93,2,233,42,18,19,15,7.05,61.39,0,workday,22:51,06:18,25-34,hybrid,1,0
user_002,2024-01-20,49.43,2,198,33,9,12,12,2.74,94.09,0,weekend,23:36,07:54,25-34,hybrid,1,0
user_002,2024-01-21,22.96,1,228,31,15,31,15,5.65,57.37,1,weekend,00:27,08:37,25-34,hybrid,1,0
user_003,2024-01-01,44.16,2,177,31,18,16,26,3.72,57.67,1,workday,23:22,06:46,45-54,remote,0,0
user_003,2024-01-02,61.27,3,163,13,5,21,6,4.09,32.7,0,workday,23:07,06:44,45-54,remote,0,0
user_003,2024-01-03,56.71,3,195,43,24,40,26,6.26,39.24,0,workday,23:55,06:45,45-54,remote,0,0
user_003,2024-01-04,51.21,3,224,28,19,18,19,5.42,35.62,1,workday,23:49,06:46,45-54,remote,0,0
user_003,2024-01-05,41.03,2,228,43,15,38,18,5.47,55.11,0,workday,22:39,07:01,45-54,remote,0,0
user_003,2024-01-06,44.36,2,290,31,3,24,26,6.95,50.78,0,weekend,23:29,07:30,45-54,remote,0,0
user_003,2024-01-07,92.06,4,163,23,0,22,15,0.58,80.0,0,weekend,21:57,07:14,45-54,remote,0,0
user_003,2024-01-08,31.21,2,230,29,9,10,19,0.58,56.73,1,workday,22:33,06:59,45-54,remote,0,0
user_003,2024-01-09,38.81,2,179,38,29,29,27,5.69,62.7,1,workday,23:19,08:16,45-54,remote,0,0
user_003,2024-01-10,65.61,3,204,29,24,20,17,3.94,66.7,0,workday,23:04,07:54,45-54,remote,0,0
user_003,2024-01-11,62.62,3,217,38,19,18,24,4.66,51.38,0,workday,23:29,06:18,45-54,remote,0,0
user_003,2024-01-12,18.66,1,245,52,10,30,22,5.99,45.77,1,workday,23:08,07:35,45-54,remote,0,0
user_003,2024-01-13,41.05,2,287,43,13,32,13,4.77,46.39,0,weekend,23:19,07:36,45-54,remote,0,0
user_003,2024-01-14,59.08,3,251,42,15,36,14,3.21,68.39,0,weekend,00:02,08:09,45-54,remote,0,0
user_003,2024-01-15,40.47,2,273,49,13,28,17,4.93,60.07,1,workday,22:09,07:07,45-54,remote,0,0
user_003,2024-01-16,51.48,3,262,39,14,42,25,4.55,31.09,0,workday,22:38,06:51,45-54,remote,0,0
user_003,2024-01-17,30.31,2,224,60,23,29,26,5.12,69.33,0,workday,23:10,06:24,45-54,remote,0,0
user_003,2024-01-18,40.87,2,253,42,32,30,21,2.87,55.64,0,workday,23:10,07:22,45-54,remote,0,0
user_003,2024-01-19,34.88,2,243,42,24,31,15,6.79,48.04,0,workday,22:20,06:44,45-54,remote,0,0
user_003,2024-01-20,69.69,3,264,28,15,29,7,6.45,52.18,0,weekend,23:28,07:22,45-54,remote,0,0
user_003,2024-01-21,34.35,2,141,30,9,7,18,3.66,38.65,0,weekend,23:33,08:09,45-54,remote,0,0
user_004,2024-01-01,51.66,3,177,35,21,36,18,8.71,48.55,1,workday,22:29,07:15,35-44,hybrid,1,0
user_004,2024-01-02,63.92,3,187,21,6,15,13,2.64,54.65,0,workday,22:10,06:34,35-44,hybrid,1,0
user_004,2024-01-03,71.83,3,151,33,11,23,20,3.32,70.14,0,workday,23:06,07:33,35-44,hybrid,1,0
user_004,2024-01-04,69.55,3,166,16,9,17,9,6.24,48.58,0,workday,23:00,07:09,35-44,hybrid,1,0
user_004,2024-01-05,41.08,2,266,60,10,35,24,7.98,42.17,1,workday,23:01,06:59,35-44,hybrid,1,0
user_004,2024-01-06,98.47,4,155,36,15,25,22,3.05,94.66,0,weekend,00:18,07:53,35-44,hybrid,1,0
user_004,2024-01-07,48.56,2,208,39,18,14,19,2.13,62.93,0,weekend,23:12,08:00,35-44,hybrid,1,0
user_004,2024-01-08,100.0,4,209,35,11,14,19,5.39,66.93,0,workday,23:20,07:04,35-44,hybrid,1,0
user_004,2024-01-09,81.62,4,243,35,16,13,17,3.43,79.18,1,workday,22:48,06:15,35-44,hybrid,1,0
user_004,2024-01-10,41.28,2,168,29,13,25,15,5.92,47.8,0,workday,22:34,06:16,35-44,hybrid,1,0
user_004,2024-01-11,75.55,4,194,60,18,18,25,4.4,56.67,0,workday,22:54,07:07,35-44,hybrid,1,0
user_004,2024-01-12,61.98,3,234,43,17,19,24,5.02,31.27,1,workday,22:38,07:54,35-44,hybrid,1,0
user_004,2024-01-13,55.63,3,223,42,19,34,13,4.37,48.91,0,weekend,23:02,07:45,35-44,hybrid,1,0
user_004,2024-01-14,81.48,4,256,41,16,24,17,6.71,41.28,0,weekend,00:05,08:00,35-44,hybrid,1,0
user_004,2024-01-15,30.8,2,197,39,19,35,16,9.15,40.09,0,workday,22:43,07:02,35-44,hybrid,1,0
user_004,2024-01-16,62.32,3,186,47,5,24,25,8.2,55.97,0,workday,23:38,06:15,35-44,hybrid,1,0
user_004,2024-01-17,47.4,2,233,44,8,26,20,7.03,42.55,1,workday,22:50,06:49,35-44,hybrid,1,0
user_004,2024-01-18,41.24,2,197,45,6,24,22,2.03,68.28,0,workday,23:17,06:53,35-44,hybrid,1,0
user_004,2024-01-19,62.35,3,192,49,37,32,17,6.61,64.73,0,workday,23:22,07:02,35-44,hybrid,1,0
user_004,2024-01-20,61.35,3,198,38,29,17,16,3.76,59.1,0,weekend,23:06,07:48,35-44,hybrid,1,0
user_004,2024-01-21,41.48,2,221,54,27,40,24,5.34,51.43,1,weekend,23:29,08:01,35-44,hybrid,1,0
user_005,2024-01-01,0.0,1,212,29,11,8,20,5.82,53.29,1,workday,22:37,07:03,18-24,remote,0,1
user_005,2024-01-02,10.27,1,181,47,36,25,12,5.89,51.02,0,workday,22:47,06:30,18-24,remote,0,1
user_005,2024-01-03,10.68,1,263,37,19,32,22,7.66,50.74,0,workday,23:36,05:35,18-24,remote,0,1
user_005,2024-01-04,0.0,1,205,58,9,26,30,7.56,33.08,1,workday,22:11,06:49,18-24,remote,0,1
user_005,2024-01-05,0.0,1,244,36,18,7,16,8.15,56.85,1,workday,22:31,06:35,18-24,remote,0,1
user_005,2024-01-06,6.28,1,201,39,16,23,21,8.6,48.93,0,weekend,23:19,07:35,18-24,remote,0,1
user_005,2024-01-07,16.61,1,227,53,18,39,11,5.27,56.5,1,weekend,00:27,07:56,18-24,remote,0,1
user_005,2024-01-08,34.77,2,196,35,22,29,18,4.07,57.43,0,workday,22:58,07:11,18-24,remote,0,1
user_005,2024-01-09,60.96,3,213,34,22,30,9,5.1,76.19,0,workday,23:16,07:00,18-24,remote,0,1
user_005,2024-01-10,41.31,2,250,52,20,19,25,5.65,48.31,0,workday,23:11,06:47,18-24,remote,0,1
user_005,2024-01-11,35.92,2,227,51,29,37,30,4.21,58.69,0,workday,22:19,06:32,18-24,remote,0,1
user_005,2024-01-12,25.34,2,260,34,19,9,14,6.4,42.1,0,workday,22:07,07:48,18-24,remote,0,1
user_005,2024-01-13,0.0,1,272,47,23,27,21,5.04,53.62,0,weekend,23:31,07:44,18-24,remote,0,1
user_005,2024-01-14,39.59,2,186,36,20,28,17,2.19,71.35,0,weekend,23:30,08:05,18-24,remote,0,1
user_005,2024-01-15,19.24,1,179,60,36,31,30,7.03,47.23,0,workday,22:43,07:06,18-24,remote,0,1
user_005,2024-01-16,50.66,3,251,45,22,30,16,6.39,59.37,1,workday,23:00,07:05,18-24,remote,0,1
user_005,2024-01-17,72.03,3,226,60,31,42,26,4.15,72.35,0,workday,23:06,06:51,18-24,remote,0,1
user_005,2024-01-18,18.1,1,203,54,20,23,24,6.17,42.96,1,workday,23:17,06:37,18-24,remote,0,1
user_005,2024-01-19,20.54,1,263,52,31,21,19,3.66,48.96,1,workday,23:16,07:01,18-24,remote,0,1
user_005,2024-01-20,16.29,1,300,54,15,37,27,5.32,55.33,1,weekend,23:03,07:43,18-24,remote,0,1
user_005,2024-01-21,59.18,3,206,23,10,15,9,0.12,70.89,0,weekend,23:39,07:30,18-24,remote,0,1
user_006,2024-01-01,39.67,2,195,43,25,24,21,6.97,75.35,0,workday,22:23,07:07,55+,hybrid,0,0
user_006,2024-01-02,9.2,1,236,36,14,25,14,6.28,66.85,1,workday,23:36,06:37,55+,hybrid,0,0
user_006,2024-01-03,36.85,2,171,33,23,8,22,6.9,47.55,1,workday,23:05,07:07,55+,hybrid,0,0
user_006,2024-01-04,17.8,1,224,43,15,25,22,6.24,33.56,1,workday,23:20,07:25,55+,hybrid,0,0
user_006,2024-01-05,70.53,3,167,9,5,14,11,0.09,84.2,0,workday,23:13,06:16,55+,hybrid,0,0
user_006,2024-01-06,53.16,3,269,59,47,29,12,6.14,55.33,0,weekend,23:51,07:28,55+,hybrid,0,0
user_006,2024-01-07,55.26,3,247,47,27,32,30,4.22,68.4,0,weekend,23:46,08:17,55+,hybrid,0,0
user_006,2024-01-08,43.88,2,141,50,32,31,19,5.32,49.29,0,workday,00:35,07:23,55+,hybrid,0,0
user_006,2024-01-09,15.63,1,154,37,27,32,21,6.73,57.29,0,workday,22:55,07:06,55+,hybrid,0,0
user_006,2024-01-10,24.55,1,234,54,44,41,26,1.58,71.24,0,workday,22:37,07:22,55+,hybrid,0,0
user_006,2024-01-11,16.27,1,200,16,9,23,5,4.89,72.67,1,workday,23:07,06:43,55+,hybrid,0,0
user_006,2024-01-12,37.33,2,156,46,12,29,18,6.44,57.86,0,workday,22:47,07:27,55+,hybrid,0,0
user_006,2024-01-13,46.78,2,223,36,1,14,21,3.01,42.15,0,weekend,23:01,07:24,55+,hybrid,0,0
user_006,2024-01-14,45.23,2,249,33,7,34,7,0.24,59.15,0,weekend,22:51,07:45,55+,hybrid,0,0
user_006,2024-01-15,30.11,2,238,41,27,45,16,3.67,58.83,0,workday,23:24,07:23,55+,hybrid,0,0
user_006,2024-01-16,17.83,1,197,40,31,17,18,4.61,52.59,1,workday,22:35,06:38,55+,hybrid,0,0
user_006,2024-01-17,22.71,1,211,42,23,30,24,7.55,52.83,1,workday,23:59,06:35,55+,hybrid,0,0
user_006,2024-01-18,18.9,1,217,51,34,26,25,5.24,54.64,1,workday,23:40,08:02,55+,hybrid,0,0
user_006,2024-01-19,52.75,3,212,38,20,27,20,1.57,76.86,0,workday,22:37,07:48,55+,hybrid,0,0
user_006,2024-01-20,41.79,2,228,59,33,22,30,5.57,50.05,0,weekend,23:36,07:32,55+,hybrid,0,0
user_006,2024-01-21,56.24,3,223,41,18,31,21,3.28,73.33,0,weekend,23:42,07:33,55+,hybrid,0,0
user_007,2024-01-01,55.14,3,295,33,14,27,15,5.22,50.78,0,workday,23:22,07:40,35-44,remote,0,0
user_007,2024-01-02,36.64,2,288,60,17,50,27,5.91,67.78,0,workday,23:15,06:58,35-44,remote,0,0
user_007,2024-01-03,71.72,3,267,35,22,25,23,3.91,68.1,0,workday,23:16,06:37,35-44,remote,0,0
user_007,2024-01-04,9.45,1,206,55,24,33,24,6.1,41.19,1,workday,22:37,06:32,35-44,remote,0,0
user_007,2024-01-05,12.47,1,264,44,25,24,28,6.71,28.55,1,workday,22:38,07:43,35-44,remote,0,0
user_007,2024-01-06,25.51,2,278,37,22,33,22,3.26,74.97,1,weekend,23:19,08:01,35-44,remote,0,0
user_007,2024-01-07,15.15,1,209,56,34,26,14,5.2,46.26,0,weekend,23:10,07:41,35-44,remote,0,0
user_007,2024-01-08,41.33,2,247,36,21,23,16,5.76,48.18,1,workday,22:34,07:19,35-44,remote,0,0
user_007,2024-01-09,16.35,1,237,59,27,41,20,4.51,58.5,1,workday,23:13,06:11,35-44,remote,0,0
user_007,2024-01-10,25.77,2,207,45,15,33,17,7.49,27.19,1,workday,22:24,07:23,35-44,remote,0,0
user_007,2024-01-11,9.22,1,137,38,11,25,18,5.66,58.15,1,workday,23:02,07:29,35-44,remote,0,0
user_007,2024-01-12,23.25,1,237,39,14,18,13,5.6,44.31,0,workday,22:42,06:59,35-44,remote,0,0
user_007,2024-01-13,33.24,2,272,35,31,31,14,2.59,87.62,1,weekend,23:50,07:53,35-44,remote,0,0
user_007,2024-01-14,74.52,3,180,39,11,21,21,1.45,79.02,0,weekend,23:05,06:51,35-44,remote,0,0
user_007,2024-01-15,39.1,2,256,47,9,34,17,6.7,65.42,1,workday,22:40,07:14,35-44,remote,0,0
user_007,2024-01-16,22.63,1,231,39,15,35,22,5.95,54.72,0,workday,22:49,07:16,35-44,remote,0,0
user_007,2024-01-17,33.1,2,194,31,21,19,14,4.86,71.02,0,workday,22:35,07:00,35-44,remote,0,0
user_007,2024-01-18,61.92,3,243,26,17,33,22,2.81,74.99,0,workday,00:13,06:34,35-44,remote,0,0
user_007,2024-01-19,14.59,1,235,53,29,37,26,6.95,51.1,0,workday,22:31,06:44,35-44,remote,0,0
user_007,2024-01-20,72.71,3,290,60,19,33,20,5.54,58.72,0,weekend,00:00,07:20,35-44,remote,0,0
user_007,2024-01-21,45.07,2,275,44,23,28,8,2.35,63.75,0,weekend,23:12,07:19,35-44,remote,0,0
user_008,2024-01-01,0.0,1,270,49,23,25,23,5.82,66.53,1,workday,22:41,06:41,45-54,remote,1,0
user_008,2024-01-02,42.45,2,265,45,14,38,21,6.96,42.87,0,workday,23:19,06:46,45-54,remote,1,0
user_008,2024-01-03,16.16,1,293,60,36,26,21,5.3,48.5,0,workday,23:39,07:22,45-54,remote,1,0
user_008,2024-01-04,3.51,1,245,53,53,28,18,3.0,53.97,1,workday,23:47,07:01,45-54,remote,1,0
user_008,2024-01-05,27.34,2,242,52,26,14,12,5.08,73.91,0,workday,23:22,07:03,45-54,remote,1,0
user_008,2024-01-06,13.85,1,263,44,20,30,25,7.52,42.83,0,weekend,23:29,07:26,45-54,remote,1,0
user_008,2024-01-07,25.73,2,218,60,24,31,25,4.74,52.61,0,weekend,23:46,08:21,45-54,remote,1,0
user_008,2024-01-08,0.0,1,228,41,13,34,29,8.07,71.41,0,workday,22:50,06:47,45-54,remote,1,0
user_008,2024-01-09,0.0,1,300,51,14,40,24,7.1,56.74,0,workday,22:47,06:03,45-54,remote,1,0
user_008,2024-01-10,10.48,1,238,49,34,36,17,7.85,42.83,0,workday,23:39,07:14,45-54,remote,1,0
user_008,2024-01-11,5.49,1,270,47,15,33,24,5.14,51.69,0,workday,23:35,06:34,45-54,remote,1,0
user_008,2024-01-12,50.43,3,214,37,15,27,16,5.17,42.85,0,workday,23:05,07:12,45-54,remote,1,0
user_008,2024-01-13,23.03,1,175,42,23,34,16,2.76,70.08,0,weekend,23:37,07:27,45-54,remote,1,0
user_008,2024-01-14,0.0,1,247,56,33,25,29,5.46,40.77,0,weekend,00:43,07:59,45-54,remote,1,0
user_008,2024-01-15,16.98,1,222,42,32,36,26,4.41,73.2,0,workday,23:09,07:21,45-54,remote,1,0
user_008,2024-01-16,15.36,1,239,46,24,32,17,5.04,40.27,0,workday,23:23,06:41,45-54,remote,1,0
user_008,2024-01-17,3.41,1,265,56,29,31,24,4.24,45.4,1,workday,23:19,07:23,45-54,remote,1,0
user_008,2024-01-18,11.1,1,216,52,29,23,20,8.32,50.94,1,workday,23:23,07:16,45-54,remote,1,0
user_008,2024-01-19,32.32,2,203,30,7,28,7,4.2,52.33,0,workday,22:58,07:18,45-54,remote,1,0
user_008,2024-01-20,39.83,2,245,48,11,19,16,2.52,49.82,0,weekend,22:53,07:39,45-54,remote,1,0
user_008,2024-01-21,36.41,2,209,31,14,25,16,1.99,75.25,0,weekend,23:05,07:43,45-54,remote,1,0
user_009,2024-01-01,32.45,2,251,35,19,14,9,6.5,57.55,1,workday,22:36,06:34,18-24,remote,1,0
user_009,2024-01-02,29.76,2,285,41,24,34,14,6.35,41.21,1,workday,22:30,07:07,18-24,remote,1,0
user_009,2024-01-03,20.39,1,189,50,27,29,23,6.12,46.87,1,workday,23:58,06:35,18-24,remote,1,0
user_009,2024-01-04,23.07,1,283,45,22,37,19,5.48,53.4,0,workday,22:48,06:06,18-24,remote,1,0
user_009,2024-01-05,20.85,1,225,60,28,26,30,6.93,32.99,1,workday,22:35,06:54,18-24,remote,1,0
user_009,2024-01-06,56.01,3,251,47,25,35,24,3.36,58.86,0,weekend,23:49,07:56,18-24,remote,1,0
user_009,2024-01-07,61.86,3,247,39,12,33,21,2.48,57.26,0,weekend,23:17,07:47,18-24,remote,1,0
user_009,2024-01-08,7.04,1,240,41,17,29,18,6.85,58.73,1,workday,23:15,06:30,18-24,remote,1,0
user_009,2024-01-09,14.16,1,252,31,11,23,18,4.71,78.57,0,workday,22:26,06:50,18-24,remote,1,0
user_009,2024-01-10,19.78,1,229,42,4,27,17,4.24,46.45,0,workday,23:03,06:53,18-24,remote,1,0
user_009,2024-01-11,31.75,2,195,42,19,39,15,2.79,60.63,1,workday,23:13,06:59,18-24,remote,1,0
user_009,2024-01-12,68.08,3,158,24,5,6,11,2.67,50.71,0,workday,23:16,06:40,18-24,remote,1,0
user_009,2024-01-13,69.05,3,276,47,35,20,19,1.62,67.99,0,weekend,00:03,07:46,18-24,remote,1,0
user_009,2024-01-14,51.81,3,203,60,28,23,30,4.21,69.43,0,weekend,23:43,07:06,18-24,remote,1,0
user_009,2024-01-15,40.62,2,287,60,29,31,28,4.19,57.08,1,workday,23:08,06:16,18-24,remote,1,0
user_009,2024-01-16,9.69,1,219,51,10,24,17,8.6,64.43,0,workday,00:12,07:38,18-24,remote,1,0
user_009,2024-01-17,46.91,2,232,59,27,44,25,7.72,38.08,0,workday,23:38,07:27,18-24,remote,1,0
user_009,2024-01-18,49.08,2,246,49,29,41,22,6.79,64.38,0,workday,23:39,06:54,18-24,remote,1,0
user_009,2024-01-19,34.1,2,188,41,23,31,12,4.89,70.31,1,workday,23:34,07:10,18-24,remote,1,0
user_009,2024-01-20,39.92,2,261,39,32,29,12,4.96,56.95,0,weekend,23:24,08:26,18-24,remote,1,0
user_009,2024-01-21,53.87,3,203,53,29,32,25,6.42,59.21,0,weekend,23:14,08:27,18-24,remote,1,0
user_010,2024-01-01,51.52,3,168,46,10,33,16,4.01,55.4,1,workday,23:05,06:25,25-34,hybrid,1,0
user_010,2024-01-02,37.26,2,188,49,24,28,14,7.65,64.61,0,workday,23:09,07:16,25-34,hybrid,1,0
user_010,2024-01-03,96.93,4,218,48,33,30,27,6.4,63.87,0,workday,23:17,06:49,25-34,hybrid,1,0
user_010,2024-01-04,43.94,2,256,55,34,38,22,4.57,37.68,0,workday,22:41,06:44,25-34,hybrid,1,0
user_010,2024-01-05,86.66,4,174,37,21,24,25,2.15,81.77,0,workday,22:26,07:34,25-34,hybrid,1,0
user_010,2024-01-06,40.13,2,223,42,4,17,27,5.44,55.12,0,weekend,23:08,07:34,25-34,hybrid,1,0
user_010,2024-01-07,62.58,3,235,60,25,34,30,6.62,63.85,0,weekend,23:39,07:42,25-34,hybrid,1,0
user_010,2024-01-08,65.79,3,158,36,11,29,8,4.57,58.18,1,workday,00:01,06:31,25-34,hybrid,1,0
user_010,2024-01-09,33.03,2,226,43,16,46,25,4.13,53.67,1,workday,22:57,06:06,25-34,hybrid,1,0
user_010,2024-01-10,39.85,2,221,36,13,30,17,7.48,38.62,1,workday,23:15,06:56,25-34,hybrid,1,0
user_010,2024-01-11,83.12,4,221,37,12,26,21,6.1,55.57,0,workday,23:26,06:57,25-34,hybrid,1,0
user_010,2024-01-12,51.62,3,224,37,22,23,25,5.69,60.92,0,workday,22:41,06:16,25-34,hybrid,1,0
user_010,2024-01-13,72.17,3,192,17,6,14,14,1.3,99.27,0,weekend,22:59,07:36,25-34,hybrid,1,0
user_010,2024-01-14,55.12,3,249,48,20,36,24,4.87,44.0,1,weekend,22:48,07:54,25-34,hybrid,1,0
user_010,2024-01-15,32.59,2,240,47,22,44,16,7.15,36.79,1,workday,23:03,07:50,25-34,hybrid,1,0
user_010,2024-01-16,28.67,2,234,28,17,19,11,4.49,62.53,0,workday,23:01,07:28,25-34,hybrid,1,0
user_010,2024-01-17,79.88,4,220,43,18,22,19,3.89,60.15,0,workday,23:51,06:52,25-34,hybrid,1,0
user_010,2024-01-18,52.88,3,215,44,23,45,20,7.39,47.39,1,workday,23:47,07:08,25-34,hybrid,1,0
user_010,2024-01-19,32.3,2,167,36,18,44,21,5.07,53.51,1,workday,23:15,06:39,25-34,hybrid,1,0
user_010,2024-01-20,66.25,3,179,36,18,36,9,3.61,42.91,0,weekend,23:40,08:29,25-34,hybrid,1,0
user_010,2024-01-21,81.29,4,209,30,10,14,17,5.16,46.35,0,weekend,00:09,07:51,25-34,hybrid,1,0
user_011,2024-01-01,54.54,3,208,37,18,29,10,4.02,50.42,0,workday,23:55,06:42,25-34,remote,1,0
user_011,2024-01-02,39.64,2,228,29,23,33,27,6.39,40.91,0,workday,22:08,05:57,25-34,remote,1,0
user_011,2024-01-03,50.02,3,239,47,18,35,14,4.76,56.67,1,workday,22:37,06:30,25-34,remote,1,0
user_011,2024-01-04,15.26,1,239,58,20,29,27,5.9,63.77,0,workday,23:06,07:37,25-34,remote,1,0
user_011,2024-01-05,52.4,3,300,50,12,38,19,5.21,48.91,0,workday,23:47,07:38,25-34,remote,1,0
user_011,2024-01-06,65.43,3,198,27,17,33,11,3.43,52.48,0,weekend,23:31,07:35,25-34,remote,1,0
user_011,2024-01-07,58.94,3,231,31,19,17,17,5.52,54.53,0,weekend,23:13,07:23,25-34,remote,1,0
user_011,2024-01-08,61.79,3,201,27,16,19,13,4.15,62.16,0,workday,22:23,07:33,25-34,remote,1,0
user_011,2024-01-09,41.87,2,237,44,32,31,14,5.74,75.46,0,workday,22:31,06:33,25-34,remote,1,0
user_011,2024-01-10,44.2,2,195,38,31,27,15,6.38,53.98,0,workday,23:00,06:56,25-34,remote,1,0
user_011,2024-01-11,65.26,3,210,32,11,19,18,2.85,57.16,0,workday,23:22,07:20,25-34,remote,1,0
user_011,2024-01-12,35.31,2,207,35,22,9,16,5.13,68.46,0,workday,22:50,07:40,25-34,remote,1,0
user_011,2024-01-13,85.49,4,214,33,22,23,12,2.8,45.74,0,weekend,23:10,08:03,25-34,remote,1,0
user_011,2024-01-14,3.04,1,254,27,15,22,11,4.3,43.41,1,weekend,23:09,08:04,25-34,remote,1,0
user_011,2024-01-15,14.81,1,260,56,29,41,21,7.47,57.23,1,workday,22:45,07:21,25-34,remote,1,0
user_011,2024-01-16,21.77,1,266,46,15,29,16,5.91,57.13,1,workday,23:47,07:06,25-34,remote,1,0
user_011,2024-01-17,37.25,2,241,42,27,16,18,5.82,88.35,1,workday,23:12,06:37,25-34,remote,1,0
user_011,2024-01-18,71.49,3,259,50,9,33,16,4.35,74.14,0,workday,23:00,07:14,25-34,remote,1,0
user_011,2024-01-19,47.4,2,199,38,36,27,12,6.33,45.91,0,workday,22:56,07:11,25-34,remote,1,0
user_011,2024-01-20,64.25,3,265,53,21,20,12,3.58,78.85,0,weekend,23:08,06:46,25-34,remote,1,0
user_011,2024-01-21,61.52,3,255,60,39,35,25,7.8,52.96,0,weekend,00:19,07:55,25-34,remote,1,0
user_012,2024-01-01,81.79,4,300,38,10,32,23,4.64,71.61,0,workday,22:25,07:39,55+,on_site,1,0
user_012,2024-01-02,39.79,2,202,49,29,26,23,6.32,56.32,0,workday,23:10,07:14,55+,on_site,1,0
user_012,2024-01-03,37.19,2,229,30,24,22,18,7.79,42.95,0,workday,22:37,07:24,55+,on_site,1,0
user_012,2024-01-04,79.28,4,233,41,10,24,22,4.49,57.97,0,workday,22:46,06:33,55+,on_site,1,0
user_012,2024-01-05,52.17,3,162,47,14,16,15,0.98,68.4,1,workday,23:04,07:13,55+,on_site,1,0
user_012,2024-01-06,62.61,3,184,47,16,43,21,3.08,69.27,0,weekend,23:43,07:43,55+,on_site,1,0
user_012,2024-01-07,57.39,3,228,37,11,26,13,4.62,57.48,1,weekend,00:01,07:55,55+,on_site,1,0
user_012,2024-01-08,50.72,3,233,49,25,27,11,2.29,62.4,0,workday,23:00,06:46,55+,on_site,1,0
user_012,2024-01-09,46.78,2,216,49,18,26,25,5.91,27.25,0,workday,22:48,07:55,55+,on_site,1,0
user_012,2024-01-10,16.15,1,130,45,21,25,15,5.88,46.56,1,workday,23:30,05:58,55+,on_site,1,0
user_012,2024-01-11,21.16,1,262,50,21,35,14,5.08,41.17,1,workday,23:10,07:36,55+,on_site,1,0
user_012,2024-01-12,50.84,3,193,33,8,34,16,3.73,57.5,1,workday,22:37,07:07,55+,on_site,1,0
user_012,2024-01-13,57.02,3,214,28,9,29,19,1.31,73.85,0,weekend,22:34,07:23,55+,on_site,1,0
user_012,2024-01-14,29.67,2,206,27,12,35,19,5.44,42.64,1,weekend,23:48,07:03,55+,on_site,1,0
user_012,2024-01-15,87.86,4,169,40,12,22,18,5.87,43.24,0,workday,23:11,07:17,55+,on_site,1,0
user_012,2024-01-16,42.35,2,200,43,24,27,18,4.24,52.17,0,workday,22:33,07:08,55+,on_site,1,0
user_012,2024-01-17,26.28,2,233,52,18,36,24,8.34,44.64,0,workday,22:43,07:47,55+,on_site,1,0
user_012,2024-01-18,63.96,3,173,32,11,26,14,6.03,69.91,1,workday,23:29,06:23,55+,on_site,1,0
user_012,2024-01-19,41.2,2,159,26,13,21,18,4.11,75.18,0,workday,22:45,06:52,55+,on_site,1,0
user_012,2024-01-20,67.78,3,198,46,14,34,20,2.4,65.0,0,weekend,22:42,07:42,55+,on_site,1,0
user_012,2024-01-21,44.74,2,219,49,31,10,26,2.65,54.5,0,weekend,23:06,08:10,55+,on_site,1,0
user_013,2024-01-01,64.59,3,261,49,34,34,17,4.13,79.21,1,workday,22:55,07:14,35-44,hybrid,1,0
user_013,2024-01-02,99.93,4,200,31,6,14,3,0.08,79.09,0,workday,23:18,06:50,35-44,hybrid,1,0
user_013,2024-01-03,65.35,3,231,50,40,33,20,5.55,58.83,1,workday,23:15,07:21,35-44,hybrid,1,0
user_013,2024-01-04,89.56,4,273,55,22,25,28,4.69,71.39,1,workday,22:52,07:03,35-44,hybrid,1,0
user_013,2024-01-05,75.1,4,265,18,5,18,16,4.58,49.42,1,workday,22:59,06:45,35-44,hybrid,1,0
user_013,2024-01-06,69.97,3,162,24,8,16,10,3.01,40.2,0,weekend,22:59,08:07,35-44,hybrid,1,0
user_013,2024-01-07,54.54,3,194,40,11,27,18,4.13,54.85,0,weekend,23:30,07:25,35-44,hybrid,1,0
user_013,2024-01-08,90.18,4,176,59,25,15,21,2.54,68.25,0,workday,23:13,07:08,35-44,hybrid,1,0
user_013,2024-01-09,61.6,3,182,56,30,25,17,5.95,48.75,0,workday,22:47,07:31,35-44,hybrid,1,0
user_013,2024-01-10,54.55,3,229,52,22,19,23,5.75,49.82,0,workday,23:24,07:12,35-44,hybrid,1,0
user_013,2024-01-11,56.88,3,188,49,8,32,21,3.93,67.24,1,workday,22:33,06:59,35-44,hybrid,1,0
user_013,2024-01-12,55.61,3,182,43,14,26,20,5.72,57.27,1,workday,23:29,07:23,35-44,hybrid,1,0
user_013,2024-01-13,60.96,3,215,38,22,31,18,3.74,59.17,0,weekend,22:40,08:32,35-44,hybrid,1,0
user_013,2024-01-14,15.06,1,204,42,27,20,24,4.49,52.94,1,weekend,00:22,07:48,35-44,hybrid,1,0
user_013,2024-01-15,70.59,3,235,35,12,19,18,4.72,58.74,0,workday,22:04,06:23,35-44,hybrid,1,0
user_013,2024-01-16,38.76,2,130,47,30,28,20,8.67,31.64,1,workday,23:15,07:15,35-44,hybrid,1,0
user_013,2024-01-17,54.0,3,288,47,17,30,22,6.96,35.54,1,workday,00:04,06:56,35-44,hybrid,1,0
user_013,2024-01-18,35.67,2,250,36,26,11,10,2.96,54.05,1,workday,22:20,06:37,35-44,hybrid,1,0
user_013,2024-01-19,44.39,2,247,48,34,36,24,4.05,39.59,1,workday,22:38,07:01,35-44,hybrid,1,0
user_013,2024-01-20,52.2,3,210,52,10,35,24,3.86,52.99,0,weekend,23:06,07:44,35-44,hybrid,1,0
user_013,2024-01-21,66.41,3,178,38,16,29,20,3.63,72.82,0,weekend,23:09,07:50,35-44,hybrid,1,0
user_014,2024-01-01,70.13,3,234,60,18,29,20,4.83,56.24,0,workday,23:29,07:35,45-54,remote,1,0
user_014,2024-01-02,74.92,3,226,44,27,27,16,4.54,48.67,1,workday,23:12,06:30,45-54,remote,1,0
user_014,2024-01-03,63.15,3,239,55,17,41,28,5.47,46.42,1,workday,23:56,07:30,45-54,remote,1,0
user_014,2024-01-04,100.0,4,208,32,14,19,14,3.75,74.77,0,workday,22:48,07:53,45-54,remote,1,0
user_014,2024-01-05,65.37,3,270,41,14,13,22,5.9,62.61,1,workday,22:37,07:18,45-54,remote,1,0
user_014,2024-01-06,94.95,4,217,28,15,2,12,3.37,59.9,0,weekend,23:26,07:58,45-54,remote,1,0
user_014,2024-01-07,82.42,4,172,53,8,37,14,2.99,67.92,0,weekend,23:17,07:23,45-54,remote,1,0
user_014,2024-01-08,78.1,4,241,39,22,16,12,7.13,56.7,0,workday,22:31,07:08,45-54,remote,1,0
user_014,2024-01-09,78.61,4,229,36,15,32,15,3.14,72.27,0,workday,22:42,05:47,45-54,remote,1,0
user_014,2024-01-10,65.75,3,266,55,29,27,15,5.01,42.23,0,workday,23:06,06:37,45-54,remote,1,0
user_014,2024-01-11,83.74,4,242,29,14,16,14,2.23,68.41,0,workday,22:43,06:49,45-54,remote,1,0
user_014,2024-01-12,88.22,4,197,39,28,35,16,5.36,58.7,0,workday,00:01,06:52,45-54,remote,1,0
user_014,2024-01-13,78.99,4,263,39,13,35,13,4.27,61.98,0,weekend,22:40,08:39,45-54,remote,1,0
user_014,2024-01-14,69.4,3,256,44,31,40,24,5.02,50.24,1,weekend,23:31,07:19,45-54,remote,1,0
user_014,2024-01-15,59.41,3,219,39,13,25,15,4.65,62.83,1,workday,23:03,06:20,45-54,remote,1,0
user_014,2024-01-16,58.1,3,244,59,37,25,21,5.16,68.79,0,workday,23:22,07:13,45-54,remote,1,0
user_014,2024-01-17,55.18,3,218,55,7,24,30,6.1,24.1,1,workday,23:08,07:38,45-54,remote,1,0
user_014,2024-01-18,83.67,4,200,17,3,12,3,3.81,62.28,1,workday,23:19,08:02,45-54,remote,1,0
user_014,2024-01-19,64.24,3,296,48,42,29,20,5.14,44.84,0,workday,23:15,06:30,45-54,remote,1,0
user_014,2024-01-20,51.96,3,206,43,22,29,14,5.25,57.35,1,weekend,23:22,07:49,45-54,remote,1,0
user_014,2024-01-21,92.15,4,219,24,14,15,11,2.61,41.72,0,weekend,22:56,07:20,45-54,remote,1,0
user_015,2024-01-01,76.98,4,157,53,24,36,21,6.8,63.85,0,workday,22:13,06:45,25-34,hybrid,0,0
user_015,2024-01-02,56.83,3,219,34,20,31,17,4.24,49.27,0,workday,22:47,07:30,25-34,hybrid,0,0
user_015,2024-01-03,30.85,2,262,59,26,35,26,3.81,74.35,1,workday,23:25,07:15,25-34,hybrid,0,0
user_015,2024-01-04,10.56,1,238,37,24,13,18,5.12,29.07,1,workday,22:42,07:55,25-34,hybrid,0,0
user_015,2024-01-05,29.23,2,228,49,12,25,23,5.95,58.26,1,workday,23:06,07:41,25-34,hybrid,0,0
user_015,2024-01-06,57.95,3,194,30,13,20,21,4.13,66.69,1,weekend,22:50,07:13,25-34,hybrid,0,0
user_015,2024-01-07,64.38,3,243,56,5,27,23,3.9,70.9,0,weekend,00:44,07:19,25-34,hybrid,0,0
user_015,2024-01-08,33.24,2,229,60,32,43,25,6.25,59.18,1,workday,23:13,06:03,25-34,hybrid,0,0
user_015,2024-01-09,59.28,3,225,41,18,13,18,4.16,67.92,0,workday,22:54,06:46,25-34,hybrid,0,0
user_015,2024-01-10,33.98,2,298,51,27,33,20,8.57,47.59,0,workday,23:34,07:00,25-34,hybrid,0,0
user_015,2024-01-11,49.11,2,190,33,12,17,15,4.87,74.59,0,workday,22:07,06:15,25-34,hybrid,0,0
user_015,2024-01-12,53.04,3,256,30,17,25,21,5.79,62.11,1,workday,22:54,06:30,25-34,hybrid,0,0
user_015,2024-01-13,38.71,2,258,60,5,42,19,5.52,56.52,0,weekend,23:38,08:02,25-34,hybrid,0,0
user_015,2024-01-14,45.51,2,289,31,10,18,15,3.04,73.45,0,weekend,23:39,07:42,25-34,hybrid,0,0
user_015,2024-01-15,74.45,3,198,27,11,35,11,6.54,63.74,0,workday,23:10,06:08,25-34,hybrid,0,0
user_015,2024-01-16,47.89,2,215,34,17,28,22,6.36,62.99,0,workday,22:39,07:13,25-34,hybrid,0,0
user_015,2024-01-17,30.49,2,238,54,23,38,26,5.76,40.6,0,workday,22:42,06:32,25-34,hybrid,0,0
user_015,2024-01-18,22.4,1,194,48,19,26,11,4.87,43.55,1,workday,22:38,07:02,25-34,hybrid,0,0
user_015,2024-01-19,37.13,2,223,46,13,26,18,4.43,54.3,0,workday,23:48,07:23,25-34,hybrid,0,0
user_015,2024-01-20,32.55,2,254,45,10,24,23,5.35,51.08,0,weekend,23:36,07:52,25-34,hybrid,0,0
user_015,2024-01-21,54.59,3,172,35,28,35,20,2.68,58.56,0,weekend,22:52,08:02,25-34,hybrid,0,0
user_016,2024-01-01,80.15,4,240,49,37,48,24,6.25,48.35,0,workday,22:37,07:14,25-34,remote,0,0
user_016,2024-01-02,90.29,4,246,39,6,22,14,3.24,63.62,1,workday,23:10,07:14,25-34,remote,0,0
user_016,2024-01-03,67.35,3,201,46,21,31,22,3.51,60.3,1,workday,22:55,06:40,25-34,remote,0,0
user_016,2024-01-04,77.77,4,247,49,24,33,25,4.73,79.67,1,workday,22:40,07:41,25-34,remote,0,0
user_016,2024-01-05,77.53,4,227,47,31,38,22,4.64,56.53,0,workday,23:34,06:10,25-34,remote,0,0
user_016,2024-01-06,78.88,4,162,50,22,36,21,7.46,54.83,0,weekend,23:56,08:31,25-34,remote,0,0
user_016,2024-01-07,86.04,4,164,30,10,19,5,0.82,53.5,0,weekend,23:23,07:47,25-34,remote,0,0
user_016,2024-01-08,42.42,2,265,47,27,33,21,5.72,56.39,0,workday,22:51,06:46,25-34,remote,0,0
user_016,2024-01-09,60.13,3,215,60,36,45,27,5.95,63.8,0,workday,00:09,06:50,25-34,remote,0,0
user_016,2024-01-10,62.77,3,251,46,21,31,17,7.74,74.08,1,workday,23:35,07:12,25-34,remote,0,0
user_016,2024-01-11,61.85,3,234,60,15,37,24,3.95,33.18,0,workday,23:10,08:29,25-34,remote,0,0
user_016,2024-01-12,68.81,3,269,35,3,12,19,5.63,41.12,1,workday,21:56,07:32,25-34,remote,0,0
user_016,2024-01-13,54.66,3,263,57,15,36,29,6.12,63.08,0,weekend,23:09,07:49,25-34,remote,0,0
user_016,2024-01-14,57.98,3,300,54,20,43,21,3.88,27.88,0,weekend,00:15,07:58,25-34,remote,0,0
user_016,2024-01-15,55.15,3,243,50,32,28,22,7.19,66.3,0,workday,23:21,06:34,25-34,remote,0,0
user_016,2024-01-16,57.43,3,227,59,7,39,23,7.64,55.0,0,workday,23:32,07:31,25-34,remote,0,0
user_016,2024-01-17,65.65,3,207,31,22,20,17,4.66,51.72,0,workday,23:08,07:10,25-34,remote,0,0
user_016,2024-01-18,79.75,4,154,38,22,26,18,3.04,61.57,1,workday,22:51,06:05,25-34,remote,0,0
user_016,2024-01-19,79.59,4,203,36,13,35,19,3.99,45.59,0,workday,23:29,07:30,25-34,remote,0,0
user_016,2024-01-20,84.92,4,247,39,15,28,14,1.73,59.86,0,weekend,23:18,08:19,25-34,remote,0,0
user_016,2024-01-21,80.42,4,260,51,20,41,28,7.63,74.47,0,weekend,23:32,07:40,25-34,remote,0,0
user_017,2024-01-01,38.32,2,243,47,30,43,24,7.94,69.77,1,workday,23:04,06:51,35-44,on_site,0,0
user_017,2024-01-02,63.66,3,202,33,15,23,19,5.53,61.6,0,workday,22:56,07:04,35-44,on_site,0,0
user_017,2024-01-03,38.99,2,286,37,12,27,20,4.8,73.46,0,workday,22:48,06:59,35-44,on_site,0,0
user_017,2024-01-04,17.75,1,196,43,9,14,22,3.33,64.06,1,workday,23:34,08:30,35-44,on_site,0,0
user_017,2024-01-05,25.69,2,199,44,23,19,27,6.48,47.78,1,workday,00:03,07:34,35-44,on_site,0,0
user_017,2024-01-06,59.72,3,219,43,11,23,16,4.06,75.7,0,weekend,23:05,08:24,35-44,on_site,0,0
user_017,2024-01-07,45.73,2,206,37,15,15,19,5.4,49.1,1,weekend,23:33,07:03,35-44,on_site,0,0
user_017,2024-01-08,65.02,3,100,36,8,30,21,5.21,66.76,1,workday,22:27,06:33,35-44,on_site,0,0
user_017,2024-01-09,89.22,4,182,18,12,12,15,2.73,67.48,0,workday,22:57,07:45,35-44,on_site,0,0
user_017,2024-01-10,51.29,3,193,47,5,21,24,5.96,46.25,1,workday,23:31,06:45,35-44,on_site,0,0
user_017,2024-01-11,40.16,2,158,56,19,26,22,5.03,49.23,1,workday,22:50,06:36,35-44,on_site,0,0
user_017,2024-01-12,71.62,3,225,52,24,34,23,6.15,65.31,1,workday,00:12,06:35,35-44,on_site,0,0
user_017,2024-01-13,66.38,3,203,24,9,14,13,1.74,40.7,0,weekend,23:08,07:27,35-44,on_site,0,0
user_017,2024-01-14,34.83,2,248,46,23,31,19,5.93,50.74,1,weekend,00:14,07:22,35-44,on_site,0,0
user_017,2024-01-15,49.74,2,212,56,21,40,27,4.94,50.91,1,workday,22:57,06:19,35-44,on_site,0,0
user_017,2024-01-16,79.78,4,199,44,20,14,19,6.13,57.92,0,workday,23:55,07:10,35-44,on_site,0,0
user_017,2024-01-17,33.07,2,182,32,4,22,24,5.23,56.57,1,workday,21:59,06:50,35-44,on_site,0,0
user_017,2024-01-18,70.84,3,211,40,25,42,25,6.98,46.13,0,workday,22:48,06:26,35-44,on_site,0,0
user_017,2024-01-19,52.67,3,115,22,21,10,15,5.72,51.36,0,workday,23:45,06:54,35-44,on_site,0,0
user_017,2024-01-20,67.99,3,198,40,32,21,19,5.65,46.2,0,weekend,23:26,06:56,35-44,on_site,0,0
user_017,2024-01-21,57.86,3,177,47,23,24,24,2.88,62.27,0,weekend,00:21,07:33,35-44,on_site,0,0
user_018,2024-01-01,18.03,1,220,54,19,46,22,6.59,49.37,0,workday,23:00,06:23,18-24,hybrid,0,0
user_018,2024-01-02,42.86,2,193,51,44,33,20,4.4,64.15,0,workday,23:37,06:44,18-24,hybrid,0,0
user_018,2024-01-03,42.83,2,186,32,14,17,19,6.88,45.7,0,workday,22:51,06:54,18-24,hybrid,0,0
user_018,2024-01-04,73.33,3,191,33,16,40,18,1.85,100.0,1,workday,23:03,06:24,18-24,hybrid,0,0
user_018,2024-01-05,25.62,2,187,52,30,32,26,3.67,52.77,1,workday,23:56,06:40,18-24,hybrid,0,0
user_018,2024-01-06,48.73,2,152,28,16,24,22,2.36,90.83,0,weekend,23:19,07:27,18-24,hybrid,0,0
user_018,2024-01-07,2.72,1,233,40,24,29,25,5.86,45.03,1,weekend,23:20,06:52,18-24,hybrid,0,0
user_018,2024-01-08,43.12,2,238,40,11,34,19,2.18,53.74,1,workday,23:19,07:00,18-24,hybrid,0,0
user_018,2024-01-09,70.6,3,258,43,21,40,18,3.91,64.82,0,workday,22:42,06:50,18-24,hybrid,0,0
user_018,2024-01-10,45.63,2,225,60,23,39,25,3.59,72.62,1,workday,22:56,06:35,18-24,hybrid,0,0
user_018,2024-01-11,44.07,2,252,28,12,21,23,3.31,85.38,0,workday,23:30,06:25,18-24,hybrid,0,0
user_018,2024-01-12,16.16,1,222,31,13,19,25,6.53,48.26,0,workday,22:20,06:51,18-24,hybrid,0,0
user_018,2024-01-13,34.96,2,273,43,37,37,22,2.48,69.95,0,weekend,00:11,07:35,18-24,hybrid,0,0
user_018,2024-01-14,70.2,3,233,45,23,30,25,4.54,72.77,0,weekend,23:32,08:30,18-24,hybrid,0,0
user_018,2024-01-15,39.47,2,240,48,20,32,19,5.29,68.51,0,workday,23:45,07:27,18-24,hybrid,0,0
user_018,2024-01-16,11.67,1,243,49,35,24,14,6.58,40.28,1,workday,23:01,06:01,18-24,hybrid,0,0
user_018,2024-01-17,35.53,2,201,58,30,28,28,4.88,49.67,0,workday,22:32,06:59,18-24,hybrid,0,0
user_018,2024-01-18,30.06,2,211,59,19,39,20,1.95,74.64,1,workday,22:47,07:11,18-24,hybrid,0,0
user_018,2024-01-19,55.32,3,144,19,8,23,17,4.13,60.29,1,workday,22:53,07:31,18-24,hybrid,0,0
user_018,2024-01-20,45.37,2,214,39,29,18,17,4.84,40.38,0,weekend,22:36,08:00,18-24,hybrid,0,0
user_018,2024-01-21,32.09,2,229,60,28,36,27,5.99,51.46,0,weekend,23:24,07:37,18-24,hybrid,0,0
user_019,2024-01-01,58.35,3,240,46,28,36,26,2.34,62.77,0,workday,22:46,06:58,45-54,hybrid,1,0
user_019,2024-01-02,68.13,3,133,25,15,21,10,2.31,61.96,0,workday,23:02,07:48,45-54,hybrid,1,0
user_019,2024-01-03,44.81,2,218,45,12,32,24,7.36,41.61,0,workday,22:56,06:58,45-54,hybrid,1,0
user_019,2024-01-04,27.03,2,206,40,30,22,17,4.23,35.99,0,workday,23:45,07:11,45-54,hybrid,1,0
user_019,2024-01-05,54.79,3,195,34,20,23,15,5.11,56.72,0,workday,23:19,07:20,45-54,hybrid,1,0
user_019,2024-01-06,38.26,2,198,38,20,22,14,3.79,47.35,0,weekend,23:41,08:20,45-54,hybrid,1,0
user_019,2024-01-07,22.83,1,283,60,5,40,23,3.83,47.75,0,weekend,23:33,07:56,45-54,hybrid,1,0
user_019,2024-01-08,79.5,4,194,32,11,19,14,2.5,68.04,0,workday,23:21,06:30,45-54,hybrid,1,0
user_019,2024-01-09,17.74,1,191,52,22,40,20,8.4,49.96,0,workday,22:21,07:45,45-54,hybrid,1,0
user_019,2024-01-10,49.22,2,241,60,33,27,22,5.3,50.22,1,workday,22:06,06:59,45-54,hybrid,1,0
user_019,2024-01-11,55.26,3,240,25,14,21,14,7.21,33.48,1,workday,23:09,07:19,45-54,hybrid,1,0
user_019,2024-01-12,19.27,1,178,56,15,39,24,7.01,37.95,0,workday,23:30,06:56,45-54,hybrid,1,0
user_019,2024-01-13,76.04,4,211,30,17,33,14,5.22,60.91,0,weekend,00:24,07:41,45-54,hybrid,1,0
user_019,2024-01-14,60.04,3,208,33,8,33,20,1.82,89.83,0,weekend,22:46,08:25,45-54,hybrid,1,0
user_019,2024-01-15,41.01,2,156,27,14,34,13,3.42,46.47,0,workday,21:59,07:43,45-54,hybrid,1,0
user_019,2024-01-16,31.32,2,246,44,24,26,21,7.09,56.24,0,workday,23:08,07:01,45-54,hybrid,1,0
user_019,2024-01-17,58.82,3,209,32,19,6,15,5.21,50.89,0,workday,22:46,07:06,45-54,hybrid,1,0
user_019,2024-01-18,0.0,1,215,34,17,23,15,3.36,64.05,1,workday,22:45,05:45,45-54,hybrid,1,0
user_019,2024-01-19,33.79,2,225,34,25,29,18,7.46,74.64,1,workday,23:46,07:02,45-54,hybrid,1,0
user_019,2024-01-20,16.21,1,177,49,20,36,17,5.02,55.49,0,weekend,23:33,07:45,45-54,hybrid,1,0
user_019,2024-01-21,50.4,3,211,41,15,24,12,3.81,60.77,0,weekend,23:26,07:18,45-54,hybrid,1,0
user_020,2024-01-01,41.93,2,179,51,20,30,21,2.65,44.27,0,workday,23:25,06:43,35-44,remote,0,1
user_020,2024-01-02,0.0,1,247,49,14,43,23,10.0,25.43,0,workday,22:18,06:54,35-44,remote,0,1
user_020,2024-01-03,20.52,1,235,48,36,30,16,5.75,55.87,1,workday,22:44,07:10,35-44,remote,0,1
user_020,2024-01-04,0.0,1,289,60,34,36,23,7.94,65.55,1,workday,22:45,06:55,35-44,remote,0,1
user_020,2024-01-05,26.75,2,298,60,25,50,19,9.09,48.18,0,workday,23:57,06:08,35-44,remote,0,1
user_020,2024-01-06,24.62,1,295,44,22,35,16,5.37,49.9,0,weekend,23:13,07:51,35-44,remote,0,1
user_020,2024-01-07,38.05,2,225,29,19,20,10,4.28,73.48,0,weekend,22:29,06:58,35-44,remote,0,1
user_020,2024-01-08,31.92,2,214,37,10,26,18,4.91,43.92,0,workday,22:37,07:21,35-44,remote,0,1
user_020,2024-01-09,14.17,1,239,57,24,25,28,8.58,54.68,1,workday,23:44,06:24,35-44,remote,0,1
user_020,2024-01-10,58.88,3,229,50,28,48,26,7.83,57.93,1,workday,23:33,06:09,35-44,remote,0,1
user_020,2024-01-11,25.04,2,257,36,16,5,16,4.04,67.64,1,workday,23:03,07:27,35-44,remote,0,1
user_020,2024-01-12,31.79,2,249,42,9,36,24,5.41,38.9,1,workday,22:36,06:42,35-44,remote,0,1
user_020,2024-01-13,24.68,1,262,39,27,29,25,4.11,37.6,0,weekend,23:46,08:11,35-44,remote,0,1
user_020,2024-01-14,47.77,2,253,51,6,30,22,3.9,65.85,0,weekend,23:22,07:03,35-44,remote,0,1
user_020,2024-01-15,4.31,1,229,51,26,33,21,5.67,50.29,1,workday,22:52,08:10,35-44,remote,0,1
user_020,2024-01-16,61.82,3,177,47,19,34,26,4.07,80.46,0,workday,22:47,07:17,35-44,remote,0,1
user_020,2024-01-17,3.58,1,238,48,23,33,21,5.6,72.72,1,workday,23:24,07:05,35-44,remote,0,1
user_020,2024-01-18,21.43,1,240,46,31,32,21,9.24,42.76,0,workday,22:47,07:07,35-44,remote,0,1
user_020,2024-01-19,37.02,2,207,37,9,38,15,6.63,56.13,1,workday,22:23,07:23,35-44,remote,0,1
user_020,2024-01-20,0.0,1,227,35,26,15,18,5.83,57.95,1,weekend,22:54,07:01,35-44,remote,0,1
user_020,2024-01-21,15.46,1,252,42,24,32,13,3.38,52.67,0,weekend,23:18,08:12,35-44,remote,0,1
user_021,2024-01-01,52.89,3,261,45,26,7,13,3.81,74.18,1,workday,22:17,07:12,35-44,hybrid,0,1
user_021,2024-01-02,51.18,3,176,36,14,15,17,4.2,49.82,0,workday,23:33,06:48,35-44,hybrid,0,1
user_021,2024-01-03,16.78,1,281,56,40,29,30,6.23,56.78,0,workday,22:42,07:32,35-44,hybrid,0,1
user_021,2024-01-04,40.86,2,157,42,24,20,18,4.32,65.73,0,workday,22:31,07:08,35-44,hybrid,0,1
user_021,2024-01-05,44.66,2,217,35,14,8,13,4.76,58.67,0,workday,22:27,07:46,35-44,hybrid,0,1
user_021,2024-01-06,35.44,2,182,36,10,37,21,4.59,55.66,1,weekend,22:52,08:14,35-44,hybrid,0,1
user_021,2024-01-07,47.45,2,245,60,43,43,25,9.69,60.84,0,weekend,23:57,06:50,35-44,hybrid,0,1
user_021,2024-01-08,38.93,2,255,44,6,25,11,4.53,67.27,0,workday,22:42,06:49,35-44,hybrid,0,1
user_021,2024-01-09,6.53,1,215,53,27,26,22,8.02,48.53,0,workday,22:30,06:08,35-44,hybrid,0,1
user_021,2024-01-10,18.53,1,214,36,16,24,10,4.74,49.52,0,workday,22:31,07:11,35-44,hybrid,0,1
user_021,2024-01-11,55.82,3,189,40,36,24,7,5.33,67.94,0,workday,21:27,07:07,35-44,hybrid,0,1
user_021,2024-01-12,64.26,3,145,16,8,15,14,3.29,69.0,0,workday,22:52,06:20,35-44,hybrid,0,1
user_021,2024-01-13,41.83,2,192,53,44,32,17,3.47,71.23,1,weekend,23:07,07:30,35-44,hybrid,0,1
user_021,2024-01-14,56.58,3,214,51,25,32,29,1.75,77.09,0,weekend,23:13,07:41,35-44,hybrid,0,1
user_021,2024-01-15,22.09,1,216,47,18,33,17,4.96,54.37,0,workday,23:42,07:18,35-44,hybrid,0,1
user_021,2024-01-16,0.94,1,248,45,25,38,19,5.7,37.3,1,workday,22:17,06:54,35-44,hybrid,0,1
user_021,2024-01-17,36.5,2,183,35,7,22,17,1.23,77.96,1,workday,21:55,06:38,35-44,hybrid,0,1
user_021,2024-01-18,33.33,2,215,42,22,13,3,3.6,53.92,0,workday,23:13,07:13,35-44,hybrid,0,1
user_021,2024-01-19,0.0,1,252,60,40,41,30,8.58,48.18,1,workday,22:26,06:55,35-44,hybrid,0,1
user_021,2024-01-20,35.91,2,169,54,22,38,22,3.33,54.13,0,weekend,00:01,07:47,35-44,hybrid,0,1
user_021,2024-01-21,15.58,1,252,43,16,32,28,7.57,50.82,1,weekend,22:04,08:00,35-44,hybrid,0,1
user_022,2024-01-01,24.66,1,215,44,25,16,25,6.07,51.79,0,workday,23:24,06:33,25-34,hybrid,1,0
user_022,2024-01-02,20.68,1,237,46,21,38,23,8.66,52.7,1,workday,23:29,07:00,25-34,hybrid,1,0
user_022,2024-01-03,49.08,2,282,51,12,27,28,6.57,39.8,0,workday,22:56,07:38,25-34,hybrid,1,0
user_022,2024-01-04,76.7,4,184,39,24,13,16,4.85,59.92,0,workday,23:29,06:59,25-34,hybrid,1,0
user_022,2024-01-05,42.77,2,209,52,6,42,22,6.43,53.07,0,workday,21:26,06:17,25-34,hybrid,1,0
user_022,2024-01-06,66.16,3,183,33,18,17,14,4.09,57.41,0,weekend,23:20,07:23,25-34,hybrid,1,0
user_022,2024-01-07,42.63,2,274,47,9,27,20,7.84,61.86,0,weekend,23:22,07:57,25-34,hybrid,1,0
user_022,2024-01-08,42.6,2,205,41,15,31,21,2.13,46.68,0,workday,22:38,07:33,25-34,hybrid,1,0
user_022,2024-01-09,34.36,2,140,34,9,19,15,6.41,47.97,0,workday,23:43,06:40,25-34,hybrid,1,0
user_022,2024-01-10,51.26,3,200,24,4,31,12,3.33,79.74,1,workday,23:11,06:30,25-34,hybrid,1,0
user_022,2024-01-11,46.96,2,263,37,22,30,8,5.08,42.3,1,workday,21:35,06:54,25-34,hybrid,1,0
user_022,2024-01-12,29.67,2,197,44,8,31,18,6.36,34.74,0,workday,23:05,06:33,25-34,hybrid,1,0
user_022,2024-01-13,53.18,3,243,30,11,30,15,5.01,63.66,0,weekend,00:47,07:12,25-34,hybrid,1,0
user_022,2024-01-14,67.94,3,217,39,11,24,16,4.79,57.07,0,weekend,23:22,07:31,25-34,hybrid,1,0
user_022,2024-01-15,58.22,3,251,34,16,29,10,3.27,50.33,0,workday,22:58,07:11,25-34,hybrid,1,0
user_022,2024-01-16,72.66,3,185,9,5,21,10,3.71,63.13,0,workday,22:06,07:00,25-34,hybrid,1,0
user_022,2024-01-17,31.61,2,281,60,18,44,25,4.98,58.51,1,workday,23:09,05:53,25-34,hybrid,1,0
user_022,2024-01-18,52.16,3,226,45,13,16,18,4.02,74.48,0,workday,23:06,07:00,25-34,hybrid,1,0
user_022,2024-01-19,28.21,2,190,39,14,27,24,7.05,34.94,1,workday,22:57,06:44,25-34,hybrid,1,0
user_022,2024-01-20,46.46,2,200,49,15,20,18,5.41,58.9,0,weekend,22:47,07:59,25-34,hybrid,1,0
user_022,2024-01-21,61.14,3,270,37,8,31,22,3.38,53.94,0,weekend,23:02,08:03,25-34,hybrid,1,0
user_023,2024-01-01,47.11,2,206,35,19,24,19,2.9,32.29,0,workday,22:55,07:31,55+,on_site,1,0
user_023,2024-01-02,78.36,4,184,27,7,15,19,2.45,46.9,0,workday,22:33,07:10,55+,on_site,1,0
user_023,2024-01-03,52.76,3,231,48,17,40,15,6.61,57.02,0,workday,23:02,07:09,55+,on_site,1,0
user_023,2024-01-04,59.23,3,206,35,19,28,12,2.47,67.25,1,workday,22:58,07:13,55+,on_site,1,0
user_023,2024-01-05,48.37,2,262,43,32,23,22,6.42,59.32,1,workday,22:57,06:58,55+,on_site,1,0
user_023,2024-01-06,61.89,3,289,33,7,25,17,3.57,55.54,0,weekend,23:16,08:16,55+,on_site,1,0
user_023,2024-01-07,51.94,3,181,36,12,19,22,4.53,50.08,0,weekend,00:04,08:26,55+,on_site,1,0
user_023,2024-01-08,31.72,2,197,36,17,30,20,7.85,48.59,0,workday,23:03,07:24,55+,on_site,1,0
user_023,2024-01-09,73.05,3,252,41,34,7,14,5.08,52.62,0,workday,23:32,07:10,55+,on_site,1,0
user_023,2024-01-10,46.31,2,205,36,15,34,20,5.67,54.62,0,workday,22:35,07:12,55+,on_site,1,0
user_023,2024-01-11,50.67,3,228,32,24,29,28,6.38,76.07,0,workday,22:21,07:34,55+,on_site,1,0
user_023,2024-01-12,94.18,4,218,47,6,20,18,4.97,67.14,0,workday,22:44,07:00,55+,on_site,1,0
user_023,2024-01-13,38.31,2,261,48,5,30,25,6.32,40.16,1,weekend,23:05,08:02,55+,on_site,1,0
user_023,2024-01-14,50.14,3,235,47,29,38,26,5.12,37.55,0,weekend,23:09,07:19,55+,on_site,1,0
user_023,2024-01-15,69.47,3,208,28,13,24,19,3.1,64.34,0,workday,22:47,06:59,55+,on_site,1,0
user_023,2024-01-16,74.44,3,197,35,23,26,17,6.05,60.93,0,workday,23:48,06:28,55+,on_site,1,0
user_023,2024-01-17,83.98,4,182,32,18,29,12,9.02,50.02,0,workday,22:48,06:55,55+,on_site,1,0
user_023,2024-01-18,50.06,3,219,42,18,32,27,5.69,51.03,0,workday,22:41,07:31,55+,on_site,1,0
user_023,2024-01-19,53.37,3,202,45,11,21,20,5.58,38.47,0,workday,23:43,07:00,55+,on_site,1,0
user_023,2024-01-20,39.38,2,224,32,7,17,24,5.21,38.47,0,weekend,23:10,07:58,55+,on_site,1,0
user_023,2024-01-21,93.37,4,196,39,20,28,18,3.06,67.88,0,weekend,22:54,07:53,55+,on_site,1,0
user_024,2024-01-01,71.22,3,178,52,30,30,23,5.56,55.51,0,workday,22:40,07:05,45-54,hybrid,1,0
user_024,2024-01-02,65.58,3,204,37,26,28,19,2.66,64.83,1,workday,23:17,07:32,45-54,hybrid,1,0
user_024,2024-01-03,100.0,4,218,44,21,21,22,3.61,66.71,0,workday,23:16,06:55,45-54,hybrid,1,0
user_024,2024-01-04,77.84,4,181,37,16,29,19,4.59,65.19,1,workday,23:13,06:20,45-54,hybrid,1,0
user_024,2024-01-05,79.32,4,213,50,8,45,23,4.44,45.79,0,workday,22:59,06:08,45-54,hybrid,1,0
user_024,2024-01-06,100.0,4,223,32,15,32,15,3.24,62.81,0,weekend,23:20,06:59,45-54,hybrid,1,0
user_024,2024-01-07,33.58,2,211,25,12,23,13,6.12,41.23,0,weekend,22:38,07:21,45-54,hybrid,1,0
user_024,2024-01-08,90.34,4,197,26,12,15,11,1.59,97.07,0,workday,22:18,07:13,45-54,hybrid,1,0
user_024,2024-01-09,100.0,4,246,28,7,32,12,5.52,60.69,0,workday,23:02,07:05,45-54,hybrid,1,0
user_024,2024-01-10,81.58,4,194,39,14,19,22,6.06,56.85,0,workday,23:36,06:49,45-54,hybrid,1,0
user_024,2024-01-11,68.44,3,161,48,15,35,20,5.61,60.0,1,workday,22:57,07:29,45-54,hybrid,1,0
user_024,2024-01-12,80.98,4,256,47,28,31,22,5.79,55.09,0,workday,22:56,07:09,45-54,hybrid,1,0
user_024,2024-01-13,66.29,3,224,34,23,34,20,5.47,59.8,0,weekend,00:31,08:12,45-54,hybrid,1,0
user_024,2024-01-14,51.93,3,221,46,14,18,18,2.45,64.39,1,weekend,23:51,07:20,45-54,hybrid,1,0
user_024,2024-01-15,87.64,4,197,44,44,20,20,5.33,62.88,0,workday,23:03,07:05,45-54,hybrid,1,0
user_024,2024-01-16,79.3,4,203,35,6,22,16,5.44,60.88,1,workday,00:02,07:42,45-54,hybrid,1,0
user_024,2024-01-17,43.82,2,167,27,19,14,13,5.36,49.43,0,workday,22:31,07:26,45-54,hybrid,1,0
user_024,2024-01-18,96.7,4,209,31,10,21,26,1.92,67.21,0,workday,23:11,07:18,45-54,hybrid,1,0
user_024,2024-01-19,100.0,4,198,45,29,27,24,5.79,56.6,0,workday,22:35,06:46,45-54,hybrid,1,0
user_024,2024-01-20,80.65,4,229,39,31,25,16,4.36,70.09,0,weekend,00:04,07:29,45-54,hybrid,1,0
user_024,2024-01-21,100.0,4,210,27,5,7,15,2.15,62.33,0,weekend,23:22,08:28,45-54,hybrid,1,0
user_025,2024-01-01,33.81,2,153,28,14,13,8,1.33,59.62,1,workday,22:45,06:56,45-54,hybrid,0,1
user_025,2024-01-02,25.03,2,205,46,24,46,12,5.35,60.15,0,workday,22:30,08:01,45-54,hybrid,0,1
user_025,2024-01-03,51.99,3,197,37,14,15,22,4.2,58.51,1,workday,22:17,06:55,45-54,hybrid,0,1
user_025,2024-01-04,28.33,2,251,39,15,35,29,5.7,54.9,0,workday,21:57,07:14,45-54,hybrid,0,1
user_025,2024-01-05,27.88,2,204,40,33,17,9,5.01,55.18,1,workday,23:21,06:50,45-54,hybrid,0,1
user_025,2024-01-06,36.41,2,136,31,17,37,23,4.61,67.22,0,weekend,23:17,06:22,45-54,hybrid,0,1
user_025,2024-01-07,35.67,2,227,54,20,27,24,1.22,70.97,0,weekend,23:26,07:37,45-54,hybrid,0,1
user_025,2024-01-08,9.93,1,213,60,27,30,22,7.09,65.62,1,workday,23:28,06:47,45-54,hybrid,0,1
user_025,2024-01-09,51.96,3,201,27,12,7,27,2.34,73.9,1,workday,22:40,07:27,45-54,hybrid,0,1
user_025,2024-01-10,12.63,1,191,53,24,41,30,8.18,47.32,1,workday,23:23,07:12,45-54,hybrid,0,1
user_025,2024-01-11,55.17,3,125,45,37,45,14,1.94,51.86,0,workday,22:45,07:02,45-54,hybrid,0,1
user_025,2024-01-12,12.15,1,211,54,17,28,22,4.54,69.11,0,workday,23:37,06:54,45-54,hybrid,0,1
user_025,2024-01-13,44.63,2,162,33,6,19,17,0.51,68.03,0,weekend,00:20,07:04,45-54,hybrid,0,1
user_025,2024-01-14,81.78,4,213,37,17,30,21,0.75,87.46,0,weekend,23:15,08:14,45-54,hybrid,0,1
user_025,2024-01-15,38.29,2,221,34,21,23,9,3.65,63.24,1,workday,22:06,07:21,45-54,hybrid,0,1
user_025,2024-01-16,22.06,1,173,40,19,16,27,4.69,65.04,1,workday,22:04,07:04,45-54,hybrid,0,1
user_025,2024-01-17,34.44,2,162,25,5,23,22,1.99,48.74,0,workday,23:05,06:27,45-54,hybrid,0,1
user_025,2024-01-18,5.74,1,269,50,10,50,23,9.55,24.77,0,workday,23:33,06:45,45-54,hybrid,0,1
user_025,2024-01-19,38.17,2,250,50,23,28,22,8.48,35.1,1,workday,23:55,07:14,45-54,hybrid,0,1
user_025,2024-01-20,19.17,1,199,36,20,33,25,3.85,75.3,0,weekend,22:57,08:41,45-54,hybrid,0,1
user_025,2024-01-21,33.75,2,209,47,14,37,18,1.06,87.89,0,weekend,23:50,07:36,45-54,hybrid,0,1
user_026,2024-01-01,74.97,3,245,35,21,32,11,6.26,65.22,0,workday,22:44,07:45,18-24,remote,0,0
user_026,2024-01-02,95.42,4,175,9,7,0,7,2.51,84.72,0,workday,23:19,07:36,18-24,remote,0,0
user_026,2024-01-03,70.45,3,161,13,12,14,3,3.0,72.39,0,workday,23:16,06:51,18-24,remote,0,0
user_026,2024-01-04,59.21,3,189,40,7,13,16,5.91,51.85,0,workday,23:04,06:00,18-24,remote,0,0
user_026,2024-01-05,49.47,2,159,28,26,23,20,5.92,54.1,1,workday,21:59,07:40,18-24,remote,0,0
user_026,2024-01-06,40.52,2,198,51,39,42,17,4.38,54.29,1,weekend,23:56,08:24,18-24,remote,0,0
user_026,2024-01-07,94.93,4,212,43,15,31,15,3.51,55.55,0,weekend,23:52,07:43,18-24,remote,0,0
user_026,2024-01-08,100.0,4,300,41,34,21,18,7.73,62.35,0,workday,22:52,07:24,18-24,remote,0,0
user_026,2024-01-09,65.73,3,222,35,20,24,20,6.01,37.32,0,workday,23:37,07:12,18-24,remote,0,0
user_026,2024-01-10,47.42,2,273,30,26,18,13,4.17,73.13,1,workday,22:35,06:46,18-24,remote,0,0
user_026,2024-01-11,38.38,2,284,43,22,19,20,4.05,55.68,0,workday,22:01,06:45,18-24,remote,0,0
user_026,2024-01-12,55.84,3,225,57,29,37,17,4.85,58.36,1,workday,23:03,07:15,18-24,remote,0,0
user_026,2024-01-13,65.78,3,211,28,0,17,17,5.01,64.78,0,weekend,23:35,07:26,18-24,remote,0,0
user_026,2024-01-14,64.93,3,214,38,22,19,10,5.21,62.05,0,weekend,23:59,06:52,18-24,remote,0,0
user_026,2024-01-15,67.74,3,208,46,26,34,22,7.14,49.39,0,workday,23:57,06:43,18-24,remote,0,0
user_026,2024-01-16,64.1,3,213,57,35,26,22,4.05,77.72,0,workday,22:51,08:06,18-24,remote,0,0
user_026,2024-01-17,34.03,2,262,30,6,27,13,5.19,58.72,0,workday,23:21,06:45,18-24,remote,0,0
user_026,2024-01-18,68.41,3,207,24,17,17,21,3.09,44.15,1,workday,22:40,06:34,18-24,remote,0,0
user_026,2024-01-19,58.82,3,178,38,17,24,13,0.0,69.33,0,workday,22:56,07:06,18-24,remote,0,0
user_026,2024-01-20,63.22,3,206,28,5,25,15,3.8,44.59,0,weekend,23:45,07:37,18-24,remote,0,0
user_026,2024-01-21,39.04,2,254,42,24,35,16,2.94,47.47,0,weekend,23:51,07:16,18-24,remote,0,0
user_027,2024-01-01,28.76,2,205,47,28,15,20,5.19,44.34,0,workday,23:01,06:58,25-34,remote,1,0
user_027,2024-01-02,26.91,2,258,43,10,31,11,3.87,59.39,0,workday,23:05,06:59,25-34,remote,1,0
user_027,2024-01-03,35.03,2,243,31,9,18,19,6.6,45.33,0,workday,22:22,07:11,25-34,remote,1,0
user_027,2024-01-04,6.26,1,218,37,12,30,18,4.23,58.22,0,workday,22:37,07:18,25-34,remote,1,0
user_027,2024-01-05,0.0,1,220,60,39,32,21,6.66,28.51,0,workday,22:53,07:24,25-34,remote,1,0
user_027,2024-01-06,46.5,2,246,33,19,18,16,4.33,50.53,0,weekend,23:04,08:27,25-34,remote,1,0
user_027,2024-01-07,62.62,3,217,37,10,45,14,3.55,51.81,0,weekend,22:34,08:03,25-34,remote,1,0
user_027,2024-01-08,49.29,2,217,38,16,39,19,4.14,73.39,0,workday,23:15,07:08,25-34,remote,1,0
user_027,2024-01-09,25.19,2,215,49,13,25,22,6.83,57.76,1,workday,22:31,06:40,25-34,remote,1,0
user_027,2024-01-10,31.11,2,243,30,7,15,17,3.86,59.5,0,workday,22:02,07:57,25-34,remote,1,0
user_027,2024-01-11,18.58,1,243,36,17,20,17,4.97,63.16,1,workday,22:13,06:36,25-34,remote,1,0
user_027,2024-01-12,36.37,2,199,31,8,15,10,4.6,60.27,0,workday,23:11,06:36,25-34,remote,1,0
user_027,2024-01-13,65.85,3,218,59,33,31,30,2.8,63.78,0,weekend,23:47,07:46,25-34,remote,1,0
user_027,2024-01-14,68.07,3,175,25,10,14,12,1.76,74.04,0,weekend,23:07,08:54,25-34,remote,1,0
user_027,2024-01-15,48.87,2,231,39,24,31,18,4.85,53.97,0,workday,23:01,06:13,25-34,remote,1,0
user_027,2024-01-16,37.42,2,192,19,7,16,12,4.88,77.34,0,workday,23:23,07:09,25-34,remote,1,0
user_027,2024-01-17,18.39,1,151,47,25,34,25,8.06,41.81,0,workday,23:33,06:58,25-34,remote,1,0
user_027,2024-01-18,30.96,2,180,29,5,39,17,5.64,50.62,0,workday,22:31,07:00,25-34,remote,1,0
user_027,2024-01-19,1.57,1,170,28,7,19,17,4.35,74.13,1,workday,22:47,06:48,25-34,remote,1,0
user_027,2024-01-20,48.44,2,236,31,18,29,7,4.41,70.57,1,weekend,23:07,08:09,25-34,remote,1,0
user_027,2024-01-21,29.35,2,285,39,20,34,18,5.29,60.15,0,weekend,23:44,07:23,25-34,remote,1,0
user_028,2024-01-01,60.93,3,216,60,41,41,25,6.11,49.46,0,workday,23:33,07:31,18-24,hybrid,0,0
user_028,2024-01-02,47.05,2,251,58,27,26,26,7.97,33.97,0,workday,23:15,07:02,18-24,hybrid,0,0
user_028,2024-01-03,44.11,2,220,55,28,37,23,5.13,34.04,1,workday,22:49,06:29,18-24,hybrid,0,0
user_028,2024-01-04,54.31,3,231,52,12,43,29,5.32,48.57,1,workday,23:13,07:21,18-24,hybrid,0,0
user_028,2024-01-05,53.56,3,263,50,31,29,24,9.13,28.3,0,workday,23:35,07:18,18-24,hybrid,0,0
user_028,2024-01-06,34.41,2,300,59,19,32,22,2.28,56.62,0,weekend,00:16,07:21,18-24,hybrid,0,0
user_028,2024-01-07,50.21,3,262,52,31,31,29,4.75,44.52,0,weekend,00:21,07:59,18-24,hybrid,0,0
user_028,2024-01-08,50.29,3,212,37,12,31,22,6.22,58.2,1,workday,22:53,07:13,18-24,hybrid,0,0
user_028,2024-01-09,21.24,1,253,45,12,24,21,7.58,24.65,0,workday,23:02,06:56,18-24,hybrid,0,0
user_028,2024-01-10,47.23,2,272,60,39,26,23,10.0,34.58,1,workday,23:24,06:53,18-24,hybrid,0,0
user_028,2024-01-11,13.96,1,277,43,20,27,25,6.53,43.34,0,workday,22:19,06:52,18-24,hybrid,0,0
user_028,2024-01-12,46.14,2,257,43,24,17,12,6.0,55.88,0,workday,22:53,07:08,18-24,hybrid,0,0
user_028,2024-01-13,20.69,1,244,59,22,35,24,7.41,52.91,1,weekend,23:39,07:58,18-24,hybrid,0,0
user_028,2024-01-14,69.59,3,158,38,2,21,11,4.18,56.62,0,weekend,23:31,07:58,18-24,hybrid,0,0
user_028,2024-01-15,67.66,3,184,37,17,17,18,6.32,50.23,0,workday,22:44,06:50,18-24,hybrid,0,0
user_028,2024-01-16,50.08,3,164,30,10,10,18,4.54,53.13,1,workday,23:17,07:37,18-24,hybrid,0,0
user_028,2024-01-17,73.78,3,194,32,20,17,17,3.56,64.72,0,workday,21:51,07:02,18-24,hybrid,0,0
user_028,2024-01-18,58.52,3,262,53,12,38,15,6.38,33.67,1,workday,21:57,06:35,18-24,hybrid,0,0
user_028,2024-01-19,63.63,3,226,54,6,35,25,8.8,40.39,1,workday,23:08,07:17,18-24,hybrid,0,0
user_028,2024-01-20,65.2,3,201,26,19,10,14,3.99,75.11,0,weekend,22:40,07:35,18-24,hybrid,0,0
user_028,2024-01-21,65.07,3,228,30,12,36,11,3.01,68.63,0,weekend,23:51,08:03,18-24,hybrid,0,0
user_029,2024-01-01,13.59,1,175,49,20,37,21,7.47,50.86,1,workday,23:22,06:37,18-24,hybrid,0,0
user_029,2024-01-02,37.56,2,134,28,20,28,2,3.56,61.76,1,workday,23:12,08:09,18-24,hybrid,0,0
user_029,2024-01-03,53.87,3,219,49,17,36,25,2.3,62.38,0,workday,22:57,06:00,18-24,hybrid,0,0
user_029,2024-01-04,61.21,3,206,29,13,28,19,4.01,52.61,0,workday,23:16,07:38,18-24,hybrid,0,0
user_029,2024-01-05,80.13,4,176,50,15,35,13,2.18,69.79,0,workday,23:31,07:02,18-24,hybrid,0,0
user_029,2024-01-06,61.28,3,234,36,23,30,11,1.52,66.68,0,weekend,23:18,07:54,18-24,hybrid,0,0
user_029,2024-01-07,48.3,2,205,22,8,33,9,3.27,63.03,0,weekend,22:43,07:22,18-24,hybrid,0,0
user_029,2024-01-08,67.62,3,232,60,15,39,24,5.46,77.28,0,workday,22:30,07:00,18-24,hybrid,0,0
user_029,2024-01-09,75.74,4,188,44,34,22,23,5.33,39.37,0,workday,22:28,07:04,18-24,hybrid,0,0
user_029,2024-01-10,27.74,2,163,28,4,12,15,6.57,56.55,0,workday,22:56,06:44,18-24,hybrid,0,0
user_029,2024-01-11,24.71,1,197,32,18,32,16,7.65,31.14,0,workday,22:35,06:35,18-24,hybrid,0,0
user_029,2024-01-12,44.96,2,149,37,5,24,14,4.94,51.52,0,workday,22:33,07:23,18-24,hybrid,0,0
user_029,2024-01-13,11.43,1,229,41,35,37,26,8.02,39.91,1,weekend,23:26,08:04,18-24,hybrid,0,0
user_029,2024-01-14,68.43,3,201,35,12,23,13,1.06,60.93,0,weekend,00:52,07:47,18-24,hybrid,0,0
user_029,2024-01-15,42.28,2,233,44,27,22,16,4.1,72.4,0,workday,22:03,07:23,18-24,hybrid,0,0
user_029,2024-01-16,42.0,2,198,39,17,25,16,4.5,57.83,1,workday,22:09,06:46,18-24,hybrid,0,0
user_029,2024-01-17,29.26,2,208,54,22,31,25,7.12,40.47,0,workday,23:23,07:24,18-24,hybrid,0,0
user_029,2024-01-18,42.04,2,248,40,10,26,18,5.21,40.46,1,workday,22:04,06:55,18-24,hybrid,0,0
user_029,2024-01-19,41.72,2,156,42,21,26,21,5.82,52.34,1,workday,22:18,06:14,18-24,hybrid,0,0
user_029,2024-01-20,13.46,1,266,52,14,29,22,6.55,60.88,0,weekend,23:33,08:15,18-24,hybrid,0,0
user_029,2024-01-21,49.1,2,243,36,12,24,26,4.25,45.13,1,weekend,23:01,07:03,18-24,hybrid,0,0
user_030,2024-01-01,14.75,1,220,48,20,26,26,5.21,53.53,0,workday,23:48,07:50,35-44,remote,0,0
user_030,2024-01-02,35.11,2,173,24,9,16,10,0.33,72.8,1,workday,23:16,07:28,35-44,remote,0,0
user_030,2024-01-03,37.21,2,193,33,9,22,20,5.6,54.29,0,workday,22:40,06:20,35-44,remote,0,0
user_030,2024-01-04,1.89,1,265,37,13,25,16,5.03,51.06,1,workday,23:35,07:30,35-44,remote,0,0
user_030,2024-01-05,6.87,1,236,57,24,30,26,7.52,40.1,0,workday,22:22,07:24,35-44,remote,0,0
user_030,2024-01-06,11.75,1,227,37,10,15,16,6.91,42.46,1,weekend,23:19,06:38,35-44,remote,0,0
user_030,2024-01-07,16.13,1,218,35,11,36,17,5.95,43.33,0,weekend,23:00,07:04,35-44,remote,0,0
user_030,2024-01-08,26.22,2,217,58,23,33,22,9.02,50.86,0,workday,23:10,07:05,35-44,remote,0,0
user_030,2024-01-09,7.83,1,215,51,19,21,18,6.85,56.03,1,workday,22:16,06:49,35-44,remote,0,0
user_030,2024-01-10,6.77,1,251,45,12,18,20,7.53,60.43,1,workday,00:00,07:17,35-44,remote,0,0
user_030,2024-01-11,26.36,2,185,29,10,29,12,3.41,55.76,0,workday,22:30,06:37,35-44,remote,0,0
user_030,2024-01-12,26.55,2,277,29,9,20,12,3.67,64.89,0,workday,23:24,06:59,35-44,remote,0,0
user_030,2024-01-13,30.75,2,221,51,16,38,23,4.66,54.45,0,weekend,23:44,08:02,35-44,remote,0,0
user_030,2024-01-14,15.39,1,251,55,34,28,27,4.03,61.55,0,weekend,23:46,07:39,35-44,remote,0,0
user_030,2024-01-15,5.09,1,257,58,21,37,21,3.65,70.82,0,workday,23:02,07:59,35-44,remote,0,0
user_030,2024-01-16,0.0,1,225,52,25,28,25,6.15,45.87,1,workday,22:38,06:16,35-44,remote,0,0
user_030,2024-01-17,13.49,1,264,49,40,27,15,5.42,45.42,0,workday,22:30,07:31,35-44,remote,0,0
user_030,2024-01-18,15.92,1,292,46,22,30,24,8.23,38.03,1,workday,22:28,07:29,35-44,remote,0,0
user_030,2024-01-19,27.78,2,237,44,29,29,12,3.53,45.42,1,workday,23:34,06:40,35-44,remote,0,0
user_030,2024-01-20,45.94,2,271,28,18,9,11,0.24,66.78,0,weekend,23:39,07:38,35-44,remote,0,0
user_030,2024-01-21,8.54,1,291,60,42,22,26,5.19,54.74,0,weekend,23:58,07:23,35-44,remote,0,0
user_031,2024-01-01,24.23,1,222,55,19,40,29,5.81,58.23,1,workday,23:03,06:53,35-44,on_site,1,0
user_031,2024-01-02,49.12,2,234,36,11,34,23,7.58,52.72,1,workday,23:50,07:27,35-44,on_site,1,0
user_031,2024-01-03,77.42,4,140,29,29,27,21,3.27,72.21,0,workday,23:33,06:36,35-44,on_site,1,0
user_031,2024-01-04,72.4,3,181,41,6,33,25,5.79,64.74,0,workday,00:02,07:14,35-44,on_site,1,0
user_031,2024-01-05,37.17,2,121,28,18,18,13,5.71,58.01,0,workday,23:15,06:53,35-44,on_site,1,0
user_031,2024-01-06,61.83,3,204,36,25,15,15,4.37,70.71,0,weekend,23:06,08:17,35-44,on_site,1,0
user_031,2024-01-07,54.24,3,245,51,12,24,26,5.42,63.05,0,weekend,23:16,06:42,35-44,on_site,1,0
user_031,2024-01-08,43.62,2,187,51,26,25,24,6.23,54.78,0,workday,23:42,07:12,35-44,on_site,1,0
user_031,2024-01-09,71.07,3,188,26,1,22,7,3.92,59.96,0,workday,22:11,06:54,35-44,on_site,1,0
user_031,2024-01-10,84.07,4,203,31,2,23,11,5.73,54.76,0,workday,22:34,07:19,35-44,on_site,1,0
user_031,2024-01-11,70.77,3,194,41,14,31,20,3.68,66.89,0,workday,23:21,07:42,35-44,on_site,1,0
user_031,2024-01-12,55.6,3,157,42,12,35,8,5.58,55.02,1,workday,00:00,06:51,35-44,on_site,1,0
user_031,2024-01-13,26.25,2,214,60,25,35,22,5.5,47.65,1,weekend,23:20,07:29,35-44,on_site,1,0
user_031,2024-01-14,97.17,4,208,42,5,20,14,3.76,51.35,0,weekend,23:16,07:49,35-44,on_site,1,0
user_031,2024-01-15,60.99,3,180,50,25,14,20,5.28,64.89,1,workday,23:25,07:22,35-44,on_site,1,0
user_031,2024-01-16,47.09,2,242,35,21,33,21,4.1,55.07,0,workday,22:53,06:53,35-44,on_site,1,0
user_031,2024-01-17,43.46,2,168,43,31,21,23,6.48,59.65,1,workday,23:22,06:08,35-44,on_site,1,0
user_031,2024-01-18,69.94,3,126,26,7,31,17,3.07,70.11,0,workday,22:41,06:53,35-44,on_site,1,0
user_031,2024-01-19,57.19,3,171,32,13,20,15,2.39,75.33,1,workday,22:47,07:25,35-44,on_site,1,0
user_031,2024-01-20,50.32,3,241,44,25,32,24,4.2,54.7,0,weekend,23:26,08:16,35-44,on_site,1,0
user_031,2024-01-21,58.3,3,203,32,22,25,18,5.84,60.89,1,weekend,22:58,07:01,35-44,on_site,1,0
user_032,2024-01-01,61.14,3,199,56,5,39,22,2.33,58.3,0,workday,22:03,07:02,55+,on_site,1,0
user_032,2024-01-02,44.54,2,176,54,17,31,16,4.9,74.5,0,workday,23:58,07:24,55+,on_site,1,0
user_032,2024-01-03,51.21,3,167,11,8,15,0,3.59,77.38,1,workday,23:03,06:56,55+,on_site,1,0
user_032,2024-01-04,40.44,2,252,43,14,30,21,3.66,74.39,1,workday,23:54,07:57,55+,on_site,1,0
user_032,2024-01-05,58.93,3,214,51,27,34,24,6.44,46.77,0,workday,22:36,06:44,55+,on_site,1,0
user_032,2024-01-06,27.17,2,241,54,41,29,28,3.92,58.64,0,weekend,00:22,08:23,55+,on_site,1,0
user_032,2024-01-07,51.01,3,186,54,23,35,27,5.19,86.49,0,weekend,23:18,07:38,55+,on_site,1,0
user_032,2024-01-08,85.87,4,155,32,12,29,10,5.67,63.26,1,workday,22:18,06:58,55+,on_site,1,0
user_032,2024-01-09,40.45,2,185,31,21,34,18,5.82,54.31,1,workday,00:13,07:05,55+,on_site,1,0
user_032,2024-01-10,26.4,2,195,31,23,21,15,7.15,60.35,1,workday,22:51,06:16,55+,on_site,1,0
user_032,2024-01-11,53.06,3,262,60,42,41,27,5.69,67.62,0,workday,23:35,07:35,55+,on_site,1,0
user_032,2024-01-12,16.7,1,176,41,23,30,17,5.25,43.52,1,workday,23:00,07:11,55+,on_site,1,0
user_032,2024-01-13,60.61,3,148,18,5,15,21,3.79,55.35,0,weekend,23:04,07:38,55+,on_site,1,0
user_032,2024-01-14,69.33,3,175,43,14,32,13,7.08,40.52,0,weekend,22:50,07:30,55+,on_site,1,0
user_032,2024-01-15,24.64,1,178,53,20,31,28,6.88,82.69,0,workday,23:16,07:23,55+,on_site,1,0
user_032,2024-01-16,4.29,1,239,41,14,26,21,4.03,66.49,0,workday,22:33,07:12,55+,on_site,1,0
user_032,2024-01-17,30.05,2,179,32,15,20,11,4.27,65.45,0,workday,22:56,07:09,55+,on_site,1,0
user_032,2024-01-18,9.61,1,216,51,48,44,18,6.59,65.79,1,workday,22:53,07:34,55+,on_site,1,0
user_032,2024-01-19,33.07,2,196,33,15,20,13,1.96,80.09,0,workday,22:36,06:32,55+,on_site,1,0
user_032,2024-01-20,47.82,2,209,38,12,20,16,4.45,43.41,0,weekend,23:44,08:14,55+,on_site,1,0
user_032,2024-01-21,38.93,2,201,53,18,38,14,4.87,45.3,1,weekend,22:20,08:04,55+,on_site,1,0
user_033,2024-01-01,45.89,2,234,60,38,33,24,6.82,42.5,0,workday,23:03,06:29,25-34,remote,1,0
user_033,2024-01-02,47.86,2,297,37,6,21,12,6.22,44.18,0,workday,23:23,07:38,25-34,remote,1,0
user_033,2024-01-03,57.7,3,192,27,4,20,7,0.81,68.0,0,workday,21:27,06:16,25-34,remote,1,0
user_033,2024-01-04,6.57,1,259,60,33,33,29,9.34,22.55,1,workday,23:38,07:01,25-34,remote,1,0
user_033,2024-01-05,41.47,2,207,40,21,28,13,2.51,71.57,1,workday,23:16,06:54,25-34,remote,1,0
user_033,2024-01-06,17.94,1,215,53,38,37,18,7.44,55.74,0,weekend,22:46,07:35,25-34,remote,1,0
user_033,2024-01-07,63.32,3,213,31,7,29,12,4.07,45.39,0,weekend,22:55,07:56,25-34,remote,1,0
user_033,2024-01-08,12.8,1,272,41,23,22,20,6.07,37.51,1,workday,23:14,06:46,25-34,remote,1,0
user_033,2024-01-09,26.43,2,227,41,35,28,11,5.61,60.8,0,workday,22:40,06:36,25-34,remote,1,0
user_033,2024-01-10,0.3,1,242,60,23,39,21,7.0,32.8,0,workday,22:52,07:19,25-34,remote,1,0
user_033,2024-01-11,42.76,2,231,58,26,18,19,5.87,63.83,1,workday,22:26,07:25,25-34,remote,1,0
user_033,2024-01-12,45.28,2,291,39,7,36,20,4.07,44.14,0,workday,22:17,07:32,25-34,remote,1,0
user_033,2024-01-13,59.75,3,180,12,3,12,11,1.57,47.22,0,weekend,23:26,07:50,25-34,remote,1,0
user_033,2024-01-14,31.7,2,273,47,36,35,26,8.9,39.03,1,weekend,23:38,07:28,25-34,remote,1,0
user_033,2024-01-15,30.62,2,291,53,27,33,30,7.04,49.39,1,workday,22:45,07:20,25-34,remote,1,0
user_033,2024-01-16,56.22,3,238,49,14,29,26,7.53,48.69,0,workday,23:39,07:30,25-34,remote,1,0
user_033,2024-01-17,61.14,3,245,41,32,20,15,5.94,52.84,0,workday,23:59,07:28,25-34,remote,1,0
user_033,2024-01-18,38.11,2,258,58,12,39,22,7.37,55.97,0,workday,23:46,06:47,25-34,remote,1,0
user_033,2024-01-19,52.68,3,216,29,12,27,15,4.26,74.13,0,workday,22:19,08:12,25-34,remote,1,0
user_033,2024-01-20,63.51,3,237,43,26,32,11,4.55,57.09,0,weekend,00:15,09:00,25-34,remote,1,0
user_033,2024-01-21,25.71,2,278,39,8,27,14,5.96,48.26,1,weekend,23:07,07:03,25-34,remote,1,0
user_034,2024-01-01,39.6,2,158,29,22,24,12,2.92,72.73,1,workday,22:01,07:02,25-34,hybrid,1,1
user_034,2024-01-02,23.18,1,164,29,20,8,15,2.4,81.69,0,workday,23:20,06:56,25-34,hybrid,1,1
user_034,2024-01-03,38.09,2,287,42,30,17,23,6.87,56.35,0,workday,22:38,06:39,25-34,hybrid,1,1
user_034,2024-01-04,57.35,3,212,30,5,24,14,5.39,58.63,0,workday,22:42,06:53,25-34,hybrid,1,1
user_034,2024-01-05,21.18,1,234,52,20,22,24,9.28,49.82,1,workday,22:45,06:44,25-34,hybrid,1,1
user_034,2024-01-06,29.11,2,264,60,49,39,24,8.34,64.34,1,weekend,00:32,07:11,25-34,hybrid,1,1
user_034,2024-01-07,33.79,2,205,48,30,35,18,5.35,39.74,0,weekend,00:36,06:48,25-34,hybrid,1,1
user_034,2024-01-08,54.99,3,167,34,9,18,15,2.63,55.69,1,workday,00:16,07:21,25-34,hybrid,1,1
user_034,2024-01-09,13.48,1,261,55,23,37,18,9.08,61.72,0,workday,23:11,07:05,25-34,hybrid,1,1
user_034,2024-01-10,21.48,1,186,41,28,22,11,7.28,54.13,1,workday,23:19,06:38,25-34,hybrid,1,1
user_034,2024-01-11,48.64,2,192,29,12,34,5,4.81,56.71,0,workday,22:59,06:47,25-34,hybrid,1,1
user_034,2024-01-12,40.24,2,165,24,7,30,12,1.5,79.96,0,workday,23:04,06:59,25-34,hybrid,1,1
user_034,2024-01-13,73.54,3,213,41,7,29,30,2.76,64.71,0,weekend,23:26,07:14,25-34,hybrid,1,1
user_034,2024-01-14,52.25,3,200,18,13,19,16,1.65,64.45,0,weekend,22:03,08:01,25-34,hybrid,1,1
user_034,2024-01-15,44.47,2,217,25,7,34,20,4.58,41.63,0,workday,22:13,06:20,25-34,hybrid,1,1
user_034,2024-01-16,44.96,2,176,39,10,27,7,3.68,60.17,1,workday,23:03,07:25,25-34,hybrid,1,1
user_034,2024-01-17,37.48,2,220,39,16,40,9,4.86,59.67,0,workday,22:47,07:01,25-34,hybrid,1,1
user_034,2024-01-18,45.87,2,237,52,23,26,27,1.69,94.24,0,workday,22:37,06:53,25-34,hybrid,1,1
user_034,2024-01-19,0.0,1,251,48,36,14,19,5.45,53.12,1,workday,22:10,06:58,25-34,hybrid,1,1
user_034,2024-01-20,38.65,2,202,37,12,27,16,3.44,63.88,0,weekend,23:22,07:34,25-34,hybrid,1,1
user_034,2024-01-21,42.0,2,190,28,10,34,18,2.06,62.38,1,weekend,00:24,07:39,25-34,hybrid,1,1
user_035,2024-01-01,35.78,2,208,48,15,20,22,5.28,63.9,0,workday,00:37,07:04,25-34,remote,1,0
user_035,2024-01-02,49.01,2,190,39,22,28,19,2.96,66.16,0,workday,22:59,06:37,25-34,remote,1,0
user_035,2024-01-03,28.19,2,267,60,19,27,20,6.58,25.52,1,workday,23:04,06:28,25-34,remote,1,0
user_035,2024-01-04,34.38,2,221,50,14,21,22,4.59,58.95,0,workday,22:16,07:27,25-34,remote,1,0
user_035,2024-01-05,42.96,2,233,21,7,13,15,7.25,53.33,1,workday,23:12,07:30,25-34,remote,1,0
user_035,2024-01-06,35.0,2,203,37,15,37,17,5.66,81.49,1,weekend,22:19,07:49,25-34,remote,1,0
user_035,2024-01-07,47.84,2,206,41,9,18,19,5.17,61.73,0,weekend,00:23,06:19,25-34,remote,1,0
user_035,2024-01-08,1.33,1,229,52,18,22,20,6.88,45.83,0,workday,00:15,06:41,25-34,remote,1,0
user_035,2024-01-09,29.93,2,299,60,16,31,18,4.31,69.19,1,workday,23:01,07:20,25-34,remote,1,0
user_035,2024-01-10,53.2,3,220,34,8,30,12,3.15,56.64,0,workday,22:53,06:23,25-34,remote,1,0
user_035,2024-01-11,36.42,2,230,58,48,36,20,5.35,46.85,0,workday,22:57,07:20,25-34,remote,1,0
user_035,2024-01-12,20.61,1,250,44,21,27,18,5.99,59.17,1,workday,22:44,06:56,25-34,remote,1,0
user_035,2024-01-13,25.22,2,170,42,19,27,9,4.38,59.65,1,weekend,23:16,07:26,25-34,remote,1,0
user_035,2024-01-14,43.53,2,276,44,12,24,17,3.98,39.06,0,weekend,23:10,07:42,25-34,remote,1,0
user_035,2024-01-15,48.83,2,167,35,7,33,21,3.96,68.54,0,workday,22:07,07:17,25-34,remote,1,0
user_035,2024-01-16,3.82,1,209,51,14,48,22,7.85,54.52,1,workday,22:50,07:02,25-34,remote,1,0
user_035,2024-01-17,34.15,2,170,35,21,12,14,5.3,74.31,1,workday,22:59,06:38,25-34,remote,1,0
user_035,2024-01-18,49.04,2,190,40,23,26,16,4.53,52.88,1,workday,22:33,06:49,25-34,remote,1,0
user_035,2024-01-19,35.13,2,223,55,27,34,20,7.16,40.71,1,workday,23:47,06:48,25-34,remote,1,0
user_035,2024-01-20,46.08,2,200,46,24,41,18,3.14,65.36,0,weekend,23:32,07:43,25-34,remote,1,0
user_035,2024-01-21,77.26,4,197,47,18,22,20,2.74,62.56,0,weekend,23:01,08:19,25-34,remote,1,0
user_036,2024-01-01,37.25,2,269,26,26,17,18,4.92,59.48,0,workday,22:50,07:03,18-24,hybrid,0,0
user_036,2024-01-02,66.91,3,220,42,27,18,19,4.08,64.89,0,workday,23:04,07:34,18-24,hybrid,0,0
user_036,2024-01-03,64.56,3,226,47,18,31,24,7.37,38.3,1,workday,22:35,07:10,18-24,hybrid,0,0
user_036,2024-01-04,26.93,2,227,46,34,27,26,5.73,66.26,1,workday,22:15,07:22,18-24,hybrid,0,0
user_036,2024-01-05,57.99,3,212,32,9,19,16,2.02,72.06,1,workday,23:06,07:14,18-24,hybrid,0,0
user_036,2024-01-06,62.57,3,243,45,28,19,15,4.51,35.35,0,weekend,23:10,07:16,18-24,hybrid,0,0
user_036,2024-01-07,70.2,3,221,42,20,36,21,5.81,66.66,0,weekend,23:06,06:51,18-24,hybrid,0,0
user_036,2024-01-08,63.64,3,177,21,10,7,15,3.99,40.97,0,workday,22:44,06:59,18-24,hybrid,0,0
user_036,2024-01-09,48.32,2,184,27,24,21,15,4.12,70.56,1,workday,23:05,07:03,18-24,hybrid,0,0
user_036,2024-01-10,71.1,3,227,56,22,38,20,5.61,45.44,0,workday,22:48,06:44,18-24,hybrid,0,0
user_036,2024-01-11,53.34,3,224,26,3,14,10,2.9,83.03,1,workday,23:56,06:34,18-24,hybrid,0,0
user_036,2024-01-12,85.69,4,174,32,4,18,9,3.37,64.64,0,workday,23:16,06:47,18-24,hybrid,0,0
user_036,2024-01-13,47.89,2,214,31,13,28,17,4.24,66.13,0,weekend,23:16,08:08,18-24,hybrid,0,0
user_036,2024-01-14,82.03,4,188,40,17,14,17,2.38,85.85,0,weekend,23:30,08:13,18-24,hybrid,0,0
user_036,2024-01-15,67.86,3,165,35,11,23,21,5.2,48.4,0,workday,23:13,06:55,18-24,hybrid,0,0
user_036,2024-01-16,71.82,3,225,36,17,34,18,2.58,61.14,0,workday,22:59,07:30,18-24,hybrid,0,0
user_036,2024-01-17,39.05,2,208,44,42,22,14,4.37,64.84,1,workday,22:42,06:39,18-24,hybrid,0,0
user_036,2024-01-18,50.97,3,256,44,28,37,20,6.2,71.76,1,workday,22:50,06:20,18-24,hybrid,0,0
user_036,2024-01-19,76.26,4,230,47,10,34,25,5.73,55.86,0,workday,23:40,07:34,18-24,hybrid,0,0
user_036,2024-01-20,43.08,2,294,58,28,33,14,4.98,62.71,0,weekend,00:10,07:37,18-24,hybrid,0,0
user_036,2024-01-21,71.45,3,171,41,19,19,19,3.83,92.31,0,weekend,23:05,07:20,18-24,hybrid,0,0
user_037,2024-01-01,28.24,2,214,47,21,43,22,6.81,67.43,1,workday,23:46,07:24,18-24,remote,1,0
user_037,2024-01-02,37.17,2,300,57,23,32,19,6.32,53.5,0,workday,23:00,06:42,18-24,remote,1,0
user_037,2024-01-03,48.04,2,237,45,10,34,16,5.9,47.65,0,workday,22:52,07:42,18-24,remote,1,0
user_037,2024-01-04,25.55,2,300,45,21,31,22,4.83,62.36,0,workday,22:42,07:29,18-24,remote,1,0
user_037,2024-01-05,38.11,2,206,42,29,33,15,3.36,74.2,0,workday,22:56,06:32,18-24,remote,1,0
user_037,2024-01-06,99.14,4,219,21,7,20,9,3.21,55.44,0,weekend,00:26,07:47,18-24,remote,1,0
user_037,2024-01-07,45.47,2,221,60,34,30,15,3.04,49.52,0,weekend,00:36,08:01,18-24,remote,1,0
user_037,2024-01-08,64.11,3,246,45,19,26,29,8.48,56.0,0,workday,22:09,07:36,18-24,remote,1,0
user_037,2024-01-09,61.08,3,217,41,19,24,14,3.76,50.0,0,workday,23:45,06:28,18-24,remote,1,0
user_037,2024-01-10,39.34,2,218,43,15,15,25,5.38,49.76,0,workday,00:06,07:41,18-24,remote,1,0
user_037,2024-01-11,33.73,2,258,60,15,26,30,6.53,49.48,0,workday,23:14,06:45,18-24,remote,1,0
user_037,2024-01-12,32.13,2,236,46,33,38,17,3.96,61.5,1,workday,22:34,06:23,18-24,remote,1,0
user_037,2024-01-13,44.07,2,237,54,18,29,21,6.45,47.14,1,weekend,22:44,07:39,18-24,remote,1,0
user_037,2024-01-14,46.63,2,162,29,24,25,11,1.85,75.65,1,weekend,23:04,07:42,18-24,remote,1,0
user_037,2024-01-15,60.09,3,233,27,17,30,13,4.92,56.27,0,workday,22:55,07:14,18-24,remote,1,0
user_037,2024-01-16,39.47,2,220,46,38,26,30,7.41,48.95,0,workday,23:00,06:18,18-24,remote,1,0
user_037,2024-01-17,36.38,2,209,38,8,39,15,8.52,56.98,0,workday,23:12,06:36,18-24,remote,1,0
user_037,2024-01-18,74.34,3,226,39,18,23,17,4.09,85.97,0,workday,22:47,06:48,18-24,remote,1,0
user_037,2024-01-19,47.34,2,233,46,23,24,22,2.29,74.36,1,workday,22:49,07:33,18-24,remote,1,0
user_037,2024-01-20,10.19,1,194,47,38,33,14,2.79,30.06,0,weekend,23:31,07:09,18-24,remote,1,0
user_037,2024-01-21,43.83,2,262,29,13,1,20,3.93,68.99,1,weekend,22:33,07:55,18-24,remote,1,0
user_038,2024-01-01,75.01,4,184,27,16,18,16,4.59,59.76,0,workday,22:58,06:39,25-34,hybrid,0,0
user_038,2024-01-02,72.63,3,216,32,24,22,13,6.23,39.32,0,workday,23:00,06:50,25-34,hybrid,0,0
user_038,2024-01-03,49.49,2,201,42,16,36,22,4.99,43.45,0,workday,22:39,06:54,25-34,hybrid,0,0
user_038,2024-01-04,36.45,2,248,42,23,22,20,6.23,58.53,0,workday,22:15,07:13,25-34,hybrid,0,0
user_038,2024-01-05,58.49,3,213,42,18,19,14,4.57,51.17,1,workday,22:46,06:22,25-34,hybrid,0,0
user_038,2024-01-06,83.0,4,225,60,16,43,20,3.49,74.14,0,weekend,23:12,07:20,25-34,hybrid,0,0
user_038,2024-01-07,52.77,3,163,35,13,26,16,3.79,67.83,1,weekend,22:57,08:01,25-34,hybrid,0,0
user_038,2024-01-08,76.09,4,271,46,13,38,17,4.48,52.18,0,workday,22:27,06:52,25-34,hybrid,0,0
user_038,2024-01-09,60.97,3,224,60,6,41,17,5.59,63.91,1,workday,23:26,07:56,25-34,hybrid,0,0
user_038,2024-01-10,35.83,2,202,31,11,24,19,5.92,66.43,0,workday,22:59,06:35,25-34,hybrid,0,0
user_038,2024-01-11,58.97,3,267,34,13,16,20,6.47,56.92,1,workday,21:26,06:52,25-34,hybrid,0,0
user_038,2024-01-12,36.7,2,181,39,18,24,12,5.55,52.43,0,workday,23:02,07:14,25-34,hybrid,0,0
user_038,2024-01-13,53.42,3,206,56,20,45,21,7.24,50.94,1,weekend,00:03,08:01,25-34,hybrid,0,0
user_038,2024-01-14,54.86,3,192,43,17,28,18,3.37,74.79,0,weekend,00:03,07:50,25-34,hybrid,0,0
user_038,2024-01-15,54.43,3,210,43,20,37,19,3.9,60.07,0,workday,23:03,07:19,25-34,hybrid,0,0
user_038,2024-01-16,49.35,2,222,45,30,23,14,6.83,56.86,0,workday,22:48,06:50,25-34,hybrid,0,0
user_038,2024-01-17,40.63,2,170,32,20,32,22,7.06,77.13,0,workday,22:50,06:51,25-34,hybrid,0,0
user_038,2024-01-18,52.65,3,271,46,15,33,25,7.8,48.87,0,workday,23:19,06:38,25-34,hybrid,0,0
user_038,2024-01-19,57.32,3,189,22,10,15,12,2.74,57.56,0,workday,23:18,06:28,25-34,hybrid,0,0
user_038,2024-01-20,57.9,3,249,37,28,27,17,5.01,48.24,0,weekend,22:40,07:57,25-34,hybrid,0,0
user_038,2024-01-21,47.78,2,227,60,44,40,21,4.38,54.03,0,weekend,23:01,07:54,25-34,hybrid,0,0
user_039,2024-01-01,96.81,4,233,55,14,32,21,6.48,62.67,0,workday,23:35,06:45,25-34,hybrid,0,0
user_039,2024-01-02,60.17,3,173,38,19,25,12,4.04,77.88,1,workday,23:03,06:07,25-34,hybrid,0,0
user_039,2024-01-03,51.2,3,203,60,32,30,23,5.14,46.78,1,workday,23:11,07:30,25-34,hybrid,0,0
user_039,2024-01-04,36.65,2,190,27,20,13,10,8.0,36.19,0,workday,23:30,06:59,25-34,hybrid,0,0
user_039,2024-01-05,60.09,3,156,13,4,12,19,1.65,64.46,0,workday,22:48,07:05,25-34,hybrid,0,0
user_039,2024-01-06,69.34,3,267,24,9,7,17,4.36,63.73,0,weekend,22:57,08:56,25-34,hybrid,0,0
user_039,2024-01-07,37.16,2,238,42,9,29,15,0.47,65.29,0,weekend,23:30,07:12,25-34,hybrid,0,0
user_039,2024-01-08,27.65,2,158,21,11,22,13,5.71,35.01,0,workday,23:19,06:53,25-34,hybrid,0,0
user_039,2024-01-09,81.59,4,172,37,31,31,21,4.01,51.71,0,workday,22:42,06:52,25-34,hybrid,0,0
user_039,2024-01-10,80.08,4,201,52,26,36,29,6.38,46.33,0,workday,23:05,07:32,25-34,hybrid,0,0
user_039,2024-01-11,73.07,3,231,47,25,29,19,6.86,56.79,0,workday,23:05,06:31,25-34,hybrid,0,0
user_039,2024-01-12,37.26,2,223,53,21,30,22,7.15,60.84,1,workday,23:47,06:36,25-34,hybrid,0,0
user_039,2024-01-13,68.2,3,206,43,12,35,20,2.9,53.21,0,weekend,23:41,07:41,25-34,hybrid,0,0
user_039,2024-01-14,32.66,2,239,40,25,28,18,4.52,36.5,0,weekend,23:04,07:33,25-34,hybrid,0,0
user_039,2024-01-15,34.44,2,204,44,12,40,20,6.54,44.78,1,workday,22:59,07:45,25-34,hybrid,0,0
user_039,2024-01-16,79.38,4,210,30,14,28,17,1.28,84.84,0,workday,22:38,07:29,25-34,hybrid,0,0
user_039,2024-01-17,43.64,2,227,44,26,44,24,5.87,52.76,1,workday,00:07,06:48,25-34,hybrid,0,0
user_039,2024-01-18,8.61,1,204,46,26,30,22,6.83,39.3,1,workday,23:07,06:46,25-34,hybrid,0,0
user_039,2024-01-19,43.47,2,182,39,8,27,9,2.86,59.99,1,workday,22:38,07:32,25-34,hybrid,0,0
user_039,2024-01-20,57.86,3,187,55,28,43,18,2.81,64.11,0,weekend,23:54,08:09,25-34,hybrid,0,0
user_039,2024-01-21,44.1,2,270,48,30,35,14,3.88,74.58,1,weekend,23:17,08:16,25-34,hybrid,0,0
user_040,2024-01-01,81.13,4,248,47,8,41,21,6.3,63.13,0,workday,22:47,07:54,35-44,hybrid,1,1
user_040,2024-01-02,46.82,2,204,48,23,41,13,7.61,37.08,0,workday,23:48,06:55,35-44,hybrid,1,1
user_040,2024-01-03,85.48,4,191,21,16,21,20,7.33,44.85,1,workday,22:35,06:06,35-44,hybrid,1,1
user_040,2024-01-04,76.14,4,169,38,30,23,24,2.99,75.31,0,workday,22:01,07:13,35-44,hybrid,1,1
user_040,2024-01-05,48.1,2,247,37,32,10,18,5.38,69.09,0,workday,23:06,06:33,35-44,hybrid,1,1
user_040,2024-01-06,84.02,4,187,58,9,25,24,1.17,65.33,0,weekend,23:13,07:28,35-44,hybrid,1,1
user_040,2024-01-07,26.36,2,210,45,34,30,27,5.56,50.25,0,weekend,23:34,07:00,35-44,hybrid,1,1
user_040,2024-01-08,53.1,3,188,34,26,25,29,8.05,50.29,1,workday,23:36,07:11,35-44,hybrid,1,1
user_040,2024-01-09,49.15,2,276,60,35,38,25,8.32,47.53,0,workday,23:18,07:19,35-44,hybrid,1,1
user_040,2024-01-10,44.17,2,249,60,34,47,22,8.6,55.53,0,workday,22:00,07:18,35-44,hybrid,1,1
user_040,2024-01-11,63.54,3,228,42,24,21,11,9.44,37.0,0,workday,23:17,07:20,35-44,hybrid,1,1
user_040,2024-01-12,64.7,3,300,36,7,25,15,8.76,77.5,0,workday,22:49,07:24,35-44,hybrid,1,1
user_040,2024-01-13,62.74,3,253,32,11,40,12,3.56,62.17,0,weekend,22:05,08:12,35-44,hybrid,1,1
user_040,2024-01-14,27.49,2,205,41,23,13,18,6.35,47.47,0,weekend,00:19,07:47,35-44,hybrid,1,1
user_040,2024-01-15,90.89,4,225,35,19,21,18,2.42,69.02,0,workday,23:12,06:23,35-44,hybrid,1,1
user_040,2024-01-16,51.99,3,223,58,23,32,22,7.56,56.94,1,workday,22:44,07:14,35-44,hybrid,1,1
user_040,2024-01-17,63.78,3,227,58,40,43,25,3.94,68.91,0,workday,23:37,07:26,35-44,hybrid,1,1
user_040,2024-01-18,61.42,3,268,36,25,38,23,7.47,45.86,0,workday,22:12,07:05,35-44,hybrid,1,1
user_040,2024-01-19,67.95,3,226,54,30,46,27,4.2,69.97,1,workday,22:37,07:39,35-44,hybrid,1,1
user_040,2024-01-20,89.88,4,247,42,19,35,19,7.3,54.91,0,weekend,23:59,08:21,35-44,hybrid,1,1
user_040,2024-01-21,84.1,4,181,23,7,18,20,3.92,69.91,1,weekend,23:34,07:22,35-44,hybrid,1,1
user_041,2024-01-01,29.7,2,214,41,16,25,14,5.32,46.24,0,workday,22:35,05:48,25-34,remote,0,0
user_041,2024-01-02,28.47,2,257,32,17,34,19,8.02,46.01,1,workday,00:12,06:25,25-34,remote,0,0
user_041,2024-01-03,68.49,3,240,55,18,34,21,3.54,51.69,1,workday,23:00,07:30,25-34,remote,0,0
user_041,2024-01-04,38.47,2,209,50,18,34,23,5.61,57.71,0,workday,23:31,06:57,25-34,remote,0,0
user_041,2024-01-05,57.76,3,239,44,12,30,23,5.3,62.75,0,workday,22:11,06:31,25-34,remote,0,0
user_041,2024-01-06,64.35,3,211,28,7,22,12,1.22,66.47,0,weekend,22:16,07:52,25-34,remote,0,0
user_041,2024-01-07,53.84,3,246,43,30,27,24,3.32,56.98,0,weekend,23:30,08:15,25-34,remote,0,0
user_041,2024-01-08,33.26,2,294,52,23,21,12,4.67,26.75,1,workday,23:38,06:32,25-34,remote,0,0
user_041,2024-01-09,32.78,2,242,44,20,29,23,6.93,48.32,0,workday,22:03,07:37,25-34,remote,0,0
user_041,2024-01-10,57.24,3,188,38,6,21,23,2.77,62.07,0,workday,23:35,06:44,25-34,remote,0,0
user_041,2024-01-11,34.73,2,214,48,12,28,18,5.98,50.34,0,workday,23:22,06:46,25-34,remote,0,0
user_041,2024-01-12,54.25,3,238,44,19,31,8,4.99,69.52,0,workday,23:04,06:50,25-34,remote,0,0
user_041,2024-01-13,69.39,3,227,4,1,9,10,1.12,44.72,0,weekend,23:01,08:08,25-34,remote,0,0
user_041,2024-01-14,61.11,3,268,43,17,31,16,4.69,53.77,0,weekend,23:14,07:38,25-34,remote,0,0
user_041,2024-01-15,47.69,2,243,50,12,30,20,6.18,37.15,0,workday,23:36,07:01,25-34,remote,0,0
user_041,2024-01-16,44.72,2,256,54,16,38,25,6.7,56.22,0,workday,22:58,06:55,25-34,remote,0,0
user_041,2024-01-17,40.64,2,168,32,8,29,4,3.46,60.05,1,workday,21:46,08:08,25-34,remote,0,0
user_041,2024-01-18,38.17,2,229,39,26,25,20,7.49,50.57,0,workday,22:41,07:43,25-34,remote,0,0
user_041,2024-01-19,74.5,3,192,43,11,20,20,4.69,61.6,0,workday,23:45,06:47,25-34,remote,0,0
user_041,2024-01-20,98.55,4,217,41,33,29,23,2.8,75.72,0,weekend,22:41,06:36,25-34,remote,0,0
user_041,2024-01-21,54.65,3,193,32,24,21,25,5.1,60.18,0,weekend,22:44,07:40,25-34,remote,0,0
user_042,2024-01-01,77.16,4,188,25,7,37,18,2.48,78.65,0,workday,21:51,06:32,45-54,on_site,0,1
user_042,2024-01-02,37.77,2,203,30,17,36,7,7.26,58.44,1,workday,22:40,07:20,45-54,on_site,0,1
user_042,2024-01-03,48.12,2,170,28,9,27,2,4.21,72.19,0,workday,23:01,07:31,45-54,on_site,0,1
user_042,2024-01-04,0.0,1,212,53,32,31,20,8.51,45.93,1,workday,23:32,06:46,45-54,on_site,0,1
user_042,2024-01-05,0.0,1,238,60,33,24,24,7.83,60.58,1,workday,23:07,06:29,45-54,on_site,0,1
user_042,2024-01-06,25.2,2,246,60,17,27,21,8.85,38.85,1,weekend,22:31,07:39,45-54,on_site,0,1
user_042,2024-01-07,23.73,1,184,27,3,21,8,2.34,56.62,0,weekend,00:09,07:40,45-54,on_site,0,1
user_042,2024-01-08,6.45,1,220,53,26,40,23,6.16,51.12,1,workday,23:42,07:04,45-54,on_site,0,1
user_042,2024-01-09,20.72,1,219,44,33,20,21,4.77,63.45,0,workday,22:56,07:39,45-54,on_site,0,1
user_042,2024-01-10,26.84,2,201,42,9,32,15,5.0,67.66,1,workday,00:02,07:40,45-54,on_site,0,1
user_042,2024-01-11,21.5,1,179,38,32,19,20,5.6,53.33,1,workday,23:20,06:30,45-54,on_site,0,1
user_042,2024-01-12,23.92,1,259,52,34,36,20,4.56,68.64,0,workday,23:42,07:38,45-54,on_site,0,1
user_042,2024-01-13,25.38,2,165,43,19,29,6,2.56,68.09,0,weekend,00:02,07:30,45-54,on_site,0,1
user_042,2024-01-14,31.65,2,144,31,3,21,11,0.75,72.6,1,weekend,22:58,07:26,45-54,on_site,0,1
user_042,2024-01-15,48.0,2,160,20,13,17,10,3.7,73.81,1,workday,23:02,07:24,45-54,on_site,0,1
user_042,2024-01-16,38.05,2,287,60,16,27,28,7.27,71.43,0,workday,23:26,06:54,45-54,on_site,0,1
user_042,2024-01-17,16.74,1,187,58,26,33,19,2.2,71.43,1,workday,22:58,06:15,45-54,on_site,0,1
user_042,2024-01-18,27.69,2,182,49,36,33,22,2.56,51.7,1,workday,23:38,07:50,45-54,on_site,0,1
user_042,2024-01-19,35.61,2,180,45,19,23,18,3.99,55.01,0,workday,00:05,07:23,45-54,on_site,0,1
user_042,2024-01-20,53.86,3,242,19,12,16,15,1.2,61.59,0,weekend,23:25,08:10,45-54,on_site,0,1
user_042,2024-01-21,59.38,3,163,22,14,9,11,3.04,71.66,0,weekend,23:08,07:17,45-54,on_site,0,1
user_043,2024-01-01,80.48,4,300,32,7,28,18,5.49,54.36,0,workday,23:13,06:33,35-44,remote,0,0
user_043,2024-01-02,51.54,3,246,35,23,31,19,6.42,77.52,1,workday,22:28,06:55,35-44,remote,0,0
user_043,2024-01-03,81.01,4,219,21,13,33,13,4.96,74.96,0,workday,22:58,07:34,35-44,remote,0,0
user_043,2024-01-04,70.74,3,271,45,5,21,24,3.77,46.57,0,workday,23:17,07:07,35-44,remote,0,0
user_043,2024-01-05,73.27,3,271,35,7,33,17,4.5,69.11,1,workday,23:21,06:25,35-44,remote,0,0
user_043,2024-01-06,24.92,1,193,48,25,30,13,5.91,51.71,0,weekend,23:33,07:11,35-44,remote,0,0
user_043,2024-01-07,83.25,4,273,58,35,34,30,5.95,59.05,0,weekend,23:50,08:49,35-44,remote,0,0
user_043,2024-01-08,37.43,2,242,48,8,44,25,8.15,65.47,0,workday,22:29,07:43,35-44,remote,0,0
user_043,2024-01-09,52.5,3,214,34,10,33,10,5.65,47.4,0,workday,23:18,07:10,35-44,remote,0,0
user_043,2024-01-10,45.66,2,254,49,27,29,27,6.89,40.91,0,workday,23:35,07:14,35-44,remote,0,0
user_043,2024-01-11,57.59,3,189,45,35,26,21,2.5,53.16,0,workday,22:59,06:56,35-44,remote,0,0
user_043,2024-01-12,68.45,3,172,36,6,15,19,1.29,61.39,0,workday,23:04,07:14,35-44,remote,0,0
user_043,2024-01-13,72.47,3,203,39,24,22,23,1.62,78.82,0,weekend,23:08,07:25,35-44,remote,0,0
user_043,2024-01-14,100.0,4,230,60,8,28,20,4.18,63.9,0,weekend,23:40,06:57,35-44,remote,0,0
user_043,2024-01-15,54.28,3,218,38,16,26,19,4.86,51.49,1,workday,23:30,07:09,35-44,remote,0,0
user_043,2024-01-16,49.45,2,226,37,16,12,21,4.98,56.82,1,workday,22:24,07:09,35-44,remote,0,0
user_043,2024-01-17,69.18,3,191,37,10,12,22,4.01,64.84,1,workday,23:04,06:34,35-44,remote,0,0
user_043,2024-01-18,44.28,2,245,38,32,35,15,9.64,39.13,0,workday,22:54,06:34,35-44,remote,0,0
user_043,2024-01-19,46.02,2,277,56,12,32,26,8.27,32.92,0,workday,23:51,07:48,35-44,remote,0,0
user_043,2024-01-20,75.45,4,290,32,16,35,12,4.81,83.07,0,weekend,22:59,07:37,35-44,remote,0,0
user_043,2024-01-21,43.26,2,191,31,7,17,11,5.82,23.92,0,weekend,23:03,08:01,35-44,remote,0,0
user_044,2024-01-01,36.39,2,221,53,17,44,18,4.69,63.29,0,workday,22:22,06:19,25-34,remote,1,0
user_044,2024-01-02,58.71,3,171,31,17,25,9,4.54,54.11,1,workday,23:05,07:02,25-34,remote,1,0
user_044,2024-01-03,42.39,2,287,42,21,23,21,4.74,68.42,0,workday,22:19,06:32,25-34,remote,1,0
user_044,2024-01-04,45.31,2,252,53,22,26,28,6.88,63.67,0,workday,21:54,07:44,25-34,remote,1,0
user_044,2024-01-05,38.41,2,246,35,17,22,13,7.02,67.87,0,workday,23:02,06:05,25-34,remote,1,0
user_044,2024-01-06,66.41,3,177,38,25,13,16,0.81,78.47,0,weekend,00:03,07:26,25-34,remote,1,0
user_044,2024-01-07,68.49,3,208,43,19,20,20,4.47,57.21,0,weekend,23:33,07:17,25-34,remote,1,0
user_044,2024-01-08,23.34,1,228,42,37,39,21,6.63,68.39,0,workday,22:29,07:43,25-34,remote,1,0
user_044,2024-01-09,35.42,2,252,39,18,27,22,4.3,32.7,1,workday,22:34,06:26,25-34,remote,1,0
user_044,2024-01-10,0.74,1,209,43,17,16,19,4.36,56.18,1,workday,23:23,07:34,25-34,remote,1,0
user_044,2024-01-11,19.4,1,265,53,25,22,26,7.43,35.95,0,workday,22:24,06:41,25-34,remote,1,0
user_044,2024-01-12,37.75,2,246,55,21,26,17,4.53,56.05,0,workday,23:34,07:37,25-34,remote,1,0
user_044,2024-01-13,53.79,3,259,49,17,36,22,4.13,52.72,1,weekend,23:41,07:52,25-34,remote,1,0
user_044,2024-01-14,53.62,3,209,32,3,15,18,2.42,71.59,0,weekend,23:51,07:39,25-34,remote,1,0
user_044,2024-01-15,28.53,2,258,58,32,32,18,4.92,33.91,1,workday,23:08,07:44,25-34,remote,1,0
user_044,2024-01-16,50.93,3,250,39,16,22,23,5.33,60.38,0,workday,22:14,07:12,25-34,remote,1,0
user_044,2024-01-17,19.14,1,208,60,25,37,23,4.93,53.74,1,workday,22:42,07:09,25-34,remote,1,0
user_044,2024-01-18,39.04,2,184,32,18,24,11,5.74,65.13,1,workday,23:35,07:07,25-34,remote,1,0
user_044,2024-01-19,41.33,2,254,57,42,36,24,6.36,31.31,0,workday,23:09,07:06,25-34,remote,1,0
user_044,2024-01-20,63.86,3,233,40,8,30,25,6.27,47.67,1,weekend,22:49,07:39,25-34,remote,1,0
user_044,2024-01-21,36.25,2,146,34,21,21,13,2.23,80.15,0,weekend,00:04,07:08,25-34,remote,1,0
user_045,2024-01-01,47.08,2,222,49,20,40,21,7.35,45.1,1,workday,23:19,07:15,45-54,hybrid,0,0
user_045,2024-01-02,43.49,2,214,37,29,26,19,5.96,37.6,1,workday,22:10,06:00,45-54,hybrid,0,0
user_045,2024-01-03,30.27,2,218,58,49,37,27,6.25,63.8,0,workday,00:11,06:38,45-54,hybrid,0,0
user_045,2024-01-04,55.27,3,295,46,13,31,15,4.7,34.8,0,workday,23:18,06:56,45-54,hybrid,0,0
user_045,2024-01-05,51.98,3,264,40,4,35,15,4.36,47.23,1,workday,22:36,07:16,45-54,hybrid,0,0
user_045,2024-01-06,92.51,4,212,35,28,25,16,3.79,72.21,0,weekend,23:36,07:40,45-54,hybrid,0,0
user_045,2024-01-07,75.02,4,232,53,31,29,22,6.34,69.38,1,weekend,23:23,06:46,45-54,hybrid,0,0
user_045,2024-01-08,90.78,4,225,33,12,29,12,3.56,47.96,0,workday,22:55,07:15,45-54,hybrid,0,0
user_045,2024-01-09,100.0,4,269,35,15,35,10,3.48,71.73,0,workday,22:36,07:10,45-54,hybrid,0,0
user_045,2024-01-10,40.0,2,211,48,28,30,14,5.85,60.14,1,workday,22:26,07:41,45-54,hybrid,0,0
user_045,2024-01-11,51.57,3,198,37,22,15,14,3.11,80.77,0,workday,23:39,07:12,45-54,hybrid,0,0
user_045,2024-01-12,75.33,4,162,31,17,14,8,3.25,57.15,0,workday,23:06,06:33,45-54,hybrid,0,0
user_045,2024-01-13,67.77,3,228,54,24,31,25,6.7,69.4,0,weekend,23:26,07:57,45-54,hybrid,0,0
user_045,2024-01-14,54.7,3,259,56,26,32,19,4.85,62.78,0,weekend,23:26,07:56,45-54,hybrid,0,0
user_045,2024-01-15,47.74,2,221,38,13,23,19,7.33,26.75,1,workday,23:45,07:04,45-54,hybrid,0,0
user_045,2024-01-16,72.58,3,256,27,9,27,11,4.99,63.34,0,workday,23:19,07:13,45-54,hybrid,0,0
user_045,2024-01-17,66.74,3,152,18,11,19,14,3.75,72.35,0,workday,22:46,06:24,45-54,hybrid,0,0
user_045,2024-01-18,52.58,3,154,33,14,22,19,3.0,64.57,0,workday,22:41,07:52,45-54,hybrid,0,0
user_045,2024-01-19,43.3,2,215,60,26,44,22,7.48,65.48,0,workday,22:21,07:01,45-54,hybrid,0,0
user_045,2024-01-20,71.81,3,224,43,16,35,14,2.19,75.44,0,weekend,23:12,07:01,45-54,hybrid,0,0
user_045,2024-01-21,48.47,2,218,60,9,45,27,6.41,60.79,0,weekend,22:56,08:00,45-54,hybrid,0,0
user_046,2024-01-01,60.95,3,218,46,39,26,12,3.03,66.4,0,workday,22:46,07:56,45-54,remote,0,0
user_046,2024-01-02,44.96,2,252,44,25,22,13,4.25,42.59,1,workday,22:47,07:27,45-54,remote,0,0
user_046,2024-01-03,44.47,2,219,51,12,35,30,4.8,54.76,0,workday,23:27,06:59,45-54,remote,0,0
user_046,2024-01-04,76.76,4,242,46,31,20,28,3.25,58.51,0,workday,22:29,06:53,45-54,remote,0,0
user_046,2024-01-05,67.61,3,218,30,24,22,16,1.62,63.89,1,workday,22:07,06:50,45-54,remote,0,0
user_046,2024-01-06,76.5,4,222,51,11,30,23,3.06,66.5,0,weekend,00:16,07:51,45-54,remote,0,0
user_046,2024-01-07,54.03,3,229,38,15,24,14,4.98,50.48,0,weekend,23:24,07:30,45-54,remote,0,0
user_046,2024-01-08,78.14,4,213,47,19,33,18,4.05,51.56,0,workday,22:40,06:19,45-54,remote,0,0
user_046,2024-01-09,60.9,3,255,56,31,26,22,3.18,55.86,0,workday,22:59,06:14,45-54,remote,0,0
user_046,2024-01-10,56.04,3,191,27,12,28,19,2.94,47.1,0,workday,23:05,07:28,45-54,remote,0,0
user_046,2024-01-11,72.95,3,186,31,10,26,12,3.96,47.97,1,workday,21:52,07:08,45-54,remote,0,0
user_046,2024-01-12,33.71,2,161,25,3,17,10,3.55,65.86,1,workday,22:53,07:00,45-54,remote,0,0
user_046,2024-01-13,66.52,3,277,52,25,30,22,4.23,53.4,0,weekend,23:10,08:02,45-54,remote,0,0
user_046,2024-01-14,49.92,2,228,30,11,13,2,4.36,71.4,0,weekend,23:44,07:45,45-54,remote,0,0
user_046,2024-01-15,65.96,3,237,51,22,40,24,5.15,65.3,1,workday,23:59,06:14,45-54,remote,0,0
user_046,2024-01-16,56.4,3,184,33,25,36,7,4.49,65.21,0,workday,23:01,07:16,45-54,remote,0,0
user_046,2024-01-17,52.92,3,203,53,18,25,17,5.29,46.59,0,workday,22:40,07:00,45-54,remote,0,0
user_046,2024-01-18,20.12,1,253,46,21,39,24,5.7,47.26,0,workday,22:59,06:53,45-54,remote,0,0
user_046,2024-01-19,87.99,4,232,53,39,27,19,6.52,61.91,0,workday,22:51,06:20,45-54,remote,0,0
user_046,2024-01-20,10.86,1,229,40,18,33,23,4.14,47.47,1,weekend,23:19,07:42,45-54,remote,0,0
user_046,2024-01-21,65.78,3,230,59,28,36,26,3.87,74.82,0,weekend,23:37,06:41,45-54,remote,0,0
user_047,2024-01-01,36.31,2,192,60,26,33,24,5.52,48.9,0,workday,22:53,07:25,25-34,on_site,1,1
user_047,2024-01-02,65.05,3,219,46,31,40,15,5.09,60.82,1,workday,21:49,06:53,25-34,on_site,1,1
user_047,2024-01-03,24.57,1,164,57,37,38,22,6.87,30.28,0,workday,22:48,06:16,25-34,on_site,1,1
user_047,2024-01-04,60.34,3,237,45,15,16,27,6.71,54.15,0,workday,23:03,08:06,25-34,on_site,1,1
user_047,2024-01-05,49.65,2,220,53,41,29,30,8.84,53.49,0,workday,23:23,06:42,25-34,on_site,1,1
user_047,2024-01-06,38.18,2,177,47,12,27,22,4.17,52.95,0,weekend,22:52,07:31,25-34,on_site,1,1
user_047,2024-01-07,71.72,3,190,24,10,19,19,0.68,76.85,0,weekend,00:03,07:50,25-34,on_site,1,1
user_047,2024-01-08,3.17,1,188,37,27,31,22,4.31,36.58,1,workday,22:40,07:28,25-34,on_site,1,1
user_047,2024-01-09,31.07,2,148,36,24,29,13,8.15,47.38,1,workday,23:49,07:14,25-34,on_site,1,1
user_047,2024-01-10,0.0,1,235,60,31,36,17,10.0,55.96,0,workday,23:50,07:13,25-34,on_site,1,1
user_047,2024-01-11,55.37,3,233,55,11,25,18,4.03,61.51,1,workday,23:41,07:14,25-34,on_site,1,1
user_047,2024-01-12,77.03,4,181,60,11,22,18,4.71,59.39,0,workday,23:38,07:34,25-34,on_site,1,1
user_047,2024-01-13,53.56,3,228,41,20,23,10,0.7,48.7,0,weekend,23:14,07:48,25-34,on_site,1,1
user_047,2024-01-14,11.49,1,227,49,27,30,20,6.16,45.78,0,weekend,23:28,07:59,25-34,on_site,1,1
user_047,2024-01-15,33.5,2,173,38,21,5,14,4.53,78.94,1,workday,23:16,07:34,25-34,on_site,1,1
user_047,2024-01-16,50.61,3,215,23,21,17,25,8.12,63.35,0,workday,22:18,07:37,25-34,on_site,1,1
user_047,2024-01-17,37.36,2,213,26,10,15,30,5.16,45.54,1,workday,22:44,06:50,25-34,on_site,1,1
user_047,2024-01-18,77.57,4,236,57,26,29,21,5.47,64.23,1,workday,22:28,07:27,25-34,on_site,1,1
user_047,2024-01-19,52.79,3,225,60,35,24,19,4.05,63.78,0,workday,23:50,06:54,25-34,on_site,1,1
user_047,2024-01-20,32.39,2,286,56,12,31,14,6.83,38.51,0,weekend,23:32,07:41,25-34,on_site,1,1
user_047,2024-01-21,47.72,2,221,40,20,21,1,1.95,51.96,0,weekend,23:12,07:17,25-34,on_site,1,1
user_048,2024-01-01,84.39,4,157,36,11,33,16,6.69,61.65,0,workday,22:21,07:07,25-34,on_site,0,0
user_048,2024-01-02,60.24,3,202,60,38,32,21,6.0,50.24,1,workday,23:10,07:27,25-34,on_site,0,0
user_048,2024-01-03,46.93,2,211,33,24,23,17,6.19,87.24,0,workday,22:30,06:19,25-34,on_site,0,0
user_048,2024-01-04,64.09,3,166,37,27,24,20,6.29,47.5,0,workday,23:04,06:58,25-34,on_site,0,0
user_048,2024-01-05,64.02,3,205,46,19,31,25,6.48,72.68,0,workday,22:50,07:20,25-34,on_site,0,0
user_048,2024-01-06,65.03,3,195,32,26,6,16,2.81,77.64,0,weekend,23:43,08:04,25-34,on_site,0,0
user_048,2024-01-07,51.86,3,219,50,28,34,28,2.43,66.63,0,weekend,23:05,07:16,25-34,on_site,0,0
user_048,2024-01-08,35.44,2,212,49,30,33,19,9.08,59.68,0,workday,23:12,06:55,25-34,on_site,0,0
user_048,2024-01-09,49.53,2,236,32,26,23,15,5.48,53.51,1,workday,22:45,07:12,25-34,on_site,0,0
user_048,2024-01-10,43.72,2,184,44,24,16,19,5.23,45.05,1,workday,22:26,06:44,25-34,on_site,0,0
user_048,2024-01-11,76.77,4,136,30,10,31,19,3.37,73.8,0,workday,22:07,06:53,25-34,on_site,0,0
user_048,2024-01-12,29.74,2,237,60,27,24,22,6.78,71.11,1,workday,23:40,07:31,25-34,on_site,0,0
user_048,2024-01-13,33.58,2,171,36,19,26,25,7.73,51.95,0,weekend,23:22,08:26,25-34,on_site,0,0
user_048,2024-01-14,100.0,4,186,34,7,25,13,2.55,79.45,0,weekend,00:07,08:43,25-34,on_site,0,0
user_048,2024-01-15,37.79,2,219,41,27,26,22,6.41,50.75,0,workday,22:16,06:22,25-34,on_site,0,0
user_048,2024-01-16,87.11,4,225,36,11,36,18,2.69,46.88,0,workday,23:09,07:11,25-34,on_site,0,0
user_048,2024-01-17,45.72,2,232,36,33,24,17,6.18,51.94,0,workday,22:47,07:06,25-34,on_site,0,0
user_048,2024-01-18,27.07,2,196,56,45,30,27,8.74,50.22,0,workday,23:40,06:41,25-34,on_site,0,0
user_048,2024-01-19,48.55,2,195,27,10,23,22,4.09,61.01,0,workday,22:20,07:16,25-34,on_site,0,0
user_048,2024-01-20,48.76,2,195,47,21,31,10,3.84,50.46,0,weekend,23:27,07:49,25-34,on_site,0,0
user_048,2024-01-21,28.1,2,265,60,37,28,23,6.81,51.39,1,weekend,22:34,07:07,25-34,on_site,0,0
user_049,2024-01-01,59.99,3,205,27,13,26,12,5.21,51.19,0,workday,23:33,07:11,35-44,remote,1,0
user_049,2024-01-02,81.3,4,240,56,21,35,19,5.77,77.32,0,workday,00:01,07:14,35-44,remote,1,0
user_049,2024-01-03,79.22,4,239,32,28,22,16,4.72,49.32,0,workday,23:04,07:09,35-44,remote,1,0
user_049,2024-01-04,74.1,3,261,25,22,17,17,6.78,56.74,0,workday,00:03,06:20,35-44,remote,1,0
user_049,2024-01-05,87.39,4,247,35,24,26,19,1.69,62.46,0,workday,23:17,06:35,35-44,remote,1,0
user_049,2024-01-06,77.55,4,272,60,30,26,30,6.93,47.69,0,weekend,23:09,07:50,35-44,remote,1,0
user_049,2024-01-07,86.46,4,257,39,20,39,25,5.89,18.36,1,weekend,23:26,07:06,35-44,remote,1,0
user_049,2024-01-08,49.03,2,262,23,6,25,19,5.41,56.42,1,workday,23:12,06:47,35-44,remote,1,0
user_049,2024-01-09,70.22,3,193,36,26,31,12,8.41,50.24,1,workday,23:03,06:47,35-44,remote,1,0
user_049,2024-01-10,76.4,4,237,43,23,14,21,5.9,61.73,0,workday,22:56,06:18,35-44,remote,1,0
user_049,2024-01-11,57.87,3,223,51,23,32,28,5.75,36.76,0,workday,23:42,07:45,35-44,remote,1,0
user_049,2024-01-12,54.31,3,148,34,25,24,10,4.72,61.15,0,workday,22:48,07:31,35-44,remote,1,0
user_049,2024-01-13,61.16,3,195,14,10,14,13,3.99,61.69,0,weekend,23:16,08:35,35-44,remote,1,0
user_049,2024-01-14,81.14,4,288,57,47,21,29,1.47,64.35,0,weekend,23:35,07:54,35-44,remote,1,0
user_049,2024-01-15,94.14,4,232,38,20,33,18,4.96,78.17,0,workday,23:29,06:30,35-44,remote,1,0
user_049,2024-01-16,84.96,4,193,38,14,21,15,1.93,68.08,0,workday,22:51,07:31,35-44,remote,1,0
user_049,2024-01-17,60.38,3,213,33,19,23,20,5.94,56.6,1,workday,22:52,07:58,35-44,remote,1,0
user_049,2024-01-18,83.56,4,202,35,16,20,23,2.93,37.72,0,workday,23:05,06:55,35-44,remote,1,0
user_049,2024-01-19,63.75,3,275,48,36,26,21,5.26,53.58,1,workday,23:13,07:10,35-44,remote,1,0
user_049,2024-01-20,90.22,4,300,50,22,29,23,4.36,70.99,1,weekend,23:07,07:34,35-44,remote,1,0
user_049,2024-01-21,50.87,3,210,49,18,39,18,4.99,61.53,0,weekend,23:23,07:51,35-44,remote,1,0
user_050,2024-01-01,81.79,4,221,60,40,44,20,6.24,59.18,1,workday,23:51,06:54,18-24,on_site,1,0
user_050,2024-01-02,64.91,3,253,28,5,29,14,3.97,48.36,0,workday,23:46,06:53,18-24,on_site,1,0
user_050,2024-01-03,37.85,2,237,44,21,27,22,6.1,58.51,1,workday,23:26,07:20,18-24,on_site,1,0
user_050,2024-01-04,85.98,4,175,38,20,7,19,1.06,79.58,0,workday,23:36,07:19,18-24,on_site,1,0
user_050,2024-01-05,98.37,4,162,53,28,29,18,4.34,53.22,0,workday,22:47,06:56,18-24,on_site,1,0
user_050,2024-01-06,37.91,2,181,38,21,20,28,4.49,56.54,0,weekend,00:21,07:32,18-24,on_site,1,0
user_050,2024-01-07,73.15,3,194,30,15,15,13,2.32,69.42,0,weekend,23:59,08:11,18-24,on_site,1,0
user_050,2024-01-08,88.95,4,190,32,3,31,12,2.86,77.96,0,workday,22:50,06:49,18-24,on_site,1,0
user_050,2024-01-09,91.64,4,231,45,22,28,16,4.64,72.56,1,workday,23:05,06:56,18-24,on_site,1,0
user_050,2024-01-10,74.14,3,151,38,14,27,17,4.43,54.8,1,workday,00:15,06:56,18-24,on_site,1,0
user_050,2024-01-11,81.93,4,207,46,21,45,22,6.52,54.86,0,workday,23:37,06:23,18-24,on_site,1,0
user_050,2024-01-12,94.66,4,225,40,25,28,15,4.58,67.85,0,workday,23:33,06:46,18-24,on_site,1,0
user_050,2024-01-13,57.5,3,127,39,13,20,16,4.8,71.63,0,weekend,23:08,07:01,18-24,on_site,1,0
user_050,2024-01-14,47.3,2,190,29,14,18,17,4.4,61.16,0,weekend,23:33,08:04,18-24,on_site,1,0
user_050,2024-01-15,65.95,3,256,60,37,30,20,4.46,69.22,0,workday,00:05,07:26,18-24,on_site,1,0
user_050,2024-01-16,25.97,2,205,42,29,32,19,7.02,52.25,1,workday,23:40,07:29,18-24,on_site,1,0
user_050,2024-01-17,73.35,3,249,60,50,46,22,7.58,50.12,0,workday,22:51,06:44,18-24,on_site,1,0
user_050,2024-01-18,86.92,4,154,43,11,26,18,5.67,80.42,0,workday,23:21,07:08,18-24,on_site,1,0
user_050,2024-01-19,95.91,4,232,58,36,40,22,5.18,67.25,0,workday,23:01,06:41,18-24,on_site,1,0
user_050,2024-01-20,74.43,3,187,34,18,15,25,5.49,41.24,0,weekend,23:19,07:53,18-24,on_site,1,0
user_050,2024-01-21,43.6,2,179,56,46,37,11,4.43,27.4,1,weekend,22:52,08:14,18-24,on_site,1,0
user_051,2024-01-01,52.67,3,225,46,17,38,13,4.08,69.65,0,workday,23:02,06:40,18-24,remote,1,0
user_051,2024-01-02,41.49,2,227,48,17,28,19,7.49,30.5,1,workday,23:25,07:11,18-24,remote,1,0
user_051,2024-01-03,50.8,3,229,49,21,29,17,4.65,72.33,0,workday,23:50,06:54,18-24,remote,1,0
user_051,2024-01-04,27.63,2,191,50,20,36,20,4.16,74.61,0,workday,23:13,07:15,18-24,remote,1,0
user_051,2024-01-05,81.96,4,233,28,13,34,27,3.83,50.62,0,workday,22:06,07:12,18-24,remote,1,0
user_051,2024-01-06,83.94,4,246,18,6,20,11,3.88,57.17,0,weekend,23:40,07:32,18-24,remote,1,0
user_051,2024-01-07,47.14,2,214,35,24,14,18,2.52,85.22,0,weekend,23:19,08:23,18-24,remote,1,0
user_051,2024-01-08,60.78,3,225,20,7,14,20,2.58,79.23,1,workday,23:27,07:26,18-24,remote,1,0
user_051,2024-01-09,33.3,2,206,58,26,31,22,4.97,62.41,0,workday,23:09,06:57,18-24,remote,1,0
user_051,2024-01-10,44.53,2,226,43,21,34,17,4.58,71.58,0,workday,22:48,07:35,18-24,remote,1,0
user_051,2024-01-11,21.3,1,240,46,13,34,22,5.77,55.02,0,workday,22:53,06:01,18-24,remote,1,0
user_051,2024-01-12,23.26,1,192,35,19,25,15,8.1,54.43,1,workday,23:42,07:44,18-24,remote,1,0
user_051,2024-01-13,62.43,3,219,43,13,37,20,2.32,66.7,0,weekend,23:31,07:28,18-24,remote,1,0
user_051,2024-01-14,75.66,4,264,39,7,23,15,2.39,78.45,0,weekend,23:24,07:53,18-24,remote,1,0
user_051,2024-01-15,44.93,2,202,42,21,38,13,5.89,48.59,0,workday,22:50,07:02,18-24,remote,1,0
user_051,2024-01-16,51.99,3,180,60,32,40,23,4.36,62.23,0,workday,22:20,07:27,18-24,remote,1,0
user_051,2024-01-17,48.12,2,151,35,14,40,21,3.57,89.54,1,workday,22:37,07:35,18-24,remote,1,0
user_051,2024-01-18,97.14,4,219,29,15,27,21,4.6,60.55,0,workday,23:00,07:31,18-24,remote,1,0
user_051,2024-01-19,62.06,3,243,45,7,30,19,4.84,61.4,1,workday,23:23,07:12,18-24,remote,1,0
user_051,2024-01-20,60.11,3,177,44,19,27,13,4.55,46.36,0,weekend,00:24,08:13,18-24,remote,1,0
user_051,2024-01-21,62.91,3,270,50,21,22,24,3.89,57.23,0,weekend,23:41,08:43,18-24,remote,1,0
user_052,2024-01-01,38.94,2,250,47,21,28,22,4.2,59.12,1,workday,22:15,06:52,18-24,hybrid,0,0
user_052,2024-01-02,71.37,3,201,42,22,37,26,5.63,51.42,0,workday,23:20,07:34,18-24,hybrid,0,0
user_052,2024-01-03,40.76,2,268,32,10,24,18,3.99,64.07,1,workday,23:06,07:11,18-24,hybrid,0,0
user_052,2024-01-04,36.66,2,256,50,30,22,23,5.14,69.58,1,workday,22:40,07:12,18-24,hybrid,0,0
user_052,2024-01-05,73.17,3,162,36,9,36,21,3.57,61.54,0,workday,22:36,07:32,18-24,hybrid,0,0
user_052,2024-01-06,63.2,3,276,36,16,28,17,4.52,56.58,1,weekend,23:46,06:55,18-24,hybrid,0,0
user_052,2024-01-07,48.14,2,210,43,13,32,15,2.8,64.8,1,weekend,22:54,07:45,18-24,hybrid,0,0
user_052,2024-01-08,47.97,2,250,33,22,16,11,4.75,47.77,0,workday,23:14,07:07,18-24,hybrid,0,0
user_052,2024-01-09,43.7,2,214,47,29,31,12,4.98,37.97,0,workday,23:10,06:01,18-24,hybrid,0,0
user_052,2024-01-10,28.48,2,220,58,23,36,27,3.93,44.58,1,workday,22:14,06:04,18-24,hybrid,0,0
user_052,2024-01-11,56.24,3,231,48,27,26,11,5.04,47.48,0,workday,23:39,07:22,18-24,hybrid,0,0
user_052,2024-01-12,35.82,2,184,51,18,25,23,5.52,52.07,1,workday,23:54,06:52,18-24,hybrid,0,0
user_052,2024-01-13,51.83,3,182,33,9,17,18,6.65,58.44,0,weekend,21:59,06:53,18-24,hybrid,0,0
user_052,2024-01-14,49.98,2,227,37,14,26,25,6.51,57.78,0,weekend,22:26,07:32,18-24,hybrid,0,0
user_052,2024-01-15,41.79,2,258,28,11,21,14,2.2,71.61,0,workday,23:34,06:49,18-24,hybrid,0,0
user_052,2024-01-16,74.04,3,223,58,9,43,29,4.92,63.06,0,workday,23:31,06:31,18-24,hybrid,0,0
user_052,2024-01-17,17.75,1,187,38,19,19,21,3.26,60.4,1,workday,23:10,06:10,18-24,hybrid,0,0
user_052,2024-01-18,51.82,3,224,33,9,32,13,2.75,61.0,1,workday,23:24,07:25,18-24,hybrid,0,0
user_052,2024-01-19,72.47,3,180,41,12,25,15,4.56,45.91,1,workday,23:55,06:17,18-24,hybrid,0,0
user_052,2024-01-20,83.08,4,243,60,21,48,23,4.69,71.54,0,weekend,00:48,09:00,18-24,hybrid,0,0
user_052,2024-01-21,40.69,2,252,51,30,28,20,8.21,51.28,0,weekend,23:22,08:13,18-24,hybrid,0,0
user_053,2024-01-01,43.17,2,245,36,11,23,25,7.27,50.33,1,workday,22:30,06:19,45-54,remote,0,0
user_053,2024-01-02,64.87,3,187,45,26,16,20,4.02,74.74,0,workday,23:53,06:41,45-54,remote,0,0
user_053,2024-01-03,68.3,3,247,34,15,22,11,4.94,59.59,0,workday,23:29,07:05,45-54,remote,0,0
user_053,2024-01-04,62.98,3,265,23,14,35,9,7.56,59.17,1,workday,23:14,06:50,45-54,remote,0,0
user_053,2024-01-05,49.75,2,234,51,41,36,13,5.11,52.92,1,workday,22:37,07:06,45-54,remote,0,0
user_053,2024-01-06,78.69,4,265,48,32,18,20,5.08,69.87,0,weekend,23:48,08:15,45-54,remote,0,0
user_053,2024-01-07,66.54,3,239,51,20,47,24,4.1,61.07,1,weekend,23:51,07:55,45-54,remote,0,0
user_053,2024-01-08,56.71,3,300,60,35,41,28,7.84,55.19,1,workday,23:35,06:31,45-54,remote,0,0
user_053,2024-01-09,53.06,3,216,48,14,43,22,8.46,61.48,1,workday,23:27,06:36,45-54,remote,0,0
user_053,2024-01-10,42.75,2,266,52,27,32,19,8.94,51.21,0,workday,23:09,07:25,45-54,remote,0,0
user_053,2024-01-11,49.43,2,211,34,22,17,20,5.96,49.27,1,workday,23:19,06:57,45-54,remote,0,0
user_053,2024-01-12,60.53,3,236,52,19,30,26,5.15,61.77,1,workday,23:02,06:18,45-54,remote,0,0
user_053,2024-01-13,69.18,3,231,30,13,11,10,4.59,50.75,0,weekend,22:35,07:51,45-54,remote,0,0
user_053,2024-01-14,79.02,4,258,36,5,26,9,3.3,53.87,0,weekend,23:22,07:32,45-54,remote,0,0
user_053,2024-01-15,64.61,3,235,31,19,38,14,6.52,40.46,0,workday,22:19,07:00,45-54,remote,0,0
user_053,2024-01-16,75.7,4,249,40,13,23,16,3.79,68.27,0,workday,23:25,06:41,45-54,remote,0,0
user_053,2024-01-17,33.85,2,200,28,15,14,19,5.61,39.88,0,workday,22:56,06:52,45-54,remote,0,0
user_053,2024-01-18,83.4,4,245,47,34,28,29,4.52,57.1,0,workday,22:56,06:41,45-54,remote,0,0
user_053,2024-01-19,55.05,3,260,53,32,24,24,5.65,61.93,1,workday,23:02,06:44,45-54,remote,0,0
user_053,2024-01-20,43.05,2,284,35,14,19,15,4.78,52.58,0,weekend,23:14,08:20,45-54,remote,0,0
user_053,2024-01-21,84.59,4,204,33,4,11,14,2.17,72.68,1,weekend,22:51,08:00,45-54,remote,0,0
user_054,2024-01-01,3.89,1,232,60,9,30,23,4.4,61.33,1,workday,23:02,07:23,35-44,on_site,0,0
user_054,2024-01-02,53.69,3,155,39,34,19,18,3.64,69.94,0,workday,23:01,06:11,35-44,on_site,0,0
user_054,2024-01-03,45.84,2,229,33,17,24,12,3.64,37.46,0,workday,22:51,06:56,35-44,on_site,0,0
user_054,2024-01-04,21.26,1,137,30,13,27,25,7.17,44.09,0,workday,23:28,06:50,35-44,on_site,0,0
user_054,2024-01-05,33.13,2,162,40,16,25,21,4.54,52.05,0,workday,22:36,06:23,35-44,on_site,0,0
user_054,2024-01-06,67.97,3,251,60,26,21,20,5.31,64.03,0,weekend,22:40,08:07,35-44,on_site,0,0
user_054,2024-01-07,64.19,3,210,39,13,25,10,3.76,79.83,0,weekend,22:45,07:59,35-44,on_site,0,0
user_054,2024-01-08,62.69,3,186,24,18,22,10,3.36,80.09,0,workday,22:55,05:48,35-44,on_site,0,0
user_054,2024-01-09,54.3,3,221,35,13,16,13,4.81,68.61,1,workday,22:50,06:54,35-44,on_site,0,0
user_054,2024-01-10,39.04,2,199,36,8,15,18,3.74,41.06,1,workday,23:33,07:20,35-44,on_site,0,0
user_054,2024-01-11,62.9,3,225,50,9,14,20,2.35,55.32,0,workday,23:09,07:17,35-44,on_site,0,0
user_054,2024-01-12,32.19,2,155,44,23,25,20,4.24,66.6,0,workday,22:29,07:05,35-44,on_site,0,0
user_054,2024-01-13,28.06,2,220,36,14,23,25,5.56,50.63,1,weekend,23:11,07:12,35-44,on_site,0,0
user_054,2024-01-14,61.29,3,158,28,4,20,15,3.46,67.18,0,weekend,23:37,06:38,35-44,on_site,0,0
user_054,2024-01-15,38.79,2,153,38,30,22,16,4.49,72.64,0,workday,22:18,07:05,35-44,on_site,0,0
user_054,2024-01-16,45.37,2,198,35,11,35,12,6.44,71.52,0,workday,22:51,06:30,35-44,on_site,0,0
user_054,2024-01-17,26.34,2,244,51,19,32,27,6.51,48.53,0,workday,23:12,06:44,35-44,on_site,0,0
user_054,2024-01-18,59.5,3,159,26,18,27,12,3.19,60.38,1,workday,22:55,07:39,35-44,on_site,0,0
user_054,2024-01-19,0.98,1,235,60,33,37,26,7.26,37.21,0,workday,22:46,06:40,35-44,on_site,0,0
user_054,2024-01-20,55.54,3,248,58,52,45,25,4.44,66.09,0,weekend,23:50,07:58,35-44,on_site,0,0
user_054,2024-01-21,49.95,2,185,47,29,29,17,6.63,50.78,0,weekend,23:14,07:28,35-44,on_site,0,0
user_055,2024-01-01,74.22,3,238,20,18,14,11,3.97,49.43,0,workday,22:20,06:28,35-44,remote,1,0
user_055,2024-01-02,57.49,3,203,45,18,38,20,7.34,48.52,1,workday,23:15,07:55,35-44,remote,1,0
user_055,2024-01-03,38.12,2,249,48,15,37,23,5.69,44.31,1,workday,23:35,06:58,35-44,remote,1,0
user_055,2024-01-04,60.45,3,233,31,11,28,14,8.33,53.04,0,workday,22:59,06:44,35-44,remote,1,0
user_055,2024-01-05,39.11,2,277,60,45,40,14,5.43,50.89,0,workday,23:05,07:19,35-44,remote,1,0
user_055,2024-01-06,57.23,3,214,42,25,15,28,3.81,55.94,0,weekend,23:44,08:05,35-44,remote,1,0
user_055,2024-01-07,32.11,2,251,48,39,25,21,3.84,56.92,0,weekend,22:45,07:21,35-44,remote,1,0
user_055,2024-01-08,29.58,2,268,59,34,34,20,6.36,46.63,0,workday,22:26,07:14,35-44,remote,1,0
user_055,2024-01-09,74.87,3,294,38,10,22,9,3.88,79.73,1,workday,22:38,07:02,35-44,remote,1,0
user_055,2024-01-10,49.23,2,209,41,25,31,25,5.9,59.3,0,workday,22:37,07:21,35-44,remote,1,0
user_055,2024-01-11,31.57,2,293,43,26,25,17,4.54,50.95,0,workday,23:01,06:41,35-44,remote,1,0
user_055,2024-01-12,26.69,2,260,54,45,33,25,8.47,64.44,0,workday,23:12,06:59,35-44,remote,1,0
user_055,2024-01-13,48.44,2,300,60,38,40,21,4.85,55.61,0,weekend,23:58,08:05,35-44,remote,1,0
user_055,2024-01-14,53.95,3,199,24,6,19,8,3.24,59.49,0,weekend,00:05,07:52,35-44,remote,1,0
user_055,2024-01-15,69.56,3,237,41,8,16,18,4.92,54.76,0,workday,23:22,07:25,35-44,remote,1,0
user_055,2024-01-16,34.75,2,275,56,12,38,28,6.98,63.98,0,workday,00:00,06:13,35-44,remote,1,0
user_055,2024-01-17,47.6,2,256,54,29,37,26,10.0,49.29,0,workday,22:50,07:35,35-44,remote,1,0
user_055,2024-01-18,79.46,4,210,43,16,32,21,3.11,60.41,0,workday,23:09,07:18,35-44,remote,1,0
user_055,2024-01-19,45.61,2,224,49,30,38,18,6.17,64.57,1,workday,23:47,07:03,35-44,remote,1,0
user_055,2024-01-20,92.9,4,178,32,10,21,19,4.94,58.31,0,weekend,23:21,08:19,35-44,remote,1,0
user_055,2024-01-21,66.46,3,242,45,10,26,16,3.47,68.96,0,weekend,23:29,07:22,35-44,remote,1,0
user_056,2024-01-01,14.59,1,202,48,21,29,16,5.24,47.5,1,workday,23:46,06:07,45-54,remote,0,0
user_056,2024-01-02,82.3,4,265,60,19,43,29,7.0,37.54,0,workday,23:57,07:00,45-54,remote,0,0
user_056,2024-01-03,34.19,2,191,30,9,22,20,7.6,41.94,0,workday,23:04,07:08,45-54,remote,0,0
user_056,2024-01-04,18.92,1,272,53,20,36,20,8.0,36.6,0,workday,23:46,07:08,45-54,remote,0,0
user_056,2024-01-05,44.78,2,176,36,17,29,18,3.62,51.24,0,workday,23:35,06:47,45-54,remote,0,0
user_056,2024-01-06,81.79,4,216,25,4,22,10,1.33,56.16,0,weekend,23:09,08:13,45-54,remote,0,0
user_056,2024-01-07,51.67,3,195,34,3,31,21,2.95,65.39,0,weekend,23:20,07:40,45-54,remote,0,0
user_056,2024-01-08,60.19,3,229,30,12,20,27,5.96,45.23,0,workday,22:31,05:48,45-54,remote,0,0
user_056,2024-01-09,47.63,2,192,36,23,18,22,5.35,55.81,0,workday,22:46,08:01,45-54,remote,0,0
user_056,2024-01-10,68.93,3,266,56,34,40,24,4.55,43.42,0,workday,23:56,06:53,45-54,remote,0,0
user_056,2024-01-11,43.43,2,278,56,41,41,24,5.75,52.68,0,workday,23:34,06:20,45-54,remote,0,0
user_056,2024-01-12,48.02,2,299,47,22,33,27,5.1,53.33,0,workday,21:30,06:36,45-54,remote,0,0
user_056,2024-01-13,41.54,2,225,33,12,23,11,2.47,38.82,0,weekend,23:17,08:13,45-54,remote,0,0
user_056,2024-01-14,53.41,3,254,39,26,27,11,5.21,76.77,0,weekend,23:06,07:00,45-54,remote,0,0
user_056,2024-01-15,27.26,2,250,56,38,42,19,7.48,65.06,1,workday,22:54,06:56,45-54,remote,0,0
user_056,2024-01-16,29.08,2,250,40,10,29,25,7.69,51.0,1,workday,23:20,06:22,45-54,remote,0,0
user_056,2024-01-17,82.78,4,253,56,24,40,19,1.57,44.95,0,workday,23:04,06:06,45-54,remote,0,0
user_056,2024-01-18,30.81,2,180,54,11,32,18,5.54,55.11,1,workday,23:25,06:59,45-54,remote,0,0
user_056,2024-01-19,19.98,1,246,49,32,47,24,8.88,23.4,1,workday,23:10,05:47,45-54,remote,0,0
user_056,2024-01-20,33.48,2,267,60,44,39,25,6.06,59.82,1,weekend,00:11,07:35,45-54,remote,0,0
user_056,2024-01-21,74.58,3,253,37,18,14,23,4.1,50.45,0,weekend,23:39,08:10,45-54,remote,0,0
user_057,2024-01-01,78.27,4,205,26,15,19,5,5.64,61.87,0,workday,22:19,07:50,25-34,hybrid,0,0
user_057,2024-01-02,51.38,3,245,47,30,27,21,4.91,83.8,0,workday,22:15,07:18,25-34,hybrid,0,0
user_057,2024-01-03,68.76,3,188,57,24,35,21,6.33,53.71,0,workday,23:04,07:22,25-34,hybrid,0,0
user_057,2024-01-04,97.88,4,189,27,6,34,9,5.34,59.9,0,workday,23:57,06:56,25-34,hybrid,0,0
user_057,2024-01-05,80.23,4,222,41,23,32,30,6.64,71.97,0,workday,22:18,06:50,25-34,hybrid,0,0
user_057,2024-01-06,33.91,2,180,23,16,14,12,4.01,50.17,1,weekend,00:05,08:09,25-34,hybrid,0,0
user_057,2024-01-07,38.47,2,235,51,26,36,24,5.88,50.49,1,weekend,23:11,08:15,25-34,hybrid,0,0
user_057,2024-01-08,40.31,2,150,51,18,11,19,3.28,57.92,1,workday,22:37,06:54,25-34,hybrid,0,0
user_057,2024-01-09,46.44,2,173,54,22,32,26,5.94,45.23,0,workday,22:57,07:21,25-34,hybrid,0,0
user_057,2024-01-10,49.96,2,253,40,23,24,23,7.43,46.22,0,workday,22:29,07:29,25-34,hybrid,0,0
user_057,2024-01-11,77.69,4,154,7,7,7,12,2.83,63.73,0,workday,23:24,07:33,25-34,hybrid,0,0
user_057,2024-01-12,67.22,3,169,29,9,15,12,4.55,62.49,0,workday,23:23,06:38,25-34,hybrid,0,0
user_057,2024-01-13,44.09,2,231,43,20,22,22,2.88,63.82,0,weekend,23:15,07:34,25-34,hybrid,0,0
user_057,2024-01-14,58.04,3,204,21,17,25,6,3.71,43.73,0,weekend,23:59,07:40,25-34,hybrid,0,0
user_057,2024-01-15,72.58,3,225,42,18,17,10,0.03,70.89,1,workday,22:34,06:50,25-34,hybrid,0,0
user_057,2024-01-16,30.71,2,138,20,9,10,9,5.24,56.82,1,workday,23:38,07:17,25-34,hybrid,0,0
user_057,2024-01-17,57.83,3,198,38,9,29,20,5.82,56.71,0,workday,23:26,07:23,25-34,hybrid,0,0
user_057,2024-01-18,53.05,3,183,43,26,15,18,4.56,71.75,1,workday,23:17,07:44,25-34,hybrid,0,0
user_057,2024-01-19,37.2,2,234,51,21,26,21,4.67,47.62,1,workday,23:30,06:32,25-34,hybrid,0,0
user_057,2024-01-20,75.71,4,233,45,20,25,18,1.04,84.32,0,weekend,22:39,07:07,25-34,hybrid,0,0
user_057,2024-01-21,84.3,4,198,46,26,41,26,5.74,82.48,0,weekend,23:42,06:59,25-34,hybrid,0,0
user_058,2024-01-01,35.14,2,140,60,20,34,25,5.68,60.61,0,workday,22:46,07:50,35-44,on_site,0,0
user_058,2024-01-02,54.01,3,126,34,27,23,20,3.88,68.84,0,workday,22:13,07:16,35-44,on_site,0,0
user_058,2024-01-03,23.87,1,211,54,36,28,27,5.48,57.96,0,workday,23:43,06:42,35-44,on_site,0,0
user_058,2024-01-04,28.36,2,233,54,13,36,23,7.23,48.93,0,workday,23:27,06:06,35-44,on_site,0,0
user_058,2024-01-05,27.09,2,236,45,29,21,29,7.18,38.78,0,workday,23:30,07:24,35-44,on_site,0,0
user_058,2024-01-06,44.35,2,168,23,14,29,13,3.39,68.75,0,weekend,23:10,07:28,35-44,on_site,0,0
user_058,2024-01-07,38.1,2,189,46,9,24,18,3.35,77.38,0,weekend,00:16,07:18,35-44,on_site,0,0
user_058,2024-01-08,27.78,2,223,58,37,41,30,5.7,51.45,0,workday,22:35,06:25,35-44,on_site,0,0
user_058,2024-01-09,26.48,2,220,42,12,21,18,6.51,76.78,1,workday,22:29,06:46,35-44,on_site,0,0
user_058,2024-01-10,54.01,3,163,41,13,32,20,4.08,49.89,0,workday,22:58,06:31,35-44,on_site,0,0
user_058,2024-01-11,20.5,1,178,51,10,16,20,5.25,72.66,1,workday,21:56,07:01,35-44,on_site,0,0
user_058,2024-01-12,38.33,2,197,47,23,28,14,6.4,71.17,0,workday,23:16,07:24,35-44,on_site,0,0
user_058,2024-01-13,76.49,4,235,38,19,17,15,1.34,70.57,0,weekend,00:01,07:51,35-44,on_site,0,0
user_058,2024-01-14,52.68,3,264,60,12,26,25,2.8,71.45,0,weekend,23:45,08:19,35-44,on_site,0,0
user_058,2024-01-15,23.3,1,168,32,15,34,13,4.69,46.58,1,workday,22:50,07:16,35-44,on_site,0,0
user_058,2024-01-16,49.52,2,214,41,24,31,21,7.09,67.54,0,workday,23:34,07:14,35-44,on_site,0,0
user_058,2024-01-17,26.9,2,153,47,20,32,29,8.43,40.04,1,workday,23:11,07:22,35-44,on_site,0,0
user_058,2024-01-18,20.67,1,261,48,23,48,30,6.33,51.27,1,workday,23:20,07:00,35-44,on_site,0,0
user_058,2024-01-19,55.04,3,209,42,25,38,21,5.5,40.08,1,workday,23:19,06:05,35-44,on_site,0,0
user_058,2024-01-20,72.84,3,171,41,16,29,13,4.67,60.23,0,weekend,23:16,07:54,35-44,on_site,0,0
user_058,2024-01-21,51.66,3,226,60,14,41,27,5.86,68.11,0,weekend,23:57,08:05,35-44,on_site,0,0
user_059,2024-01-01,32.48,2,189,35,26,15,22,7.92,53.31,1,workday,22:35,06:53,18-24,on_site,1,0
user_059,2024-01-02,15.83,1,171,48,8,23,16,6.54,40.34,1,workday,22:53,07:33,18-24,on_site,1,0
user_059,2024-01-03,28.24,2,199,60,39,28,25,10.0,43.53,0,workday,23:07,07:08,18-24,on_site,1,0
user_059,2024-01-04,54.18,3,231,52,23,38,29,3.21,55.95,0,workday,22:56,07:39,18-24,on_site,1,0
user_059,2024-01-05,20.46,1,144,18,12,14,21,4.55,66.53,0,workday,23:23,06:19,18-24,on_site,1,0
user_059,2024-01-06,51.27,3,214,30,9,10,18,4.98,56.23,0,weekend,23:42,07:17,18-24,on_site,1,0
user_059,2024-01-07,73.81,3,190,42,27,33,15,5.4,54.26,0,weekend,01:07,07:26,18-24,on_site,1,0
user_059,2024-01-08,37.39,2,282,56,19,46,18,6.13,41.9,0,workday,23:04,06:46,18-24,on_site,1,0
user_059,2024-01-09,47.58,2,181,21,9,25,20,2.82,53.97,0,workday,22:07,07:17,18-24,on_site,1,0
user_059,2024-01-10,49.48,2,243,58,27,30,23,7.42,48.61,0,workday,22:43,06:24,18-24,on_site,1,0
user_059,2024-01-11,55.82,3,239,45,11,28,19,4.45,42.71,0,workday,22:50,07:28,18-24,on_site,1,0
user_059,2024-01-12,6.97,1,230,60,46,34,30,6.44,36.47,1,workday,23:20,06:50,18-24,on_site,1,0
user_059,2024-01-13,40.26,2,166,32,5,23,10,4.56,45.86,0,weekend,23:45,08:10,18-24,on_site,1,0
user_059,2024-01-14,32.37,2,246,56,24,25,25,6.34,51.94,1,weekend,23:13,07:30,18-24,on_site,1,0
user_059,2024-01-15,30.5,2,187,46,7,17,16,4.39,57.09,1,workday,22:50,07:17,18-24,on_site,1,0
user_059,2024-01-16,33.67,2,162,36,25,32,15,3.06,55.47,1,workday,23:40,07:50,18-24,on_site,1,0
user_059,2024-01-17,29.43,2,191,42,33,35,22,5.57,38.33,0,workday,22:47,06:11,18-24,on_site,1,0
user_059,2024-01-18,41.59,2,161,52,42,23,20,1.14,66.92,0,workday,22:45,07:04,18-24,on_site,1,0
user_059,2024-01-19,43.03,2,218,31,20,24,17,3.43,50.11,0,workday,22:47,06:39,18-24,on_site,1,0
user_059,2024-01-20,14.95,1,260,32,9,18,11,3.75,52.91,0,weekend,00:38,07:41,18-24,on_site,1,0
user_059,2024-01-21,31.12,2,191,35,18,26,7,5.45,45.24,0,weekend,23:03,08:13,18-24,on_site,1,0
user_060,2024-01-01,23.75,1,235,52,29,27,19,4.34,72.33,0,workday,22:23,07:09,18-24,hybrid,0,0
user_060,2024-01-02,16.78,1,224,41,28,29,18,1.92,60.5,0,workday,22:59,07:13,18-24,hybrid,0,0
user_060,2024-01-03,33.52,2,235,60,18,33,20,5.84,57.65,1,workday,22:44,06:25,18-24,hybrid,0,0
user_060,2024-01-04,61.08,3,212,42,27,41,13,2.75,68.86,0,workday,23:18,07:30,18-24,hybrid,0,0
user_060,2024-01-05,0.77,1,269,59,13,46,21,6.55,75.92,1,workday,23:19,06:36,18-24,hybrid,0,0
user_060,2024-01-06,45.95,2,177,13,8,17,8,1.31,69.87,0,weekend,23:11,08:11,18-24,hybrid,0,0
user_060,2024-01-07,31.75,2,190,22,15,14,12,4.32,48.53,0,weekend,00:41,08:11,18-24,hybrid,0,0
user_060,2024-01-08,17.59,1,220,47,30,21,20,7.62,41.53,0,workday,22:28,07:09,18-24,hybrid,0,0
user_060,2024-01-09,16.52,1,209,44,28,20,16,4.77,76.86,1,workday,22:49,07:15,18-24,hybrid,0,0
user_060,2024-01-10,36.03,2,248,37,24,15,19,7.89,72.57,1,workday,23:09,07:48,18-24,hybrid,0,0
user_060,2024-01-11,14.15,1,212,40,18,29,18,5.34,77.14,1,workday,23:53,06:50,18-24,hybrid,0,0
user_060,2024-01-12,0.0,1,252,39,23,28,22,7.61,56.8,1,workday,21:33,07:26,18-24,hybrid,0,0
user_060,2024-01-13,30.18,2,226,43,26,25,20,3.16,61.82,1,weekend,22:41,07:42,18-24,hybrid,0,0
user_060,2024-01-14,20.83,1,212,44,28,20,21,2.63,67.81,0,weekend,23:08,07:22,18-24,hybrid,0,0
user_060,2024-01-15,31.78,2,170,22,2,22,12,2.45,70.19,1,workday,23:07,07:04,18-24,hybrid,0,0
user_060,2024-01-16,24.33,1,165,36,8,22,13,2.91,47.92,0,workday,22:45,07:40,18-24,hybrid,0,0
user_060,2024-01-17,25.64,2,200,42,20,29,23,5.27,57.8,1,workday,22:36,07:39,18-24,hybrid,0,0
user_060,2024-01-18,3.57,1,255,47,23,37,15,7.1,43.3,1,workday,22:38,06:54,18-24,hybrid,0,0
user_060,2024-01-19,11.27,1,193,53,28,37,19,4.92,51.35,0,workday,23:07,06:52,18-24,hybrid,0,0
user_060,2024-01-20,26.54,2,263,42,10,43,24,5.75,56.85,1,weekend,23:35,07:59,18-24,hybrid,0,0
user_060,2024-01-21,37.03,2,195,40,10,36,15,0.65,63.74,0,weekend,23:51,07:57,18-24,hybrid,0,0
user_061,2024-01-01,20.34,1,206,39,16,33,12,4.42,42.09,1,workday,22:56,06:39,35-44,on_site,1,1
user_061,2024-01-02,35.73,2,216,36,13,35,27,1.84,53.37,0,workday,22:29,07:02,35-44,on_site,1,1
user_061,2024-01-03,0.0,1,167,40,20,35,18,5.23,59.79,1,workday,22:57,06:00,35-44,on_site,1,1
user_061,2024-01-04,12.23,1,167,34,11,27,19,4.6,57.25,1,workday,22:54,07:33,35-44,on_site,1,1
user_061,2024-01-05,44.17,2,213,9,7,14,13,3.9,51.14,0,workday,22:54,07:31,35-44,on_site,1,1
user_061,2024-01-06,77.56,4,171,45,24,23,20,4.83,62.44,0,weekend,00:20,07:12,35-44,on_site,1,1
user_061,2024-01-07,59.93,3,231,49,23,22,27,3.36,66.54,0,weekend,23:26,07:17,35-44,on_site,1,1
user_061,2024-01-08,33.01,2,176,36,15,10,16,3.83,76.89,1,workday,23:00,07:27,35-44,on_site,1,1
user_061,2024-01-09,13.19,1,258,48,31,26,15,4.29,49.49,1,workday,23:24,06:58,35-44,on_site,1,1
user_061,2024-01-10,55.33,3,244,23,10,12,10,4.62,81.36,0,workday,23:12,07:04,35-44,on_site,1,1
user_061,2024-01-11,52.93,3,221,44,26,22,25,5.41,64.27,0,workday,23:27,07:18,35-44,on_site,1,1
user_061,2024-01-12,40.29,2,142,54,34,31,28,4.25,68.67,1,workday,22:31,06:49,35-44,on_site,1,1
user_061,2024-01-13,63.32,3,161,3,3,5,2,2.29,62.92,0,weekend,23:01,08:07,35-44,on_site,1,1
user_061,2024-01-14,39.64,2,288,53,32,29,27,7.02,59.27,0,weekend,23:48,08:05,35-44,on_site,1,1
user_061,2024-01-15,30.49,2,179,38,5,24,16,4.99,72.3,0,workday,22:31,06:53,35-44,on_site,1,1
user_061,2024-01-16,50.38,3,208,41,25,37,26,6.6,49.1,1,workday,23:08,07:35,35-44,on_site,1,1
user_061,2024-01-17,33.99,2,221,21,6,3,12,2.83,45.53,1,workday,21:46,06:40,35-44,on_site,1,1
user_061,2024-01-18,57.34,3,266,43,11,48,9,4.51,68.6,0,workday,23:51,06:45,35-44,on_site,1,1
user_061,2024-01-19,3.76,1,218,24,9,9,20,6.69,77.25,1,workday,22:37,06:37,35-44,on_site,1,1
user_061,2024-01-20,26.36,2,214,50,21,38,28,5.73,38.19,1,weekend,23:11,08:00,35-44,on_site,1,1
user_061,2024-01-21,53.74,3,242,19,14,11,10,2.64,68.56,0,weekend,22:19,08:47,35-44,on_site,1,1
user_062,2024-01-01,14.82,1,191,42,17,33,19,5.65,46.63,0,workday,23:48,06:34,25-34,on_site,0,0
user_062,2024-01-02,31.29,2,234,45,19,35,20,6.24,39.35,1,workday,22:47,06:15,25-34,on_site,0,0
user_062,2024-01-03,26.84,2,172,53,25,35,23,4.87,37.74,1,workday,23:04,07:09,25-34,on_site,0,0
user_062,2024-01-04,23.69,1,264,58,51,45,19,6.76,58.41,1,workday,23:21,07:03,25-34,on_site,0,0
user_062,2024-01-05,38.99,2,204,34,20,30,8,5.91,75.02,1,workday,23:05,06:41,25-34,on_site,0,0
user_062,2024-01-06,55.8,3,240,50,21,40,13,5.24,43.23,0,weekend,23:20,07:18,25-34,on_site,0,0
user_062,2024-01-07,21.82,1,233,38,16,28,13,5.71,51.99,0,weekend,23:19,07:16,25-34,on_site,0,0
user_062,2024-01-08,40.73,2,181,43,7,21,18,6.36,60.71,1,workday,22:33,07:04,25-34,on_site,0,0
user_062,2024-01-09,35.02,2,175,52,25,29,30,4.88,45.26,1,workday,23:29,07:11,25-34,on_site,0,0
user_062,2024-01-10,28.63,2,241,39,9,20,14,5.26,23.21,1,workday,23:25,06:01,25-34,on_site,0,0
user_062,2024-01-11,67.5,3,243,21,8,33,10,6.88,62.89,0,workday,23:05,07:22,25-34,on_site,0,0
user_062,2024-01-12,81.28,4,225,26,16,25,15,5.68,56.76,0,workday,22:47,07:20,25-34,on_site,0,0
user_062,2024-01-13,58.95,3,177,29,16,23,16,1.92,46.14,0,weekend,23:24,07:32,25-34,on_site,0,0
user_062,2024-01-14,70.54,3,205,31,20,22,22,5.22,43.66,0,weekend,23:56,07:49,25-34,on_site,0,0
user_062,2024-01-15,48.67,2,178,39,25,27,20,5.71,45.72,0,workday,22:27,06:58,25-34,on_site,0,0
user_062,2024-01-16,20.86,1,251,52,29,36,24,5.69,48.31,1,workday,22:48,07:57,25-34,on_site,0,0
user_062,2024-01-17,29.99,2,218,33,15,24,18,3.1,50.96,0,workday,23:04,07:16,25-34,on_site,0,0
user_062,2024-01-18,53.02,3,209,36,11,10,14,4.72,50.54,1,workday,22:09,07:22,25-34,on_site,0,0
user_062,2024-01-19,21.03,1,224,60,49,38,25,5.02,29.95,0,workday,23:43,07:30,25-34,on_site,0,0
user_062,2024-01-20,43.42,2,160,37,11,36,20,2.63,48.15,1,weekend,23:14,08:04,25-34,on_site,0,0
user_062,2024-01-21,64.61,3,234,55,32,31,24,2.29,82.16,0,weekend,22:34,07:34,25-34,on_site,0,0
user_063,2024-01-01,7.62,1,241,59,22,44,13,3.56,66.48,1,workday,23:25,06:53,35-44,hybrid,0,0
user_063,2024-01-02,85.63,4,226,35,6,22,22,5.2,69.64,0,workday,22:01,06:21,35-44,hybrid,0,0
user_063,2024-01-03,49.54,2,230,35,20,22,13,6.88,29.33,0,workday,23:49,06:49,35-44,hybrid,0,0
user_063,2024-01-04,46.93,2,207,38,22,27,18,3.88,48.86,0,workday,23:46,07:04,35-44,hybrid,0,0
user_063,2024-01-05,46.3,2,215,30,18,21,13,3.98,54.63,1,workday,22:48,07:26,35-44,hybrid,0,0
user_063,2024-01-06,31.23,2,234,44,19,30,21,3.8,75.8,0,weekend,00:04,07:22,35-44,hybrid,0,0
user_063,2024-01-07,93.37,4,189,46,35,14,21,3.01,58.63,0,weekend,23:13,08:13,35-44,hybrid,0,0
user_063,2024-01-08,44.83,2,214,35,8,20,15,4.89,45.95,0,workday,22:32,07:18,35-44,hybrid,0,0
user_063,2024-01-09,69.24,3,152,27,9,10,20,2.32,74.33,1,workday,22:26,07:05,35-44,hybrid,0,0
user_063,2024-01-10,53.58,3,211,36,10,33,13,5.39,92.78,0,workday,23:53,06:58,35-44,hybrid,0,0
user_063,2024-01-11,91.4,4,227,43,26,35,17,3.52,75.8,0,workday,22:51,07:13,35-44,hybrid,0,0
user_063,2024-01-12,34.47,2,229,37,28,28,21,6.92,45.88,0,workday,22:47,06:30,35-44,hybrid,0,0
user_063,2024-01-13,65.56,3,253,44,4,34,16,4.02,57.4,0,weekend,00:37,07:53,35-44,hybrid,0,0
user_063,2024-01-14,45.15,2,288,33,18,37,21,5.04,70.33,0,weekend,22:45,07:19,35-44,hybrid,0,0
user_063,2024-01-15,37.4,2,190,60,33,29,22,7.55,35.14,0,workday,22:43,07:43,35-44,hybrid,0,0
user_063,2024-01-16,64.81,3,188,47,11,31,22,4.13,60.67,0,workday,22:52,07:43,35-44,hybrid,0,0
user_063,2024-01-17,50.97,3,242,56,25,47,17,4.45,47.57,0,workday,22:33,07:30,35-44,hybrid,0,0
user_063,2024-01-18,58.11,3,215,45,13,31,18,8.36,45.37,0,workday,23:49,07:25,35-44,hybrid,0,0
user_063,2024-01-19,45.77,2,215,44,19,31,26,4.08,52.29,1,workday,22:10,07:58,35-44,hybrid,0,0
user_063,2024-01-20,29.4,2,244,49,23,26,15,4.49,52.85,0,weekend,23:17,07:30,35-44,hybrid,0,0
user_063,2024-01-21,38.33,2,293,51,14,32,11,2.48,62.7,0,weekend,23:12,07:54,35-44,hybrid,0,0
user_064,2024-01-01,47.13,2,243,60,21,31,25,5.56,48.7,1,workday,23:20,07:23,35-44,remote,0,0
user_064,2024-01-02,52.18,3,174,40,15,19,15,4.36,52.44,1,workday,23:03,06:45,35-44,remote,0,0
user_064,2024-01-03,59.3,3,264,46,24,23,19,6.35,59.37,0,workday,23:06,07:08,35-44,remote,0,0
user_064,2024-01-04,47.89,2,214,38,32,36,26,6.48,58.09,0,workday,22:24,06:48,35-44,remote,0,0
user_064,2024-01-05,100.0,4,279,44,12,19,19,2.7,70.57,0,workday,23:17,07:18,35-44,remote,0,0
user_064,2024-01-06,87.3,4,228,56,8,31,23,4.73,58.59,0,weekend,00:07,07:42,35-44,remote,0,0
user_064,2024-01-07,71.53,3,296,52,26,27,19,4.78,51.67,0,weekend,23:18,08:06,35-44,remote,0,0
user_064,2024-01-08,65.38,3,199,60,22,27,27,5.97,56.22,0,workday,22:55,05:50,35-44,remote,0,0
user_064,2024-01-09,53.29,3,185,27,12,11,7,3.46,66.5,1,workday,23:02,06:33,35-44,remote,0,0
user_064,2024-01-10,67.18,3,262,39,20,22,20,5.95,68.79,1,workday,23:35,07:19,35-44,remote,0,0
user_064,2024-01-11,65.84,3,202,47,19,29,17,5.17,40.89,1,workday,22:50,06:57,35-44,remote,0,0
user_064,2024-01-12,53.79,3,232,41,32,26,15,4.04,51.22,0,workday,23:08,07:07,35-44,remote,0,0
user_064,2024-01-13,76.35,4,195,39,27,27,19,5.05,45.3,0,weekend,23:31,06:53,35-44,remote,0,0
user_064,2024-01-14,78.18,4,280,28,8,15,12,2.33,46.46,0,weekend,23:04,06:48,35-44,remote,0,0
user_064,2024-01-15,71.02,3,207,53,28,33,18,5.1,49.22,0,workday,22:46,06:57,35-44,remote,0,0
user_064,2024-01-16,74.29,3,203,49,7,43,20,3.9,62.5,0,workday,23:24,07:00,35-44,remote,0,0
user_064,2024-01-17,62.89,3,217,60,20,32,21,1.7,67.64,0,workday,23:03,07:17,35-44,remote,0,0
user_064,2024-01-18,68.6,3,291,52,28,47,24,5.55,60.87,0,workday,22:59,07:32,35-44,remote,0,0
user_064,2024-01-19,35.05,2,244,55,42,39,16,5.75,41.62,1,workday,23:05,07:13,35-44,remote,0,0
user_064,2024-01-20,100.0,4,250,35,9,22,16,0.86,75.55,0,weekend,22:35,07:33,35-44,remote,0,0
user_064,2024-01-21,45.1,2,199,51,31,26,19,4.02,77.47,0,weekend,23:23,07:33,35-44,remote,0,0
user_065,2024-01-01,69.45,3,204,38,20,26,26,5.47,34.3,0,workday,23:09,06:49,35-44,hybrid,1,0
user_065,2024-01-02,63.14,3,175,40,11,31,24,5.23,43.59,0,workday,22:22,07:55,35-44,hybrid,1,0
user_065,2024-01-03,56.5,3,272,51,36,33,27,5.46,54.09,1,workday,22:54,06:38,35-44,hybrid,1,0
user_065,2024-01-04,75.52,4,193,34,12,22,17,3.2,65.75,0,workday,22:51,07:01,35-44,hybrid,1,0
user_065,2024-01-05,89.65,4,211,19,12,26,16,3.97,60.79,0,workday,22:40,07:45,35-44,hybrid,1,0
user_065,2024-01-06,94.61,4,222,41,28,36,17,4.27,59.14,0,weekend,23:23,06:54,35-44,hybrid,1,0
user_065,2024-01-07,81.79,4,167,31,11,21,4,2.6,54.1,0,weekend,23:39,07:12,35-44,hybrid,1,0
user_065,2024-01-08,66.54,3,245,38,19,25,20,6.04,48.68,0,workday,22:39,07:12,35-44,hybrid,1,0
user_065,2024-01-09,71.61,3,199,45,20,38,24,4.41,59.53,0,workday,00:25,07:04,35-44,hybrid,1,0
user_065,2024-01-10,83.96,4,195,50,29,30,25,5.26,63.51,0,workday,22:44,06:52,35-44,hybrid,1,0
user_065,2024-01-11,66.18,3,221,39,24,18,20,5.21,59.96,0,workday,23:06,06:17,35-44,hybrid,1,0
user_065,2024-01-12,49.42,2,162,45,15,19,24,7.16,40.91,1,workday,23:50,06:26,35-44,hybrid,1,0
user_065,2024-01-13,46.24,2,208,42,11,34,14,4.21,54.82,0,weekend,23:09,07:24,35-44,hybrid,1,0
user_065,2024-01-14,73.26,3,231,36,33,20,22,3.23,65.51,0,weekend,23:48,08:31,35-44,hybrid,1,0
user_065,2024-01-15,37.27,2,225,60,30,31,22,4.91,73.01,0,workday,00:13,07:02,35-44,hybrid,1,0
user_065,2024-01-16,91.22,4,259,54,26,30,15,3.75,63.0,0,workday,23:52,06:49,35-44,hybrid,1,0
user_065,2024-01-17,91.99,4,186,28,13,20,11,2.48,57.09,0,workday,23:17,07:48,35-44,hybrid,1,0
user_065,2024-01-18,73.26,3,252,24,16,11,15,5.86,48.33,0,workday,23:03,07:19,35-44,hybrid,1,0
user_065,2024-01-19,33.07,2,214,35,18,21,16,5.42,45.41,1,workday,22:05,07:17,35-44,hybrid,1,0
user_065,2024-01-20,75.44,4,239,41,10,21,14,2.37,60.25,0,weekend,23:33,07:36,35-44,hybrid,1,0
user_065,2024-01-21,69.52,3,250,32,19,33,21,5.69,46.12,0,weekend,22:36,07:13,35-44,hybrid,1,0
user_066,2024-01-01,42.3,2,184,58,19,43,18,6.52,42.67,1,workday,22:11,06:57,35-44,hybrid,0,0
user_066,2024-01-02,18.96,1,196,56,31,36,23,6.49,44.17,0,workday,23:38,07:12,35-44,hybrid,0,0
user_066,2024-01-03,25.35,2,254,57,19,34,26,7.3,53.94,1,workday,22:57,07:17,35-44,hybrid,0,0
user_066,2024-01-04,24.75,1,194,50,17,36,24,4.21,72.77,0,workday,00:04,06:39,35-44,hybrid,0,0
user_066,2024-01-05,21.28,1,226,32,11,22,15,6.76,55.91,1,workday,23:14,07:32,35-44,hybrid,0,0
user_066,2024-01-06,38.1,2,194,34,13,20,17,4.15,58.01,1,weekend,23:43,07:34,35-44,hybrid,0,0
user_066,2024-01-07,63.68,3,225,35,29,19,16,4.57,70.1,0,weekend,23:18,07:40,35-44,hybrid,0,0
user_066,2024-01-08,18.19,1,221,41,6,20,19,3.07,72.63,1,workday,23:13,06:32,35-44,hybrid,0,0
user_066,2024-01-09,33.52,2,181,36,14,12,15,6.22,57.06,1,workday,22:31,07:05,35-44,hybrid,0,0
user_066,2024-01-10,33.97,2,210,45,13,37,15,2.45,68.82,1,workday,22:29,07:30,35-44,hybrid,0,0
user_066,2024-01-11,43.02,2,129,60,24,31,25,6.52,41.34,0,workday,23:12,07:41,35-44,hybrid,0,0
user_066,2024-01-12,50.18,3,229,44,23,44,13,4.91,47.15,0,workday,00:01,06:27,35-44,hybrid,0,0
user_066,2024-01-13,53.75,3,222,44,18,27,15,6.13,53.35,0,weekend,23:34,07:53,35-44,hybrid,0,0
user_066,2024-01-14,44.42,2,232,42,16,22,16,4.61,45.69,1,weekend,23:15,07:04,35-44,hybrid,0,0
user_066,2024-01-15,35.62,2,205,14,12,6,6,3.7,65.99,1,workday,22:59,07:02,35-44,hybrid,0,0
user_066,2024-01-16,22.5,1,267,54,20,39,22,7.56,33.46,0,workday,21:28,06:58,35-44,hybrid,0,0
user_066,2024-01-17,34.0,2,196,42,15,29,17,5.06,61.49,1,workday,22:50,07:16,35-44,hybrid,0,0
user_066,2024-01-18,31.61,2,201,39,33,24,17,3.95,43.78,1,workday,23:59,06:48,35-44,hybrid,0,0
user_066,2024-01-19,74.82,3,156,24,9,16,21,1.0,84.96,0,workday,00:18,07:35,35-44,hybrid,0,0
user_066,2024-01-20,34.08,2,140,16,7,13,8,2.43,75.29,0,weekend,22:18,07:28,35-44,hybrid,0,0
user_066,2024-01-21,45.37,2,193,43,21,24,17,3.67,72.02,1,weekend,22:43,07:44,35-44,hybrid,0,0
user_067,2024-01-01,74.1,3,200,36,19,26,19,5.92,61.17,0,workday,23:04,06:09,35-44,remote,0,0
user_067,2024-01-02,85.51,4,170,16,2,12,18,5.5,54.85,1,workday,23:54,07:53,35-44,remote,0,0
user_067,2024-01-03,40.72,2,263,42,15,29,24,5.95,56.01,0,workday,23:06,07:11,35-44,remote,0,0
user_067,2024-01-04,27.85,2,297,47,24,34,20,7.04,38.5,1,workday,22:28,06:24,35-44,remote,0,0
user_067,2024-01-05,58.54,3,230,43,32,28,25,6.12,59.82,1,workday,23:09,06:45,35-44,remote,0,0
user_067,2024-01-06,41.68,2,263,35,32,24,14,3.0,69.54,0,weekend,23:26,07:59,35-44,remote,0,0
user_067,2024-01-07,65.1,3,189,34,17,26,22,4.03,46.89,0,weekend,23:45,07:39,35-44,remote,0,0
user_067,2024-01-08,34.09,2,199,46,31,24,22,7.32,55.72,1,workday,22:52,07:38,35-44,remote,0,0
user_067,2024-01-09,71.62,3,228,50,17,44,24,5.1,52.99,0,workday,23:26,07:42,35-44,remote,0,0
user_067,2024-01-10,49.52,2,213,21,10,14,13,3.46,68.29,0,workday,22:57,07:14,35-44,remote,0,0
user_067,2024-01-11,67.01,3,228,41,14,26,17,4.02,58.69,0,workday,22:46,07:08,35-44,remote,0,0
user_067,2024-01-12,61.88,3,237,60,33,36,28,7.68,58.3,1,workday,23:02,06:34,35-44,remote,0,0
user_067,2024-01-13,74.53,3,223,25,1,22,9,2.12,71.28,0,weekend,23:13,07:35,35-44,remote,0,0
user_067,2024-01-14,57.22,3,187,42,19,29,20,2.26,58.48,0,weekend,00:07,06:56,35-44,remote,0,0
user_067,2024-01-15,82.35,4,209,29,15,26,9,4.85,51.0,0,workday,22:00,07:38,35-44,remote,0,0
user_067,2024-01-16,60.76,3,214,41,19,22,19,5.21,45.48,0,workday,23:09,07:23,35-44,remote,0,0
user_067,2024-01-17,41.6,2,182,39,30,31,14,6.16,57.53,0,workday,22:07,07:17,35-44,remote,0,0
user_067,2024-01-18,53.62,3,238,39,15,22,21,5.44,66.86,1,workday,22:58,07:40,35-44,remote,0,0
user_067,2024-01-19,66.27,3,236,54,25,50,15,3.47,90.12,0,workday,23:15,07:14,35-44,remote,0,0
user_067,2024-01-20,76.08,4,234,42,7,20,22,4.07,65.29,1,weekend,23:50,07:04,35-44,remote,0,0
user_067,2024-01-21,53.86,3,268,35,30,27,20,5.73,59.07,0,weekend,22:52,07:56,35-44,remote,0,0
user_068,2024-01-01,37.43,2,260,60,31,40,18,5.26,76.79,1,workday,23:08,07:04,25-34,remote,1,0
user_068,2024-01-02,23.44,1,212,55,13,37,22,7.66,54.79,0,workday,23:42,06:53,25-34,remote,1,0
user_068,2024-01-03,39.41,2,228,47,15,22,18,2.82,56.79,0,workday,23:55,06:57,25-34,remote,1,0
user_068,2024-01-04,27.2,2,238,60,37,40,23,7.11,44.8,1,workday,23:41,07:42,25-34,remote,1,0
user_068,2024-01-05,49.04,2,247,47,22,32,29,5.5,65.82,0,workday,23:00,06:13,25-34,remote,1,0
user_068,2024-01-06,49.45,2,255,59,23,30,16,6.85,48.4,0,weekend,00:09,08:35,25-34,remote,1,0
user_068,2024-01-07,38.56,2,258,41,5,31,17,5.36,55.92,0,weekend,00:01,07:55,25-34,remote,1,0
user_068,2024-01-08,65.32,3,240,52,12,36,30,7.48,53.54,0,workday,23:02,06:55,25-34,remote,1,0
user_068,2024-01-09,46.76,2,300,48,26,21,19,7.21,49.41,0,workday,22:36,07:08,25-34,remote,1,0
user_068,2024-01-10,49.56,2,241,36,13,28,15,3.24,62.94,0,workday,23:11,08:06,25-34,remote,1,0
user_068,2024-01-11,43.78,2,213,49,28,26,15,5.06,43.26,0,workday,00:04,06:06,25-34,remote,1,0
user_068,2024-01-12,42.2,2,265,52,39,39,13,5.76,49.83,0,workday,22:44,06:51,25-34,remote,1,0
user_068,2024-01-13,41.62,2,233,60,41,28,20,4.87,68.13,0,weekend,23:26,08:12,25-34,remote,1,0
user_068,2024-01-14,43.65,2,235,51,16,28,30,4.04,51.26,0,weekend,23:40,07:18,25-34,remote,1,0
user_068,2024-01-15,26.92,2,226,58,30,42,23,6.52,47.33,1,workday,23:26,07:23,25-34,remote,1,0
user_068,2024-01-16,32.78,2,261,53,36,37,26,6.81,44.59,0,workday,23:44,06:33,25-34,remote,1,0
user_068,2024-01-17,44.14,2,246,60,28,41,17,4.33,62.03,0,workday,23:00,06:41,25-34,remote,1,0
user_068,2024-01-18,63.52,3,224,51,19,17,24,5.48,54.31,0,workday,23:01,07:10,25-34,remote,1,0
user_068,2024-01-19,63.73,3,257,54,10,30,23,8.43,28.94,0,workday,22:55,07:02,25-34,remote,1,0
user_068,2024-01-20,54.56,3,259,46,8,35,12,2.57,67.79,0,weekend,00:02,07:33,25-34,remote,1,0
user_068,2024-01-21,37.47,2,284,51,36,28,15,6.57,46.9,0,weekend,23:17,07:08,25-34,remote,1,0
user_069,2024-01-01,33.07,2,237,57,49,26,25,6.6,41.63,0,workday,23:47,06:32,18-24,hybrid,1,0
user_069,2024-01-02,23.85,1,224,47,6,34,23,6.14,27.99,0,workday,22:32,06:49,18-24,hybrid,1,0
user_069,2024-01-03,19.41,1,221,59,14,45,23,7.79,40.69,1,workday,23:16,07:32,18-24,hybrid,1,0
user_069,2024-01-04,33.52,2,187,39,24,36,14,6.15,46.98,0,workday,22:53,07:52,18-24,hybrid,1,0
user_069,2024-01-05,48.85,2,153,43,18,18,24,2.35,67.25,0,workday,23:14,06:31,18-24,hybrid,1,0
user_069,2024-01-06,50.36,3,189,33,10,26,20,3.56,76.07,0,weekend,23:17,07:48,18-24,hybrid,1,0
user_069,2024-01-07,50.94,3,219,53,10,26,24,4.88,65.87,0,weekend,23:13,08:33,18-24,hybrid,1,0
user_069,2024-01-08,49.4,2,208,28,21,29,15,5.1,71.95,1,workday,22:50,06:59,18-24,hybrid,1,0
user_069,2024-01-09,37.48,2,237,50,40,24,30,4.63,65.66,1,workday,23:33,07:00,18-24,hybrid,1,0
user_069,2024-01-10,58.43,3,154,44,25,37,18,3.09,54.4,1,workday,22:19,06:26,18-24,hybrid,1,0
user_069,2024-01-11,59.58,3,282,55,15,25,13,6.24,71.66,0,workday,21:50,06:51,18-24,hybrid,1,0
user_069,2024-01-12,50.75,3,180,39,17,27,20,4.07,53.68,0,workday,23:05,06:52,18-24,hybrid,1,0
user_069,2024-01-13,48.94,2,210,37,11,28,22,5.3,49.61,1,weekend,22:54,08:31,18-24,hybrid,1,0
user_069,2024-01-14,48.98,2,221,32,15,22,21,4.74,72.73,1,weekend,00:27,08:03,18-24,hybrid,1,0
user_069,2024-01-15,31.75,2,167,40,16,39,21,5.0,49.68,1,workday,22:44,07:22,18-24,hybrid,1,0
user_069,2024-01-16,63.43,3,135,26,1,29,6,4.35,62.01,0,workday,22:40,07:23,18-24,hybrid,1,0
user_069,2024-01-17,0.0,1,239,59,34,50,24,7.32,43.59,1,workday,22:54,07:11,18-24,hybrid,1,0
user_069,2024-01-18,34.75,2,219,60,41,36,23,5.07,55.93,1,workday,22:33,06:54,18-24,hybrid,1,0
user_069,2024-01-19,27.39,2,220,42,27,36,21,5.88,30.98,1,workday,22:38,06:27,18-24,hybrid,1,0
user_069,2024-01-20,37.74,2,228,40,11,32,13,3.56,42.46,0,weekend,00:24,07:13,18-24,hybrid,1,0
user_069,2024-01-21,77.98,4,232,39,21,30,17,2.07,63.04,0,weekend,23:56,07:45,18-24,hybrid,1,0
user_070,2024-01-01,58.9,3,238,24,10,25,19,3.05,56.44,1,workday,21:43,06:09,25-34,remote,1,1
user_070,2024-01-02,44.01,2,236,60,36,43,20,8.69,36.71,1,workday,23:47,07:02,25-34,remote,1,1
user_070,2024-01-03,17.32,1,283,60,23,45,23,8.16,16.96,0,workday,23:16,06:36,25-34,remote,1,1
user_070,2024-01-04,29.36,2,274,56,38,50,28,10.0,41.24,1,workday,23:18,06:34,25-34,remote,1,1
user_070,2024-01-05,41.34,2,300,51,14,31,21,4.8,45.06,0,workday,22:35,06:49,25-34,remote,1,1
user_070,2024-01-06,79.72,4,272,60,20,30,27,2.86,87.06,0,weekend,22:41,07:39,25-34,remote,1,1
user_070,2024-01-07,35.32,2,247,44,15,47,22,4.81,52.4,0,weekend,23:39,07:32,25-34,remote,1,1
user_070,2024-01-08,63.14,3,242,44,11,34,21,5.83,43.91,1,workday,22:45,07:00,25-34,remote,1,1
user_070,2024-01-09,54.6,3,236,51,30,45,16,6.33,61.35,0,workday,22:49,07:25,25-34,remote,1,1
user_070,2024-01-10,28.98,2,300,60,27,36,25,10.0,55.87,0,workday,23:37,07:30,25-34,remote,1,1
user_070,2024-01-11,36.41,2,237,50,30,27,30,7.57,41.62,0,workday,23:11,07:16,25-34,remote,1,1
user_070,2024-01-12,72.32,3,291,43,13,28,28,8.34,47.65,0,workday,22:31,06:34,25-34,remote,1,1
user_070,2024-01-13,81.81,4,244,32,14,20,19,2.62,79.02,0,weekend,23:17,08:01,25-34,remote,1,1
user_070,2024-01-14,60.66,3,185,51,28,34,16,2.94,60.21,0,weekend,23:52,08:09,25-34,remote,1,1
user_070,2024-01-15,22.26,1,253,44,10,44,19,7.78,58.19,1,workday,22:41,07:44,25-34,remote,1,1
user_070,2024-01-16,43.14,2,196,25,0,8,13,3.65,84.96,1,workday,23:19,07:10,25-34,remote,1,1
user_070,2024-01-17,69.7,3,195,28,4,19,17,0.64,69.29,0,workday,23:24,06:44,25-34,remote,1,1
user_070,2024-01-18,11.24,1,282,59,26,38,30,8.91,47.62,1,workday,21:59,07:14,25-34,remote,1,1
user_070,2024-01-19,49.86,2,207,38,15,31,18,6.93,60.63,1,workday,23:07,06:49,25-34,remote,1,1
user_070,2024-01-20,77.09,4,157,14,10,8,2,5.81,53.31,0,weekend,23:38,07:30,25-34,remote,1,1
user_070,2024-01-21,43.19,2,231,42,16,22,14,3.25,62.78,0,weekend,23:23,07:41,25-34,remote,1,1
user_071,2024-01-01,67.91,3,182,25,8,14,15,2.78,28.59,0,workday,23:36,06:51,18-24,on_site,1,0
user_071,2024-01-02,25.19,2,216,36,16,23,18,2.27,41.5,1,workday,00:29,07:47,18-24,on_site,1,0
user_071,2024-01-03,50.11,3,187,44,1,30,15,5.06,67.6,1,workday,22:12,06:38,18-24,on_site,1,0
user_071,2024-01-04,44.18,2,209,53,15,32,29,7.21,59.09,0,workday,22:44,06:11,18-24,on_site,1,0
user_071,2024-01-05,48.98,2,157,27,8,25,7,3.78,74.04,0,workday,23:22,06:45,18-24,on_site,1,0
user_071,2024-01-06,91.99,4,212,40,20,28,17,5.57,63.02,0,weekend,23:16,07:14,18-24,on_site,1,0
user_071,2024-01-07,45.6,2,213,38,13,36,5,3.38,77.92,1,weekend,23:19,07:47,18-24,on_site,1,0
user_071,2024-01-08,62.76,3,207,56,12,46,24,5.9,82.95,1,workday,22:46,07:23,18-24,on_site,1,0
user_071,2024-01-09,47.02,2,199,28,10,41,14,2.7,55.66,1,workday,22:28,07:35,18-24,on_site,1,0
user_071,2024-01-10,70.94,3,157,28,22,23,18,5.27,65.82,1,workday,22:26,06:48,18-24,on_site,1,0
user_071,2024-01-11,64.28,3,193,42,7,27,22,4.38,41.85,1,workday,22:45,07:10,18-24,on_site,1,0
user_071,2024-01-12,52.32,3,211,41,9,23,17,5.12,56.93,0,workday,23:07,06:46,18-24,on_site,1,0
user_071,2024-01-13,54.58,3,166,49,27,27,20,3.43,66.32,0,weekend,23:58,07:02,18-24,on_site,1,0
user_071,2024-01-14,41.39,2,300,49,15,31,24,6.99,66.49,0,weekend,22:10,07:41,18-24,on_site,1,0
user_071,2024-01-15,40.96,2,214,48,18,43,21,6.39,36.02,0,workday,23:01,06:42,18-24,on_site,1,0
user_071,2024-01-16,50.09,3,181,35,21,27,23,7.54,46.02,0,workday,22:09,06:30,18-24,on_site,1,0
user_071,2024-01-17,62.7,3,259,41,14,24,24,5.91,61.76,0,workday,23:34,08:02,18-24,on_site,1,0
user_071,2024-01-18,57.89,3,208,54,37,42,25,7.29,66.26,1,workday,22:38,06:36,18-24,on_site,1,0
user_071,2024-01-19,76.89,4,130,35,24,24,15,3.38,77.93,0,workday,23:11,07:44,18-24,on_site,1,0
user_071,2024-01-20,66.03,3,227,41,11,29,12,6.48,54.58,1,weekend,23:16,07:28,18-24,on_site,1,0
user_071,2024-01-21,54.85,3,219,51,20,30,26,3.65,59.61,0,weekend,00:03,07:40,18-24,on_site,1,0
user_072,2024-01-01,52.85,3,234,49,25,34,27,7.17,69.34,0,workday,23:25,07:30,25-34,remote,0,0
user_072,2024-01-02,57.57,3,219,39,31,14,13,1.66,65.86,0,workday,22:24,06:45,25-34,remote,0,0
user_072,2024-01-03,42.98,2,245,34,16,31,21,5.78,50.83,1,workday,23:08,07:31,25-34,remote,0,0
user_072,2024-01-04,52.5,3,211,41,12,19,17,2.47,58.53,0,workday,22:56,07:46,25-34,remote,0,0
user_072,2024-01-05,33.62,2,246,33,10,25,13,5.15,58.9,1,workday,23:01,06:31,25-34,remote,0,0
user_072,2024-01-06,53.75,3,210,32,14,18,16,5.11,51.79,0,weekend,00:30,07:10,25-34,remote,0,0
user_072,2024-01-07,42.1,2,270,51,14,34,23,3.03,69.52,0,weekend,00:06,08:06,25-34,remote,0,0
user_072,2024-01-08,11.85,1,250,53,45,22,28,8.88,63.2,0,workday,22:59,07:14,25-34,remote,0,0
user_072,2024-01-09,53.61,3,184,44,26,34,21,5.28,57.36,0,workday,23:13,07:17,25-34,remote,0,0
user_072,2024-01-10,36.73,2,251,45,27,36,19,3.5,54.4,1,workday,22:57,07:29,25-34,remote,0,0
user_072,2024-01-11,57.16,3,289,35,15,36,17,6.0,58.7,0,workday,23:13,06:52,25-34,remote,0,0
user_072,2024-01-12,53.28,3,171,42,17,30,25,5.49,50.58,0,workday,22:16,06:51,25-34,remote,0,0
user_072,2024-01-13,41.13,2,221,52,24,23,29,7.25,44.07,1,weekend,23:53,07:23,25-34,remote,0,0
user_072,2024-01-14,37.94,2,219,40,12,27,15,7.67,49.32,0,weekend,22:34,07:46,25-34,remote,0,0
user_072,2024-01-15,39.31,2,221,46,11,30,16,5.61,53.46,1,workday,23:10,07:20,25-34,remote,0,0
user_072,2024-01-16,35.36,2,189,47,26,35,29,8.21,45.76,1,workday,23:28,06:10,25-34,remote,0,0
user_072,2024-01-17,42.55,2,254,45,29,35,23,6.18,37.19,0,workday,23:42,07:18,25-34,remote,0,0
user_072,2024-01-18,32.03,2,238,60,34,44,20,5.46,39.82,0,workday,22:49,07:51,25-34,remote,0,0
user_072,2024-01-19,68.77,3,241,49,12,41,29,4.37,39.33,0,workday,22:53,06:35,25-34,remote,0,0
user_072,2024-01-20,52.4,3,222,19,7,21,14,2.56,49.12,0,weekend,23:49,07:55,25-34,remote,0,0
user_072,2024-01-21,61.51,3,232,38,8,19,19,1.34,57.98,1,weekend,22:51,08:01,25-34,remote,0,0
user_073,2024-01-01,84.5,4,284,32,19,26,27,6.33,32.58,0,workday,22:22,06:51,45-54,remote,1,0
user_073,2024-01-02,53.52,3,249,54,37,50,20,4.32,71.9,1,workday,22:16,07:04,45-54,remote,1,0
user_073,2024-01-03,63.69,3,280,50,15,28,28,6.45,70.33,0,workday,22:44,06:30,45-54,remote,1,0
user_073,2024-01-04,54.71,3,263,48,35,40,28,7.42,49.32,0,workday,23:18,06:48,45-54,remote,1,0
user_073,2024-01-05,41.15,2,242,33,23,22,25,5.11,58.47,0,workday,21:48,07:13,45-54,remote,1,0
user_073,2024-01-06,94.37,4,246,30,16,16,23,2.79,62.15,0,weekend,22:23,07:43,45-54,remote,1,0
user_073,2024-01-07,76.81,4,215,51,26,28,19,5.54,69.29,1,weekend,00:37,07:24,45-54,remote,1,0
user_073,2024-01-08,58.2,3,260,55,10,19,15,3.55,66.52,0,workday,00:19,06:03,45-54,remote,1,0
user_073,2024-01-09,53.89,3,249,44,32,35,15,5.45,55.49,0,workday,22:55,07:23,45-54,remote,1,0
user_073,2024-01-10,58.17,3,252,47,34,34,19,5.62,59.67,1,workday,23:49,06:58,45-54,remote,1,0
user_073,2024-01-11,23.46,1,283,58,44,46,12,4.95,58.22,1,workday,23:22,07:25,45-54,remote,1,0
user_073,2024-01-12,75.31,4,132,37,20,33,14,4.9,49.67,0,workday,22:39,07:00,45-54,remote,1,0
user_073,2024-01-13,35.49,2,181,38,23,19,22,5.64,45.88,0,weekend,23:15,07:54,45-54,remote,1,0
user_073,2024-01-14,58.12,3,230,51,22,32,19,4.51,70.41,1,weekend,22:57,06:46,45-54,remote,1,0
user_073,2024-01-15,58.61,3,232,60,21,27,27,4.03,43.48,0,workday,23:36,06:49,45-54,remote,1,0
user_073,2024-01-16,83.4,4,214,37,25,36,20,4.41,68.43,0,workday,23:30,07:06,45-54,remote,1,0
user_073,2024-01-17,42.35,2,221,52,22,24,18,7.73,45.03,1,workday,22:49,07:07,45-54,remote,1,0
user_073,2024-01-18,82.95,4,170,28,12,20,16,5.93,63.87,1,workday,23:07,06:57,45-54,remote,1,0
user_073,2024-01-19,29.96,2,271,59,35,40,20,8.18,42.34,1,workday,23:19,07:02,45-54,remote,1,0
user_073,2024-01-20,89.22,4,234,36,25,34,17,3.84,62.13,0,weekend,23:42,08:32,45-54,remote,1,0
user_073,2024-01-21,55.36,3,224,42,10,18,21,2.33,63.37,0,weekend,23:58,07:20,45-54,remote,1,0
user_074,2024-01-01,57.08,3,139,38,9,28,14,4.55,59.54,0,workday,23:37,07:55,25-34,on_site,0,0
user_074,2024-01-02,15.74,1,215,56,15,30,25,8.51,27.22,0,workday,22:53,06:25,25-34,on_site,0,0
user_074,2024-01-03,37.46,2,184,55,32,34,14,3.94,63.37,0,workday,22:49,06:29,25-34,on_site,0,0
user_074,2024-01-04,46.98,2,182,39,11,26,20,5.61,60.06,0,workday,22:34,07:21,25-34,on_site,0,0
user_074,2024-01-05,44.9,2,144,35,27,7,15,4.07,47.6,0,workday,23:35,06:36,25-34,on_site,0,0
user_074,2024-01-06,9.03,1,255,43,25,38,20,4.02,47.2,0,weekend,23:36,08:05,25-34,on_site,0,0
user_074,2024-01-07,49.65,2,224,34,15,22,12,2.8,89.22,0,weekend,23:59,06:48,25-34,on_site,0,0
user_074,2024-01-08,35.03,2,144,43,15,24,17,3.24,50.66,1,workday,22:57,06:52,25-34,on_site,0,0
user_074,2024-01-09,0.0,1,280,60,46,37,17,8.41,44.44,1,workday,22:58,06:54,25-34,on_site,0,0
user_074,2024-01-10,28.11,2,190,60,10,43,27,6.14,55.62,0,workday,23:15,06:41,25-34,on_site,0,0
user_074,2024-01-11,60.11,3,168,45,19,19,16,5.17,64.99,0,workday,22:45,07:04,25-34,on_site,0,0
user_074,2024-01-12,26.77,2,223,52,20,38,24,6.41,49.08,0,workday,22:37,06:47,25-34,on_site,0,0
user_074,2024-01-13,25.79,2,226,46,19,34,23,6.25,44.68,1,weekend,23:12,09:00,25-34,on_site,0,0
user_074,2024-01-14,11.51,1,218,24,11,30,15,5.5,54.87,1,weekend,22:45,07:31,25-34,on_site,0,0
user_074,2024-01-15,49.64,2,205,38,14,27,23,5.82,55.55,0,workday,23:46,06:41,25-34,on_site,0,0
user_074,2024-01-16,18.63,1,205,55,27,32,20,3.43,81.71,1,workday,23:18,06:56,25-34,on_site,0,0
user_074,2024-01-17,41.98,2,154,27,6,24,11,2.07,48.98,0,workday,23:50,05:59,25-34,on_site,0,0
user_074,2024-01-18,49.64,2,289,58,7,31,18,5.62,58.19,0,workday,23:36,06:03,25-34,on_site,0,0
user_074,2024-01-19,19.99,1,228,42,15,28,27,7.13,34.92,1,workday,22:47,07:09,25-34,on_site,0,0
user_074,2024-01-20,40.04,2,194,48,14,47,17,4.59,61.23,0,weekend,23:50,07:54,25-34,on_site,0,0
user_074,2024-01-21,79.09,4,211,34,9,32,26,5.59,77.15,0,weekend,00:24,08:06,25-34,on_site,0,0
user_075,2024-01-01,56.34,3,219,48,33,36,25,6.1,62.8,0,workday,22:35,06:41,18-24,remote,1,0
user_075,2024-01-02,16.19,1,232,35,11,25,18,6.71,48.62,1,workday,22:44,06:27,18-24,remote,1,0
user_075,2024-01-03,54.76,3,202,42,8,26,15,3.31,55.14,0,workday,23:54,07:08,18-24,remote,1,0
user_075,2024-01-04,26.57,2,226,41,18,21,19,6.26,55.73,0,workday,23:23,07:23,18-24,remote,1,0
user_075,2024-01-05,66.09,3,249,28,7,33,13,5.94,60.01,0,workday,22:42,07:03,18-24,remote,1,0
user_075,2024-01-06,76.74,4,235,14,5,27,12,3.16,63.87,0,weekend,23:42,08:08,18-24,remote,1,0
user_075,2024-01-07,60.42,3,247,28,18,15,11,3.52,76.8,0,weekend,23:50,07:39,18-24,remote,1,0
user_075,2024-01-08,62.37,3,161,23,1,24,11,4.79,55.76,1,workday,23:34,07:48,18-24,remote,1,0
user_075,2024-01-09,62.45,3,206,49,38,39,27,5.95,46.15,0,workday,23:17,07:03,18-24,remote,1,0
user_075,2024-01-10,35.15,2,183,36,16,34,12,3.41,76.67,1,workday,00:15,07:54,18-24,remote,1,0
user_075,2024-01-11,41.93,2,271,60,18,42,27,5.28,61.01,1,workday,22:37,07:55,18-24,remote,1,0
user_075,2024-01-12,72.54,3,242,37,21,31,19,3.36,62.18,0,workday,22:12,07:02,18-24,remote,1,0
user_075,2024-01-13,40.81,2,218,44,29,40,16,5.97,52.51,0,weekend,22:54,07:11,18-24,remote,1,0
user_075,2024-01-14,83.84,4,236,48,19,30,17,3.66,66.84,0,weekend,23:19,07:35,18-24,remote,1,0
user_075,2024-01-15,24.98,1,280,53,48,25,23,8.85,36.69,1,workday,23:40,07:33,18-24,remote,1,0
user_075,2024-01-16,33.2,2,218,41,20,30,14,5.35,61.57,1,workday,23:34,06:35,18-24,remote,1,0
user_075,2024-01-17,78.9,4,239,21,9,18,11,3.8,75.38,0,workday,22:18,06:29,18-24,remote,1,0
user_075,2024-01-18,39.6,2,215,39,23,35,22,7.19,46.86,0,workday,23:18,07:03,18-24,remote,1,0
user_075,2024-01-19,50.45,3,279,49,26,25,14,7.62,43.1,1,workday,22:42,07:00,18-24,remote,1,0
user_075,2024-01-20,82.86,4,269,41,21,28,17,4.32,65.9,0,weekend,22:45,08:02,18-24,remote,1,0
user_075,2024-01-21,29.56,2,237,52,14,29,22,6.73,61.76,0,weekend,23:35,08:20,18-24,remote,1,0
user_076,2024-01-01,80.57,4,209,38,18,28,18,5.04,65.04,1,workday,23:39,07:29,25-34,remote,1,0
user_076,2024-01-02,58.79,3,178,37,17,33,18,5.65,62.39,0,workday,00:07,07:30,25-34,remote,1,0
user_076,2024-01-03,72.04,3,259,28,16,18,14,5.11,90.13,0,workday,22:08,08:06,25-34,remote,1,0
user_076,2024-01-04,86.45,4,208,28,9,24,18,3.46,77.67,0,workday,22:27,07:04,25-34,remote,1,0
user_076,2024-01-05,76.87,4,193,37,15,15,18,5.73,57.67,1,workday,23:39,07:34,25-34,remote,1,0
user_076,2024-01-06,100.0,4,274,34,19,23,12,2.79,67.32,0,weekend,23:27,08:08,25-34,remote,1,0
user_076,2024-01-07,65.26,3,292,60,27,35,19,4.42,43.28,0,weekend,00:30,08:12,25-34,remote,1,0
user_076,2024-01-08,100.0,4,197,33,14,35,12,0.72,67.58,0,workday,23:53,06:36,25-34,remote,1,0
user_076,2024-01-09,58.89,3,256,43,16,48,11,4.14,61.94,0,workday,22:52,07:51,25-34,remote,1,0
user_076,2024-01-10,42.9,2,205,42,15,30,24,5.47,57.22,1,workday,22:50,07:23,25-34,remote,1,0
user_076,2024-01-11,87.27,4,216,24,4,13,18,1.47,73.39,0,workday,22:33,07:19,25-34,remote,1,0
user_076,2024-01-12,63.58,3,197,45,35,17,27,4.73,64.01,1,workday,00:20,06:42,25-34,remote,1,0
user_076,2024-01-13,54.73,3,237,31,14,39,19,3.25,64.35,0,weekend,23:21,08:01,25-34,remote,1,0
user_076,2024-01-14,76.58,4,213,54,15,36,22,2.74,81.7,0,weekend,23:28,07:29,25-34,remote,1,0
user_076,2024-01-15,80.14,4,138,9,8,3,5,2.22,57.63,0,workday,23:24,07:12,25-34,remote,1,0
user_076,2024-01-16,88.85,4,237,38,23,15,18,4.38,47.31,0,workday,22:37,06:24,25-34,remote,1,0
user_076,2024-01-17,69.25,3,237,44,19,32,20,4.53,70.53,0,workday,23:58,07:25,25-34,remote,1,0
user_076,2024-01-18,80.5,4,151,44,14,20,26,3.27,79.55,1,workday,23:38,06:18,25-34,remote,1,0
user_076,2024-01-19,62.91,3,206,48,19,43,20,5.96,73.42,1,workday,23:34,07:21,25-34,remote,1,0
user_076,2024-01-20,70.24,3,225,41,17,29,17,4.33,56.38,0,weekend,23:30,07:57,25-34,remote,1,0
user_076,2024-01-21,52.25,3,246,25,12,20,18,1.7,63.38,0,weekend,22:43,07:37,25-34,remote,1,0
user_077,2024-01-01,35.26,2,157,24,9,22,7,5.54,74.08,1,workday,22:56,06:42,25-34,hybrid,1,1
user_077,2024-01-02,27.38,2,204,34,18,22,19,6.16,52.61,1,workday,23:30,07:31,25-34,hybrid,1,1
user_077,2024-01-03,49.03,2,273,43,28,18,16,6.77,50.43,1,workday,22:51,07:38,25-34,hybrid,1,1
user_077,2024-01-04,78.69,4,221,30,4,37,14,2.15,66.52,0,workday,22:31,07:31,25-34,hybrid,1,1
user_077,2024-01-05,29.87,2,243,59,27,24,22,5.99,59.21,1,workday,23:50,06:22,25-34,hybrid,1,1
user_077,2024-01-06,56.06,3,276,52,35,33,27,4.62,71.62,0,weekend,00:17,08:01,25-34,hybrid,1,1
user_077,2024-01-07,73.28,3,210,45,19,33,25,4.66,51.2,0,weekend,23:33,06:43,25-34,hybrid,1,1
user_077,2024-01-08,39.42,2,285,51,15,22,23,3.33,45.31,0,workday,23:39,07:02,25-34,hybrid,1,1
user_077,2024-01-09,55.11,3,247,56,38,37,24,6.82,48.72,0,workday,23:29,06:34,25-34,hybrid,1,1
user_077,2024-01-10,38.11,2,236,57,37,43,27,9.04,48.0,1,workday,22:38,07:02,25-34,hybrid,1,1
user_077,2024-01-11,38.33,2,208,32,9,11,24,8.14,65.01,1,workday,22:53,05:58,25-34,hybrid,1,1
user_077,2024-01-12,46.31,2,242,49,38,36,22,6.25,55.01,1,workday,23:10,07:11,25-34,hybrid,1,1
user_077,2024-01-13,41.29,2,210,55,14,32,13,9.94,69.85,0,weekend,23:37,07:29,25-34,hybrid,1,1
user_077,2024-01-14,42.71,2,264,60,36,43,22,5.09,56.4,0,weekend,23:07,08:20,25-34,hybrid,1,1
user_077,2024-01-15,59.87,3,271,45,6,25,25,7.69,37.83,0,workday,22:58,07:16,25-34,hybrid,1,1
user_077,2024-01-16,18.47,1,223,60,26,47,20,10.0,29.53,1,workday,22:29,07:06,25-34,hybrid,1,1
user_077,2024-01-17,35.96,2,219,60,14,36,27,7.65,44.58,1,workday,23:06,06:24,25-34,hybrid,1,1
user_077,2024-01-18,43.96,2,232,60,22,23,22,1.42,69.27,1,workday,23:39,07:17,25-34,hybrid,1,1
user_077,2024-01-19,68.19,3,265,60,19,36,27,6.58,47.58,0,workday,23:46,07:29,25-34,hybrid,1,1
user_077,2024-01-20,76.72,4,187,47,16,31,19,2.14,80.58,0,weekend,23:38,08:04,25-34,hybrid,1,1
user_077,2024-01-21,53.27,3,228,54,25,40,30,6.45,50.22,0,weekend,00:41,08:08,25-34,hybrid,1,1
user_078,2024-01-01,86.75,4,195,32,9,29,21,4.51,67.31,0,workday,23:54,07:38,35-44,on_site,1,0
user_078,2024-01-02,64.46,3,193,45,19,22,19,5.11,60.56,0,workday,22:31,07:12,35-44,on_site,1,0
user_078,2024-01-03,90.82,4,189,43,25,12,21,1.54,64.62,0,workday,23:49,08:01,35-44,on_site,1,0
user_078,2024-01-04,62.65,3,149,33,21,16,19,6.17,50.07,0,workday,23:50,07:32,35-44,on_site,1,0
user_078,2024-01-05,67.22,3,213,60,30,28,23,8.3,32.1,0,workday,23:08,07:22,35-44,on_site,1,0
user_078,2024-01-06,79.06,4,174,40,27,21,15,2.32,68.55,0,weekend,23:33,08:09,35-44,on_site,1,0
user_078,2024-01-07,73.86,3,205,47,29,25,20,6.1,38.72,0,weekend,00:00,07:56,35-44,on_site,1,0
user_078,2024-01-08,50.42,3,200,33,19,18,10,3.03,49.55,0,workday,23:01,07:35,35-44,on_site,1,0
user_078,2024-01-09,76.94,4,196,47,10,34,20,4.35,44.14,0,workday,22:59,06:40,35-44,on_site,1,0
user_078,2024-01-10,66.77,3,246,39,35,28,14,7.13,55.48,0,workday,23:58,07:43,35-44,on_site,1,0
user_078,2024-01-11,98.12,4,195,59,26,39,22,6.97,62.06,0,workday,23:59,07:02,35-44,on_site,1,0
user_078,2024-01-12,73.47,3,155,33,21,32,27,7.22,60.43,1,workday,23:07,06:49,35-44,on_site,1,0
user_078,2024-01-13,90.21,4,192,19,12,35,15,2.17,76.04,0,weekend,23:36,07:48,35-44,on_site,1,0
user_078,2024-01-14,52.83,3,191,20,11,11,17,4.61,58.12,0,weekend,23:18,07:27,35-44,on_site,1,0
user_078,2024-01-15,53.15,3,208,41,10,29,24,6.65,37.49,0,workday,23:06,07:18,35-44,on_site,1,0
user_078,2024-01-16,38.34,2,153,32,12,16,19,7.22,33.69,1,workday,22:40,07:34,35-44,on_site,1,0
user_078,2024-01-17,67.62,3,200,22,17,33,17,4.64,71.86,0,workday,23:13,07:11,35-44,on_site,1,0
user_078,2024-01-18,80.6,4,176,46,6,37,21,7.49,64.87,0,workday,22:35,07:01,35-44,on_site,1,0
user_078,2024-01-19,89.86,4,208,29,12,11,18,5.66,74.31,0,workday,23:32,06:39,35-44,on_site,1,0
user_078,2024-01-20,84.0,4,223,33,20,16,19,3.08,52.28,0,weekend,23:42,07:42,35-44,on_site,1,0
user_078,2024-01-21,79.77,4,185,51,30,36,21,3.5,61.82,0,weekend,23:31,08:06,35-44,on_site,1,0
user_079,2024-01-01,39.35,2,258,60,34,45,16,6.49,45.26,0,workday,22:43,07:54,35-44,remote,1,0
user_079,2024-01-02,83.29,4,224,39,14,30,15,6.53,61.04,0,workday,23:44,06:20,35-44,remote,1,0
user_079,2024-01-03,54.68,3,275,51,20,33,16,4.15,73.33,0,workday,23:05,06:51,35-44,remote,1,0
user_079,2024-01-04,78.32,4,187,44,5,36,25,2.79,78.77,0,workday,21:47,06:35,35-44,remote,1,0
user_079,2024-01-05,36.82,2,300,60,14,26,19,8.87,39.06,1,workday,23:00,07:09,35-44,remote,1,0
user_079,2024-01-06,19.35,1,235,60,26,47,19,8.39,39.99,0,weekend,22:09,08:05,35-44,remote,1,0
user_079,2024-01-07,61.55,3,270,48,26,25,13,5.16,71.48,0,weekend,21:48,07:33,35-44,remote,1,0
user_079,2024-01-08,45.16,2,165,25,12,25,14,0.74,69.74,0,workday,00:08,07:28,35-44,remote,1,0
user_079,2024-01-09,77.91,4,228,55,23,36,21,4.64,60.6,0,workday,23:55,06:49,35-44,remote,1,0
user_079,2024-01-10,84.87,4,300,52,16,30,26,5.74,35.82,0,workday,22:57,07:13,35-44,remote,1,0
user_079,2024-01-11,80.24,4,294,43,22,40,30,5.31,46.04,1,workday,22:45,06:37,35-44,remote,1,0
user_079,2024-01-12,50.5,3,300,49,14,34,28,5.52,67.98,0,workday,23:33,07:15,35-44,remote,1,0
user_079,2024-01-13,24.8,1,218,45,21,16,19,3.85,61.14,0,weekend,23:34,07:22,35-44,remote,1,0
user_079,2024-01-14,54.64,3,239,60,25,42,27,8.03,61.23,0,weekend,23:56,08:20,35-44,remote,1,0
user_079,2024-01-15,89.12,4,217,25,11,23,16,5.58,77.02,0,workday,23:23,07:15,35-44,remote,1,0
user_079,2024-01-16,34.09,2,246,56,29,19,21,6.74,63.09,1,workday,23:43,07:22,35-44,remote,1,0
user_079,2024-01-17,89.29,4,153,19,8,17,15,4.14,48.92,0,workday,23:09,07:34,35-44,remote,1,0
user_079,2024-01-18,21.41,1,200,42,24,20,26,4.61,51.99,1,workday,23:35,07:05,35-44,remote,1,0
user_079,2024-01-19,47.62,2,252,57,34,28,26,5.44,50.52,0,workday,23:10,06:37,35-44,remote,1,0
user_079,2024-01-20,39.19,2,257,55,50,19,18,5.14,42.36,0,weekend,00:04,06:35,35-44,remote,1,0
user_079,2024-01-21,60.13,3,271,40,31,19,23,5.53,48.71,0,weekend,23:37,07:31,35-44,remote,1,0
user_080,2024-01-01,27.2,2,267,56,44,33,21,7.49,55.09,0,workday,00:07,06:51,45-54,remote,1,0
user_080,2024-01-02,15.0,1,250,43,21,22,28,8.47,53.16,1,workday,23:11,07:16,45-54,remote,1,0
user_080,2024-01-03,59.45,3,235,44,33,19,25,4.46,52.23,0,workday,23:14,06:18,45-54,remote,1,0
user_080,2024-01-04,49.9,2,229,60,30,35,21,5.88,66.48,0,workday,21:48,07:05,45-54,remote,1,0
user_080,2024-01-05,69.33,3,289,43,9,20,26,4.73,61.83,0,workday,23:33,06:44,45-54,remote,1,0
user_080,2024-01-06,51.86,3,291,54,8,33,25,6.03,53.34,1,weekend,23:43,07:04,45-54,remote,1,0
user_080,2024-01-07,38.79,2,288,39,28,29,9,6.66,32.86,1,weekend,22:52,07:36,45-54,remote,1,0
user_080,2024-01-08,36.58,2,295,60,20,43,24,8.53,30.93,1,workday,22:32,07:16,45-54,remote,1,0
user_080,2024-01-09,76.55,4,236,55,12,35,23,5.04,62.04,0,workday,22:15,06:35,45-54,remote,1,0
user_080,2024-01-10,57.96,3,253,48,18,26,20,4.44,72.64,1,workday,23:01,06:23,45-54,remote,1,0
user_080,2024-01-11,35.42,2,264,56,23,25,23,6.31,29.84,0,workday,23:32,07:12,45-54,remote,1,0
user_080,2024-01-12,37.96,2,219,53,21,44,22,7.15,45.41,0,workday,23:20,07:15,45-54,remote,1,0
user_080,2024-01-13,60.64,3,235,30,9,23,20,3.78,61.65,0,weekend,23:48,08:23,45-54,remote,1,0
user_080,2024-01-14,52.09,3,236,50,17,30,16,7.0,60.27,0,weekend,23:26,08:18,45-54,remote,1,0
user_080,2024-01-15,44.53,2,227,50,18,34,16,4.61,54.04,0,workday,23:33,07:26,45-54,remote,1,0
user_080,2024-01-16,52.5,3,233,52,12,34,20,6.87,46.93,1,workday,22:14,07:07,45-54,remote,1,0
user_080,2024-01-17,37.2,2,273,57,11,39,19,5.18,52.74,1,workday,23:11,07:10,45-54,remote,1,0
user_080,2024-01-18,83.23,4,253,51,29,19,17,3.96,65.04,1,workday,23:06,07:25,45-54,remote,1,0
user_080,2024-01-19,45.67,2,183,21,6,11,8,6.47,69.73,1,workday,22:43,07:50,45-54,remote,1,0
user_080,2024-01-20,32.15,2,248,55,22,38,27,5.03,66.83,0,weekend,23:25,07:03,45-54,remote,1,0
user_080,2024-01-21,62.98,3,280,44,13,24,16,3.79,58.86,0,weekend,23:26,08:11,45-54,remote,1,0
user_081,2024-01-01,51.35,3,209,41,19,39,17,6.24,68.17,0,workday,23:21,07:17,35-44,hybrid,1,0
user_081,2024-01-02,70.02,3,206,43,7,46,17,4.87,53.83,1,workday,22:12,06:49,35-44,hybrid,1,0
user_081,2024-01-03,43.04,2,224,51,22,34,19,4.68,59.04,1,workday,23:04,06:40,35-44,hybrid,1,0
user_081,2024-01-04,69.74,3,227,26,13,26,12,4.64,69.89,1,workday,23:01,06:59,35-44,hybrid,1,0
user_081,2024-01-05,64.69,3,175,23,7,32,8,4.18,49.23,0,workday,22:21,06:58,35-44,hybrid,1,0
user_081,2024-01-06,68.97,3,213,59,0,32,18,5.25,59.89,0,weekend,23:32,08:05,35-44,hybrid,1,0
user_081,2024-01-07,54.4,3,233,52,34,37,16,3.3,63.47,0,weekend,23:45,07:54,35-44,hybrid,1,0
user_081,2024-01-08,0.0,1,172,49,30,34,23,7.73,39.93,1,workday,23:07,07:08,35-44,hybrid,1,0
user_081,2024-01-09,56.91,3,212,35,18,21,16,5.63,73.14,1,workday,22:33,06:54,35-44,hybrid,1,0
user_081,2024-01-10,39.38,2,171,29,7,30,13,4.84,73.01,1,workday,21:56,06:50,35-44,hybrid,1,0
user_081,2024-01-11,45.11,2,163,50,35,30,22,5.81,70.09,1,workday,22:25,07:13,35-44,hybrid,1,0
user_081,2024-01-12,64.43,3,179,28,11,18,17,2.56,69.42,0,workday,22:58,07:14,35-44,hybrid,1,0
user_081,2024-01-13,60.58,3,184,38,25,23,19,4.74,51.84,0,weekend,00:42,07:19,35-44,hybrid,1,0
user_081,2024-01-14,34.01,2,234,60,27,35,27,5.12,44.73,0,weekend,21:52,07:50,35-44,hybrid,1,0
user_081,2024-01-15,48.78,2,194,48,31,17,29,4.02,60.13,0,workday,22:47,06:06,35-44,hybrid,1,0
user_081,2024-01-16,47.37,2,193,34,13,18,9,4.3,37.16,0,workday,22:08,07:27,35-44,hybrid,1,0
user_081,2024-01-17,30.76,2,211,58,22,45,24,6.9,49.99,0,workday,23:02,07:29,35-44,hybrid,1,0
user_081,2024-01-18,41.82,2,161,45,45,31,21,2.44,57.76,0,workday,22:47,06:29,35-44,hybrid,1,0
user_081,2024-01-19,53.16,3,171,22,12,14,21,5.85,64.05,1,workday,22:13,07:59,35-44,hybrid,1,0
user_081,2024-01-20,54.33,3,239,35,13,21,14,4.48,62.89,0,weekend,23:45,07:25,35-44,hybrid,1,0
user_081,2024-01-21,57.19,3,192,42,11,26,26,4.6,58.15,0,weekend,23:30,08:01,35-44,hybrid,1,0
user_082,2024-01-01,43.44,2,216,57,12,19,15,4.48,54.74,0,workday,23:25,07:01,25-34,on_site,0,1
user_082,2024-01-02,29.81,2,300,55,16,48,30,7.76,51.53,0,workday,22:45,07:12,25-34,on_site,0,1
user_082,2024-01-03,82.71,4,258,37,25,42,26,7.25,79.08,0,workday,22:46,07:42,25-34,on_site,0,1
user_082,2024-01-04,59.65,3,202,32,20,15,14,3.25,53.94,0,workday,23:11,07:04,25-34,on_site,0,1
user_082,2024-01-05,60.23,3,187,44,6,25,21,4.63,53.54,1,workday,22:21,07:11,25-34,on_site,0,1
user_082,2024-01-06,76.97,4,170,38,26,28,11,3.11,41.98,0,weekend,23:59,07:35,25-34,on_site,0,1
user_082,2024-01-07,66.06,3,288,54,33,34,27,1.96,53.52,0,weekend,23:07,07:35,25-34,on_site,0,1
user_082,2024-01-08,65.86,3,131,23,9,19,6,2.44,62.24,0,workday,23:01,06:42,25-34,on_site,0,1
user_082,2024-01-09,68.98,3,135,32,11,35,19,3.32,69.55,0,workday,23:23,06:42,25-34,on_site,0,1
user_082,2024-01-10,44.93,2,219,60,19,29,20,7.89,64.26,0,workday,22:27,07:36,25-34,on_site,0,1
user_082,2024-01-11,49.89,2,127,53,8,35,28,5.45,42.12,0,workday,22:14,07:21,25-34,on_site,0,1
user_082,2024-01-12,53.02,3,226,37,6,31,19,7.88,34.83,0,workday,23:41,06:33,25-34,on_site,0,1
user_082,2024-01-13,51.07,3,151,27,22,31,7,1.6,75.18,0,weekend,23:44,06:55,25-34,on_site,0,1
user_082,2024-01-14,30.68,2,216,47,18,24,21,4.01,46.15,1,weekend,23:52,07:29,25-34,on_site,0,1
user_082,2024-01-15,82.34,4,156,36,15,14,14,4.95,65.36,0,workday,22:45,06:44,25-34,on_site,0,1
user_082,2024-01-16,60.76,3,226,60,37,50,22,5.83,45.63,0,workday,22:49,07:06,25-34,on_site,0,1
user_082,2024-01-17,67.16,3,240,44,15,38,17,5.55,43.51,0,workday,23:47,06:40,25-34,on_site,0,1
user_082,2024-01-18,16.3,1,148,46,17,20,18,8.84,32.35,0,workday,23:01,07:03,25-34,on_site,0,1
user_082,2024-01-19,38.65,2,220,48,23,25,26,7.72,63.06,0,workday,23:18,06:48,25-34,on_site,0,1
user_082,2024-01-20,68.36,3,195,27,14,18,19,2.92,51.83,0,weekend,23:33,07:05,25-34,on_site,0,1
user_082,2024-01-21,33.26,2,158,27,22,28,11,2.97,47.14,0,weekend,00:00,07:59,25-34,on_site,0,1
user_083,2024-01-01,9.09,1,175,47,18,34,23,3.43,78.82,1,workday,22:14,06:26,45-54,hybrid,0,0
user_083,2024-01-02,68.42,3,170,37,14,22,9,4.83,46.01,0,workday,22:59,06:55,45-54,hybrid,0,0
user_083,2024-01-03,38.12,2,285,53,14,43,18,5.58,59.48,0,workday,23:10,06:35,45-54,hybrid,0,0
user_083,2024-01-04,60.9,3,235,54,23,23,26,4.09,43.69,1,workday,22:29,08:03,45-54,hybrid,0,0
user_083,2024-01-05,13.12,1,202,29,6,24,9,4.95,54.67,1,workday,22:12,07:36,45-54,hybrid,0,0
user_083,2024-01-06,35.24,2,194,45,22,23,20,2.2,46.28,0,weekend,23:10,07:47,45-54,hybrid,0,0
user_083,2024-01-07,42.83,2,185,57,36,33,23,4.67,57.1,1,weekend,23:27,08:04,45-54,hybrid,0,0
user_083,2024-01-08,15.34,1,230,39,26,25,23,6.74,42.16,0,workday,22:37,07:01,45-54,hybrid,0,0
user_083,2024-01-09,22.32,1,236,42,26,32,24,6.11,44.03,0,workday,00:11,06:42,45-54,hybrid,0,0
user_083,2024-01-10,8.67,1,238,60,19,44,21,6.69,48.73,0,workday,22:54,06:07,45-54,hybrid,0,0
user_083,2024-01-11,26.25,2,270,38,21,31,21,6.03,45.74,1,workday,23:34,06:30,45-54,hybrid,0,0
user_083,2024-01-12,50.25,3,206,57,20,34,17,4.7,54.8,0,workday,23:10,07:04,45-54,hybrid,0,0
user_083,2024-01-13,64.55,3,150,14,7,27,10,2.07,64.41,0,weekend,23:13,07:51,45-54,hybrid,0,0
user_083,2024-01-14,68.31,3,279,50,17,23,23,5.77,64.48,0,weekend,22:35,07:24,45-54,hybrid,0,0
user_083,2024-01-15,3.65,1,230,46,15,29,17,6.37,48.52,1,workday,23:32,06:52,45-54,hybrid,0,0
user_083,2024-01-16,45.5,2,259,55,37,30,26,6.66,72.69,0,workday,22:45,07:22,45-54,hybrid,0,0
user_083,2024-01-17,7.96,1,151,28,4,17,12,4.91,57.29,1,workday,22:54,07:06,45-54,hybrid,0,0
user_083,2024-01-18,38.52,2,207,39,26,23,18,3.29,56.92,1,workday,22:24,06:39,45-54,hybrid,0,0
user_083,2024-01-19,49.22,2,148,32,24,20,25,6.22,60.86,0,workday,22:24,06:20,45-54,hybrid,0,0
user_083,2024-01-20,51.31,3,230,42,36,18,10,2.62,79.17,0,weekend,23:45,07:46,45-54,hybrid,0,0
user_083,2024-01-21,58.47,3,185,13,7,10,11,1.05,64.71,0,weekend,23:49,08:12,45-54,hybrid,0,0
user_084,2024-01-01,20.69,1,259,35,10,32,28,10.0,43.17,1,workday,00:23,06:51,18-24,remote,0,0
user_084,2024-01-02,27.48,2,172,39,17,29,8,4.76,57.85,1,workday,23:10,07:13,18-24,remote,0,0
user_084,2024-01-03,67.65,3,249,43,14,48,16,4.64,52.55,0,workday,22:28,07:22,18-24,remote,0,0
user_084,2024-01-04,89.58,4,193,41,32,34,19,3.58,79.28,0,workday,23:11,06:32,18-24,remote,0,0
user_084,2024-01-05,36.07,2,234,41,19,29,22,4.66,69.12,1,workday,21:45,06:56,18-24,remote,0,0
user_084,2024-01-06,56.08,3,207,47,21,32,21,6.39,62.64,0,weekend,23:43,06:24,18-24,remote,0,0
user_084,2024-01-07,37.69,2,232,28,28,23,11,4.59,42.16,0,weekend,23:12,07:30,18-24,remote,0,0
user_084,2024-01-08,84.15,4,264,37,14,29,25,5.19,59.27,0,workday,22:13,06:15,18-24,remote,0,0
user_084,2024-01-09,35.36,2,239,51,20,30,28,6.17,59.02,1,workday,22:19,07:08,18-24,remote,0,0
user_084,2024-01-10,40.12,2,238,42,8,14,17,7.93,40.87,0,workday,22:15,07:36,18-24,remote,0,0
user_084,2024-01-11,54.76,3,245,40,12,31,24,5.63,41.35,0,workday,22:13,07:21,18-24,remote,0,0
user_084,2024-01-12,74.31,3,246,34,18,23,20,4.51,65.27,0,workday,23:15,07:06,18-24,remote,0,0
user_084,2024-01-13,82.65,4,231,37,16,18,12,3.31,52.83,0,weekend,00:00,07:57,18-24,remote,0,0
user_084,2024-01-14,73.07,3,235,51,8,31,17,2.79,63.88,0,weekend,23:37,07:22,18-24,remote,0,0
user_084,2024-01-15,48.91,2,226,47,4,25,26,3.48,77.99,0,workday,22:21,08:12,18-24,remote,0,0
user_084,2024-01-16,35.45,2,193,35,17,26,18,5.13,45.37,1,workday,21:58,07:20,18-24,remote,0,0
user_084,2024-01-17,51.74,3,186,25,13,19,18,6.7,55.89,0,workday,22:39,06:55,18-24,remote,0,0
user_084,2024-01-18,40.77,2,224,45,14,36,24,5.19,48.09,0,workday,23:18,07:40,18-24,remote,0,0
user_084,2024-01-19,79.61,4,195,28,20,15,8,3.82,51.14,0,workday,23:14,07:21,18-24,remote,0,0
user_084,2024-01-20,73.4,3,213,31,10,19,11,2.06,88.95,0,weekend,00:23,07:31,18-24,remote,0,0
user_084,2024-01-21,44.5,2,217,51,32,22,26,3.66,64.97,1,weekend,00:03,06:32,18-24,remote,0,0
user_085,2024-01-01,22.24,1,210,49,15,37,18,7.27,56.19,0,workday,22:12,06:24,18-24,remote,1,0
user_085,2024-01-02,33.72,2,224,32,19,36,15,5.25,49.73,1,workday,23:10,06:50,18-24,remote,1,0
user_085,2024-01-03,25.29,2,247,41,10,26,20,3.75,48.56,0,workday,23:28,07:00,18-24,remote,1,0
user_085,2024-01-04,43.81,2,244,39,19,22,14,3.42,55.75,0,workday,23:44,06:22,18-24,remote,1,0
user_085,2024-01-05,73.99,3,161,28,13,16,17,2.39,65.42,0,workday,22:42,07:03,18-24,remote,1,0
user_085,2024-01-06,23.08,1,277,43,26,29,21,4.35,63.65,0,weekend,22:31,07:16,18-24,remote,1,0
user_085,2024-01-07,50.85,3,237,48,19,31,25,1.82,51.73,0,weekend,23:24,07:24,18-24,remote,1,0
user_085,2024-01-08,70.97,3,231,15,5,20,13,2.07,78.3,0,workday,23:22,06:40,18-24,remote,1,0
user_085,2024-01-09,20.3,1,219,44,20,35,24,5.53,50.96,1,workday,23:03,06:40,18-24,remote,1,0
user_085,2024-01-10,19.28,1,216,39,9,32,22,5.67,66.58,1,workday,23:23,06:08,18-24,remote,1,0
user_085,2024-01-11,46.84,2,197,37,22,16,23,3.15,61.06,0,workday,23:34,07:10,18-24,remote,1,0
user_085,2024-01-12,68.06,3,289,55,21,31,17,3.61,70.24,0,workday,22:29,06:43,18-24,remote,1,0
user_085,2024-01-13,28.6,2,226,31,15,25,14,6.78,68.76,0,weekend,23:01,07:42,18-24,remote,1,0
user_085,2024-01-14,27.58,2,205,45,19,42,25,6.05,60.74,0,weekend,23:25,08:17,18-24,remote,1,0
user_085,2024-01-15,45.97,2,175,44,17,38,24,4.69,61.7,0,workday,23:45,07:09,18-24,remote,1,0
user_085,2024-01-16,31.83,2,238,41,33,21,12,6.74,32.77,1,workday,23:01,07:23,18-24,remote,1,0
user_085,2024-01-17,30.58,2,173,31,25,24,12,7.05,42.47,0,workday,22:28,07:41,18-24,remote,1,0
user_085,2024-01-18,29.96,2,195,38,20,28,20,5.48,49.86,1,workday,22:58,07:54,18-24,remote,1,0
user_085,2024-01-19,17.08,1,207,38,14,28,19,5.85,56.93,0,workday,23:06,07:16,18-24,remote,1,0
user_085,2024-01-20,28.71,2,255,54,34,34,23,6.69,34.38,1,weekend,23:24,06:50,18-24,remote,1,0
user_085,2024-01-21,40.42,2,236,34,19,27,26,4.71,54.28,0,weekend,23:44,07:17,18-24,remote,1,0
user_086,2024-01-01,29.48,2,240,48,23,33,20,5.12,59.24,1,workday,21:57,07:08,18-24,remote,0,1
user_086,2024-01-02,39.14,2,245,50,21,29,28,6.16,38.01,0,workday,23:46,06:53,18-24,remote,0,1
user_086,2024-01-03,86.0,4,262,33,10,22,15,2.89,55.24,0,workday,23:50,07:20,18-24,remote,0,1
user_086,2024-01-04,43.73,2,289,60,25,41,29,7.19,44.01,1,workday,23:56,06:47,18-24,remote,0,1
user_086,2024-01-05,30.88,2,215,37,15,17,17,8.1,33.96,1,workday,23:23,07:32,18-24,remote,0,1
user_086,2024-01-06,55.12,3,203,49,43,37,23,6.39,53.15,0,weekend,00:12,08:21,18-24,remote,0,1
user_086,2024-01-07,87.11,4,246,42,23,38,25,4.7,75.01,0,weekend,23:27,07:46,18-24,remote,0,1
user_086,2024-01-08,22.41,1,217,42,12,32,11,7.21,51.08,1,workday,22:49,07:01,18-24,remote,0,1
user_086,2024-01-09,38.19,2,227,52,17,17,17,3.26,70.62,0,workday,23:46,06:38,18-24,remote,0,1
user_086,2024-01-10,63.79,3,138,27,10,44,17,7.34,36.86,0,workday,22:48,07:19,18-24,remote,0,1
user_086,2024-01-11,32.89,2,208,60,19,49,22,3.09,53.99,0,workday,22:16,07:32,18-24,remote,0,1
user_086,2024-01-12,40.66,2,237,56,34,43,26,8.27,54.74,0,workday,21:40,06:28,18-24,remote,0,1
user_086,2024-01-13,49.73,2,235,33,22,29,24,5.68,75.72,0,weekend,22:49,08:02,18-24,remote,0,1
user_086,2024-01-14,67.86,3,170,23,5,19,22,3.15,60.85,0,weekend,23:05,08:06,18-24,remote,0,1
user_086,2024-01-15,41.11,2,271,54,27,40,25,8.1,39.99,0,workday,23:51,06:50,18-24,remote,0,1
user_086,2024-01-16,39.06,2,178,48,8,32,23,4.84,65.57,0,workday,22:45,06:37,18-24,remote,0,1
user_086,2024-01-17,96.49,4,281,24,9,28,19,2.29,61.88,0,workday,23:37,07:21,18-24,remote,0,1
user_086,2024-01-18,61.71,3,200,60,32,29,26,5.21,53.46,1,workday,22:36,06:38,18-24,remote,0,1
user_086,2024-01-19,34.47,2,289,60,12,41,30,9.05,34.66,1,workday,22:19,06:42,18-24,remote,0,1
user_086,2024-01-20,37.71,2,204,29,29,8,20,7.66,29.28,0,weekend,23:20,08:36,18-24,remote,0,1
user_086,2024-01-21,70.82,3,204,33,4,37,19,7.38,55.58,0,weekend,23:29,08:39,18-24,remote,0,1
user_087,2024-01-01,64.97,3,212,36,15,25,19,4.64,62.5,1,workday,21:46,05:35,35-44,remote,0,0
user_087,2024-01-02,59.61,3,252,47,34,28,20,3.85,44.03,1,workday,22:37,07:30,35-44,remote,0,0
user_087,2024-01-03,52.47,3,214,36,23,28,17,5.3,50.8,0,workday,22:30,07:30,35-44,remote,0,0
user_087,2024-01-04,68.36,3,254,21,14,22,16,2.29,73.96,0,workday,22:41,06:18,35-44,remote,0,0
user_087,2024-01-05,58.52,3,280,39,19,22,29,6.91,54.14,0,workday,23:12,07:33,35-44,remote,0,0
user_087,2024-01-06,65.45,3,266,53,18,20,25,2.04,60.66,1,weekend,01:06,07:39,35-44,remote,0,0
user_087,2024-01-07,60.48,3,236,52,23,30,15,4.75,51.32,0,weekend,23:07,06:42,35-44,remote,0,0
user_087,2024-01-08,58.79,3,234,56,13,42,22,5.64,48.8,1,workday,23:28,07:50,35-44,remote,0,0
user_087,2024-01-09,47.03,2,226,59,25,39,19,8.45,34.47,1,workday,00:27,06:34,35-44,remote,0,0
user_087,2024-01-10,76.57,4,249,34,17,25,18,3.34,43.18,0,workday,22:23,06:37,35-44,remote,0,0
user_087,2024-01-11,51.59,3,232,38,19,10,11,7.7,33.58,0,workday,22:33,06:19,35-44,remote,0,0
user_087,2024-01-12,42.04,2,242,49,34,24,21,5.71,58.75,0,workday,22:44,06:45,35-44,remote,0,0
user_087,2024-01-13,94.02,4,176,43,10,15,22,0.0,71.4,0,weekend,22:31,08:00,35-44,remote,0,0
user_087,2024-01-14,68.52,3,214,55,28,27,23,3.84,45.42,0,weekend,22:11,08:01,35-44,remote,0,0
user_087,2024-01-15,37.01,2,258,41,26,21,15,5.64,52.15,0,workday,22:40,07:07,35-44,remote,0,0
user_087,2024-01-16,99.54,4,227,27,12,18,10,4.55,60.38,0,workday,22:10,07:04,35-44,remote,0,0
user_087,2024-01-17,72.49,3,235,39,18,26,20,7.17,55.53,0,workday,00:12,06:48,35-44,remote,0,0
user_087,2024-01-18,69.96,3,184,13,13,11,13,4.6,53.66,1,workday,21:56,07:15,35-44,remote,0,0
user_087,2024-01-19,51.53,3,237,60,29,37,24,8.5,45.19,0,workday,22:12,07:03,35-44,remote,0,0
user_087,2024-01-20,55.75,3,238,45,11,36,26,2.81,56.45,0,weekend,23:44,08:04,35-44,remote,0,0
user_087,2024-01-21,84.48,4,191,53,16,39,17,3.37,83.07,0,weekend,22:51,07:28,35-44,remote,0,0
user_088,2024-01-01,64.47,3,212,35,22,16,10,5.77,83.88,0,workday,22:49,07:08,25-34,hybrid,0,1
user_088,2024-01-02,92.49,4,172,29,13,26,18,1.55,64.15,0,workday,23:18,07:00,25-34,hybrid,0,1
user_088,2024-01-03,6.69,1,233,25,19,19,26,7.11,46.06,1,workday,22:33,06:13,25-34,hybrid,0,1
user_088,2024-01-04,79.98,4,197,37,21,21,19,3.04,59.7,0,workday,21:48,07:09,25-34,hybrid,0,1
user_088,2024-01-05,32.49,2,189,41,29,24,22,4.78,53.96,1,workday,22:54,06:55,25-34,hybrid,0,1
user_088,2024-01-06,34.76,2,147,42,8,40,26,2.17,63.18,0,weekend,23:18,07:29,25-34,hybrid,0,1
user_088,2024-01-07,61.15,3,225,54,18,26,21,4.91,68.05,0,weekend,23:40,07:19,25-34,hybrid,0,1
user_088,2024-01-08,39.11,2,201,29,21,10,0,2.9,74.16,1,workday,21:55,06:40,25-34,hybrid,0,1
user_088,2024-01-09,72.8,3,202,51,26,23,24,3.31,66.37,0,workday,22:57,07:03,25-34,hybrid,0,1
user_088,2024-01-10,60.81,3,197,19,4,9,0,0.64,75.15,0,workday,22:45,07:13,25-34,hybrid,0,1
user_088,2024-01-11,57.68,3,206,48,30,28,14,5.69,65.67,0,workday,22:43,06:57,25-34,hybrid,0,1
user_088,2024-01-12,61.9,3,180,30,4,12,25,0.27,73.71,1,workday,23:19,06:55,25-34,hybrid,0,1
user_088,2024-01-13,67.79,3,186,31,16,23,18,2.8,74.06,0,weekend,23:51,07:50,25-34,hybrid,0,1
user_088,2024-01-14,70.07,3,241,53,38,38,6,4.43,85.4,0,weekend,23:29,08:03,25-34,hybrid,0,1
user_088,2024-01-15,84.51,4,217,40,21,32,25,1.32,54.57,0,workday,22:59,06:55,25-34,hybrid,0,1
user_088,2024-01-16,57.9,3,184,19,8,18,22,5.36,71.85,1,workday,22:41,08:07,25-34,hybrid,0,1
user_088,2024-01-17,37.71,2,263,38,29,43,21,6.17,71.54,0,workday,22:24,06:59,25-34,hybrid,0,1
user_088,2024-01-18,33.75,2,229,32,0,40,21,3.73,55.38,1,workday,23:01,06:53,25-34,hybrid,0,1
user_088,2024-01-19,68.48,3,234,52,12,30,19,7.57,33.78,0,workday,23:21,07:55,25-34,hybrid,0,1
user_088,2024-01-20,39.16,2,265,60,25,19,27,5.94,23.51,0,weekend,23:56,08:09,25-34,hybrid,0,1
user_088,2024-01-21,66.52,3,196,33,15,5,21,4.43,59.01,1,weekend,23:39,07:43,25-34,hybrid,0,1
user_089,2024-01-01,57.76,3,296,60,15,36,26,7.46,58.21,1,workday,00:07,07:01,18-24,remote,1,0
user_089,2024-01-02,35.93,2,214,60,37,38,20,5.58,64.26,0,workday,22:59,06:31,18-24,remote,1,0
user_089,2024-01-03,28.02,2,175,57,18,29,20,6.16,53.41,0,workday,23:51,07:12,18-24,remote,1,0
user_089,2024-01-04,31.93,2,229,52,16,42,16,5.45,51.74,0,workday,22:48,06:26,18-24,remote,1,0
user_089,2024-01-05,61.79,3,226,60,6,40,17,4.79,50.09,0,workday,00:06,06:24,18-24,remote,1,0
user_089,2024-01-06,32.53,2,241,47,6,32,25,4.24,36.75,1,weekend,00:01,07:45,18-24,remote,1,0
user_089,2024-01-07,52.37,3,187,34,13,19,16,4.66,65.31,0,weekend,23:42,07:12,18-24,remote,1,0
user_089,2024-01-08,58.56,3,233,27,17,30,24,8.06,38.19,1,workday,22:08,06:59,18-24,remote,1,0
user_089,2024-01-09,41.06,2,175,48,39,25,22,4.77,60.79,1,workday,23:05,07:14,18-24,remote,1,0
user_089,2024-01-10,54.35,3,222,39,24,39,17,5.27,60.0,0,workday,22:43,06:59,18-24,remote,1,0
user_089,2024-01-11,31.59,2,222,37,16,24,9,5.23,73.75,0,workday,23:03,06:27,18-24,remote,1,0
user_089,2024-01-12,49.07,2,259,53,17,33,29,5.41,57.18,0,workday,23:53,06:55,18-24,remote,1,0
user_089,2024-01-13,34.02,2,271,37,31,26,17,2.83,54.11,0,weekend,23:29,07:29,18-24,remote,1,0
user_089,2024-01-14,31.56,2,282,60,29,33,29,6.37,47.5,0,weekend,00:24,07:39,18-24,remote,1,0
user_089,2024-01-15,49.11,2,242,60,37,38,29,7.47,48.43,0,workday,22:38,07:02,18-24,remote,1,0
user_089,2024-01-16,33.96,2,290,47,4,19,25,7.2,57.72,0,workday,23:20,06:51,18-24,remote,1,0
user_089,2024-01-17,47.37,2,220,44,24,32,18,3.6,54.68,1,workday,00:22,06:24,18-24,remote,1,0
user_089,2024-01-18,29.7,2,226,47,17,35,22,7.08,47.37,0,workday,22:09,07:12,18-24,remote,1,0
user_089,2024-01-19,27.75,2,171,41,14,48,23,4.56,46.27,0,workday,22:45,07:07,18-24,remote,1,0
user_089,2024-01-20,57.26,3,209,37,7,24,9,3.64,88.12,0,weekend,23:17,07:25,18-24,remote,1,0
user_089,2024-01-21,50.04,3,216,44,19,36,27,5.85,68.71,0,weekend,23:40,07:09,18-24,remote,1,0
user_090,2024-01-01,55.99,3,224,39,27,23,24,6.17,53.72,1,workday,23:12,05:59,25-34,hybrid,1,1
user_090,2024-01-02,54.28,3,181,33,20,27,13,4.92,53.25,0,workday,23:03,06:55,25-34,hybrid,1,1
user_090,2024-01-03,48.79,2,267,52,51,27,15,7.47,37.88,1,workday,22:07,07:12,25-34,hybrid,1,1
user_090,2024-01-04,67.68,3,234,37,17,29,21,6.17,53.66,0,workday,22:16,06:49,25-34,hybrid,1,1
user_090,2024-01-05,28.32,2,227,48,12,45,22,6.06,49.32,0,workday,22:35,07:05,25-34,hybrid,1,1
user_090,2024-01-06,60.04,3,165,36,19,36,30,3.52,75.48,0,weekend,23:12,07:15,25-34,hybrid,1,1
user_090,2024-01-07,58.35,3,207,35,18,15,13,5.77,65.78,0,weekend,22:55,08:26,25-34,hybrid,1,1
user_090,2024-01-08,38.49,2,208,46,14,35,18,6.84,70.79,0,workday,22:13,06:38,25-34,hybrid,1,1
user_090,2024-01-09,53.98,3,211,30,21,27,16,5.34,67.74,1,workday,22:33,06:19,25-34,hybrid,1,1
user_090,2024-01-10,40.83,2,253,56,30,24,26,3.04,70.85,0,workday,23:29,06:12,25-34,hybrid,1,1
user_090,2024-01-11,57.0,3,279,43,23,17,3,2.48,69.37,0,workday,22:00,07:37,25-34,hybrid,1,1
user_090,2024-01-12,57.49,3,195,46,34,20,20,3.02,76.27,0,workday,23:32,06:52,25-34,hybrid,1,1
user_090,2024-01-13,59.97,3,182,32,10,28,25,3.9,70.88,0,weekend,23:20,07:39,25-34,hybrid,1,1
user_090,2024-01-14,31.34,2,274,60,34,38,30,6.77,30.36,1,weekend,00:19,07:47,25-34,hybrid,1,1
user_090,2024-01-15,35.92,2,225,54,32,36,14,7.26,37.24,1,workday,00:40,06:18,25-34,hybrid,1,1
user_090,2024-01-16,44.73,2,236,40,7,22,9,6.13,46.47,1,workday,23:24,06:51,25-34,hybrid,1,1
user_090,2024-01-17,48.32,2,232,31,24,24,11,5.55,43.09,1,workday,23:03,07:33,25-34,hybrid,1,1
user_090,2024-01-18,52.25,3,218,50,18,10,27,3.98,38.02,0,workday,22:46,06:46,25-34,hybrid,1,1
user_090,2024-01-19,61.43,3,174,53,19,30,22,4.19,47.66,0,workday,22:50,07:12,25-34,hybrid,1,1
user_090,2024-01-20,57.31,3,184,24,6,26,16,1.26,75.17,0,weekend,23:36,08:10,25-34,hybrid,1,1
user_090,2024-01-21,40.88,2,194,35,7,23,11,2.64,73.97,0,weekend,00:05,08:28,25-34,hybrid,1,1
user_091,2024-01-01,41.52,2,204,37,33,30,24,6.29,45.31,1,workday,23:20,06:40,18-24,hybrid,1,0
user_091,2024-01-02,17.7,1,203,43,11,33,29,5.24,70.27,1,workday,22:50,06:58,18-24,hybrid,1,0
user_091,2024-01-03,65.87,3,245,51,18,36,28,6.62,70.86,1,workday,23:15,07:26,18-24,hybrid,1,0
user_091,2024-01-04,43.51,2,235,24,15,16,9,5.12,74.36,0,workday,22:35,07:43,18-24,hybrid,1,0
user_091,2024-01-05,49.95,2,235,45,22,28,20,6.56,67.44,1,workday,22:39,07:18,18-24,hybrid,1,0
user_091,2024-01-06,31.66,2,226,55,20,22,17,3.68,48.88,0,weekend,23:28,07:24,18-24,hybrid,1,0
user_091,2024-01-07,58.01,3,269,60,37,36,30,2.35,70.64,0,weekend,00:54,07:10,18-24,hybrid,1,0
user_091,2024-01-08,22.19,1,268,60,27,37,22,5.83,57.6,0,workday,23:43,07:39,18-24,hybrid,1,0
user_091,2024-01-09,58.79,3,238,23,16,22,11,4.43,69.15,0,workday,22:50,06:47,18-24,hybrid,1,0
user_091,2024-01-10,40.67,2,218,60,34,38,30,6.25,38.0,0,workday,22:42,07:08,18-24,hybrid,1,0
user_091,2024-01-11,0.0,1,234,54,53,37,17,9.38,34.49,0,workday,23:21,07:28,18-24,hybrid,1,0
user_091,2024-01-12,31.42,2,221,52,23,36,16,3.99,80.53,1,workday,22:50,07:10,18-24,hybrid,1,0
user_091,2024-01-13,34.48,2,251,31,14,15,23,3.34,71.35,0,weekend,22:29,07:13,18-24,hybrid,1,0
user_091,2024-01-14,52.09,3,152,20,19,10,12,4.05,60.08,0,weekend,23:44,06:46,18-24,hybrid,1,0
user_091,2024-01-15,31.59,2,200,41,14,21,12,6.9,49.71,1,workday,23:03,06:57,18-24,hybrid,1,0
user_091,2024-01-16,49.75,2,185,47,13,6,14,3.39,52.05,1,workday,23:31,06:14,18-24,hybrid,1,0
user_091,2024-01-17,52.45,3,265,54,23,37,29,6.36,69.41,1,workday,23:38,06:54,18-24,hybrid,1,0
user_091,2024-01-18,64.87,3,168,34,24,35,23,3.94,62.86,1,workday,22:54,07:47,18-24,hybrid,1,0
user_091,2024-01-19,61.28,3,203,22,11,20,19,4.39,56.89,0,workday,23:17,07:06,18-24,hybrid,1,0
user_091,2024-01-20,53.3,3,237,35,10,27,15,4.15,60.42,0,weekend,22:44,07:23,18-24,hybrid,1,0
user_091,2024-01-21,46.92,2,180,44,16,19,19,3.75,47.47,0,weekend,23:35,07:28,18-24,hybrid,1,0
user_092,2024-01-01,83.54,4,215,60,29,40,19,7.38,39.48,0,workday,23:44,07:30,35-44,hybrid,0,0
user_092,2024-01-02,46.9,2,176,29,18,26,16,2.77,55.87,1,workday,22:33,07:15,35-44,hybrid,0,0
user_092,2024-01-03,55.83,3,180,35,9,31,18,5.5,49.7,0,workday,23:27,06:42,35-44,hybrid,0,0
user_092,2024-01-04,67.69,3,213,45,12,24,24,3.97,71.98,0,workday,23:05,07:09,35-44,hybrid,0,0
user_092,2024-01-05,65.1,3,215,37,15,29,14,1.95,72.19,1,workday,22:45,07:03,35-44,hybrid,0,0
user_092,2024-01-06,97.51,4,139,23,8,7,7,3.22,65.2,0,weekend,22:27,07:32,35-44,hybrid,0,0
user_092,2024-01-07,55.47,3,229,40,17,23,23,4.78,47.47,0,weekend,23:21,08:17,35-44,hybrid,0,0
user_092,2024-01-08,86.36,4,127,31,12,29,21,3.02,74.8,0,workday,22:41,07:11,35-44,hybrid,0,0
user_092,2024-01-09,85.21,4,189,30,12,14,16,3.34,60.63,0,workday,23:13,06:54,35-44,hybrid,0,0
user_092,2024-01-10,40.39,2,188,60,8,28,26,7.74,35.5,1,workday,22:41,06:46,35-44,hybrid,0,0
user_092,2024-01-11,26.23,2,219,54,26,21,30,7.55,45.38,0,workday,22:47,06:54,35-44,hybrid,0,0
user_092,2024-01-12,64.97,3,228,32,11,31,22,6.6,36.55,0,workday,23:03,07:12,35-44,hybrid,0,0
user_092,2024-01-13,64.66,3,250,45,10,35,14,7.13,49.11,1,weekend,00:59,07:33,35-44,hybrid,0,0
user_092,2024-01-14,41.85,2,300,58,31,39,24,6.75,49.87,0,weekend,23:54,06:51,35-44,hybrid,0,0
user_092,2024-01-15,43.75,2,230,50,34,17,16,6.53,60.94,1,workday,22:44,07:28,35-44,hybrid,0,0
user_092,2024-01-16,54.74,3,237,41,8,24,21,4.17,58.86,0,workday,23:27,07:33,35-44,hybrid,0,0
user_092,2024-01-17,71.39,3,193,47,28,25,16,5.42,51.82,1,workday,00:01,07:24,35-44,hybrid,0,0
user_092,2024-01-18,54.42,3,201,39,15,29,16,7.0,34.92,1,workday,22:08,05:55,35-44,hybrid,0,0
user_092,2024-01-19,18.13,1,179,54,26,35,21,7.03,47.35,0,workday,00:02,06:59,35-44,hybrid,0,0
user_092,2024-01-20,60.62,3,168,39,15,24,17,3.29,55.73,0,weekend,23:35,08:14,35-44,hybrid,0,0
user_092,2024-01-21,69.07,3,222,29,10,28,11,4.6,70.01,0,weekend,23:22,07:45,35-44,hybrid,0,0
user_093,2024-01-01,34.22,2,237,41,15,32,21,3.68,58.09,0,workday,23:00,06:33,25-34,remote,0,0
user_093,2024-01-02,36.99,2,196,20,10,19,4,0.0,80.11,0,workday,23:21,06:58,25-34,remote,0,0
user_093,2024-01-03,12.9,1,210,48,32,38,26,7.42,50.67,0,workday,22:28,06:30,25-34,remote,0,0
user_093,2024-01-04,5.73,1,232,44,42,29,24,5.81,42.92,1,workday,23:19,06:39,25-34,remote,0,0
user_093,2024-01-05,50.17,3,179,43,18,25,18,4.89,51.46,1,workday,23:42,07:10,25-34,remote,0,0
user_093,2024-01-06,20.93,1,165,41,24,22,23,5.46,66.09,0,weekend,00:32,07:18,25-34,remote,0,0
user_093,2024-01-07,4.84,1,211,47,13,19,17,2.93,48.11,1,weekend,23:39,08:22,25-34,remote,0,0
user_093,2024-01-08,10.59,1,190,34,23,20,18,4.39,53.23,1,workday,23:08,07:02,25-34,remote,0,0
user_093,2024-01-09,34.66,2,241,56,43,34,22,6.43,51.14,0,workday,23:10,06:40,25-34,remote,0,0
user_093,2024-01-10,42.08,2,211,43,28,24,21,6.4,49.93,0,workday,22:28,07:43,25-34,remote,0,0
user_093,2024-01-11,15.58,1,245,49,26,27,21,9.19,53.12,1,workday,22:23,08:01,25-34,remote,0,0
user_093,2024-01-12,35.91,2,207,41,15,18,26,4.51,51.97,0,workday,23:18,07:00,25-34,remote,0,0
user_093,2024-01-13,45.13,2,245,53,29,31,21,6.2,71.85,1,weekend,23:52,07:17,25-34,remote,0,0
user_093,2024-01-14,22.27,1,273,52,13,30,22,5.16,58.96,0,weekend,23:36,07:19,25-34,remote,0,0
user_093,2024-01-15,32.53,2,260,39,20,21,21,5.96,48.84,1,workday,22:12,07:05,25-34,remote,0,0
user_093,2024-01-16,34.86,2,157,33,18,43,21,2.08,69.67,1,workday,23:04,06:51,25-34,remote,0,0
user_093,2024-01-17,5.22,1,278,60,8,42,25,6.25,37.42,0,workday,22:39,05:01,25-34,remote,0,0
user_093,2024-01-18,25.93,2,271,46,31,28,18,6.21,58.84,0,workday,22:36,07:26,25-34,remote,0,0
user_093,2024-01-19,2.71,1,222,43,26,18,20,6.99,45.4,1,workday,23:36,06:37,25-34,remote,0,0
user_093,2024-01-20,42.97,2,158,23,8,8,15,3.1,51.78,0,weekend,23:10,08:16,25-34,remote,0,0
user_093,2024-01-21,56.72,3,213,32,14,21,23,4.41,68.09,0,weekend,23:20,07:45,25-34,remote,0,0
user_094,2024-01-01,47.19,2,207,45,37,22,11,4.31,56.52,0,workday,22:42,06:12,25-34,on_site,0,0
user_094,2024-01-02,50.46,3,215,41,7,18,13,4.64,67.34,1,workday,22:01,07:22,25-34,on_site,0,0
user_094,2024-01-03,75.18,4,204,27,8,21,9,5.55,64.87,0,workday,22:18,06:59,25-34,on_site,0,0
user_094,2024-01-04,25.57,2,174,54,28,48,30,7.65,24.24,0,workday,22:08,07:05,25-34,on_site,0,0
user_094,2024-01-05,35.47,2,247,44,21,23,21,6.37,45.47,0,workday,22:34,06:33,25-34,on_site,0,0
user_094,2024-01-06,50.95,3,206,43,14,22,20,3.46,57.43,0,weekend,23:26,07:33,25-34,on_site,0,0
user_094,2024-01-07,39.51,2,197,31,2,27,15,6.21,22.87,0,weekend,23:29,07:41,25-34,on_site,0,0
user_094,2024-01-08,23.23,1,224,53,29,32,20,7.79,39.17,1,workday,23:56,06:28,25-34,on_site,0,0
user_094,2024-01-09,10.36,1,183,39,23,29,17,4.77,60.97,1,workday,23:18,07:38,25-34,on_site,0,0
user_094,2024-01-10,46.51,2,158,29,10,12,15,3.44,56.2,0,workday,23:24,07:40,25-34,on_site,0,0
user_094,2024-01-11,0.0,1,251,41,6,13,21,6.86,55.24,0,workday,23:00,07:01,25-34,on_site,0,0
user_094,2024-01-12,38.05,2,198,43,23,23,18,6.13,57.78,1,workday,22:55,07:26,25-34,on_site,0,0
user_094,2024-01-13,62.77,3,152,35,7,21,18,3.81,70.68,0,weekend,00:43,08:15,25-34,on_site,0,0
user_094,2024-01-14,57.13,3,141,37,18,16,22,5.89,40.78,0,weekend,23:43,08:11,25-34,on_site,0,0
user_094,2024-01-15,53.91,3,151,27,13,21,20,5.52,65.25,0,workday,22:49,06:51,25-34,on_site,0,0
user_094,2024-01-16,54.34,3,168,27,17,28,20,5.25,54.27,0,workday,23:13,06:24,25-34,on_site,0,0
user_094,2024-01-17,61.03,3,232,31,24,12,13,5.18,44.27,0,workday,00:07,06:58,25-34,on_site,0,0
user_094,2024-01-18,39.23,2,182,60,45,28,24,5.81,29.98,0,workday,23:36,07:11,25-34,on_site,0,0
user_094,2024-01-19,51.37,3,188,49,6,26,17,6.78,60.55,1,workday,23:01,07:54,25-34,on_site,0,0
user_094,2024-01-20,58.17,3,163,17,16,14,14,4.39,66.75,0,weekend,23:14,07:25,25-34,on_site,0,0
user_094,2024-01-21,45.64,2,231,51,20,34,30,5.18,51.75,0,weekend,23:29,07:41,25-34,on_site,0,0
user_095,2024-01-01,39.61,2,193,52,15,19,26,5.85,47.16,0,workday,23:04,07:19,25-34,hybrid,0,0
user_095,2024-01-02,20.58,1,237,53,33,30,12,2.56,72.57,0,workday,22:17,07:12,25-34,hybrid,0,0
user_095,2024-01-03,24.81,1,183,24,23,33,19,2.27,63.5,0,workday,22:33,07:11,25-34,hybrid,0,0
user_095,2024-01-04,36.44,2,168,44,24,29,24,3.62,67.89,1,workday,22:45,07:35,25-34,hybrid,0,0
user_095,2024-01-05,9.12,1,174,60,33,46,30,4.94,53.9,1,workday,23:13,06:55,25-34,hybrid,0,0
user_095,2024-01-06,6.97,1,194,55,14,29,13,4.9,67.58,1,weekend,23:15,07:50,25-34,hybrid,0,0
user_095,2024-01-07,24.13,1,185,46,29,21,20,3.26,89.37,0,weekend,00:24,07:21,25-34,hybrid,0,0
user_095,2024-01-08,3.51,1,300,60,40,45,20,7.5,54.39,0,workday,23:46,06:46,25-34,hybrid,0,0
user_095,2024-01-09,31.82,2,182,30,21,20,25,5.01,54.07,0,workday,22:57,06:48,25-34,hybrid,0,0
user_095,2024-01-10,3.73,1,243,60,12,39,21,10.0,53.02,0,workday,00:09,06:54,25-34,hybrid,0,0
user_095,2024-01-11,28.95,2,230,39,7,27,20,4.39,61.25,0,workday,22:47,06:51,25-34,hybrid,0,0
user_095,2024-01-12,2.88,1,223,41,18,29,20,3.7,53.63,0,workday,23:17,07:13,25-34,hybrid,0,0
user_095,2024-01-13,14.27,1,188,60,10,39,14,5.99,53.33,0,weekend,23:57,08:30,25-34,hybrid,0,0
user_095,2024-01-14,51.49,3,123,28,16,22,16,0.0,84.28,0,weekend,23:30,07:56,25-34,hybrid,0,0
user_095,2024-01-15,24.2,1,198,39,28,18,9,4.61,78.71,0,workday,23:11,07:44,25-34,hybrid,0,0
user_095,2024-01-16,49.6,2,189,43,9,27,14,5.09,51.03,0,workday,23:26,06:58,25-34,hybrid,0,0
user_095,2024-01-17,27.19,2,213,29,12,16,11,5.18,69.26,1,workday,22:27,06:40,25-34,hybrid,0,0
user_095,2024-01-18,0.0,1,183,58,18,33,26,4.54,47.24,0,workday,23:00,07:32,25-34,hybrid,0,0
user_095,2024-01-19,7.78,1,186,30,16,28,20,3.05,41.81,1,workday,23:46,06:41,25-34,hybrid,0,0
user_095,2024-01-20,21.36,1,213,54,10,40,25,5.0,59.09,0,weekend,22:52,07:51,25-34,hybrid,0,0
user_095,2024-01-21,0.0,1,251,51,22,27,23,8.06,51.63,1,weekend,22:38,07:37,25-34,hybrid,0,0
user_096,2024-01-01,19.27,1,197,47,23,23,27,4.83,51.93,1,workday,22:30,07:08,35-44,hybrid,0,0
user_096,2024-01-02,29.27,2,210,53,35,28,18,2.91,74.14,0,workday,22:59,06:55,35-44,hybrid,0,0
user_096,2024-01-03,55.95,3,213,51,14,31,23,4.61,46.76,1,workday,22:47,06:44,35-44,hybrid,0,0
user_096,2024-01-04,36.6,2,268,43,12,36,13,4.84,54.13,0,workday,22:50,07:37,35-44,hybrid,0,0
user_096,2024-01-05,47.01,2,222,35,16,29,22,6.88,54.63,0,workday,23:09,06:04,35-44,hybrid,0,0
user_096,2024-01-06,38.37,2,227,37,25,27,10,0.37,76.97,0,weekend,23:46,08:17,35-44,hybrid,0,0
user_096,2024-01-07,33.27,2,200,57,26,29,22,8.01,53.06,0,weekend,23:30,07:58,35-44,hybrid,0,0
user_096,2024-01-08,34.46,2,173,45,27,37,18,0.0,69.8,1,workday,22:52,07:04,35-44,hybrid,0,0
user_096,2024-01-09,24.11,1,208,40,14,28,19,3.58,47.77,1,workday,22:16,06:27,35-44,hybrid,0,0
user_096,2024-01-10,0.0,1,190,47,17,26,15,2.62,55.99,1,workday,22:03,07:11,35-44,hybrid,0,0
user_096,2024-01-11,17.2,1,294,60,37,40,16,6.81,70.66,0,workday,23:27,06:36,35-44,hybrid,0,0
user_096,2024-01-12,22.27,1,228,59,53,36,29,8.64,58.28,0,workday,23:54,07:05,35-44,hybrid,0,0
user_096,2024-01-13,31.77,2,258,41,26,22,23,4.14,42.58,0,weekend,22:38,08:20,35-44,hybrid,0,0
user_096,2024-01-14,14.81,1,211,53,40,35,20,5.67,49.97,0,weekend,23:04,07:32,35-44,hybrid,0,0
user_096,2024-01-15,31.49,2,193,40,29,34,27,6.43,62.34,0,workday,22:36,07:07,35-44,hybrid,0,0
user_096,2024-01-16,40.31,2,189,31,9,17,14,6.9,46.41,1,workday,22:28,07:19,35-44,hybrid,0,0
user_096,2024-01-17,33.46,2,209,54,23,32,24,3.3,74.63,0,workday,22:45,06:41,35-44,hybrid,0,0
user_096,2024-01-18,12.01,1,232,43,29,18,16,7.02,55.15,1,workday,22:07,06:39,35-44,hybrid,0,0
user_096,2024-01-19,17.26,1,213,54,11,38,22,10.0,56.34,0,workday,22:42,06:50,35-44,hybrid,0,0
user_096,2024-01-20,17.13,1,277,51,18,28,23,5.07,70.15,1,weekend,23:15,07:45,35-44,hybrid,0,0
user_096,2024-01-21,40.06,2,189,46,17,23,28,2.92,57.46,0,weekend,23:49,07:43,35-44,hybrid,0,0
user_097,2024-01-01,59.17,3,260,32,28,32,23,4.8,56.38,1,workday,23:12,07:10,25-34,remote,1,1
user_097,2024-01-02,69.7,3,222,28,19,14,7,5.54,76.93,0,workday,22:52,06:47,25-34,remote,1,1
user_097,2024-01-03,85.76,4,204,35,27,31,20,5.06,55.63,0,workday,23:07,07:02,25-34,remote,1,1
user_097,2024-01-04,65.56,3,287,60,39,33,30,4.44,65.74,0,workday,23:16,07:10,25-34,remote,1,1
user_097,2024-01-05,86.21,4,173,29,9,13,15,0.56,70.18,0,workday,22:54,07:27,25-34,remote,1,1
user_097,2024-01-06,25.72,2,243,42,5,29,11,7.09,57.31,1,weekend,23:38,07:27,25-34,remote,1,1
user_097,2024-01-07,38.56,2,260,51,22,27,28,7.98,36.77,1,weekend,23:31,07:29,25-34,remote,1,1
user_097,2024-01-08,86.82,4,258,43,30,27,23,4.22,57.65,0,workday,22:50,07:27,25-34,remote,1,1
user_097,2024-01-09,49.61,2,183,39,23,23,8,7.14,51.96,1,workday,22:59,06:57,25-34,remote,1,1
user_097,2024-01-10,59.85,3,244,43,32,41,25,3.78,52.23,0,workday,22:26,06:56,25-34,remote,1,1
user_097,2024-01-11,66.27,3,215,46,20,21,28,1.98,47.85,1,workday,23:53,07:38,25-34,remote,1,1
user_097,2024-01-12,70.61,3,254,54,10,19,17,6.19,44.33,1,workday,23:52,06:43,25-34,remote,1,1
user_097,2024-01-13,95.79,4,221,25,21,15,17,2.83,56.78,0,weekend,23:58,07:31,25-34,remote,1,1
user_097,2024-01-14,51.3,3,186,19,5,22,4,2.1,49.94,0,weekend,22:14,08:00,25-34,remote,1,1
user_097,2024-01-15,79.39,4,209,47,16,42,27,2.66,57.1,0,workday,23:33,07:13,25-34,remote,1,1
user_097,2024-01-16,84.42,4,238,24,6,8,12,5.41,59.62,0,workday,22:39,07:19,25-34,remote,1,1
user_097,2024-01-17,30.92,2,300,47,23,20,30,8.8,22.3,0,workday,23:04,07:52,25-34,remote,1,1
user_097,2024-01-18,55.93,3,254,22,11,19,13,7.21,51.62,1,workday,23:42,07:59,25-34,remote,1,1
user_097,2024-01-19,71.11,3,251,44,5,39,18,8.68,63.12,0,workday,00:08,06:23,25-34,remote,1,1
user_097,2024-01-20,78.98,4,230,29,21,28,10,2.9,44.91,1,weekend,22:20,08:14,25-34,remote,1,1
user_097,2024-01-21,48.02,2,282,50,17,29,21,6.5,59.95,0,weekend,22:48,07:11,25-34,remote,1,1
user_098,2024-01-01,43.25,2,258,60,40,35,20,5.05,47.75,0,workday,23:19,07:20,18-24,remote,1,0
user_098,2024-01-02,30.98,2,226,50,33,23,13,8.16,56.94,1,workday,23:35,07:48,18-24,remote,1,0
user_098,2024-01-03,53.75,3,206,53,48,33,18,3.23,64.32,1,workday,23:42,07:43,18-24,remote,1,0
user_098,2024-01-04,53.24,3,266,48,10,38,21,4.13,71.66,0,workday,23:09,07:10,18-24,remote,1,0
user_098,2024-01-05,59.46,3,204,36,15,20,24,5.45,52.57,1,workday,22:34,06:39,18-24,remote,1,0
user_098,2024-01-06,78.2,4,235,46,16,32,22,5.61,59.86,1,weekend,23:31,08:46,18-24,remote,1,0
user_098,2024-01-07,66.05,3,220,41,14,26,15,4.47,34.59,0,weekend,23:53,07:20,18-24,remote,1,0
user_098,2024-01-08,43.27,2,228,43,23,22,18,2.94,73.14,0,workday,22:49,06:10,18-24,remote,1,0
user_098,2024-01-09,73.37,3,193,41,21,37,18,5.18,44.96,0,workday,22:46,07:17,18-24,remote,1,0
user_098,2024-01-10,63.16,3,231,43,10,20,17,5.9,38.16,0,workday,22:17,06:27,18-24,remote,1,0
user_098,2024-01-11,32.51,2,211,51,20,21,19,6.74,26.3,1,workday,22:53,06:33,18-24,remote,1,0
user_098,2024-01-12,77.21,4,208,55,35,22,23,5.5,66.12,0,workday,22:47,06:44,18-24,remote,1,0
user_098,2024-01-13,43.3,2,245,48,26,31,26,5.11,61.51,0,weekend,22:54,08:03,18-24,remote,1,0
user_098,2024-01-14,75.11,4,215,51,9,27,20,2.29,68.61,0,weekend,23:45,08:05,18-24,remote,1,0
user_098,2024-01-15,25.61,2,234,43,20,25,18,7.1,43.52,1,workday,23:18,07:00,18-24,remote,1,0
user_098,2024-01-16,45.22,2,223,48,25,22,24,5.99,39.98,1,workday,22:52,07:13,18-24,remote,1,0
user_098,2024-01-17,42.81,2,286,60,48,35,22,5.49,43.74,1,workday,22:45,06:22,18-24,remote,1,0
user_098,2024-01-18,46.65,2,195,39,6,24,17,4.42,31.81,1,workday,23:37,06:55,18-24,remote,1,0
user_098,2024-01-19,66.88,3,267,50,21,31,21,5.93,55.6,0,workday,00:16,06:57,18-24,remote,1,0
user_098,2024-01-20,100.0,4,300,30,23,19,9,2.84,63.48,0,weekend,23:21,08:05,18-24,remote,1,0
user_098,2024-01-21,73.45,3,212,57,33,43,22,3.33,54.74,0,weekend,22:52,06:53,18-24,remote,1,0
user_099,2024-01-01,72.45,3,159,42,15,34,14,4.51,47.03,0,workday,23:04,06:38,18-24,on_site,1,0
user_099,2024-01-02,55.27,3,173,27,13,15,10,5.7,52.15,0,workday,23:25,07:07,18-24,on_site,1,0
user_099,2024-01-03,92.07,4,188,32,17,27,23,7.03,63.96,1,workday,23:10,06:20,18-24,on_site,1,0
user_099,2024-01-04,46.45,2,254,36,22,25,19,2.6,55.82,0,workday,22:14,06:56,18-24,on_site,1,0
user_099,2024-01-05,19.78,1,116,31,23,26,15,5.3,67.21,1,workday,22:24,07:17,18-24,on_site,1,0
user_099,2024-01-06,48.02,2,277,50,9,42,21,5.48,54.6,0,weekend,22:57,07:27,18-24,on_site,1,0
user_099,2024-01-07,62.34,3,171,36,17,19,15,1.91,67.27,0,weekend,23:44,07:51,18-24,on_site,1,0
user_099,2024-01-08,15.52,1,245,47,10,29,20,4.37,62.82,1,workday,23:31,06:34,18-24,on_site,1,0
user_099,2024-01-09,57.92,3,165,14,5,27,10,3.9,56.68,1,workday,22:53,05:55,18-24,on_site,1,0
user_099,2024-01-10,32.98,2,173,55,32,34,22,7.41,54.58,0,workday,23:24,06:00,18-24,on_site,1,0
user_099,2024-01-11,36.11,2,224,35,24,25,17,5.93,40.82,1,workday,22:29,06:18,18-24,on_site,1,0
user_099,2024-01-12,18.87,1,174,52,19,24,24,7.9,53.86,0,workday,22:28,07:34,18-24,on_site,1,0
user_099,2024-01-13,19.85,1,244,56,25,35,27,4.18,51.93,0,weekend,23:02,07:38,18-24,on_site,1,0
user_099,2024-01-14,73.19,3,226,41,21,17,23,2.1,73.52,0,weekend,23:51,07:35,18-24,on_site,1,0
user_099,2024-01-15,84.95,4,131,26,11,24,12,3.6,75.95,0,workday,22:43,07:25,18-24,on_site,1,0
user_099,2024-01-16,2.0,1,231,60,43,38,25,7.05,41.92,1,workday,00:34,06:35,18-24,on_site,1,0
user_099,2024-01-17,50.55,3,236,33,8,26,12,5.58,64.49,0,workday,22:11,07:04,18-24,on_site,1,0
user_099,2024-01-18,45.73,2,156,31,22,21,15,3.63,73.8,1,workday,22:46,06:12,18-24,on_site,1,0
user_099,2024-01-19,35.46,2,205,52,28,29,22,8.27,41.97,0,workday,22:39,06:57,18-24,on_site,1,0
user_099,2024-01-20,46.55,2,159,25,21,33,11,2.18,56.08,1,weekend,23:17,07:39,18-24,on_site,1,0
user_099,2024-01-21,29.13,2,162,35,1,13,17,1.5,71.75,0,weekend,23:23,07:29,18-24,on_site,1,0
user_100,2024-01-01,39.51,2,269,30,8,25,11,5.51,45.7,0,workday,22:54,07:05,55+,hybrid,0,0
user_100,2024-01-02,49.33,2,210,39,23,20,18,4.31,70.31,0,workday,23:56,07:20,55+,hybrid,0,0
user_100,2024-01-03,54.07,3,228,46,23,27,15,6.86,62.45,0,workday,23:21,07:47,55+,hybrid,0,0
user_100,2024-01-04,31.24,2,202,39,29,28,21,5.57,63.03,0,workday,22:54,07:21,55+,hybrid,0,0
user_100,2024-01-05,26.58,2,200,41,26,37,17,3.58,69.82,0,workday,22:48,06:49,55+,hybrid,0,0
user_100,2024-01-06,41.76,2,217,41,12,16,24,4.37,69.04,1,weekend,22:39,07:06,55+,hybrid,0,0
user_100,2024-01-07,61.45,3,198,27,7,18,16,1.37,65.0,0,weekend,23:03,07:15,55+,hybrid,0,0
user_100,2024-01-08,20.8,1,191,42,22,19,16,3.92,63.06,1,workday,23:30,06:12,55+,hybrid,0,0
user_100,2024-01-09,47.29,2,234,43,10,38,20,3.05,71.67,0,workday,23:06,07:39,55+,hybrid,0,0
user_100,2024-01-10,52.96,3,208,19,13,1,13,4.2,72.93,0,workday,23:56,07:00,55+,hybrid,0,0
user_100,2024-01-11,34.9,2,179,33,23,28,14,5.51,73.56,0,workday,22:53,07:13,55+,hybrid,0,0
user_100,2024-01-12,44.39,2,250,29,12,23,12,3.25,71.11,0,workday,23:39,08:06,55+,hybrid,0,0
user_100,2024-01-13,49.31,2,161,35,17,19,15,1.65,48.19,0,weekend,23:01,07:19,55+,hybrid,0,0
user_100,2024-01-14,22.87,1,237,43,11,36,19,1.8,69.05,0,weekend,23:49,07:39,55+,hybrid,0,0
user_100,2024-01-15,21.01,1,181,39,12,31,15,5.73,46.14,0,workday,22:50,07:49,55+,hybrid,0,0
user_100,2024-01-16,23.59,1,239,43,28,31,22,2.56,72.74,1,workday,21:13,06:58,55+,hybrid,0,0
user_100,2024-01-17,31.51,2,217,37,16,21,16,4.66,66.38,0,workday,22:03,06:12,55+,hybrid,0,0
user_100,2024-01-18,3.08,1,224,21,8,18,18,4.54,49.27,1,workday,23:20,07:32,55+,hybrid,0,0
user_100,2024-01-19,22.38,1,239,49,23,26,26,5.08,36.85,0,workday,23:11,07:07,55+,hybrid,0,0
user_100,2024-01-20,50.22,3,234,51,25,22,27,4.38,51.42,0,weekend,23:11,08:04,55+,hybrid,0,0
user_100,2024-01-21,13.93,1,211,32,7,31,21,2.57,68.66,0,weekend,23:10,07:38,55+,hybrid,0,0
user_101,2024-01-01,13.41,1,288,57,28,39,25,5.17,64.06,1,workday,23:43,07:11,45-54,remote,0,0
user_101,2024-01-02,13.4,1,216,48,15,26,19,5.83,69.94,1,workday,23:11,06:06,45-54,remote,0,0
user_101,2024-01-03,9.24,1,225,37,29,34,20,4.78,44.3,1,workday,22:42,06:37,45-54,remote,0,0
user_101,2024-01-04,8.74,1,267,45,36,26,22,4.54,57.18,0,workday,23:33,07:24,45-54,remote,0,0
user_101,2024-01-05,19.24,1,189,22,13,25,18,3.59,65.97,0,workday,22:20,06:31,45-54,remote,0,0
user_101,2024-01-06,0.0,1,300,57,24,32,25,7.59,49.59,0,weekend,23:17,08:19,45-54,remote,0,0
user_101,2024-01-07,0.0,1,300,60,32,41,22,7.26,41.99,1,weekend,22:46,08:30,45-54,remote,0,0
user_101,2024-01-08,35.9,2,179,25,13,16,9,4.47,67.12,0,workday,22:24,06:27,45-54,remote,0,0
user_101,2024-01-09,0.0,1,181,47,45,27,14,3.6,50.24,0,workday,23:04,07:16,45-54,remote,0,0
user_101,2024-01-10,0.0,1,267,34,23,25,16,4.75,56.1,1,workday,23:01,06:57,45-54,remote,0,0
user_101,2024-01-11,0.0,1,220,37,15,17,14,7.17,31.84,0,workday,21:51,06:25,45-54,remote,0,0
user_101,2024-01-12,7.8,1,257,41,6,28,18,5.5,53.71,0,workday,23:21,07:47,45-54,remote,0,0
user_101,2024-01-13,0.0,1,300,60,20,39,12,4.42,68.55,1,weekend,23:57,07:27,45-54,remote,0,0
user_101,2024-01-14,42.73,2,214,32,7,24,18,4.18,59.96,0,weekend,23:54,07:17,45-54,remote,0,0
user_101,2024-01-15,2.94,1,264,60,31,33,30,2.94,70.85,1,workday,00:17,06:30,45-54,remote,0,0
user_101,2024-01-16,13.77,1,259,56,5,32,25,6.01,56.53,0,workday,23:37,07:20,45-54,remote,0,0
user_101,2024-01-17,37.55,2,187,35,10,22,27,5.33,56.93,1,workday,22:30,06:52,45-54,remote,0,0
user_101,2024-01-18,18.14,1,159,35,7,42,13,4.16,66.23,1,workday,23:41,06:59,45-54,remote,0,0
user_101,2024-01-19,0.0,1,209,52,13,25,25,9.09,35.75,1,workday,23:12,07:38,45-54,remote,0,0
user_101,2024-01-20,17.96,1,234,37,19,21,23,3.14,51.43,0,weekend,23:30,07:44,45-54,remote,0,0
user_101,2024-01-21,2.08,1,231,51,21,32,20,6.53,51.04,0,weekend,00:01,08:02,45-54,remote,0,0
user_102,2024-01-01,4.74,1,206,49,19,32,30,7.41,45.22,0,workday,23:53,07:55,35-44,hybrid,1,1
user_102,2024-01-02,16.03,1,204,36,7,19,12,5.88,54.9,1,workday,23:07,07:35,35-44,hybrid,1,1
user_102,2024-01-03,18.25,1,256,41,21,36,20,5.23,50.4,0,workday,22:54,06:54,35-44,hybrid,1,1
user_102,2024-01-04,53.56,3,267,60,16,28,21,6.31,64.48,0,workday,22:05,05:54,35-44,hybrid,1,1
user_102,2024-01-05,35.43,2,174,16,8,17,18,4.13,77.73,0,workday,22:39,07:18,35-44,hybrid,1,1
user_102,2024-01-06,12.06,1,219,57,12,34,15,6.54,40.48,0,weekend,23:01,07:41,35-44,hybrid,1,1
user_102,2024-01-07,80.9,4,180,29,20,6,18,4.38,76.47,0,weekend,23:09,07:02,35-44,hybrid,1,1
user_102,2024-01-08,51.28,3,173,44,26,26,23,5.78,44.99,1,workday,23:44,06:55,35-44,hybrid,1,1
user_102,2024-01-09,48.06,2,197,45,10,19,21,6.84,75.95,1,workday,22:42,07:19,35-44,hybrid,1,1
user_102,2024-01-10,40.84,2,225,43,20,14,18,7.14,59.0,0,workday,23:13,06:59,35-44,hybrid,1,1
user_102,2024-01-11,54.05,3,205,52,27,41,17,4.12,61.05,0,workday,23:06,07:39,35-44,hybrid,1,1
user_102,2024-01-12,18.61,1,230,24,15,20,17,7.31,34.27,1,workday,00:09,07:08,35-44,hybrid,1,1
user_102,2024-01-13,49.9,2,184,26,16,25,19,6.13,52.08,0,weekend,00:19,08:13,35-44,hybrid,1,1
user_102,2024-01-14,46.24,2,213,41,15,21,17,2.06,48.14,0,weekend,23:21,07:50,35-44,hybrid,1,1
user_102,2024-01-15,36.3,2,228,35,5,34,20,5.3,56.45,0,workday,23:27,06:37,35-44,hybrid,1,1
user_102,2024-01-16,52.45,3,258,30,12,24,20,6.1,60.64,0,workday,22:18,07:00,35-44,hybrid,1,1
user_102,2024-01-17,38.28,2,188,18,11,27,23,5.41,51.06,1,workday,22:59,06:21,35-44,hybrid,1,1
user_102,2024-01-18,74.92,3,163,4,1,22,0,2.17,80.95,0,workday,22:48,06:40,35-44,hybrid,1,1
user_102,2024-01-19,78.68,4,300,57,27,43,15,5.33,77.09,1,workday,22:48,07:10,35-44,hybrid,1,1
user_102,2024-01-20,26.27,2,200,36,13,26,17,2.42,65.26,0,weekend,23:18,07:08,35-44,hybrid,1,1
user_102,2024-01-21,48.73,2,195,27,18,28,17,5.02,64.77,1,weekend,23:12,06:56,35-44,hybrid,1,1
user_103,2024-01-01,77.48,4,182,45,24,29,26,8.6,39.44,0,workday,22:45,06:26,25-34,hybrid,0,0
user_103,2024-01-02,65.65,3,197,37,9,27,23,4.79,50.94,1,workday,23:23,07:16,25-34,hybrid,0,0
user_103,2024-01-03,48.35,2,191,34,1,28,18,6.9,49.79,0,workday,22:33,06:51,25-34,hybrid,0,0
user_103,2024-01-04,68.28,3,152,29,17,19,11,4.08,61.51,0,workday,22:36,07:29,25-34,hybrid,0,0
user_103,2024-01-05,85.42,4,203,41,10,35,22,3.75,61.84,0,workday,22:55,07:29,25-34,hybrid,0,0
user_103,2024-01-06,67.82,3,224,28,24,21,21,4.51,44.1,0,weekend,22:36,07:00,25-34,hybrid,0,0
user_103,2024-01-07,80.05,4,280,43,33,17,15,4.41,81.02,0,weekend,23:37,08:18,25-34,hybrid,0,0
user_103,2024-01-08,68.39,3,210,35,24,28,19,4.38,53.09,0,workday,23:12,06:57,25-34,hybrid,0,0
user_103,2024-01-09,65.41,3,235,47,18,27,26,6.07,53.3,0,workday,23:02,07:44,25-34,hybrid,0,0
user_103,2024-01-10,58.81,3,192,43,21,31,21,6.8,52.02,0,workday,22:43,07:07,25-34,hybrid,0,0
user_103,2024-01-11,43.61,2,210,39,11,30,20,8.48,41.89,1,workday,22:32,07:12,25-34,hybrid,0,0
user_103,2024-01-12,61.96,3,282,55,16,28,20,5.42,38.16,1,workday,22:54,07:19,25-34,hybrid,0,0
user_103,2024-01-13,83.18,4,253,24,12,8,11,5.25,59.19,0,weekend,23:50,08:04,25-34,hybrid,0,0
user_103,2024-01-14,57.36,3,300,59,40,24,28,6.28,51.05,0,weekend,22:46,08:14,25-34,hybrid,0,0
user_103,2024-01-15,83.04,4,195,32,8,20,16,3.05,56.43,1,workday,22:29,07:48,25-34,hybrid,0,0
user_103,2024-01-16,51.92,3,188,39,21,25,19,4.35,34.47,0,workday,23:08,07:58,25-34,hybrid,0,0
user_103,2024-01-17,80.36,4,187,26,13,25,20,3.4,54.14,1,workday,22:50,06:32,25-34,hybrid,0,0
user_103,2024-01-18,56.66,3,257,52,14,35,19,3.86,57.96,0,workday,22:43,06:42,25-34,hybrid,0,0
user_103,2024-01-19,44.21,2,175,44,35,27,23,3.19,73.97,0,workday,23:31,06:56,25-34,hybrid,0,0
user_103,2024-01-20,67.39,3,208,38,4,12,20,2.97,74.57,0,weekend,23:01,07:50,25-34,hybrid,0,0
user_103,2024-01-21,64.81,3,215,39,15,23,10,5.55,42.62,0,weekend,22:59,08:16,25-34,hybrid,0,0
user_104,2024-01-01,47.27,2,226,49,15,29,26,6.57,43.12,1,workday,22:07,06:56,55+,on_site,0,0
user_104,2024-01-02,88.61,4,131,29,3,30,9,4.52,83.35,0,workday,21:37,07:36,55+,on_site,0,0
user_104,2024-01-03,47.9,2,287,47,13,27,15,4.8,59.56,1,workday,22:30,07:22,55+,on_site,0,0
user_104,2024-01-04,60.05,3,179,31,11,25,13,5.51,57.54,0,workday,22:16,07:11,55+,on_site,0,0
user_104,2024-01-05,64.39,3,197,25,14,17,26,5.62,54.52,1,workday,23:00,06:28,55+,on_site,0,0
user_104,2024-01-06,47.66,2,201,32,9,30,8,3.99,71.28,1,weekend,22:57,07:52,55+,on_site,0,0
user_104,2024-01-07,64.52,3,250,40,12,30,14,3.28,75.16,0,weekend,23:46,07:17,55+,on_site,0,0
user_104,2024-01-08,56.07,3,203,42,29,21,15,10.0,60.57,1,workday,23:17,07:08,55+,on_site,0,0
user_104,2024-01-09,50.23,3,154,23,15,23,7,2.35,61.93,0,workday,23:27,08:00,55+,on_site,0,0
user_104,2024-01-10,40.22,2,176,47,41,30,19,5.86,52.47,1,workday,22:16,07:11,55+,on_site,0,0
user_104,2024-01-11,49.03,2,215,60,42,27,26,7.13,64.31,0,workday,22:28,06:29,55+,on_site,0,0
user_104,2024-01-12,62.86,3,300,60,38,45,28,6.6,28.07,0,workday,22:28,06:53,55+,on_site,0,0
user_104,2024-01-13,55.54,3,263,52,24,39,23,5.57,42.68,0,weekend,23:53,08:21,55+,on_site,0,0
user_104,2024-01-14,29.46,2,205,48,30,42,23,5.6,46.56,0,weekend,23:31,07:36,55+,on_site,0,0
user_104,2024-01-15,83.37,4,193,46,22,36,19,3.16,63.97,0,workday,22:34,07:30,55+,on_site,0,0
user_104,2024-01-16,71.65,3,196,41,1,26,15,2.98,63.98,0,workday,22:38,06:30,55+,on_site,0,0
user_104,2024-01-17,44.42,2,209,60,32,41,24,2.53,54.33,0,workday,22:13,07:26,55+,on_site,0,0
user_104,2024-01-18,47.13,2,193,29,7,18,13,5.56,38.69,1,workday,22:54,06:13,55+,on_site,0,0
user_104,2024-01-19,70.63,3,186,17,9,17,7,2.82,64.2,0,workday,22:36,07:48,55+,on_site,0,0
user_104,2024-01-20,69.6,3,183,42,20,22,13,4.43,56.79,0,weekend,23:52,08:22,55+,on_site,0,0
user_104,2024-01-21,40.14,2,166,38,35,5,22,3.92,64.2,0,weekend,23:51,06:46,55+,on_site,0,0
user_105,2024-01-01,53.72,3,300,41,12,33,23,6.66,58.0,0,workday,22:42,07:09,45-54,remote,0,1
user_105,2024-01-02,52.66,3,232,51,37,44,13,5.28,34.45,0,workday,22:20,07:29,45-54,remote,0,1
user_105,2024-01-03,39.59,2,267,60,16,39,25,9.53,53.91,1,workday,23:03,07:32,45-54,remote,0,1
user_105,2024-01-04,6.8,1,263,58,37,48,30,10.0,44.77,0,workday,22:43,06:39,45-54,remote,0,1
user_105,2024-01-05,19.02,1,267,55,28,36,19,7.38,61.54,0,workday,22:42,06:19,45-54,remote,0,1
user_105,2024-01-06,80.26,4,193,12,0,19,10,1.96,64.23,0,weekend,00:05,07:15,45-54,remote,0,1
user_105,2024-01-07,48.96,2,208,33,7,36,12,3.3,54.51,0,weekend,00:01,07:53,45-54,remote,0,1
user_105,2024-01-08,67.72,3,238,53,27,48,21,7.09,66.38,1,workday,23:03,06:19,45-54,remote,0,1
user_105,2024-01-09,36.47,2,230,55,10,43,30,5.21,61.28,0,workday,22:44,06:44,45-54,remote,0,1
user_105,2024-01-10,17.63,1,214,34,17,21,25,6.88,33.97,0,workday,22:19,07:39,45-54,remote,0,1
user_105,2024-01-11,36.18,2,289,36,6,16,18,8.7,59.24,1,workday,22:25,06:32,45-54,remote,0,1
user_105,2024-01-12,46.57,2,237,45,14,16,20,3.72,43.13,1,workday,23:00,07:24,45-54,remote,0,1
user_105,2024-01-13,54.34,3,265,45,14,26,26,6.59,57.28,1,weekend,23:41,08:00,45-54,remote,0,1
user_105,2024-01-14,7.33,1,219,60,21,23,21,3.82,65.84,0,weekend,23:47,08:07,45-54,remote,0,1
user_105,2024-01-15,44.31,2,229,33,9,30,16,5.02,55.41,0,workday,22:46,06:49,45-54,remote,0,1
user_105,2024-01-16,6.82,1,278,60,49,43,24,7.9,34.15,1,workday,23:22,07:01,45-54,remote,0,1
user_105,2024-01-17,91.62,4,182,31,13,38,13,3.1,77.92,0,workday,22:16,07:43,45-54,remote,0,1
user_105,2024-01-18,73.66,3,196,40,5,11,21,2.0,78.47,0,workday,23:49,06:41,45-54,remote,0,1
user_105,2024-01-19,28.24,2,223,41,17,33,16,6.84,40.78,0,workday,23:21,06:40,45-54,remote,0,1
user_105,2024-01-20,24.32,1,214,53,6,34,29,6.4,41.66,0,weekend,23:51,07:20,45-54,remote,0,1
user_105,2024-01-21,50.47,3,236,50,36,32,24,6.19,24.0,1,weekend,23:46,07:22,45-54,remote,0,1
user_106,2024-01-01,55.08,3,182,16,3,10,11,0.04,77.93,0,workday,22:34,07:33,35-44,on_site,1,1
user_106,2024-01-02,100.0,4,192,26,17,16,28,3.95,81.9,0,workday,22:51,07:33,35-44,on_site,1,1
user_106,2024-01-03,55.9,3,273,41,35,36,6,3.57,49.25,1,workday,22:21,06:41,35-44,on_site,1,1
user_106,2024-01-04,74.71,3,227,60,16,26,28,8.38,56.93,0,workday,23:06,06:56,35-44,on_site,1,1
user_106,2024-01-05,34.99,2,171,54,45,26,29,10.0,51.04,0,workday,23:02,06:33,35-44,on_site,1,1
user_106,2024-01-06,83.89,4,241,34,16,29,15,3.45,72.63,0,weekend,00:05,07:30,35-44,on_site,1,1
user_106,2024-01-07,63.02,3,190,35,3,23,26,7.37,54.9,0,weekend,23:51,09:00,35-44,on_site,1,1
user_106,2024-01-08,73.07,3,174,28,14,35,7,0.55,67.9,0,workday,22:41,07:17,35-44,on_site,1,1
user_106,2024-01-09,90.54,4,201,45,18,28,18,4.8,65.85,0,workday,23:44,06:43,35-44,on_site,1,1
user_106,2024-01-10,72.77,3,161,32,9,21,13,2.15,59.59,1,workday,21:57,06:09,35-44,on_site,1,1
user_106,2024-01-11,23.88,1,238,57,24,49,10,7.64,55.85,0,workday,22:57,07:33,35-44,on_site,1,1
user_106,2024-01-12,60.18,3,111,22,13,21,3,0.0,85.73,1,workday,21:52,06:55,35-44,on_site,1,1
user_106,2024-01-13,28.96,2,285,51,27,36,16,4.66,75.09,0,weekend,23:48,07:39,35-44,on_site,1,1
user_106,2024-01-14,57.61,3,237,15,10,27,7,4.17,67.31,0,weekend,00:24,06:59,35-44,on_site,1,1
user_106,2024-01-15,53.49,3,194,50,22,25,30,3.96,64.83,0,workday,23:35,07:27,35-44,on_site,1,1
user_106,2024-01-16,32.8,2,167,40,23,42,21,6.69,47.93,1,workday,21:58,06:54,35-44,on_site,1,1
user_106,2024-01-17,59.9,3,136,40,10,25,19,3.95,65.66,1,workday,00:00,07:06,35-44,on_site,1,1
user_106,2024-01-18,67.63,3,229,23,9,10,16,3.74,52.45,0,workday,22:56,07:01,35-44,on_site,1,1
user_106,2024-01-19,52.09,3,176,41,30,32,18,3.3,62.17,1,workday,23:12,07:22,35-44,on_site,1,1
user_106,2024-01-20,67.74,3,247,47,22,40,19,6.43,45.25,0,weekend,23:41,07:50,35-44,on_site,1,1
user_106,2024-01-21,53.87,3,216,38,28,28,25,4.05,64.26,0,weekend,23:33,07:36,35-44,on_site,1,1
user_107,2024-01-01,4.3,1,198,56,31,36,24,5.46,67.38,1,workday,21:59,08:00,25-34,remote,1,0
user_107,2024-01-02,17.7,1,219,36,26,19,15,5.76,61.54,0,workday,21:50,07:38,25-34,remote,1,0
user_107,2024-01-03,24.97,1,193,56,17,31,17,4.56,60.15,1,workday,23:00,06:40,25-34,remote,1,0
user_107,2024-01-04,10.81,1,211,51,18,37,10,4.53,61.75,1,workday,22:57,07:10,25-34,remote,1,0
user_107,2024-01-05,23.49,1,217,58,8,36,30,7.16,42.23,0,workday,00:20,06:16,25-34,remote,1,0
user_107,2024-01-06,55.66,3,234,47,26,8,18,1.27,88.1,0,weekend,23:11,07:38,25-34,remote,1,0
user_107,2024-01-07,0.92,1,268,54,24,26,30,5.7,40.95,0,weekend,23:54,08:10,25-34,remote,1,0
user_107,2024-01-08,36.43,2,288,37,21,23,19,3.47,65.62,1,workday,22:10,06:53,25-34,remote,1,0
user_107,2024-01-09,46.9,2,265,47,5,32,28,2.92,77.97,0,workday,23:31,07:09,25-34,remote,1,0
user_107,2024-01-10,1.95,1,242,34,23,31,18,7.56,47.46,1,workday,22:38,07:00,25-34,remote,1,0
user_107,2024-01-11,53.27,3,300,60,22,33,30,5.87,40.89,0,workday,00:01,07:07,25-34,remote,1,0
user_107,2024-01-12,46.16,2,186,60,34,36,23,5.17,62.09,0,workday,00:05,06:48,25-34,remote,1,0
user_107,2024-01-13,70.03,3,256,40,20,23,18,3.0,73.5,0,weekend,23:58,07:19,25-34,remote,1,0
user_107,2024-01-14,44.78,2,219,51,9,37,30,4.07,53.77,1,weekend,23:56,07:17,25-34,remote,1,0
user_107,2024-01-15,5.8,1,246,50,20,41,22,4.66,69.91,1,workday,23:38,07:23,25-34,remote,1,0
user_107,2024-01-16,45.82,2,236,51,8,27,23,6.54,60.18,0,workday,23:45,07:01,25-34,remote,1,0
user_107,2024-01-17,34.91,2,229,49,20,33,25,5.04,46.36,0,workday,22:38,06:21,25-34,remote,1,0
user_107,2024-01-18,30.08,2,212,45,22,28,16,6.0,64.43,1,workday,23:24,06:20,25-34,remote,1,0
user_107,2024-01-19,36.61,2,265,40,20,41,16,3.92,64.1,0,workday,23:10,06:13,25-34,remote,1,0
user_107,2024-01-20,41.42,2,246,55,25,37,19,3.94,82.54,0,weekend,00:01,08:07,25-34,remote,1,0
user_107,2024-01-21,49.68,2,223,60,18,33,15,3.67,59.16,0,weekend,23:27,07:30,25-34,remote,1,0
user_108,2024-01-01,42.18,2,214,54,38,32,22,4.99,54.56,1,workday,22:31,07:15,25-34,hybrid,0,1
user_108,2024-01-02,41.6,2,191,21,11,30,8,3.35,70.23,0,workday,00:18,07:08,25-34,hybrid,0,1
user_108,2024-01-03,66.35,3,219,33,23,12,15,4.25,59.27,0,workday,23:20,06:44,25-34,hybrid,0,1
user_108,2024-01-04,36.6,2,286,41,22,16,13,6.38,65.05,0,workday,22:56,07:01,25-34,hybrid,0,1
user_108,2024-01-05,80.83,4,193,36,13,27,20,3.12,42.27,0,workday,22:47,07:03,25-34,hybrid,0,1
user_108,2024-01-06,37.35,2,248,46,10,10,20,4.05,60.17,0,weekend,00:21,07:49,25-34,hybrid,0,1
user_108,2024-01-07,30.02,2,192,37,13,21,20,6.7,44.67,0,weekend,23:48,07:32,25-34,hybrid,0,1
user_108,2024-01-08,19.81,1,182,37,20,4,12,8.2,24.38,0,workday,23:53,06:44,25-34,hybrid,0,1
user_108,2024-01-09,35.76,2,190,60,26,40,25,5.71,47.56,0,workday,23:37,07:12,25-34,hybrid,0,1
user_108,2024-01-10,69.78,3,199,39,10,21,28,3.82,57.94,1,workday,22:47,06:54,25-34,hybrid,0,1
user_108,2024-01-11,47.38,2,194,48,16,27,15,8.1,64.0,0,workday,23:08,06:20,25-34,hybrid,0,1
user_108,2024-01-12,43.84,2,216,37,23,24,21,8.65,45.67,1,workday,23:57,06:58,25-34,hybrid,0,1
user_108,2024-01-13,68.67,3,221,54,15,37,30,3.83,46.89,0,weekend,23:05,07:49,25-34,hybrid,0,1
user_108,2024-01-14,38.61,2,231,44,27,27,15,0.98,68.7,0,weekend,23:56,07:41,25-34,hybrid,0,1
user_108,2024-01-15,45.98,2,164,42,18,25,11,7.39,49.15,1,workday,22:27,07:28,25-34,hybrid,0,1
user_108,2024-01-16,22.72,1,244,49,14,20,22,10.0,34.0,1,workday,23:40,06:48,25-34,hybrid,0,1
user_108,2024-01-17,53.44,3,149,44,30,16,10,1.6,64.97,1,workday,23:24,06:40,25-34,hybrid,0,1
user_108,2024-01-18,58.42,3,219,43,25,21,14,4.58,53.46,1,workday,23:08,07:08,25-34,hybrid,0,1
user_108,2024-01-19,10.19,1,239,60,15,19,30,6.36,48.79,0,workday,23:03,07:25,25-34,hybrid,0,1
user_108,2024-01-20,46.87,2,274,34,25,6,17,1.82,78.32,0,weekend,23:58,08:06,25-34,hybrid,0,1
user_108,2024-01-21,26.0,2,234,34,5,28,17,2.46,58.81,1,weekend,22:50,07:36,25-34,hybrid,0,1
user_109,2024-01-01,60.42,3,183,33,20,20,11,3.94,63.6,0,workday,22:26,06:29,18-24,hybrid,1,0
user_109,2024-01-02,46.21,2,246,48,24,31,17,4.04,62.47,1,workday,23:02,06:40,18-24,hybrid,1,0
user_109,2024-01-03,49.91,2,208,48,24,34,25,4.58,51.98,0,workday,22:29,07:36,18-24,hybrid,1,0
user_109,2024-01-04,91.96,4,221,28,7,18,21,3.72,71.92,0,workday,23:43,06:10,18-24,hybrid,1,0
user_109,2024-01-05,23.7,1,238,26,19,21,16,5.46,66.31,1,workday,22:54,07:31,18-24,hybrid,1,0
user_109,2024-01-06,46.74,2,208,60,7,35,26,5.03,49.85,0,weekend,23:09,07:55,18-24,hybrid,1,0
user_109,2024-01-07,46.03,2,260,44,15,25,15,5.27,45.95,0,weekend,22:54,08:04,18-24,hybrid,1,0
user_109,2024-01-08,41.03,2,195,38,9,25,15,2.3,38.78,0,workday,23:56,07:11,18-24,hybrid,1,0
user_109,2024-01-09,49.4,2,263,44,12,38,15,4.47,48.12,0,workday,23:31,06:04,18-24,hybrid,1,0
user_109,2024-01-10,42.64,2,172,22,10,17,8,6.66,41.69,0,workday,23:56,06:40,18-24,hybrid,1,0
user_109,2024-01-11,45.75,2,190,31,10,17,5,3.5,76.7,1,workday,23:00,07:22,18-24,hybrid,1,0
user_109,2024-01-12,36.99,2,193,47,10,27,28,2.98,43.91,1,workday,00:03,07:29,18-24,hybrid,1,0
user_109,2024-01-13,77.54,4,158,33,8,31,13,2.36,79.32,0,weekend,22:31,07:53,18-24,hybrid,1,0
user_109,2024-01-14,52.41,3,249,54,36,44,27,5.8,61.9,0,weekend,23:52,07:52,18-24,hybrid,1,0
user_109,2024-01-15,72.64,3,190,46,17,30,20,3.08,57.54,0,workday,22:10,07:28,18-24,hybrid,1,0
user_109,2024-01-16,84.83,4,137,33,3,17,17,5.87,46.87,1,workday,22:21,07:26,18-24,hybrid,1,0
user_109,2024-01-17,48.97,2,208,40,34,26,19,7.32,48.25,0,workday,23:22,07:12,18-24,hybrid,1,0
user_109,2024-01-18,4.74,1,166,45,28,38,24,5.96,41.55,0,workday,23:17,06:39,18-24,hybrid,1,0
user_109,2024-01-19,32.96,2,208,39,14,28,16,8.23,55.82,1,workday,22:14,06:37,18-24,hybrid,1,0
user_109,2024-01-20,27.83,2,270,58,49,25,30,8.26,42.51,0,weekend,22:57,07:28,18-24,hybrid,1,0
user_109,2024-01-21,89.65,4,148,26,10,19,21,2.84,77.12,0,weekend,23:06,07:41,18-24,hybrid,1,0
user_110,2024-01-01,62.98,3,202,46,9,36,19,5.65,62.47,0,workday,23:04,06:17,45-54,remote,1,1
user_110,2024-01-02,68.71,3,241,27,10,28,24,8.45,37.38,0,workday,23:19,05:54,45-54,remote,1,1
user_110,2024-01-03,55.47,3,173,34,15,35,16,7.06,41.92,1,workday,22:58,06:58,45-54,remote,1,1
user_110,2024-01-04,18.06,1,150,51,35,35,12,3.83,45.73,1,workday,23:00,06:31,45-54,remote,1,1
user_110,2024-01-05,3.66,1,235,51,24,50,20,9.02,32.05,0,workday,22:44,06:20,45-54,remote,1,1
user_110,2024-01-06,24.33,1,210,46,32,34,20,4.87,51.69,0,weekend,23:42,07:49,45-54,remote,1,1
user_110,2024-01-07,71.29,3,167,27,1,19,14,3.53,62.45,0,weekend,00:02,08:21,45-54,remote,1,1
user_110,2024-01-08,57.38,3,231,41,21,28,11,5.3,60.05,1,workday,22:29,06:26,45-54,remote,1,1
user_110,2024-01-09,66.95,3,202,50,13,19,27,6.16,57.06,0,workday,23:24,07:14,45-54,remote,1,1
user_110,2024-01-10,38.75,2,208,45,6,25,11,4.78,44.83,0,workday,23:04,06:40,45-54,remote,1,1
user_110,2024-01-11,60.53,3,166,46,31,34,19,2.7,87.33,0,workday,22:58,07:44,45-54,remote,1,1
user_110,2024-01-12,42.84,2,206,53,28,30,26,7.2,62.43,1,workday,23:10,06:47,45-54,remote,1,1
user_110,2024-01-13,42.83,2,227,54,22,27,19,4.06,70.03,1,weekend,23:56,07:14,45-54,remote,1,1
user_110,2024-01-14,40.62,2,236,43,17,37,8,3.51,45.26,0,weekend,23:49,07:38,45-54,remote,1,1
user_110,2024-01-15,48.6,2,250,49,21,22,18,4.96,48.72,0,workday,22:01,06:27,45-54,remote,1,1
user_110,2024-01-16,24.28,1,218,36,28,34,18,8.1,41.12,0,workday,22:53,07:07,45-54,remote,1,1
user_110,2024-01-17,62.57,3,211,0,0,0,18,3.79,60.36,0,workday,22:43,06:43,45-54,remote,1,1
user_110,2024-01-18,58.65,3,259,54,16,23,13,5.66,66.76,1,workday,22:57,07:33,45-54,remote,1,1
user_110,2024-01-19,23.3,1,265,47,36,35,19,5.39,43.92,1,workday,22:52,07:09,45-54,remote,1,1
user_110,2024-01-20,67.14,3,243,36,31,45,17,4.16,50.62,0,weekend,23:42,08:11,45-54,remote,1,1
user_110,2024-01-21,42.23,2,236,28,6,22,13,4.9,65.56,0,weekend,23:31,07:24,45-54,remote,1,1
user_111,2024-01-01,56.29,3,230,38,26,25,17,4.62,51.62,0,workday,22:22,07:01,25-34,remote,1,0
user_111,2024-01-02,55.67,3,229,39,25,17,10,4.85,57.21,0,workday,23:40,07:16,25-34,remote,1,0
user_111,2024-01-03,48.92,2,210,29,5,18,16,2.38,49.74,0,workday,23:05,07:09,25-34,remote,1,0
user_111,2024-01-04,75.96,4,241,42,32,24,19,5.7,37.97,0,workday,22:49,07:59,25-34,remote,1,0
user_111,2024-01-05,58.25,3,210,44,24,35,22,5.5,52.52,0,workday,23:18,07:36,25-34,remote,1,0
user_111,2024-01-06,39.59,2,202,48,32,21,20,4.24,73.01,0,weekend,23:30,07:56,25-34,remote,1,0
user_111,2024-01-07,74.39,3,300,46,16,19,28,2.31,75.9,0,weekend,23:41,08:10,25-34,remote,1,0
user_111,2024-01-08,75.43,4,195,35,12,17,18,6.7,22.64,0,workday,22:55,07:15,25-34,remote,1,0
user_111,2024-01-09,74.84,3,252,57,25,35,28,5.27,69.33,0,workday,22:22,07:59,25-34,remote,1,0
user_111,2024-01-10,48.36,2,190,46,30,30,22,4.36,62.71,0,workday,22:34,07:24,25-34,remote,1,0
user_111,2024-01-11,65.15,3,220,51,23,27,30,6.73,60.06,1,workday,23:18,06:43,25-34,remote,1,0
user_111,2024-01-12,38.75,2,238,60,24,40,26,9.25,42.51,1,workday,23:18,07:02,25-34,remote,1,0
user_111,2024-01-13,29.51,2,300,60,11,37,15,4.89,38.41,0,weekend,00:00,08:23,25-34,remote,1,0
user_111,2024-01-14,72.99,3,277,36,15,27,12,2.13,79.01,0,weekend,23:14,07:27,25-34,remote,1,0
user_111,2024-01-15,53.93,3,201,43,11,15,17,6.19,56.96,1,workday,22:59,07:04,25-34,remote,1,0
user_111,2024-01-16,83.72,4,235,37,12,22,23,4.17,53.3,1,workday,22:15,05:57,25-34,remote,1,0
user_111,2024-01-17,67.9,3,257,49,16,32,25,7.24,63.34,0,workday,22:44,07:01,25-34,remote,1,0
user_111,2024-01-18,72.79,3,276,33,21,42,18,4.17,66.51,1,workday,23:11,06:53,25-34,remote,1,0
user_111,2024-01-19,87.41,4,229,53,10,27,21,4.8,61.63,0,workday,23:23,06:49,25-34,remote,1,0
user_111,2024-01-20,80.43,4,233,9,9,20,6,3.57,48.12,0,weekend,23:15,07:51,25-34,remote,1,0
user_111,2024-01-21,48.04,2,262,57,26,40,20,3.24,61.86,0,weekend,22:52,08:48,25-34,remote,1,0
user_112,2024-01-01,52.05,3,155,30,14,36,15,6.81,63.39,1,workday,23:39,06:28,18-24,hybrid,1,0
user_112,2024-01-02,45.15,2,195,42,22,41,15,5.77,62.67,0,workday,22:27,06:04,18-24,hybrid,1,0
user_112,2024-01-03,73.95,3,209,28,13,17,13,4.33,53.46,0,workday,22:40,06:25,18-24,hybrid,1,0
user_112,2024-01-04,33.22,2,224,43,9,24,17,3.89,68.31,1,workday,22:18,07:03,18-24,hybrid,1,0
user_112,2024-01-05,61.67,3,216,28,9,37,10,3.51,68.19,1,workday,22:27,06:55,18-24,hybrid,1,0
user_112,2024-01-06,35.74,2,262,42,16,29,22,5.66,67.38,0,weekend,23:54,07:19,18-24,hybrid,1,0
user_112,2024-01-07,49.18,2,256,31,21,19,15,5.88,59.92,1,weekend,22:41,07:36,18-24,hybrid,1,0
user_112,2024-01-08,55.31,3,236,42,5,41,22,4.31,54.52,1,workday,23:47,07:04,18-24,hybrid,1,0
user_112,2024-01-09,55.65,3,168,42,10,30,21,5.82,58.32,0,workday,23:14,07:02,18-24,hybrid,1,0
user_112,2024-01-10,61.95,3,231,53,53,40,23,4.02,83.33,1,workday,23:26,06:52,18-24,hybrid,1,0
user_112,2024-01-11,37.83,2,267,38,18,40,13,3.41,68.17,0,workday,23:01,06:47,18-24,hybrid,1,0
user_112,2024-01-12,71.31,3,217,60,13,35,24,6.66,56.61,0,workday,22:30,07:27,18-24,hybrid,1,0
user_112,2024-01-13,33.03,2,247,53,2,31,20,3.49,39.03,1,weekend,23:05,07:42,18-24,hybrid,1,0
user_112,2024-01-14,44.37,2,240,38,16,25,12,2.91,52.17,0,weekend,23:46,08:22,18-24,hybrid,1,0
user_112,2024-01-15,22.25,1,211,47,36,24,21,5.73,49.37,1,workday,22:55,06:56,18-24,hybrid,1,0
user_112,2024-01-16,62.62,3,193,44,12,30,15,4.65,75.57,0,workday,22:49,07:13,18-24,hybrid,1,0
user_112,2024-01-17,47.71,2,230,55,40,40,22,8.69,52.05,0,workday,23:13,06:24,18-24,hybrid,1,0
user_112,2024-01-18,73.55,3,188,30,8,28,10,3.91,50.76,0,workday,22:33,06:55,18-24,hybrid,1,0
user_112,2024-01-19,46.43,2,228,41,23,22,21,4.16,86.38,0,workday,22:52,06:30,18-24,hybrid,1,0
user_112,2024-01-20,46.88,2,203,54,37,28,20,6.25,39.76,0,weekend,23:33,07:19,18-24,hybrid,1,0
user_112,2024-01-21,66.29,3,175,23,15,30,11,0.0,62.24,0,weekend,22:55,07:58,18-24,hybrid,1,0
user_113,2024-01-01,54.51,3,141,32,17,24,19,3.84,56.89,0,workday,23:34,06:28,25-34,on_site,0,0
user_113,2024-01-02,64.39,3,218,48,38,37,15,4.52,79.98,1,workday,22:29,07:15,25-34,on_site,0,0
user_113,2024-01-03,87.62,4,194,36,10,19,19,3.69,73.38,0,workday,23:38,06:49,25-34,on_site,0,0
user_113,2024-01-04,88.16,4,173,41,15,31,13,3.89,79.94,0,workday,22:22,06:59,25-34,on_site,0,0
user_113,2024-01-05,26.97,2,218,37,22,21,21,5.29,33.14,0,workday,21:41,07:01,25-34,on_site,0,0
user_113,2024-01-06,75.68,4,210,47,22,39,25,2.74,59.23,0,weekend,00:45,06:51,25-34,on_site,0,0
user_113,2024-01-07,62.28,3,219,45,27,35,23,4.43,48.3,0,weekend,00:03,07:24,25-34,on_site,0,0
user_113,2024-01-08,34.55,2,162,22,2,22,14,7.15,29.81,0,workday,22:29,07:30,25-34,on_site,0,0
user_113,2024-01-09,63.63,3,235,38,25,32,14,2.47,60.79,0,workday,22:45,07:12,25-34,on_site,0,0
user_113,2024-01-10,61.33,3,215,60,39,35,29,5.75,60.67,0,workday,23:29,06:26,25-34,on_site,0,0
user_113,2024-01-11,30.09,2,224,48,32,32,20,7.62,38.72,0,workday,22:38,06:58,25-34,on_site,0,0
user_113,2024-01-12,50.06,3,201,38,30,27,19,6.54,49.18,0,workday,22:45,06:42,25-34,on_site,0,0
user_113,2024-01-13,62.54,3,223,41,17,20,22,5.03,77.63,0,weekend,23:25,06:55,25-34,on_site,0,0
user_113,2024-01-14,47.05,2,112,25,5,16,10,3.23,61.72,0,weekend,23:30,07:54,25-34,on_site,0,0
user_113,2024-01-15,27.79,2,171,37,12,30,30,7.26,48.19,0,workday,23:35,06:10,25-34,on_site,0,0
user_113,2024-01-16,99.57,4,174,32,25,33,25,4.8,91.29,0,workday,23:29,06:33,25-34,on_site,0,0
user_113,2024-01-17,44.63,2,196,41,15,32,22,7.61,44.77,0,workday,23:30,07:14,25-34,on_site,0,0
user_113,2024-01-18,85.05,4,195,27,15,14,24,5.06,47.8,0,workday,22:51,06:38,25-34,on_site,0,0
user_113,2024-01-19,81.54,4,176,22,19,16,12,5.67,68.14,0,workday,21:40,07:21,25-34,on_site,0,0
user_113,2024-01-20,64.31,3,257,28,10,26,10,4.81,51.45,0,weekend,23:36,07:33,25-34,on_site,0,0
user_113,2024-01-21,38.8,2,212,35,4,36,22,4.57,32.82,0,weekend,22:48,07:40,25-34,on_site,0,0
user_114,2024-01-01,59.06,3,230,41,41,24,20,5.17,43.98,0,workday,23:45,06:07,35-44,hybrid,1,1
user_114,2024-01-02,32.93,2,217,27,14,37,16,8.07,51.95,1,workday,22:42,07:29,35-44,hybrid,1,1
user_114,2024-01-03,0.84,1,204,34,18,27,16,5.11,45.47,0,workday,23:15,07:01,35-44,hybrid,1,1
user_114,2024-01-04,40.93,2,222,40,12,31,25,4.82,57.9,0,workday,22:51,08:06,35-44,hybrid,1,1
user_114,2024-01-05,24.05,1,217,35,7,41,25,10.0,31.41,1,workday,23:09,06:14,35-44,hybrid,1,1
user_114,2024-01-06,46.26,2,215,25,13,38,13,4.06,58.27,0,weekend,22:48,07:33,35-44,hybrid,1,1
user_114,2024-01-07,37.93,2,192,38,11,22,18,4.73,49.03,0,weekend,23:38,07:17,35-44,hybrid,1,1
user_114,2024-01-08,43.29,2,246,47,22,16,29,6.35,41.01,0,workday,23:34,06:48,35-44,hybrid,1,1
user_114,2024-01-09,30.84,2,142,23,16,20,11,4.09,58.89,0,workday,23:15,07:45,35-44,hybrid,1,1
user_114,2024-01-10,55.53,3,222,60,24,19,27,4.39,58.61,1,workday,22:59,07:46,35-44,hybrid,1,1
user_114,2024-01-11,2.87,1,218,24,3,21,13,7.0,28.69,0,workday,23:33,06:22,35-44,hybrid,1,1
user_114,2024-01-12,53.18,3,172,39,16,23,28,2.28,64.91,0,workday,22:52,07:09,35-44,hybrid,1,1
user_114,2024-01-13,27.55,2,243,42,15,26,10,3.6,77.33,0,weekend,23:03,07:30,35-44,hybrid,1,1
user_114,2024-01-14,58.93,3,190,31,11,18,17,3.68,44.36,0,weekend,00:01,07:22,35-44,hybrid,1,1
user_114,2024-01-15,20.27,1,219,27,9,17,18,3.41,55.32,1,workday,23:49,07:03,35-44,hybrid,1,1
user_114,2024-01-16,31.42,2,262,43,23,29,23,4.83,48.52,0,workday,22:10,06:51,35-44,hybrid,1,1
user_114,2024-01-17,46.17,2,155,45,20,40,11,0.82,51.95,1,workday,22:27,07:35,35-44,hybrid,1,1
user_114,2024-01-18,10.73,1,170,47,15,32,25,7.91,35.23,0,workday,22:59,06:32,35-44,hybrid,1,1
user_114,2024-01-19,46.78,2,141,34,15,21,17,3.86,53.98,0,workday,23:22,07:44,35-44,hybrid,1,1
user_114,2024-01-20,57.22,3,183,60,60,22,30,2.83,62.78,0,weekend,22:51,07:51,35-44,hybrid,1,1
user_114,2024-01-21,67.07,3,260,37,8,31,11,4.05,73.13,0,weekend,23:30,07:45,35-44,hybrid,1,1
user_115,2024-01-01,63.71,3,163,21,12,26,17,3.57,64.89,0,workday,22:46,07:21,18-24,on_site,0,0
user_115,2024-01-02,82.78,4,141,54,33,17,21,5.67,57.39,0,workday,23:44,07:47,18-24,on_site,0,0
user_115,2024-01-03,53.42,3,223,35,21,33,18,7.27,54.49,1,workday,22:10,06:20,18-24,on_site,0,0
user_115,2024-01-04,82.6,4,156,32,24,9,15,4.9,71.34,0,workday,22:21,07:10,18-24,on_site,0,0
user_115,2024-01-05,58.38,3,220,49,21,27,20,6.07,58.36,0,workday,23:27,07:30,18-24,on_site,0,0
user_115,2024-01-06,40.07,2,172,39,10,33,22,3.83,43.17,0,weekend,23:39,07:33,18-24,on_site,0,0
user_115,2024-01-07,59.74,3,216,58,14,38,26,7.88,61.52,0,weekend,23:51,08:36,18-24,on_site,0,0
user_115,2024-01-08,82.35,4,200,41,7,42,18,6.25,45.34,0,workday,22:53,06:59,18-24,on_site,0,0
user_115,2024-01-09,40.92,2,204,39,17,30,23,3.74,66.42,1,workday,23:34,06:56,18-24,on_site,0,0
user_115,2024-01-10,82.25,4,187,40,22,16,13,4.74,57.92,0,workday,23:24,06:55,18-24,on_site,0,0
user_115,2024-01-11,33.49,2,162,60,32,32,23,8.41,63.57,1,workday,22:45,06:40,18-24,on_site,0,0
user_115,2024-01-12,40.55,2,192,43,18,30,24,5.0,67.37,0,workday,23:02,07:06,18-24,on_site,0,0
user_115,2024-01-13,66.61,3,244,56,20,26,23,4.45,61.86,0,weekend,23:30,07:17,18-24,on_site,0,0
user_115,2024-01-14,57.75,3,210,43,12,39,26,8.35,38.4,1,weekend,23:31,08:16,18-24,on_site,0,0
user_115,2024-01-15,62.97,3,258,47,39,28,19,7.61,58.75,0,workday,23:08,05:55,18-24,on_site,0,0
user_115,2024-01-16,61.48,3,154,26,16,18,13,5.36,55.93,1,workday,23:38,07:54,18-24,on_site,0,0
user_115,2024-01-17,67.51,3,243,29,18,29,12,4.6,37.58,0,workday,22:48,06:37,18-24,on_site,0,0
user_115,2024-01-18,40.33,2,208,46,31,28,24,6.06,46.6,1,workday,23:04,06:53,18-24,on_site,0,0
user_115,2024-01-19,38.98,2,243,37,29,14,17,4.47,44.21,1,workday,21:48,06:01,18-24,on_site,0,0
user_115,2024-01-20,67.34,3,189,25,11,20,15,1.97,47.75,0,weekend,23:03,07:31,18-24,on_site,0,0
user_115,2024-01-21,36.55,2,184,31,14,13,19,7.88,50.33,1,weekend,23:38,07:46,18-24,on_site,0,0
user_116,2024-01-01,47.19,2,199,57,14,40,23,5.68,50.67,0,workday,22:55,06:39,45-54,on_site,1,0
user_116,2024-01-02,59.86,3,168,41,16,19,11,2.0,64.04,1,workday,23:02,07:40,45-54,on_site,1,0
user_116,2024-01-03,54.72,3,250,43,23,30,23,4.2,60.18,1,workday,22:01,07:07,45-54,on_site,1,0
user_116,2024-01-04,100.0,4,186,58,17,29,29,4.37,78.15,0,workday,22:47,06:23,45-54,on_site,1,0
user_116,2024-01-05,69.82,3,214,42,39,25,16,7.24,53.34,1,workday,22:47,06:35,45-54,on_site,1,0
user_116,2024-01-06,77.01,4,206,39,17,32,19,5.08,59.57,0,weekend,23:14,07:12,45-54,on_site,1,0
user_116,2024-01-07,84.18,4,255,47,17,30,21,3.16,66.57,0,weekend,23:45,07:17,45-54,on_site,1,0
user_116,2024-01-08,58.86,3,154,31,26,28,16,4.05,61.27,1,workday,23:01,07:00,45-54,on_site,1,0
user_116,2024-01-09,55.03,3,133,44,24,26,20,4.69,55.72,0,workday,23:20,06:45,45-54,on_site,1,0
user_116,2024-01-10,54.66,3,197,27,22,23,23,5.27,49.46,0,workday,23:30,06:23,45-54,on_site,1,0
user_116,2024-01-11,57.07,3,213,60,41,31,20,8.16,33.67,0,workday,22:49,07:21,45-54,on_site,1,0
user_116,2024-01-12,39.74,2,179,45,39,29,23,6.27,47.12,0,workday,23:21,06:52,45-54,on_site,1,0
user_116,2024-01-13,50.95,3,223,30,19,22,16,5.77,51.41,1,weekend,22:55,07:47,45-54,on_site,1,0
user_116,2024-01-14,88.31,4,169,41,24,21,26,1.95,81.63,0,weekend,00:13,07:13,45-54,on_site,1,0
user_116,2024-01-15,65.72,3,234,39,36,25,17,7.15,49.22,0,workday,22:11,06:58,45-54,on_site,1,0
user_116,2024-01-16,66.36,3,215,34,10,26,24,4.1,52.55,0,workday,22:09,06:42,45-54,on_site,1,0
user_116,2024-01-17,85.66,4,221,54,31,37,24,5.83,41.73,0,workday,22:54,06:05,45-54,on_site,1,0
user_116,2024-01-18,99.89,4,171,32,15,19,13,1.75,69.22,0,workday,23:10,06:59,45-54,on_site,1,0
user_116,2024-01-19,81.9,4,276,37,26,24,17,7.08,59.14,0,workday,22:36,08:16,45-54,on_site,1,0
user_116,2024-01-20,61.21,3,166,43,5,28,19,4.28,54.63,1,weekend,23:42,08:04,45-54,on_site,1,0
user_116,2024-01-21,68.34,3,184,52,19,31,17,4.93,53.26,0,weekend,23:01,08:15,45-54,on_site,1,0
user_117,2024-01-01,33.25,2,232,47,19,37,20,4.93,62.24,1,workday,00:17,07:40,35-44,hybrid,1,0
user_117,2024-01-02,40.89,2,247,47,15,34,22,3.65,57.96,1,workday,23:16,06:40,35-44,hybrid,1,0
user_117,2024-01-03,28.75,2,139,29,15,24,22,4.97,61.12,0,workday,23:23,07:02,35-44,hybrid,1,0
user_117,2024-01-04,32.81,2,184,41,7,20,22,2.91,68.76,0,workday,23:20,06:55,35-44,hybrid,1,0
user_117,2024-01-05,40.72,2,216,59,34,24,20,5.27,54.12,0,workday,22:16,06:21,35-44,hybrid,1,0
user_117,2024-01-06,42.27,2,277,59,19,27,16,4.08,51.99,0,weekend,23:20,07:54,35-44,hybrid,1,0
user_117,2024-01-07,33.53,2,195,48,28,18,23,5.37,56.38,1,weekend,22:52,07:42,35-44,hybrid,1,0
user_117,2024-01-08,14.51,1,212,42,13,27,15,4.26,63.67,0,workday,22:47,06:34,35-44,hybrid,1,0
user_117,2024-01-09,39.86,2,246,38,17,25,22,6.91,46.95,1,workday,22:37,07:07,35-44,hybrid,1,0
user_117,2024-01-10,25.11,2,257,47,10,24,26,7.1,31.35,1,workday,22:19,06:51,35-44,hybrid,1,0
user_117,2024-01-11,39.67,2,233,40,23,33,15,5.37,51.92,0,workday,22:42,07:08,35-44,hybrid,1,0
user_117,2024-01-12,20.97,1,181,29,18,29,18,4.71,59.13,0,workday,23:13,07:56,35-44,hybrid,1,0
user_117,2024-01-13,25.03,2,211,34,17,20,15,3.15,64.22,0,weekend,23:45,07:58,35-44,hybrid,1,0
user_117,2024-01-14,23.89,1,203,60,48,34,27,6.59,49.2,0,weekend,00:42,08:22,35-44,hybrid,1,0
user_117,2024-01-15,23.77,1,219,49,28,39,26,7.89,42.85,0,workday,22:12,06:36,35-44,hybrid,1,0
user_117,2024-01-16,43.74,2,271,44,15,29,16,6.94,36.21,0,workday,22:59,06:03,35-44,hybrid,1,0
user_117,2024-01-17,8.92,1,220,40,11,40,20,2.97,68.41,0,workday,23:38,06:43,35-44,hybrid,1,0
user_117,2024-01-18,37.91,2,197,21,10,19,20,3.18,46.77,0,workday,23:58,07:00,35-44,hybrid,1,0
user_117,2024-01-19,34.01,2,182,28,12,28,19,9.39,29.15,0,workday,23:45,06:25,35-44,hybrid,1,0
user_117,2024-01-20,51.59,3,200,34,29,23,19,3.74,44.94,0,weekend,23:10,07:38,35-44,hybrid,1,0
user_117,2024-01-21,56.21,3,229,23,12,13,12,2.24,58.89,0,weekend,23:09,08:02,35-44,hybrid,1,0
user_118,2024-01-01,28.09,2,181,29,13,23,13,4.31,70.98,0,workday,22:06,06:54,35-44,hybrid,1,0
user_118,2024-01-02,22.96,1,191,53,20,32,26,7.78,52.64,0,workday,23:29,07:28,35-44,hybrid,1,0
user_118,2024-01-03,6.4,1,267,37,26,13,28,3.68,58.18,0,workday,22:22,07:12,35-44,hybrid,1,0
user_118,2024-01-04,30.22,2,190,54,32,15,17,4.73,44.11,0,workday,21:58,07:18,35-44,hybrid,1,0
user_118,2024-01-05,45.14,2,164,47,31,31,26,4.25,46.17,0,workday,23:33,06:34,35-44,hybrid,1,0
user_118,2024-01-06,47.33,2,196,27,17,25,16,3.06,69.68,0,weekend,23:09,07:55,35-44,hybrid,1,0
user_118,2024-01-07,68.21,3,231,45,28,30,17,4.97,72.32,0,weekend,23:21,07:45,35-44,hybrid,1,0
user_118,2024-01-08,49.4,2,237,31,9,18,13,6.33,53.79,0,workday,23:36,07:12,35-44,hybrid,1,0
user_118,2024-01-09,32.46,2,239,39,7,20,21,6.68,39.9,1,workday,23:12,06:47,35-44,hybrid,1,0
user_118,2024-01-10,31.69,2,210,43,15,21,19,4.4,55.67,0,workday,22:16,06:23,35-44,hybrid,1,0
user_118,2024-01-11,42.12,2,206,18,11,23,8,4.97,51.84,1,workday,22:24,06:55,35-44,hybrid,1,0
user_118,2024-01-12,41.88,2,198,49,22,30,20,5.18,61.89,0,workday,22:39,06:32,35-44,hybrid,1,0
user_118,2024-01-13,36.89,2,273,50,17,38,14,6.24,61.24,0,weekend,21:58,07:39,35-44,hybrid,1,0
user_118,2024-01-14,46.9,2,205,35,13,17,20,7.22,67.05,0,weekend,22:12,07:06,35-44,hybrid,1,0
user_118,2024-01-15,63.01,3,166,31,14,11,7,5.18,60.52,0,workday,23:08,06:57,35-44,hybrid,1,0
user_118,2024-01-16,32.34,2,175,39,3,26,16,4.63,50.94,0,workday,23:18,06:39,35-44,hybrid,1,0
user_118,2024-01-17,75.56,4,158,40,9,32,13,2.61,64.19,0,workday,22:41,06:02,35-44,hybrid,1,0
user_118,2024-01-18,29.55,2,166,15,9,13,22,5.11,60.95,1,workday,22:21,07:17,35-44,hybrid,1,0
user_118,2024-01-19,42.52,2,264,60,13,29,18,3.49,67.32,0,workday,23:55,07:24,35-44,hybrid,1,0
user_118,2024-01-20,38.95,2,190,18,11,18,10,2.47,69.37,0,weekend,23:46,08:24,35-44,hybrid,1,0
user_118,2024-01-21,35.17,2,209,51,33,40,21,6.01,55.44,0,weekend,00:03,08:05,35-44,hybrid,1,0
user_119,2024-01-01,64.71,3,228,23,7,8,10,3.96,46.47,0,workday,22:58,07:17,25-34,remote,1,0
user_119,2024-01-02,29.61,2,196,22,19,26,13,6.12,55.38,1,workday,23:27,07:15,25-34,remote,1,0
user_119,2024-01-03,81.49,4,221,31,8,27,15,3.34,71.23,0,workday,22:06,07:37,25-34,remote,1,0
user_119,2024-01-04,85.33,4,245,54,20,32,20,6.11,57.34,1,workday,23:30,07:02,25-34,remote,1,0
user_119,2024-01-05,60.1,3,249,55,26,36,13,6.65,50.04,1,workday,23:25,05:51,25-34,remote,1,0
user_119,2024-01-06,74.28,3,259,50,6,36,27,5.87,57.64,0,weekend,00:07,06:57,25-34,remote,1,0
user_119,2024-01-07,70.9,3,292,32,12,34,20,5.3,66.46,1,weekend,22:54,07:47,25-34,remote,1,0
user_119,2024-01-08,74.43,3,219,56,39,24,27,5.88,57.32,0,workday,23:13,06:32,25-34,remote,1,0
user_119,2024-01-09,86.24,4,209,45,11,29,24,4.58,60.6,1,workday,22:49,06:59,25-34,remote,1,0
user_119,2024-01-10,48.84,2,286,60,38,40,28,7.0,59.27,1,workday,23:07,07:06,25-34,remote,1,0
user_119,2024-01-11,65.15,3,187,34,18,21,13,5.23,55.49,1,workday,22:47,07:22,25-34,remote,1,0
user_119,2024-01-12,74.22,3,202,42,27,40,20,5.34,76.5,0,workday,22:12,06:28,25-34,remote,1,0
user_119,2024-01-13,47.96,2,266,60,27,35,28,7.42,54.38,0,weekend,23:44,07:25,25-34,remote,1,0
user_119,2024-01-14,99.63,4,209,20,13,17,9,2.0,59.02,0,weekend,22:48,06:54,25-34,remote,1,0
user_119,2024-01-15,55.79,3,284,57,21,35,23,7.51,50.68,0,workday,23:04,06:55,25-34,remote,1,0
user_119,2024-01-16,71.86,3,300,34,18,26,23,5.11,39.83,0,workday,23:46,07:01,25-34,remote,1,0
user_119,2024-01-17,66.72,3,157,34,29,20,17,4.67,60.93,0,workday,23:34,06:45,25-34,remote,1,0
user_119,2024-01-18,34.95,2,246,60,14,35,26,7.58,39.27,0,workday,23:12,07:41,25-34,remote,1,0
user_119,2024-01-19,44.34,2,283,38,13,29,10,3.97,54.78,1,workday,23:04,06:53,25-34,remote,1,0
user_119,2024-01-20,55.68,3,220,50,33,21,20,4.57,56.6,0,weekend,23:35,07:24,25-34,remote,1,0
user_119,2024-01-21,47.12,2,285,37,16,14,21,4.15,44.3,0,weekend,23:17,08:36,25-34,remote,1,0
user_120,2024-01-01,56.43,3,214,40,13,40,22,6.6,51.01,0,workday,22:38,05:47,35-44,remote,1,1
user_120,2024-01-02,35.32,2,221,52,23,39,19,7.05,61.15,0,workday,22:55,07:49,35-44,remote,1,1
user_120,2024-01-03,59.3,3,183,8,3,20,3,1.43,65.26,0,workday,22:21,07:15,35-44,remote,1,1
user_120,2024-01-04,73.53,3,231,52,30,41,19,2.63,75.47,0,workday,23:45,07:03,35-44,remote,1,1
user_120,2024-01-05,50.46,3,243,41,20,38,5,4.72,58.32,0,workday,23:03,06:46,35-44,remote,1,1
user_120,2024-01-06,74.9,3,259,44,11,13,14,5.12,62.5,0,weekend,00:02,07:44,35-44,remote,1,1
user_120,2024-01-07,57.1,3,298,34,15,24,19,3.47,58.04,0,weekend,23:24,07:45,35-44,remote,1,1
user_120,2024-01-08,25.38,2,263,49,4,18,18,6.44,38.64,1,workday,23:17,07:01,35-44,remote,1,1
user_120,2024-01-09,20.89,1,197,35,18,9,18,3.62,61.71,0,workday,00:02,07:05,35-44,remote,1,1
user_120,2024-01-10,63.39,3,211,48,21,31,25,6.26,62.15,0,workday,23:48,06:38,35-44,remote,1,1
user_120,2024-01-11,63.1,3,162,31,18,23,23,5.88,62.65,0,workday,22:11,07:27,35-44,remote,1,1
user_120,2024-01-12,12.18,1,211,33,24,20,16,3.76,58.85,1,workday,22:00,06:35,35-44,remote,1,1
user_120,2024-01-13,84.68,4,176,31,20,40,17,1.22,72.45,0,weekend,00:38,07:50,35-44,remote,1,1
user_120,2024-01-14,46.93,2,204,35,17,30,17,5.25,48.93,0,weekend,22:36,07:38,35-44,remote,1,1
user_120,2024-01-15,69.41,3,300,58,49,33,22,7.8,56.24,0,workday,22:55,07:33,35-44,remote,1,1
user_120,2024-01-16,60.68,3,233,34,11,18,22,5.31,68.48,1,workday,22:39,06:46,35-44,remote,1,1
user_120,2024-01-17,0.0,1,282,31,26,38,9,7.43,63.24,0,workday,23:58,07:51,35-44,remote,1,1
user_120,2024-01-18,0.0,1,230,60,30,36,30,10.0,23.73,1,workday,22:24,06:42,35-44,remote,1,1
user_120,2024-01-19,59.5,3,250,34,14,19,12,3.97,53.81,0,workday,22:47,07:56,35-44,remote,1,1
user_120,2024-01-20,42.45,2,248,40,8,28,28,6.75,40.71,0,weekend,23:23,08:01,35-44,remote,1,1
user_120,2024-01-21,85.36,4,209,36,22,40,22,4.6,52.63,0,weekend,23:58,07:05,35-44,remote,1,1
