user_id,date,sleep_quality_0_100,sleep_class,screen_time_evening_min,screen_time_last_hour_min,social_media_last_hour_min,notifications_night,unlocks_last_hour,stress_0_10,mental_wellness_0_100,caffeine_after_14,day_type,bedtime_clock,wake_time_clock,age_band,work_mode,medication,sleep_disorder_flag
user_001,2024-01-01,0.0,1,214,40,14,19,14,5.41,26.73,1,workday,23:39,06:48,45-54,hybrid,0,0
user_001,2024-01-02,32.02,2,185,35,18,13,18,2.4,55.05,0,workday,22:50,07:44,45-54,hybrid,0,0
user_001,2024-01-03,15.37,1,236,40,15,37,27,8.8,31.7,0,workday,23:43,06:07,45-54,hybrid,0,0
user_001,2024-01-04,15.26,1,201,57,26,36,28,3.83,55.4,0,workday,23:18,07:17,45-54,hybrid,0,0
user_001,2024-01-05,42.71,2,220,52,26,11,24,5.15,69.91,0,workday,22:08,07:13,45-54,hybrid,0,0
user_001,2024-01-06,56.83,3,193,58,13,32,22,2.22,75.47,0,weekend,23:29,07:21,45-54,hybrid,0,0
user_001,2024-01-07,41.88,2,228,48,6,33,22,4.26,56.75,0,weekend,23:40,08:03,45-54,hybrid,0,0
user_001,2024-01-08,30.05,2,210,39,15,30,22,6.37,49.17,0,workday,23:02,07:23,45-54,hybrid,0,0
user_001,2024-01-09,39.97,2,207,43,17,38,17,4.06,64.09,0,workday,22:25,06:31,45-54,hybrid,0,0
user_001,2024-01-10,25.77,2,223,46,39,36,25,4.83,62.01,0,workday,22:45,07:14,45-54,hybrid,0,0
user_001,2024-01-11,14.53,1,241,52,10,26,20,5.3,55.46,0,workday,22:33,07:12,45-54,hybrid,0,0
user_001,2024-01-12,25.16,2,167,52,24,42,20,4.95,82.14,0,workday,22:43,06:58,45-54,hybrid,0,0
user_001,2024-01-13,46.06,2,218,31,21,43,13,4.97,63.53,0,weekend,23:31,07:38,45-54,hybrid,0,0
user_001,2024-01-14,48.57,2,175,21,16,20,10,4.31,55.55,0,weekend,23:15,08:26,45-54,hybrid,0,0
user_001,2024-01-15,28.35,2,244,54,23,43,27,6.96,68.65,0,workday,22:57,06:28,45-54,hybrid,0,0
user_001,2024-01-16,7.3,1,203,45,13,28,19,5.47,67.31,0,workday,22:58,06:53,45-54,hybrid,0,0
user_001,2024-01-17,35.27,2,251,42,26,39,8,3.78,52.49,1,workday,22:41,07:00,45-54,hybrid,0,0
user_001,2024-01-18,25.4,2,253,50,34,31,28,6.1,61.96,0,workday,22:17,06:27,45-54,hybrid,0,0
user_001,2024-01-19,24.32,1,183,60,39,34,19,4.87,40.01,0,workday,22:16,06:39,45-54,hybrid,0,0
user_001,2024-01-20,42.42,2,252,37,29,30,17,4.82,46.41,0,weekend,00:00,07:35,45-54,hybrid,0,0
user_001,2024-01-21,26.36,2,208,60,21,32,22,7.49,47.06,0,weekend,23:10,08:46,45-54,hybrid,0,0
user_001,2024-01-22,42.53,2,199,17,15,18,19,6.81,47.27,0,workday,23:11,06:35,45-54,hybrid,0,0
user_001,2024-01-23,8.55,1,240,42,10,29,22,6.54,55.1,1,workday,23:50,07:36,45-54,hybrid,0,0
user_001,2024-01-24,26.86,2,232,45,21,25,23,8.16,55.31,0,workday,22:40,07:22,45-54,hybrid,0,0
user_001,2024-01-25,19.45,1,234,57,25,40,27,8.26,54.81,1,workday,23:55,06:50,45-54,hybrid,0,0
user_001,2024-01-26,33.1,2,262,49,40,30,22,4.24,53.4,1,workday,23:02,07:56,45-54,hybrid,0,0
user_001,2024-01-27,0.0,1,151,37,23,26,8,4.49,52.39,0,weekend,23:51,07:35,45-54,hybrid,0,0
user_001,2024-01-28,31.33,2,199,24,17,18,15,2.51,42.87,0,weekend,23:58,07:21,45-54,hybrid,0,0
user_002,2024-01-01,71.45,3,231,48,5,38,22,5.25,50.72,0,workday,00:04,07:13,25-34,on_site,0,1
user_002,2024-01-02,38.62,2,239,58,10,45,25,10.0,32.95,1,workday,23:26,06:24,25-34,on_site,0,1
user_002,2024-01-03,64.7,3,206,44,18,27,24,9.51,42.04,0,workday,23:44,07:35,25-34,on_site,0,1
user_002,2024-01-04,80.01,4,128,28,17,31,0,1.97,74.29,0,workday,22:46,06:11,25-34,on_site,0,1
user_002,2024-01-05,48.28,2,184,36,28,32,18,8.05,45.79,0,workday,22:09,07:33,25-34,on_site,0,1
user_002,2024-01-06,78.6,4,226,44,27,14,27,3.75,52.48,0,weekend,23:02,08:44,25-34,on_site,0,1
user_002,2024-01-07,27.1,2,210,48,40,37,26,6.34,50.96,0,weekend,23:02,07:18,25-34,on_site,0,1
user_002,2024-01-08,55.84,3,104,17,15,17,14,5.82,49.72,0,workday,23:35,06:51,25-34,on_site,0,1
user_002,2024-01-09,61.2,3,182,56,24,42,18,4.58,59.75,0,workday,23:22,07:28,25-34,on_site,0,1
user_002,2024-01-10,62.45,3,125,30,15,18,25,2.47,43.52,1,workday,23:11,07:03,25-34,on_site,0,1
user_002,2024-01-11,38.59,2,163,44,20,26,14,7.01,55.7,0,workday,22:22,07:20,25-34,on_site,0,1
user_002,2024-01-12,64.35,3,203,37,20,26,20,4.05,69.97,1,workday,21:50,06:13,25-34,on_site,0,1
user_002,2024-01-13,60.44,3,133,15,5,0,14,2.63,67.53,0,weekend,23:24,08:09,25-34,on_site,0,1
user_002,2024-01-14,61.93,3,174,33,20,38,17,8.62,48.84,0,weekend,22:58,07:57,25-34,on_site,0,1
user_002,2024-01-15,67.09,3,168,15,4,11,11,1.85,57.0,0,workday,22:06,06:34,25-34,on_site,0,1
user_002,2024-01-16,74.18,3,133,30,9,22,21,2.74,71.89,0,workday,23:04,07:33,25-34,on_site,0,1
user_002,2024-01-17,70.63,3,152,10,5,14,6,6.51,47.76,0,workday,22:56,07:09,25-34,on_site,0,1
user_002,2024-01-18,38.3,2,256,60,10,35,23,8.77,39.8,1,workday,23:01,06:59,25-34,on_site,0,1
user_002,2024-01-19,97.37,4,132,36,15,26,24,3.81,92.38,0,workday,23:48,07:11,25-34,on_site,0,1
user_002,2024-01-20,49.1,2,190,37,17,10,19,1.52,64.76,0,weekend,23:11,08:00,25-34,on_site,0,1
user_002,2024-01-21,100.0,4,200,31,10,9,18,4.32,70.15,0,weekend,23:48,07:46,25-34,on_site,0,1
user_002,2024-01-22,85.48,4,225,31,14,8,16,2.88,80.83,1,workday,22:46,06:15,25-34,on_site,0,1
user_002,2024-01-23,39.95,2,154,25,11,24,14,6.1,47.26,0,workday,22:32,06:16,25-34,on_site,0,1
user_002,2024-01-24,77.42,4,177,60,17,13,25,4.13,57.47,0,workday,22:54,07:07,25-34,on_site,0,1
user_002,2024-01-25,63.75,3,218,41,17,15,25,4.94,31.52,1,workday,22:37,07:54,25-34,on_site,0,1
user_002,2024-01-26,42.03,2,203,42,19,36,11,5.51,45.46,1,workday,22:32,07:03,25-34,on_site,0,1
user_002,2024-01-27,81.17,4,245,40,16,23,16,7.45,39.06,0,weekend,00:04,08:00,25-34,on_site,0,1
user_002,2024-01-28,28.87,2,194,38,18,36,14,9.19,39.98,0,weekend,23:12,07:44,25-34,on_site,0,1
user_003,2024-01-01,43.53,2,190,49,5,24,27,9.05,53.41,1,workday,23:40,06:15,45-54,hybrid,1,1
user_003,2024-01-02,39.04,2,235,45,8,26,21,7.53,41.03,1,workday,22:51,06:49,45-54,hybrid,1,1
user_003,2024-01-03,33.43,2,192,45,6,22,22,1.07,71.16,0,workday,23:17,06:53,45-54,hybrid,1,1
user_003,2024-01-04,54.13,3,194,51,39,33,16,6.99,63.58,0,workday,23:23,07:02,45-54,hybrid,1,1
user_003,2024-01-05,41.49,2,192,39,30,16,16,4.73,56.19,1,workday,22:36,07:06,45-54,hybrid,1,1
user_003,2024-01-06,32.46,2,223,56,28,43,25,5.68,50.42,1,weekend,23:30,08:01,45-54,hybrid,1,1
user_003,2024-01-07,27.44,2,203,26,10,6,19,4.72,56.59,0,weekend,23:05,07:45,45-54,hybrid,1,1
user_003,2024-01-08,40.57,2,166,45,34,24,11,5.89,51.02,0,workday,22:46,06:30,45-54,hybrid,1,1
user_003,2024-01-09,40.41,2,248,36,18,31,22,7.66,50.74,0,workday,23:35,05:35,45-54,hybrid,1,1
user_003,2024-01-10,16.94,1,190,56,8,25,29,7.56,33.08,1,workday,22:10,06:49,45-54,hybrid,1,1
user_003,2024-01-11,28.09,2,229,35,17,7,16,8.15,56.85,1,workday,22:30,06:35,45-54,hybrid,1,1
user_003,2024-01-12,22.74,1,180,39,16,24,21,9.7,45.63,1,workday,22:49,06:53,45-54,hybrid,1,1
user_003,2024-01-13,47.03,2,212,52,18,39,11,5.27,56.5,1,weekend,00:27,07:56,45-54,hybrid,1,1
user_003,2024-01-14,69.38,3,187,32,20,27,17,2.97,60.73,0,weekend,23:26,07:53,45-54,hybrid,1,1
user_003,2024-01-15,92.9,4,198,32,21,29,9,5.1,76.19,0,workday,23:15,07:00,45-54,hybrid,1,1
user_003,2024-01-16,72.74,3,235,51,19,18,25,5.65,48.31,0,workday,23:11,06:47,45-54,hybrid,1,1
user_003,2024-01-17,67.19,3,212,49,28,36,30,4.21,58.69,0,workday,22:17,06:32,45-54,hybrid,1,1
user_003,2024-01-18,55.75,3,245,33,19,8,14,6.4,42.1,0,workday,22:06,07:48,45-54,hybrid,1,1
user_003,2024-01-19,3.58,1,251,47,23,28,21,6.14,50.32,1,workday,23:01,07:02,45-54,hybrid,1,1
user_003,2024-01-20,70.19,3,171,35,20,27,17,2.19,71.35,0,weekend,23:30,08:05,45-54,hybrid,1,1
user_003,2024-01-21,53.42,3,170,58,34,30,30,5.93,50.53,0,weekend,23:12,07:48,45-54,hybrid,1,1
user_003,2024-01-22,83.0,4,236,43,21,29,15,6.39,59.37,1,workday,22:59,07:05,45-54,hybrid,1,1
user_003,2024-01-23,100.0,4,211,60,31,42,26,4.15,72.35,0,workday,23:06,06:51,45-54,hybrid,1,1
user_003,2024-01-24,48.85,2,188,53,20,23,24,6.17,42.96,1,workday,23:16,06:37,45-54,hybrid,1,1
user_003,2024-01-25,51.33,3,248,51,31,21,19,3.66,48.96,1,workday,23:15,07:01,45-54,hybrid,1,1
user_003,2024-01-26,42.85,2,290,55,16,38,28,6.42,52.03,1,workday,22:33,07:01,45-54,hybrid,1,1
user_003,2024-01-27,90.51,4,191,22,10,14,8,0.12,70.89,0,weekend,23:38,07:30,45-54,hybrid,1,1
user_003,2024-01-28,62.72,3,203,43,25,22,20,6.36,77.18,0,weekend,22:53,07:49,45-54,hybrid,1,1
user_004,2024-01-01,44.19,2,251,37,14,26,14,6.28,66.85,1,workday,23:37,06:37,35-44,remote,1,0
user_004,2024-01-02,73.39,3,186,35,24,9,23,6.9,47.55,1,workday,23:06,07:07,35-44,remote,1,0
user_004,2024-01-03,53.63,3,239,45,16,26,22,6.24,33.56,1,workday,23:22,07:25,35-44,remote,1,0
user_004,2024-01-04,100.0,4,182,11,6,15,11,0.09,84.2,0,workday,23:14,06:16,35-44,remote,1,0
user_004,2024-01-05,87.47,4,278,60,48,30,13,7.24,52.03,0,workday,23:21,06:46,35-44,remote,1,0
user_004,2024-01-06,92.44,4,262,48,27,32,30,4.22,68.4,0,weekend,23:46,08:17,35-44,remote,1,0
user_004,2024-01-07,84.5,4,162,50,31,30,19,4.22,52.59,0,weekend,01:05,08:05,35-44,remote,1,0
user_004,2024-01-08,50.62,3,169,38,28,32,22,6.73,57.29,0,workday,22:56,07:06,35-44,remote,1,0
user_004,2024-01-09,60.15,3,249,55,44,41,26,1.58,71.24,0,workday,22:37,07:22,35-44,remote,1,0
user_004,2024-01-10,51.2,3,215,17,9,23,5,4.89,72.67,1,workday,23:08,06:43,35-44,remote,1,0
user_004,2024-01-11,73.51,3,171,47,13,29,18,6.44,57.86,0,workday,22:47,07:27,35-44,remote,1,0
user_004,2024-01-12,79.78,4,232,39,2,16,23,4.11,38.85,0,workday,22:33,06:42,35-44,remote,1,0
user_004,2024-01-13,81.49,4,264,34,8,34,8,0.24,59.15,0,weekend,22:51,07:45,35-44,remote,1,0
user_004,2024-01-14,69.47,3,259,41,27,44,16,2.57,62.13,0,weekend,23:54,08:05,35-44,remote,1,0
user_004,2024-01-15,53.2,3,212,42,33,18,18,4.61,52.59,1,workday,22:36,06:38,35-44,remote,1,0
user_004,2024-01-16,58.76,3,226,43,24,31,24,7.55,52.83,1,workday,00:00,06:35,35-44,remote,1,0
user_004,2024-01-17,54.61,3,232,53,35,27,26,5.24,54.64,1,workday,23:41,08:02,35-44,remote,1,0
user_004,2024-01-18,89.02,4,227,40,21,27,21,1.57,76.86,0,workday,22:38,07:48,35-44,remote,1,0
user_004,2024-01-19,65.97,3,237,60,34,23,30,6.67,46.75,1,workday,23:07,06:50,35-44,remote,1,0
user_004,2024-01-20,92.7,4,238,43,20,31,21,3.28,73.33,0,weekend,23:43,07:33,35-44,remote,1,0
user_004,2024-01-21,98.79,4,300,32,13,26,14,4.12,54.08,0,weekend,23:51,08:22,35-44,remote,1,0
user_004,2024-01-22,75.74,4,288,60,17,50,27,5.91,67.78,0,workday,23:15,06:58,35-44,remote,1,0
user_004,2024-01-23,100.0,4,267,35,22,25,23,3.91,68.1,0,workday,23:16,06:37,35-44,remote,1,0
user_004,2024-01-24,48.07,2,206,55,24,33,24,6.1,41.19,1,workday,22:37,06:32,35-44,remote,1,0
user_004,2024-01-25,51.37,3,264,44,25,24,28,6.71,28.55,1,workday,22:38,07:43,35-44,remote,1,0
user_004,2024-01-26,60.44,3,272,38,23,34,23,4.36,71.67,1,workday,22:50,07:19,35-44,remote,1,0
user_004,2024-01-27,53.53,3,209,56,34,26,14,5.2,46.26,0,weekend,23:10,07:41,35-44,remote,1,0
user_004,2024-01-28,84.89,4,252,35,20,22,16,4.66,51.48,1,weekend,23:04,08:01,35-44,remote,1,0
user_005,2024-01-01,40.53,2,237,59,27,41,20,4.51,58.5,1,workday,23:13,06:11,18-24,remote,1,0
user_005,2024-01-02,50.85,3,207,45,15,33,17,7.49,27.19,1,workday,22:24,07:23,18-24,remote,1,0
user_005,2024-01-03,32.63,2,137,38,11,25,18,5.66,58.15,1,workday,23:02,07:29,18-24,remote,1,0
user_005,2024-01-04,47.21,2,237,39,14,18,13,5.6,44.31,0,workday,22:42,06:59,18-24,remote,1,0
user_005,2024-01-05,53.85,3,266,36,32,32,15,3.69,84.32,1,workday,23:21,07:11,18-24,remote,1,0
user_005,2024-01-06,100.0,4,180,39,11,21,21,1.45,79.02,0,weekend,23:05,06:51,18-24,remote,1,0
user_005,2024-01-07,77.5,4,262,45,8,32,16,5.6,68.72,0,weekend,23:09,07:56,18-24,remote,1,0
user_005,2024-01-08,46.37,2,231,39,15,35,22,5.95,54.72,0,workday,22:49,07:16,18-24,remote,1,0
user_005,2024-01-09,57.01,3,194,31,21,19,14,4.86,71.02,0,workday,22:35,07:00,18-24,remote,1,0
user_005,2024-01-10,87.21,4,243,26,17,33,22,2.81,74.99,0,workday,00:13,06:34,18-24,remote,1,0
user_005,2024-01-11,38.26,2,235,53,29,37,26,6.95,51.1,0,workday,22:31,06:44,18-24,remote,1,0
user_005,2024-01-12,96.09,4,284,60,20,33,21,6.64,55.42,0,workday,23:30,06:38,18-24,remote,1,0
user_005,2024-01-13,69.93,3,275,44,23,28,8,2.35,63.75,0,weekend,23:12,07:19,18-24,remote,1,0
user_005,2024-01-14,32.65,2,276,48,22,24,22,4.72,69.83,1,weekend,23:11,07:23,18-24,remote,1,0
user_005,2024-01-15,77.69,4,265,45,14,38,21,6.96,42.87,0,workday,23:19,06:46,18-24,remote,1,0
user_005,2024-01-16,51.53,3,293,60,36,26,21,5.3,48.5,0,workday,23:39,07:22,18-24,remote,1,0
user_005,2024-01-17,39.07,2,245,53,53,28,18,3.0,53.97,1,workday,23:47,07:01,18-24,remote,1,0
user_005,2024-01-18,62.73,3,242,52,26,14,12,5.08,73.91,0,workday,23:22,07:03,18-24,remote,1,0
user_005,2024-01-19,45.57,2,257,45,20,31,26,8.62,39.53,0,workday,23:00,06:44,18-24,remote,1,0
user_005,2024-01-20,61.15,3,218,60,24,31,25,4.74,52.61,0,weekend,23:46,08:21,18-24,remote,1,0
user_005,2024-01-21,31.26,2,234,40,12,33,28,6.97,74.71,0,weekend,23:19,07:29,18-24,remote,1,0
user_005,2024-01-22,33.15,2,300,51,14,40,24,7.1,56.74,0,workday,22:47,06:03,18-24,remote,1,0
user_005,2024-01-23,45.65,2,238,49,34,36,17,7.85,42.83,0,workday,23:39,07:14,18-24,remote,1,0
user_005,2024-01-24,40.87,2,270,47,15,33,24,5.14,51.69,0,workday,23:35,06:34,18-24,remote,1,0
user_005,2024-01-25,85.81,4,214,37,15,27,16,5.17,42.85,0,workday,23:05,07:12,18-24,remote,1,0
user_005,2024-01-26,45.5,2,169,43,24,35,17,3.86,66.78,1,workday,23:07,06:45,18-24,remote,1,0
user_005,2024-01-27,30.14,2,247,56,33,25,29,5.46,40.77,0,weekend,00:43,07:59,18-24,remote,1,0
user_005,2024-01-28,56.03,3,228,41,31,35,25,3.31,76.5,0,weekend,23:38,08:03,18-24,remote,1,0
user_006,2024-01-01,50.33,3,239,46,24,32,17,5.04,40.27,0,workday,23:23,06:41,55+,remote,1,0
user_006,2024-01-02,38.45,2,265,56,29,31,24,4.24,45.4,1,workday,23:19,07:23,55+,remote,1,0
user_006,2024-01-03,45.81,2,216,52,29,23,20,8.32,50.94,1,workday,23:23,07:16,55+,remote,1,0
user_006,2024-01-04,67.36,3,203,30,7,28,7,4.2,52.33,0,workday,22:58,07:18,55+,remote,1,0
user_006,2024-01-05,71.4,3,239,49,12,20,17,3.62,46.52,0,workday,22:24,06:57,55+,remote,1,0
user_006,2024-01-06,71.63,3,209,31,14,25,16,1.99,75.25,0,weekend,23:05,07:43,55+,remote,1,0
user_006,2024-01-07,49.39,2,257,34,18,13,9,5.4,60.85,1,weekend,23:05,07:16,55+,remote,1,0
user_006,2024-01-08,43.11,2,285,41,24,34,14,6.35,41.21,1,workday,22:30,07:07,55+,remote,1,0
user_006,2024-01-09,33.76,2,189,50,27,29,23,6.12,46.87,1,workday,23:58,06:35,55+,remote,1,0
user_006,2024-01-10,36.49,2,283,45,22,37,19,5.48,53.4,0,workday,22:48,06:06,55+,remote,1,0
user_006,2024-01-11,34.15,2,225,60,28,26,30,6.93,32.99,1,workday,22:35,06:54,55+,remote,1,0
user_006,2024-01-12,65.75,3,245,49,26,37,25,4.46,55.56,0,workday,23:20,07:14,55+,remote,1,0
user_006,2024-01-13,75.52,4,247,39,12,33,21,2.48,57.26,0,weekend,23:17,07:47,55+,remote,1,0
user_006,2024-01-14,23.96,1,246,40,16,28,18,5.75,62.03,1,weekend,23:44,07:12,55+,remote,1,0
user_006,2024-01-15,27.64,2,252,31,11,23,18,4.71,78.57,0,workday,22:26,06:50,55+,remote,1,0
user_006,2024-01-16,33.3,2,229,42,4,27,17,4.24,46.45,0,workday,23:03,06:53,55+,remote,1,0
user_006,2024-01-17,45.39,2,195,42,19,39,15,2.79,60.63,1,workday,23:13,06:59,55+,remote,1,0
user_006,2024-01-18,81.72,4,158,24,5,6,11,2.67,50.71,0,workday,23:16,06:40,55+,remote,1,0
user_006,2024-01-19,78.93,4,270,49,36,21,20,2.72,64.69,0,workday,23:34,07:04,55+,remote,1,0
user_006,2024-01-20,65.33,3,203,60,28,23,30,4.21,69.43,0,weekend,23:43,07:06,55+,remote,1,0
user_006,2024-01-21,57.36,3,293,60,29,31,28,3.09,60.38,1,weekend,23:38,06:58,55+,remote,1,0
user_006,2024-01-22,22.86,1,219,51,10,24,17,8.6,64.43,0,workday,00:12,07:38,55+,remote,1,0
user_006,2024-01-23,60.15,3,232,59,27,44,25,7.72,38.08,0,workday,23:38,07:27,55+,remote,1,0
user_006,2024-01-24,62.39,3,246,49,29,41,22,6.79,64.38,0,workday,23:39,06:54,55+,remote,1,0
user_006,2024-01-25,47.56,2,188,41,23,31,12,4.89,70.31,1,workday,23:34,07:10,55+,remote,1,0
user_006,2024-01-26,49.4,2,255,41,34,30,13,6.06,53.65,0,workday,22:55,07:44,55+,remote,1,0
user_006,2024-01-27,67.22,3,203,53,29,32,25,6.42,59.21,0,weekend,23:14,08:27,55+,remote,1,0
user_006,2024-01-28,49.72,2,189,46,10,32,15,2.91,58.7,1,weekend,23:35,07:07,55+,remote,1,0
user_007,2024-01-01,24.35,1,203,50,25,28,14,7.65,64.61,0,workday,23:10,07:16,35-44,remote,1,0
user_007,2024-01-02,84.26,4,233,49,33,31,28,6.4,63.87,0,workday,23:18,06:49,35-44,remote,1,0
user_007,2024-01-03,31.03,2,271,57,35,39,23,4.57,37.68,0,workday,22:42,06:44,35-44,remote,1,0
user_007,2024-01-04,74.33,3,189,38,21,24,26,2.15,81.77,0,workday,22:26,07:34,35-44,remote,1,0
user_007,2024-01-05,23.81,1,232,45,4,19,28,6.54,51.82,0,workday,22:39,06:52,35-44,remote,1,0
user_007,2024-01-06,50.14,3,250,60,25,34,30,6.62,63.85,0,weekend,23:39,07:42,35-44,remote,1,0
user_007,2024-01-07,66.24,3,179,36,11,28,8,3.47,61.48,0,weekend,00:31,07:13,35-44,remote,1,0
user_007,2024-01-08,20.53,1,241,44,16,46,25,4.13,53.67,1,workday,22:57,06:06,35-44,remote,1,0
user_007,2024-01-09,26.83,2,236,38,13,31,18,7.48,38.62,1,workday,23:17,06:56,35-44,remote,1,0
user_007,2024-01-10,70.47,3,236,38,12,27,22,6.1,55.57,0,workday,23:27,06:57,35-44,remote,1,0
user_007,2024-01-11,38.88,2,239,38,23,23,25,5.69,60.92,0,workday,22:41,06:16,35-44,remote,1,0
user_007,2024-01-12,56.05,3,201,20,7,16,15,2.4,95.97,0,workday,22:31,06:54,35-44,remote,1,0
user_007,2024-01-13,42.19,2,264,50,21,37,25,4.87,44.0,1,weekend,22:49,07:54,35-44,remote,1,0
user_007,2024-01-14,32.58,2,260,48,22,43,16,6.05,40.09,0,weekend,23:34,08:32,35-44,remote,1,0
user_007,2024-01-15,15.77,1,249,30,18,20,12,4.49,62.53,0,workday,23:02,07:28,35-44,remote,1,0
user_007,2024-01-16,67.16,3,235,45,18,23,19,3.89,60.15,0,workday,23:52,06:52,35-44,remote,1,0
user_007,2024-01-17,40.12,2,230,45,23,45,20,7.39,47.39,1,workday,23:48,07:08,35-44,remote,1,0
user_007,2024-01-18,19.35,1,182,38,19,45,22,5.07,53.51,1,workday,23:16,06:39,35-44,remote,1,0
user_007,2024-01-19,49.81,2,188,39,20,38,10,4.71,39.61,0,workday,23:11,07:47,35-44,remote,1,0
user_007,2024-01-20,68.59,3,224,31,11,14,17,5.16,46.35,0,weekend,00:09,07:51,35-44,remote,1,0
user_007,2024-01-21,59.35,3,214,36,17,28,9,2.92,53.72,0,weekend,00:25,07:24,35-44,remote,1,0
user_007,2024-01-22,40.66,2,228,29,23,33,27,6.39,40.91,0,workday,22:08,05:57,35-44,remote,1,0
user_007,2024-01-23,51.18,3,239,47,18,35,14,4.76,56.67,1,workday,22:37,06:30,35-44,remote,1,0
user_007,2024-01-24,16.32,1,239,58,20,29,27,5.9,63.77,0,workday,23:06,07:37,35-44,remote,1,0
user_007,2024-01-25,53.51,3,300,50,12,38,19,5.21,48.91,0,workday,23:47,07:38,35-44,remote,1,0
user_007,2024-01-26,53.58,3,192,28,18,34,12,4.53,49.18,1,workday,23:02,06:53,35-44,remote,1,0
user_007,2024-01-27,60.03,3,231,31,19,17,17,5.52,54.53,0,weekend,23:13,07:23,35-44,remote,1,0
user_007,2024-01-28,66.85,3,207,25,15,18,12,3.05,65.46,0,weekend,22:52,08:15,35-44,remote,1,0
user_008,2024-01-01,54.96,3,223,43,31,32,12,5.86,75.07,0,workday,22:30,06:33,45-54,hybrid,0,1
user_008,2024-01-02,57.67,3,181,36,30,26,14,6.7,53.03,0,workday,22:59,06:56,45-54,hybrid,0,1
user_008,2024-01-03,83.3,4,191,28,10,15,17,2.12,59.32,0,workday,23:20,07:20,45-54,hybrid,0,1
user_008,2024-01-04,48.91,2,191,32,20,4,15,5.08,68.61,0,workday,22:48,07:40,45-54,hybrid,0,1
user_008,2024-01-05,100.0,4,191,31,21,22,10,3.49,43.67,0,workday,22:38,07:21,45-54,hybrid,0,1
user_008,2024-01-06,15.53,1,239,22,13,21,8,4.34,43.32,1,weekend,23:06,08:04,45-54,hybrid,0,1
user_008,2024-01-07,28.69,2,254,56,29,43,20,7.01,58.62,1,weekend,23:15,08:03,45-54,hybrid,0,1
user_008,2024-01-08,34.39,2,252,44,15,28,14,6.08,56.6,1,workday,23:46,07:06,45-54,hybrid,0,1
user_008,2024-01-09,50.47,3,227,40,26,12,17,5.97,87.89,1,workday,23:10,06:37,45-54,hybrid,0,1
user_008,2024-01-10,87.81,4,242,49,9,33,14,4.07,74.98,0,workday,23:00,07:14,45-54,hybrid,0,1
user_008,2024-01-11,61.57,3,186,36,34,27,10,6.64,45.0,0,workday,22:55,07:11,45-54,hybrid,0,1
user_008,2024-01-12,76.0,4,243,54,21,17,10,4.49,76.11,0,workday,22:39,06:04,45-54,hybrid,0,1
user_008,2024-01-13,74.17,3,246,60,39,36,25,8.86,49.78,0,weekend,00:19,07:55,45-54,hybrid,0,1
user_008,2024-01-14,96.24,4,300,33,8,31,23,3.35,75.49,0,weekend,22:52,08:21,45-54,hybrid,0,1
user_008,2024-01-15,44.44,2,219,53,31,26,24,6.62,55.43,0,workday,23:12,07:14,45-54,hybrid,0,1
user_008,2024-01-16,42.04,2,248,29,23,21,19,8.52,40.75,0,workday,22:37,07:24,45-54,hybrid,0,1
user_008,2024-01-17,89.11,4,247,42,10,24,23,4.25,58.68,0,workday,22:47,06:33,45-54,hybrid,0,1
user_008,2024-01-18,62.08,3,171,49,15,13,14,0.0,71.35,1,workday,23:05,07:13,45-54,hybrid,0,1
user_008,2024-01-19,67.07,3,192,51,17,49,23,3.85,66.96,0,workday,23:15,07:01,45-54,hybrid,0,1
user_008,2024-01-20,65.14,3,243,38,11,27,12,4.74,57.11,1,weekend,00:01,07:55,45-54,hybrid,0,1
user_008,2024-01-21,63.48,3,249,50,25,26,7,0.3,68.36,0,weekend,23:31,07:28,45-54,hybrid,0,1
user_008,2024-01-22,53.37,3,232,52,19,25,27,6.09,26.71,0,workday,22:50,07:55,45-54,hybrid,0,1
user_008,2024-01-23,20.15,1,146,49,23,26,15,6.05,46.05,1,workday,23:32,05:58,45-54,hybrid,0,1
user_008,2024-01-24,27.08,2,277,52,22,37,12,5.01,41.37,1,workday,23:11,07:36,45-54,hybrid,0,1
user_008,2024-01-25,69.63,3,205,32,8,37,15,3.27,58.89,0,workday,22:36,07:07,45-54,hybrid,0,1
user_008,2024-01-26,63.4,3,218,27,8,32,20,1.57,73.09,0,workday,22:04,06:41,45-54,hybrid,0,1
user_008,2024-01-27,35.44,2,223,26,11,39,20,5.8,41.55,1,weekend,23:47,07:03,45-54,hybrid,0,1
user_008,2024-01-28,100.0,4,190,41,12,20,17,4.93,46.04,0,weekend,23:42,07:59,45-54,hybrid,0,1
user_009,2024-01-01,47.15,2,230,46,26,29,18,4.24,52.17,0,workday,22:34,07:08,18-24,remote,0,0
user_009,2024-01-02,31.13,2,263,55,19,38,25,8.34,44.64,0,workday,22:45,07:47,18-24,remote,0,0
user_009,2024-01-03,67.38,3,203,35,13,27,15,6.03,69.91,1,workday,23:31,06:23,18-24,remote,0,0
user_009,2024-01-04,46.8,2,189,29,15,22,19,4.11,75.18,0,workday,22:47,06:52,18-24,remote,0,0
user_009,2024-01-05,58.61,3,222,51,16,37,22,3.5,61.7,1,workday,22:15,07:00,18-24,remote,0,0
user_009,2024-01-06,49.61,2,249,52,33,11,26,2.65,54.5,0,weekend,23:08,08:10,18-24,remote,0,0
user_009,2024-01-07,61.35,3,282,49,34,34,17,3.03,82.51,1,weekend,23:25,07:56,18-24,remote,0,0
user_009,2024-01-08,92.62,4,215,33,7,15,3,0.08,79.09,0,workday,23:19,06:50,18-24,remote,0,0
user_009,2024-01-09,57.79,3,246,51,41,33,20,5.55,58.83,1,workday,23:16,07:21,18-24,remote,0,0
user_009,2024-01-10,81.31,4,288,56,22,26,29,4.69,71.39,1,workday,22:53,07:03,18-24,remote,0,0
user_009,2024-01-11,67.44,3,280,20,6,19,16,4.58,49.42,1,workday,23:00,06:45,18-24,remote,0,0
user_009,2024-01-12,59.61,3,171,27,9,18,12,4.11,36.9,0,workday,22:31,07:25,18-24,remote,0,0
user_009,2024-01-13,48.3,2,209,42,12,28,18,4.13,54.85,0,weekend,23:31,07:25,18-24,remote,0,0
user_009,2024-01-14,86.11,4,197,59,25,14,20,1.44,71.55,0,weekend,23:43,07:50,18-24,remote,0,0
user_009,2024-01-15,54.22,3,197,58,31,25,17,5.95,48.75,0,workday,22:48,07:31,18-24,remote,0,0
user_009,2024-01-16,48.09,2,244,53,22,20,24,5.75,49.82,0,workday,23:24,07:12,18-24,remote,0,0
user_009,2024-01-17,50.56,3,203,50,8,32,21,3.93,67.24,1,workday,22:34,06:59,18-24,remote,0,0
user_009,2024-01-18,48.53,2,197,45,15,26,20,5.72,57.27,1,workday,23:30,07:23,18-24,remote,0,0
user_009,2024-01-19,50.88,3,224,41,24,33,20,4.84,55.87,0,workday,22:11,07:50,18-24,remote,0,0
user_009,2024-01-20,10.4,1,219,43,28,21,24,4.49,52.94,1,weekend,00:22,07:48,18-24,remote,0,0
user_009,2024-01-21,67.39,3,256,35,12,18,18,3.62,62.04,0,weekend,22:34,07:05,18-24,remote,0,0
user_009,2024-01-22,31.41,2,145,49,31,29,21,8.67,31.64,1,workday,23:16,07:15,18-24,remote,0,0
user_009,2024-01-23,46.57,2,300,48,18,31,22,6.96,35.54,1,workday,00:04,06:56,18-24,remote,0,0
user_009,2024-01-24,30.06,2,265,38,27,12,11,2.96,54.05,1,workday,22:21,06:37,18-24,remote,0,0
user_009,2024-01-25,37.91,2,262,49,35,36,25,4.05,39.59,1,workday,22:39,07:01,18-24,remote,0,0
user_009,2024-01-26,32.98,2,220,55,11,37,26,4.96,49.69,1,workday,22:38,07:02,18-24,remote,0,0
user_009,2024-01-27,60.34,3,193,39,16,30,20,3.63,72.82,0,weekend,23:10,07:50,18-24,remote,0,0
user_009,2024-01-28,64.22,3,240,58,17,27,19,3.73,59.54,0,weekend,23:58,08:17,18-24,remote,0,0
user_010,2024-01-01,73.95,3,211,43,26,27,16,4.54,48.67,1,workday,23:11,06:30,25-34,hybrid,1,0
user_010,2024-01-02,62.23,3,224,53,17,40,28,5.47,46.42,1,workday,23:55,07:30,25-34,hybrid,1,0
user_010,2024-01-03,100.0,4,193,31,14,19,14,3.75,74.77,0,workday,22:48,07:53,25-34,hybrid,1,0
user_010,2024-01-04,64.54,3,255,39,13,12,21,5.9,62.61,1,workday,22:36,07:18,25-34,hybrid,1,0
user_010,2024-01-05,90.47,4,196,28,15,2,13,4.47,56.6,0,workday,22:56,07:16,25-34,hybrid,1,0
user_010,2024-01-06,81.45,4,157,52,8,36,14,2.99,67.92,0,weekend,23:16,07:23,25-34,hybrid,1,0
user_010,2024-01-07,80.53,4,232,37,20,15,11,6.03,60.0,0,weekend,22:59,07:50,25-34,hybrid,1,0
user_010,2024-01-08,77.75,4,214,35,14,31,14,3.14,72.27,0,workday,22:41,05:47,25-34,hybrid,1,0
user_010,2024-01-09,64.62,3,251,54,29,27,15,5.01,42.23,0,workday,23:06,06:37,25-34,hybrid,1,0
user_010,2024-01-10,82.83,4,227,28,14,15,14,2.23,68.41,0,workday,22:42,06:49,25-34,hybrid,1,0
user_010,2024-01-11,87.44,4,182,37,27,34,16,5.36,58.7,0,workday,00:00,06:52,25-34,hybrid,1,0
user_010,2024-01-12,74.69,3,242,38,13,35,14,5.37,58.68,0,workday,22:10,07:57,25-34,hybrid,1,0
user_010,2024-01-13,68.77,3,241,42,29,39,24,5.02,50.24,1,weekend,23:30,07:19,25-34,hybrid,1,0
user_010,2024-01-14,71.4,3,210,37,12,23,14,3.55,66.13,0,weekend,23:32,07:02,25-34,hybrid,1,0
user_010,2024-01-15,57.32,3,229,57,36,24,21,5.16,68.79,0,workday,23:21,07:13,25-34,hybrid,1,0
user_010,2024-01-16,54.34,3,203,53,6,23,30,6.1,24.1,1,workday,23:07,07:38,25-34,hybrid,1,0
user_010,2024-01-17,82.63,4,185,16,3,12,3,3.81,62.28,1,workday,23:18,08:02,25-34,hybrid,1,0
user_010,2024-01-18,63.22,3,281,47,41,29,20,5.14,44.84,0,workday,23:15,06:30,25-34,hybrid,1,0
user_010,2024-01-19,47.58,2,185,42,22,29,14,6.35,54.05,1,workday,22:52,07:07,25-34,hybrid,1,0
user_010,2024-01-20,91.59,4,204,22,13,14,10,2.61,41.72,0,weekend,22:55,07:20,25-34,hybrid,1,0
user_010,2024-01-21,98.72,4,163,52,24,35,21,5.7,67.15,0,weekend,22:42,07:27,25-34,hybrid,1,0
user_010,2024-01-22,73.93,3,219,34,20,31,17,4.24,49.27,0,workday,22:47,07:30,25-34,hybrid,1,0
user_010,2024-01-23,46.93,2,262,59,26,35,26,3.81,74.35,1,workday,23:25,07:15,25-34,hybrid,1,0
user_010,2024-01-24,26.1,2,238,37,24,13,18,5.12,29.07,1,workday,22:42,07:55,25-34,hybrid,1,0
user_010,2024-01-25,45.34,2,228,49,12,25,23,5.95,58.26,1,workday,23:06,07:41,25-34,hybrid,1,0
user_010,2024-01-26,71.33,3,188,32,14,21,22,5.23,63.39,1,workday,22:21,06:31,25-34,hybrid,1,0
user_010,2024-01-27,81.66,4,243,56,5,27,23,3.9,70.9,0,weekend,00:44,07:19,25-34,hybrid,1,0
user_010,2024-01-28,53.2,3,235,60,31,43,25,5.15,62.48,1,weekend,23:43,06:45,25-34,hybrid,1,0
user_011,2024-01-01,53.07,3,225,41,18,13,18,4.16,67.92,0,workday,22:54,06:46,25-34,hybrid,0,0
user_011,2024-01-02,27.42,2,298,51,27,33,20,8.57,47.59,0,workday,23:34,07:00,25-34,hybrid,0,0
user_011,2024-01-03,42.84,2,190,33,12,17,15,4.87,74.59,0,workday,22:07,06:15,25-34,hybrid,0,0
user_011,2024-01-04,46.7,2,256,30,17,25,21,5.79,62.11,1,workday,22:54,06:30,25-34,hybrid,0,0
user_011,2024-01-05,29.04,2,252,60,6,42,19,6.62,53.22,0,workday,23:08,07:20,25-34,hybrid,0,0
user_011,2024-01-06,39.39,2,289,31,10,18,15,3.04,73.45,0,weekend,23:39,07:42,25-34,hybrid,0,0
user_011,2024-01-07,71.65,3,204,26,10,34,10,5.44,67.04,0,weekend,23:39,06:50,25-34,hybrid,0,0
user_011,2024-01-08,41.5,2,215,34,17,28,22,6.36,62.99,0,workday,22:39,07:13,25-34,hybrid,0,0
user_011,2024-01-09,24.15,1,238,54,23,38,26,5.76,40.6,0,workday,22:42,06:32,25-34,hybrid,0,0
user_011,2024-01-10,16.14,1,194,48,19,26,11,4.87,43.55,1,workday,22:38,07:02,25-34,hybrid,0,0
user_011,2024-01-11,30.9,2,223,46,13,26,18,4.43,54.3,0,workday,23:48,07:23,25-34,hybrid,0,0
user_011,2024-01-12,13.27,1,249,46,10,25,24,6.45,47.78,1,workday,23:07,07:10,25-34,hybrid,0,0
user_011,2024-01-13,48.5,2,172,35,28,35,20,2.68,58.56,0,weekend,22:52,08:02,25-34,hybrid,0,0
user_011,2024-01-14,59.51,3,231,46,35,47,22,5.15,51.65,0,weekend,23:06,07:56,25-34,hybrid,0,0
user_011,2024-01-15,66.15,3,231,37,6,21,13,3.24,63.62,1,workday,23:09,07:14,25-34,hybrid,0,0
user_011,2024-01-16,43.32,2,186,44,20,30,21,3.51,60.3,1,workday,22:54,06:40,25-34,hybrid,0,0
user_011,2024-01-17,53.65,3,232,47,23,33,24,4.73,79.67,1,workday,22:39,07:41,25-34,hybrid,0,0
user_011,2024-01-18,53.04,3,212,46,31,38,22,4.64,56.53,0,workday,23:33,06:10,25-34,hybrid,0,0
user_011,2024-01-19,50.68,3,141,50,22,37,21,8.56,51.53,0,workday,23:26,07:49,25-34,hybrid,0,0
user_011,2024-01-20,61.85,3,149,29,10,19,5,0.82,53.5,0,weekend,23:22,07:47,25-34,hybrid,0,0
user_011,2024-01-21,21.83,1,255,44,25,31,20,4.62,59.69,0,weekend,23:19,07:28,25-34,hybrid,0,0
user_011,2024-01-22,35.28,2,200,60,36,45,27,5.95,63.8,0,workday,00:09,06:50,25-34,hybrid,0,0
user_011,2024-01-23,38.16,2,236,45,20,30,17,7.74,74.08,1,workday,23:34,07:12,25-34,hybrid,0,0
user_011,2024-01-24,37.16,2,219,60,15,37,24,3.95,33.18,0,workday,23:10,08:29,25-34,hybrid,0,0
user_011,2024-01-25,44.24,2,254,34,3,12,19,5.63,41.12,1,workday,21:56,07:32,25-34,hybrid,0,0
user_011,2024-01-26,26.57,2,242,57,15,37,29,7.22,59.78,0,workday,22:39,07:07,25-34,hybrid,0,0
user_011,2024-01-27,33.3,2,298,54,20,43,21,3.88,27.88,0,weekend,00:15,07:58,25-34,hybrid,0,0
user_011,2024-01-28,34.56,2,234,47,29,27,21,6.09,69.6,0,weekend,23:50,07:16,25-34,hybrid,0,0
user_012,2024-01-01,30.3,2,216,60,8,40,23,8.32,52.94,0,workday,23:32,07:31,55+,hybrid,1,1
user_012,2024-01-02,42.76,2,191,27,20,18,16,4.47,52.28,0,workday,23:05,07:10,55+,hybrid,1,1
user_012,2024-01-03,61.55,3,136,36,20,26,17,2.38,63.56,1,workday,22:50,06:05,55+,hybrid,1,1
user_012,2024-01-04,59.83,3,186,33,12,36,19,3.6,46.75,0,workday,23:27,07:30,55+,hybrid,1,1
user_012,2024-01-05,61.97,3,222,38,15,29,13,2.1,58.74,0,workday,22:47,07:37,55+,hybrid,1,1
user_012,2024-01-06,55.54,3,250,52,20,44,30,8.64,71.45,0,weekend,23:33,07:40,55+,hybrid,1,1
user_012,2024-01-07,40.19,2,269,49,31,47,25,7.62,70.74,0,weekend,23:35,07:33,55+,hybrid,1,1
user_012,2024-01-08,57.42,3,218,33,15,23,20,5.6,61.4,0,workday,22:56,07:04,55+,hybrid,1,1
user_012,2024-01-09,28.37,2,300,35,11,26,20,4.65,73.9,0,workday,22:47,06:59,55+,hybrid,1,1
user_012,2024-01-10,5.46,1,208,45,9,11,24,2.75,65.8,1,workday,23:35,08:30,55+,hybrid,1,1
user_012,2024-01-11,14.18,1,216,47,24,18,30,6.83,46.74,1,workday,00:05,07:34,55+,hybrid,1,1
user_012,2024-01-12,38.48,2,228,46,12,24,17,5.11,72.53,1,workday,22:37,07:42,55+,hybrid,1,1
user_012,2024-01-13,37.79,2,223,38,15,13,20,5.75,48.04,1,weekend,23:34,07:03,55+,hybrid,1,1
user_012,2024-01-14,63.42,3,121,38,8,32,22,4.08,70.14,1,weekend,22:58,07:15,55+,hybrid,1,1
user_012,2024-01-15,89.78,4,193,14,9,9,15,1.98,69.74,0,workday,22:55,07:45,55+,hybrid,1,1
user_012,2024-01-16,44.96,2,209,50,5,19,26,6.16,45.66,1,workday,23:32,06:45,55+,hybrid,1,1
user_012,2024-01-17,32.44,2,173,60,20,25,23,4.95,49.47,1,workday,22:52,06:36,55+,hybrid,1,1
user_012,2024-01-18,68.15,3,241,56,25,37,24,6.4,64.56,1,workday,00:15,06:35,55+,hybrid,1,1
user_012,2024-01-19,50.34,3,209,23,9,12,14,2.11,39.57,1,workday,22:38,06:45,55+,hybrid,1,1
user_012,2024-01-20,24.23,1,265,49,25,33,20,6.44,49.21,1,weekend,00:16,07:22,55+,hybrid,1,1
user_012,2024-01-21,47.33,2,232,59,22,43,29,3.73,54.53,1,weekend,23:29,07:01,55+,hybrid,1,1
user_012,2024-01-22,76.57,4,215,46,21,11,20,6.38,57.18,0,workday,23:57,07:10,55+,hybrid,1,1
user_012,2024-01-23,22.96,1,197,32,4,22,27,5.21,56.64,1,workday,21:59,06:50,55+,hybrid,1,1
user_012,2024-01-24,66.14,3,229,42,26,48,28,7.47,44.64,0,workday,22:49,06:26,55+,hybrid,1,1
user_012,2024-01-25,44.51,2,131,22,21,7,15,5.84,50.99,0,workday,23:45,06:54,55+,hybrid,1,1
user_012,2024-01-26,59.14,3,209,43,34,22,21,7.18,41.62,0,workday,22:58,06:14,55+,hybrid,1,1
user_012,2024-01-27,51.08,3,190,50,24,23,26,2.5,63.43,0,weekend,00:23,07:33,55+,hybrid,1,1
user_012,2024-01-28,21.44,1,228,56,19,50,22,5.87,51.53,0,weekend,23:31,07:05,55+,hybrid,1,1
user_013,2024-01-01,46.72,2,208,53,45,33,21,4.4,64.15,0,workday,23:38,06:44,35-44,remote,1,0
user_013,2024-01-02,46.6,2,201,34,15,17,20,6.88,45.7,0,workday,22:52,06:54,35-44,remote,1,0
user_013,2024-01-03,78.32,4,206,35,16,41,18,1.85,100.0,1,workday,23:05,06:24,35-44,remote,1,0
user_013,2024-01-04,29.41,2,202,53,31,32,26,3.67,52.77,1,workday,23:57,06:40,35-44,remote,1,0
user_013,2024-01-05,48.23,2,161,31,18,26,23,3.46,87.53,0,workday,22:51,06:45,35-44,remote,1,0
user_013,2024-01-06,4.98,1,248,42,25,30,26,5.86,45.03,1,weekend,23:21,06:52,35-44,remote,1,0
user_013,2024-01-07,60.77,3,259,40,10,33,18,1.08,57.04,0,weekend,23:49,07:42,35-44,remote,1,0
user_013,2024-01-08,75.93,4,273,44,22,41,18,3.91,64.82,0,workday,22:43,06:50,35-44,remote,1,0
user_013,2024-01-09,50.58,3,240,60,23,39,25,3.59,72.62,1,workday,22:56,06:35,35-44,remote,1,0
user_013,2024-01-10,47.39,2,267,29,12,21,23,3.31,85.38,0,workday,23:30,06:25,35-44,remote,1,0
user_013,2024-01-11,18.38,1,237,33,14,20,25,6.53,48.26,0,workday,22:21,06:51,35-44,remote,1,0
user_013,2024-01-12,34.72,2,282,45,39,38,24,3.58,66.65,0,workday,23:42,06:53,35-44,remote,1,0
user_013,2024-01-13,75.16,4,248,47,24,30,26,4.54,72.77,0,weekend,23:33,08:30,35-44,remote,1,0
user_013,2024-01-14,46.71,2,261,48,20,31,19,4.19,71.81,0,weekend,00:15,08:09,35-44,remote,1,0
user_013,2024-01-15,14.98,1,258,50,36,25,14,6.58,40.28,1,workday,23:02,06:01,35-44,remote,1,0
user_013,2024-01-16,39.51,2,216,59,31,29,28,4.88,49.67,0,workday,22:32,06:59,35-44,remote,1,0
user_013,2024-01-17,33.79,2,226,60,19,40,20,1.95,74.64,1,workday,22:48,07:11,35-44,remote,1,0
user_013,2024-01-18,60.13,3,159,20,8,24,17,4.13,60.29,1,workday,22:54,07:31,35-44,remote,1,0
user_013,2024-01-19,46.2,2,223,41,31,20,18,5.94,37.08,0,workday,22:07,07:18,35-44,remote,1,0
user_013,2024-01-20,36.26,2,244,60,28,36,27,5.99,51.46,0,weekend,23:24,07:37,35-44,remote,1,0
user_013,2024-01-21,62.88,3,260,46,28,36,25,1.24,66.07,0,weekend,23:16,07:40,35-44,remote,1,0
user_013,2024-01-22,69.2,3,148,26,15,22,10,2.31,61.96,0,workday,23:03,07:48,35-44,remote,1,0
user_013,2024-01-23,45.47,2,233,46,12,32,24,7.36,41.61,0,workday,22:56,06:58,35-44,remote,1,0
user_013,2024-01-24,27.56,2,221,42,31,23,18,4.23,35.99,0,workday,23:46,07:11,35-44,remote,1,0
user_013,2024-01-25,55.5,3,210,35,21,24,16,5.11,56.72,0,workday,23:20,07:20,35-44,remote,1,0
user_013,2024-01-26,35.35,2,207,41,21,24,15,4.89,44.05,0,workday,23:13,07:38,35-44,remote,1,0
user_013,2024-01-27,24.02,1,298,60,5,40,23,3.83,47.75,0,weekend,23:33,07:56,35-44,remote,1,0
user_013,2024-01-28,84.02,4,215,32,11,19,13,1.4,71.34,0,weekend,23:51,07:12,35-44,remote,1,0
user_014,2024-01-01,36.52,2,176,50,21,39,19,8.4,49.96,0,workday,22:20,07:45,45-54,on_site,0,0
user_014,2024-01-02,65.84,3,226,59,33,26,22,5.3,50.22,1,workday,22:05,06:59,45-54,on_site,0,0
user_014,2024-01-03,71.51,3,225,24,14,21,13,7.21,33.48,1,workday,23:09,07:19,45-54,on_site,0,0
user_014,2024-01-04,37.6,2,163,55,15,38,23,7.01,37.95,0,workday,23:29,06:56,45-54,on_site,0,0
user_014,2024-01-05,88.87,4,190,30,18,33,15,6.32,57.61,0,workday,23:54,06:59,45-54,on_site,0,0
user_014,2024-01-06,78.45,4,193,32,8,33,20,1.82,89.83,0,weekend,22:46,08:25,45-54,on_site,0,0
user_014,2024-01-07,63.23,3,147,24,13,32,11,2.32,49.77,0,weekend,22:28,08:25,45-54,on_site,0,0
user_014,2024-01-08,49.44,2,231,43,24,26,20,7.09,56.24,0,workday,23:08,07:01,45-54,on_site,0,0
user_014,2024-01-09,76.44,4,194,30,17,5,14,5.21,50.89,0,workday,22:45,07:06,45-54,on_site,0,0
user_014,2024-01-10,16.63,1,200,33,16,23,14,3.36,64.05,1,workday,22:44,05:45,45-54,on_site,0,0
user_014,2024-01-11,51.68,3,210,33,25,29,18,7.46,74.64,1,workday,23:45,07:02,45-54,on_site,0,0
user_014,2024-01-12,31.96,2,156,49,20,36,18,6.12,52.19,0,workday,23:03,07:03,45-54,on_site,0,0
user_014,2024-01-13,68.28,3,196,40,15,23,12,3.81,60.77,0,weekend,23:25,07:18,45-54,on_site,0,0
user_014,2024-01-14,73.22,3,159,45,17,27,19,2.15,45.77,0,weekend,23:52,07:25,45-54,on_site,0,0
user_014,2024-01-15,34.33,2,211,44,13,38,21,8.93,28.62,0,workday,22:16,06:54,45-54,on_site,0,0
user_014,2024-01-16,51.01,3,205,44,33,28,16,5.65,56.18,1,workday,22:42,07:10,45-54,on_site,0,0
user_014,2024-01-17,12.12,1,256,58,33,35,23,7.34,67.35,1,workday,22:44,06:55,45-54,on_site,0,0
user_014,2024-01-18,58.46,3,263,55,23,45,19,8.23,50.77,0,workday,23:54,06:08,45-54,on_site,0,0
user_014,2024-01-19,52.2,3,257,43,21,34,17,6.2,47.4,0,workday,22:42,07:09,45-54,on_site,0,0
user_014,2024-01-20,68.33,3,195,28,18,20,11,4.26,73.53,0,weekend,22:28,06:58,45-54,on_site,0,0
user_014,2024-01-21,64.82,3,190,34,9,24,17,3.9,46.96,0,weekend,23:05,08:03,45-54,on_site,0,0
user_014,2024-01-22,46.84,2,204,51,21,24,25,7.84,56.92,1,workday,23:40,06:24,45-54,on_site,0,0
user_014,2024-01-23,85.88,4,196,45,25,42,23,7.26,59.66,1,workday,23:30,06:09,45-54,on_site,0,0
user_014,2024-01-24,54.52,3,229,35,15,9,16,4.32,66.77,1,workday,23:03,07:27,45-54,on_site,0,0
user_014,2024-01-25,59.91,3,219,40,8,33,23,5.38,38.97,1,workday,22:35,06:42,45-54,on_site,0,0
user_014,2024-01-26,51.22,3,226,38,27,29,24,5.23,34.24,0,workday,23:16,07:29,45-54,on_site,0,0
user_014,2024-01-27,76.7,4,223,47,5,28,21,3.97,65.64,0,weekend,23:20,07:03,45-54,on_site,0,0
user_014,2024-01-28,49.78,2,205,45,23,30,19,4.48,53.84,0,weekend,23:19,08:52,45-54,on_site,0,0
user_015,2024-01-01,98.7,4,163,44,19,32,24,4.35,79.63,0,workday,22:46,07:17,25-34,hybrid,1,0
user_015,2024-01-02,44.33,2,222,46,22,32,20,5.53,72.93,1,workday,23:23,07:05,25-34,hybrid,1,0
user_015,2024-01-03,62.8,3,220,43,29,30,20,8.34,45.45,0,workday,22:45,07:07,25-34,hybrid,1,0
user_015,2024-01-04,75.33,4,190,36,9,35,15,6.32,57.03,1,workday,22:22,07:23,25-34,hybrid,1,0
user_015,2024-01-05,35.61,2,204,35,26,18,19,6.56,55.75,1,workday,22:24,06:19,25-34,hybrid,1,0
user_015,2024-01-06,54.96,3,238,41,24,30,14,3.57,52.12,0,weekend,23:17,08:12,25-34,hybrid,1,0
user_015,2024-01-07,94.5,4,269,44,26,11,14,3.05,76.47,0,weekend,22:47,07:54,25-34,hybrid,1,0
user_015,2024-01-08,80.46,4,178,36,14,18,17,4.45,49.07,0,workday,23:33,06:48,25-34,hybrid,1,0
user_015,2024-01-09,49.44,2,280,55,39,29,30,6.02,57.41,0,workday,22:42,07:32,25-34,hybrid,1,0
user_015,2024-01-10,71.4,3,158,41,24,21,18,4.54,65.05,0,workday,22:30,07:08,25-34,hybrid,1,0
user_015,2024-01-11,74.54,3,217,36,15,12,14,4.88,58.31,0,workday,22:28,07:46,25-34,hybrid,1,0
user_015,2024-01-12,62.68,3,176,37,11,36,21,5.6,52.62,1,workday,22:22,07:32,25-34,hybrid,1,0
user_015,2024-01-13,79.81,4,238,60,43,41,25,8.44,64.58,0,weekend,23:57,06:50,25-34,hybrid,1,0
user_015,2024-01-14,73.11,3,262,43,6,25,13,3.61,70.05,0,weekend,23:11,07:31,25-34,hybrid,1,0
user_015,2024-01-15,41.35,2,211,50,25,26,21,7.4,50.39,0,workday,22:28,06:08,25-34,hybrid,1,0
user_015,2024-01-16,50.16,3,214,37,16,25,12,4.86,49.13,0,workday,22:32,07:11,25-34,hybrid,1,0
user_015,2024-01-17,85.46,4,189,40,36,25,10,5.32,67.96,0,workday,21:27,07:07,25-34,hybrid,1,0
user_015,2024-01-18,91.84,4,148,20,10,17,15,3.75,67.63,0,workday,22:54,06:20,25-34,hybrid,1,0
user_015,2024-01-19,68.62,3,187,52,43,32,18,4.74,67.44,1,workday,22:36,06:48,25-34,hybrid,1,0
user_015,2024-01-20,85.79,4,217,50,24,32,27,2.31,75.42,0,weekend,23:12,07:41,25-34,hybrid,1,0
user_015,2024-01-21,57.57,3,223,45,17,31,17,3.94,57.44,0,weekend,00:11,08:00,25-34,hybrid,1,0
user_015,2024-01-22,33.28,2,248,45,25,36,19,5.61,37.57,1,workday,22:17,06:54,25-34,hybrid,1,0
user_015,2024-01-23,64.99,3,188,37,8,24,17,2.16,75.19,1,workday,21:56,06:38,25-34,hybrid,1,0
user_015,2024-01-24,63.56,3,217,42,22,16,7,3.99,52.76,0,workday,23:13,07:13,25-34,hybrid,1,0
user_015,2024-01-25,32.28,2,248,60,40,39,30,7.83,50.41,1,workday,22:26,06:55,25-34,hybrid,1,0
user_015,2024-01-26,63.63,3,164,52,22,36,22,4.63,50.24,0,workday,23:29,07:05,25-34,hybrid,1,0
user_015,2024-01-27,49.29,2,248,42,15,30,26,6.8,53.12,1,weekend,22:03,08:00,25-34,hybrid,1,0
user_015,2024-01-28,52.3,3,221,42,23,15,24,4.97,55.09,0,weekend,23:53,07:15,25-34,hybrid,1,0
user_016,2024-01-01,18.67,1,237,46,21,38,23,8.66,52.7,1,workday,23:29,07:00,25-34,hybrid,1,0
user_016,2024-01-02,47.25,2,282,51,12,27,28,6.57,39.8,0,workday,22:56,07:38,25-34,hybrid,1,0
user_016,2024-01-03,75.01,4,184,39,24,13,16,4.85,59.92,0,workday,23:29,06:59,25-34,hybrid,1,0
user_016,2024-01-04,40.95,2,209,52,6,42,22,6.43,53.07,0,workday,21:26,06:17,25-34,hybrid,1,0
user_016,2024-01-05,60.92,3,177,34,19,18,14,5.19,54.11,0,workday,22:50,06:41,25-34,hybrid,1,0
user_016,2024-01-06,40.69,2,274,47,9,27,20,7.84,61.86,0,weekend,23:22,07:57,25-34,hybrid,1,0
user_016,2024-01-07,44.59,2,211,40,15,30,20,1.03,49.98,0,weekend,23:08,08:15,25-34,hybrid,1,0
user_016,2024-01-08,32.54,2,140,34,9,19,15,6.41,47.97,0,workday,23:43,06:40,25-34,hybrid,1,0
user_016,2024-01-09,49.68,2,200,24,4,31,12,3.33,79.74,1,workday,23:11,06:30,25-34,hybrid,1,0
user_016,2024-01-10,45.25,2,263,37,22,30,8,5.08,42.3,1,workday,21:35,06:54,25-34,hybrid,1,0
user_016,2024-01-11,27.85,2,197,44,8,31,18,6.36,34.74,0,workday,23:05,06:33,25-34,hybrid,1,0
user_016,2024-01-12,47.62,2,237,32,12,32,16,6.11,60.36,0,workday,00:18,06:30,25-34,hybrid,1,0
user_016,2024-01-13,66.25,3,217,39,11,24,16,4.79,57.07,0,weekend,23:22,07:31,25-34,hybrid,1,0
user_016,2024-01-14,60.25,3,257,33,15,28,10,2.17,53.63,0,weekend,23:28,07:53,25-34,hybrid,1,0
user_016,2024-01-15,71.05,3,185,9,5,21,10,3.71,63.13,0,workday,22:06,07:00,25-34,hybrid,1,0
user_016,2024-01-16,29.9,2,281,60,18,44,25,4.98,58.51,1,workday,23:09,05:53,25-34,hybrid,1,0
user_016,2024-01-17,50.52,3,226,45,13,16,18,4.02,74.48,0,workday,23:06,07:00,25-34,hybrid,1,0
user_016,2024-01-18,26.34,2,190,39,14,27,24,7.05,34.94,1,workday,22:57,06:44,25-34,hybrid,1,0
user_016,2024-01-19,41.24,2,194,50,15,21,19,6.51,55.6,0,workday,22:18,07:17,25-34,hybrid,1,0
user_016,2024-01-20,59.56,3,270,37,8,31,22,3.38,53.94,0,weekend,23:02,08:03,25-34,hybrid,1,0
user_016,2024-01-21,33.68,2,227,35,19,24,18,1.8,35.59,0,weekend,23:25,08:13,25-34,hybrid,1,0
user_016,2024-01-22,61.38,3,199,28,8,15,19,2.45,46.9,0,workday,22:34,07:10,25-34,hybrid,1,0
user_016,2024-01-23,35.19,2,246,50,18,41,16,6.61,57.02,0,workday,23:03,07:09,25-34,hybrid,1,0
user_016,2024-01-24,42.37,2,221,36,19,28,12,2.47,67.25,1,workday,22:58,07:13,25-34,hybrid,1,0
user_016,2024-01-25,31.06,2,277,44,33,23,22,6.42,59.32,1,workday,22:58,06:58,25-34,hybrid,1,0
user_016,2024-01-26,41.09,2,298,36,8,27,19,4.67,52.24,0,workday,22:48,07:34,25-34,hybrid,1,0
user_016,2024-01-27,34.91,2,196,37,12,19,23,4.53,50.08,0,weekend,00:04,08:26,25-34,hybrid,1,0
user_016,2024-01-28,17.9,1,218,36,17,30,19,6.75,51.89,0,weekend,23:33,08:06,25-34,hybrid,1,0
user_017,2024-01-01,54.83,3,282,44,37,8,15,5.08,52.62,0,workday,23:33,07:10,35-44,remote,0,0
user_017,2024-01-02,29.88,2,235,39,16,36,21,5.67,54.62,0,workday,22:37,07:12,35-44,remote,0,0
user_017,2024-01-03,34.14,2,258,35,26,30,29,6.38,76.07,0,workday,22:23,07:34,35-44,remote,0,0
user_017,2024-01-04,75.51,4,248,50,7,22,18,4.97,67.14,0,workday,22:46,07:00,35-44,remote,0,0
user_017,2024-01-05,17.61,1,285,53,6,33,26,7.42,36.86,1,workday,22:38,07:20,35-44,remote,0,0
user_017,2024-01-06,32.92,2,265,50,31,40,27,5.12,37.55,0,weekend,23:11,07:19,35-44,remote,0,0
user_017,2024-01-07,56.42,3,244,29,13,24,18,2.0,67.64,0,weekend,23:18,07:41,35-44,remote,0,0
user_017,2024-01-08,56.41,3,227,38,25,27,17,6.05,60.93,0,workday,23:49,06:28,35-44,remote,0,0
user_017,2024-01-09,64.94,3,212,35,19,30,13,9.02,50.02,0,workday,22:50,06:55,35-44,remote,0,0
user_017,2024-01-10,33.26,2,249,45,19,33,28,5.69,51.03,0,workday,22:42,07:31,35-44,remote,0,0
user_017,2024-01-11,36.2,2,232,48,12,22,21,5.58,38.47,0,workday,23:44,07:00,35-44,remote,0,0
user_017,2024-01-12,19.48,1,248,37,8,20,26,6.31,35.17,0,workday,22:42,07:16,35-44,remote,0,0
user_017,2024-01-13,74.97,3,226,42,22,29,19,3.06,67.88,0,weekend,22:56,07:53,35-44,remote,0,0
user_017,2024-01-14,48.01,2,199,53,30,30,23,4.46,58.81,0,weekend,23:11,07:47,35-44,remote,0,0
user_017,2024-01-15,39.33,2,219,39,28,28,19,2.66,64.83,1,workday,23:18,07:32,35-44,remote,0,0
user_017,2024-01-16,74.13,3,233,45,22,21,23,3.61,66.71,0,workday,23:16,06:55,35-44,remote,0,0
user_017,2024-01-17,50.81,3,196,39,17,30,19,4.59,65.19,1,workday,23:15,06:20,35-44,remote,0,0
user_017,2024-01-18,52.4,3,228,52,8,45,24,4.44,45.79,0,workday,23:00,06:08,35-44,remote,0,0
user_017,2024-01-19,63.12,3,232,35,16,33,16,4.34,59.51,1,workday,22:52,06:17,35-44,remote,0,0
user_017,2024-01-20,8.85,1,226,27,13,24,14,6.12,41.23,0,weekend,22:39,07:21,35-44,remote,0,0
user_017,2024-01-21,68.17,3,218,26,12,15,10,0.49,100.0,0,weekend,22:48,07:55,35-44,remote,0,0
user_017,2024-01-22,74.14,3,261,30,7,33,12,5.52,60.69,0,workday,23:03,07:05,35-44,remote,0,0
user_017,2024-01-23,54.44,3,209,41,15,20,23,6.06,56.85,0,workday,23:37,06:49,35-44,remote,0,0
user_017,2024-01-24,41.75,2,176,49,16,35,20,5.61,60.0,1,workday,22:57,07:29,35-44,remote,0,0
user_017,2024-01-25,54.07,3,271,48,28,31,22,5.79,55.09,0,workday,22:57,07:09,35-44,remote,0,0
user_017,2024-01-26,27.01,2,233,37,25,36,22,6.57,56.5,1,workday,00:03,07:30,35-44,remote,0,0
user_017,2024-01-27,26.77,2,236,47,15,19,18,2.45,64.39,1,weekend,23:52,07:20,35-44,remote,0,0
user_017,2024-01-28,64.13,3,218,44,43,19,19,4.23,66.18,0,weekend,23:33,07:47,35-44,remote,0,0
user_018,2024-01-01,62.05,3,218,36,6,23,16,5.44,60.88,1,workday,00:02,07:42,18-24,remote,0,0
user_018,2024-01-02,28.62,2,182,28,20,14,14,5.36,49.43,0,workday,22:31,07:26,18-24,remote,0,0
user_018,2024-01-03,79.79,4,224,32,10,21,26,1.92,67.21,0,workday,23:12,07:18,18-24,remote,0,0
user_018,2024-01-04,83.73,4,213,46,30,28,25,5.79,56.6,0,workday,22:36,06:46,18-24,remote,0,0
user_018,2024-01-05,59.85,3,238,42,34,27,17,5.46,66.79,0,workday,23:36,06:47,18-24,remote,0,0
user_018,2024-01-06,92.98,4,225,28,5,7,16,2.15,62.33,0,weekend,23:22,08:28,18-24,remote,0,0
user_018,2024-01-07,65.17,3,179,31,16,16,10,1.13,60.21,0,weekend,23:16,07:38,18-24,remote,0,0
user_018,2024-01-08,47.31,2,220,47,25,42,15,5.34,60.18,0,workday,22:30,08:01,18-24,remote,0,0
user_018,2024-01-09,69.29,3,214,40,15,19,22,4.45,57.76,1,workday,22:19,06:55,18-24,remote,0,0
user_018,2024-01-10,49.97,2,265,42,16,34,27,5.61,55.17,0,workday,21:59,07:14,18-24,remote,0,0
user_018,2024-01-11,47.99,2,219,42,35,20,12,5.08,54.99,1,workday,23:22,06:50,18-24,remote,0,0
user_018,2024-01-12,54.78,3,145,34,19,35,22,5.62,64.2,0,workday,22:48,05:40,18-24,remote,0,0
user_018,2024-01-13,56.54,3,245,54,20,28,24,1.9,68.94,0,weekend,23:26,07:37,18-24,remote,0,0
user_018,2024-01-14,47.41,2,232,57,25,30,21,5.58,70.13,0,weekend,23:56,07:29,18-24,remote,0,0
user_018,2024-01-15,68.81,3,220,32,15,12,26,3.01,71.88,1,workday,22:43,07:27,18-24,remote,0,0
user_018,2024-01-16,45.81,2,202,52,23,38,30,7.53,49.29,0,workday,23:23,07:12,18-24,remote,0,0
user_018,2024-01-17,72.4,3,144,45,37,41,16,2.7,49.57,0,workday,22:45,07:02,18-24,remote,0,0
user_018,2024-01-18,36.32,2,227,54,17,29,22,4.71,68.59,0,workday,23:37,06:54,18-24,remote,0,0
user_018,2024-01-19,60.4,3,175,37,8,22,18,2.44,62.21,0,workday,23:52,06:22,18-24,remote,0,0
user_018,2024-01-20,97.52,4,232,39,18,30,20,1.54,85.12,0,weekend,23:16,08:14,18-24,remote,0,0
user_018,2024-01-21,60.71,3,244,36,22,23,11,2.93,65.41,1,weekend,22:37,08:03,18-24,remote,0,0
user_018,2024-01-22,43.9,2,189,41,19,19,25,4.83,64.63,1,workday,22:04,07:04,18-24,remote,0,0
user_018,2024-01-23,53.92,3,181,29,7,24,21,2.74,46.49,0,workday,23:07,06:27,18-24,remote,0,0
user_018,2024-01-24,30.89,2,278,50,10,47,23,8.59,27.68,0,workday,23:33,06:45,18-24,remote,0,0
user_018,2024-01-25,58.07,3,261,50,23,29,22,7.76,37.27,1,workday,23:55,07:14,18-24,remote,0,0
user_018,2024-01-26,39.25,2,209,40,22,33,24,5.03,71.76,0,workday,22:30,07:59,18-24,remote,0,0
user_018,2024-01-27,55.44,3,228,48,15,36,19,1.77,85.75,0,weekend,23:50,07:36,18-24,remote,0,0
user_018,2024-01-28,77.05,4,251,34,20,31,10,5.16,68.52,0,weekend,23:14,08:27,18-24,remote,0,0
user_019,2024-01-01,88.56,4,145,6,6,0,6,2.51,84.72,0,workday,23:17,07:36,45-54,on_site,1,0
user_019,2024-01-02,62.81,3,131,10,9,13,2,3.0,72.39,0,workday,23:15,06:51,45-54,on_site,1,0
user_019,2024-01-03,51.35,3,159,37,7,12,15,5.91,51.85,0,workday,23:03,06:00,45-54,on_site,1,0
user_019,2024-01-04,41.78,2,129,25,24,21,19,5.92,54.1,1,workday,21:57,07:40,45-54,on_site,1,0
user_019,2024-01-05,29.24,2,162,49,37,41,17,5.48,50.99,1,workday,23:25,07:42,45-54,on_site,1,0
user_019,2024-01-06,89.16,4,182,40,14,30,15,3.51,55.55,0,weekend,23:51,07:43,45-54,on_site,1,0
user_019,2024-01-07,100.0,4,277,37,31,18,16,6.63,65.65,0,weekend,23:20,08:06,45-54,on_site,1,0
user_019,2024-01-08,58.8,3,192,32,18,23,20,6.01,37.32,0,workday,23:36,07:12,45-54,on_site,1,0
user_019,2024-01-09,39.24,2,243,27,24,17,13,4.17,73.13,1,workday,22:34,06:46,45-54,on_site,1,0
user_019,2024-01-10,29.67,2,254,40,20,18,19,4.05,55.68,0,workday,21:59,06:45,45-54,on_site,1,0
user_019,2024-01-11,48.69,2,195,54,28,36,16,4.85,58.36,1,workday,23:02,07:15,45-54,on_site,1,0
user_019,2024-01-12,54.08,3,175,27,0,18,17,6.11,61.48,0,workday,23:04,06:44,45-54,on_site,1,0
user_019,2024-01-13,57.39,3,184,35,21,18,9,5.21,62.05,0,weekend,23:57,06:52,45-54,on_site,1,0
user_019,2024-01-14,64.75,3,184,41,23,31,20,6.04,52.69,0,weekend,00:24,07:25,45-54,on_site,1,0
user_019,2024-01-15,56.67,3,183,54,33,24,21,4.05,77.72,0,workday,22:49,08:06,45-54,on_site,1,0
user_019,2024-01-16,24.62,1,232,27,5,26,12,5.19,58.72,0,workday,23:20,06:45,45-54,on_site,1,0
user_019,2024-01-17,61.79,3,177,21,15,16,20,3.09,44.15,1,workday,22:38,06:34,45-54,on_site,1,0
user_019,2024-01-18,50.66,3,148,35,16,23,13,0.0,69.33,0,workday,22:54,07:06,45-54,on_site,1,0
user_019,2024-01-19,52.03,3,170,26,5,24,15,4.9,41.29,0,workday,23:14,06:55,45-54,on_site,1,0
user_019,2024-01-20,30.37,2,224,39,23,34,15,2.94,47.47,0,weekend,23:50,07:16,45-54,on_site,1,0
user_019,2024-01-21,43.29,2,181,43,25,13,19,4.09,47.64,0,weekend,23:28,07:40,45-54,on_site,1,0
user_019,2024-01-22,37.82,2,228,40,9,30,10,3.87,59.39,0,workday,23:03,06:59,45-54,on_site,1,0
user_019,2024-01-23,45.58,2,213,28,9,16,18,6.6,45.33,0,workday,22:20,07:11,45-54,on_site,1,0
user_019,2024-01-24,17.13,1,188,34,11,29,17,4.23,58.22,0,workday,22:36,07:18,45-54,on_site,1,0
user_019,2024-01-25,0.0,1,190,60,39,32,21,6.66,28.51,0,workday,22:53,07:24,45-54,on_site,1,0
user_019,2024-01-26,53.89,3,210,31,18,18,16,5.43,47.23,0,workday,22:33,07:45,45-54,on_site,1,0
user_019,2024-01-27,73.54,3,187,34,9,44,13,3.55,51.81,0,weekend,22:32,08:03,45-54,on_site,1,0
user_019,2024-01-28,63.77,3,192,34,14,37,17,3.04,76.69,0,weekend,23:43,07:50,45-54,on_site,1,0
user_020,2024-01-01,49.2,2,202,49,13,24,23,7.27,56.41,1,workday,22:31,06:40,35-44,hybrid,1,1
user_020,2024-01-02,57.71,3,225,24,5,10,16,3.44,60.77,0,workday,21:59,07:57,35-44,hybrid,1,1
user_020,2024-01-03,43.31,2,227,33,16,17,16,4.87,63.45,1,workday,22:11,06:36,35-44,hybrid,1,1
user_020,2024-01-04,62.52,3,183,27,7,11,7,4.39,60.89,0,workday,23:08,06:36,35-44,hybrid,1,1
user_020,2024-01-05,83.24,4,195,60,33,31,30,3.48,61.72,1,workday,23:18,07:04,35-44,hybrid,1,1
user_020,2024-01-06,98.87,4,156,20,9,11,9,1.05,76.19,0,weekend,23:04,08:54,35-44,hybrid,1,1
user_020,2024-01-07,80.77,4,221,35,21,31,16,3.62,57.66,0,weekend,23:29,06:55,35-44,hybrid,1,1
user_020,2024-01-08,62.82,3,176,13,6,13,10,4.75,77.71,0,workday,23:20,07:09,35-44,hybrid,1,1
user_020,2024-01-09,39.63,2,140,49,26,37,27,8.87,39.37,0,workday,23:34,06:58,35-44,hybrid,1,1
user_020,2024-01-10,55.61,3,166,26,5,43,17,5.74,50.32,0,workday,22:30,07:00,35-44,hybrid,1,1
user_020,2024-01-11,23.83,1,153,24,6,16,17,4.07,74.97,1,workday,22:45,06:48,35-44,hybrid,1,1
user_020,2024-01-12,72.81,3,216,28,17,31,4,5.57,67.09,1,workday,22:36,07:27,35-44,hybrid,1,1
user_020,2024-01-13,53.35,3,272,36,19,35,17,5.61,59.19,0,weekend,23:43,07:23,35-44,hybrid,1,1
user_020,2024-01-14,71.93,3,223,60,41,42,25,5.24,52.05,0,weekend,00:03,08:13,35-44,hybrid,1,1
user_020,2024-01-15,51.01,3,255,60,28,24,28,8.75,31.62,0,workday,23:16,07:02,35-44,hybrid,1,1
user_020,2024-01-16,50.9,3,219,57,29,38,23,5.09,34.19,1,workday,22:50,06:29,35-44,hybrid,1,1
user_020,2024-01-17,61.56,3,231,54,12,47,30,5.33,48.56,1,workday,23:14,07:21,35-44,hybrid,1,1
user_020,2024-01-18,58.93,3,268,52,32,29,26,10.0,25.68,0,workday,23:36,07:18,35-44,hybrid,1,1
user_020,2024-01-19,24.21,1,296,60,20,32,23,2.82,55.01,1,workday,23:47,06:39,35-44,hybrid,1,1
user_020,2024-01-20,54.84,3,263,54,32,32,30,4.91,44.04,0,weekend,00:22,07:59,35-44,hybrid,1,1
user_020,2024-01-21,68.7,3,220,35,11,31,22,5.39,60.69,0,weekend,23:22,07:55,35-44,hybrid,1,1
user_020,2024-01-22,20.57,1,257,45,13,23,22,8.26,22.63,0,workday,23:02,06:56,35-44,hybrid,1,1
user_020,2024-01-23,56.89,3,272,60,39,23,21,10.0,34.58,1,workday,23:24,06:53,35-44,hybrid,1,1
user_020,2024-01-24,11.86,1,279,42,19,27,26,6.89,42.26,0,workday,22:19,06:52,35-44,hybrid,1,1
user_020,2024-01-25,49.44,2,258,43,24,14,9,6.21,55.26,0,workday,22:53,07:08,35-44,hybrid,1,1
user_020,2024-01-26,16.32,1,243,60,24,37,25,9.45,46.79,1,workday,23:10,07:16,35-44,hybrid,1,1
user_020,2024-01-27,76.46,4,158,39,2,20,9,4.18,56.63,0,weekend,23:31,07:58,35-44,hybrid,1,1
user_020,2024-01-28,78.56,4,192,35,17,13,17,5.53,52.63,0,weekend,23:12,07:32,35-44,hybrid,1,1
user_021,2024-01-01,14.93,1,177,29,9,6,18,4.31,53.81,1,workday,23:17,07:37,35-44,remote,0,1
user_021,2024-01-02,40.96,2,206,31,19,15,16,3.05,66.26,0,workday,21:51,07:02,35-44,remote,0,1
user_021,2024-01-03,23.77,1,279,56,13,42,13,6.7,32.71,1,workday,21:59,06:35,35-44,remote,0,1
user_021,2024-01-04,27.01,2,247,59,7,37,28,9.83,37.31,1,workday,23:11,07:17,35-44,remote,0,1
user_021,2024-01-05,25.62,2,209,26,19,8,14,5.02,72.0,0,workday,22:10,06:53,35-44,remote,0,1
user_021,2024-01-06,29.95,2,241,29,12,39,9,2.67,69.68,0,weekend,23:51,08:03,35-44,remote,0,1
user_021,2024-01-07,0.0,1,200,52,20,40,22,7.01,52.24,1,weekend,23:53,07:19,35-44,remote,0,1
user_021,2024-01-08,9.89,1,146,27,20,30,0,3.05,63.3,1,workday,23:12,08:09,35-44,remote,0,1
user_021,2024-01-09,28.16,2,229,50,17,38,27,1.42,65.02,0,workday,22:58,06:00,35-44,remote,0,1
user_021,2024-01-10,35.53,2,219,28,13,29,19,3.63,53.74,0,workday,23:15,07:38,35-44,remote,0,1
user_021,2024-01-11,57.38,3,186,52,16,38,11,1.26,72.55,0,workday,23:32,07:02,35-44,remote,0,1
user_021,2024-01-12,32.41,2,239,37,23,32,9,1.83,65.75,0,workday,22:48,07:12,35-44,remote,0,1
user_021,2024-01-13,19.82,1,219,20,8,36,7,3.0,63.85,0,weekend,22:42,07:22,35-44,remote,0,1
user_021,2024-01-14,44.71,2,253,60,15,39,23,4.41,80.44,0,weekend,23:00,07:42,35-44,remote,0,1
user_021,2024-01-15,51.67,3,203,46,36,21,24,5.34,39.34,0,workday,22:29,07:04,35-44,remote,0,1
user_021,2024-01-16,0.0,1,180,28,4,9,15,6.95,55.43,0,workday,22:56,06:44,35-44,remote,0,1
user_021,2024-01-17,0.0,1,215,32,18,35,16,8.34,29.07,0,workday,22:35,06:35,35-44,remote,0,1
user_021,2024-01-18,15.83,1,164,39,5,25,14,4.84,51.84,0,workday,22:34,07:23,35-44,remote,0,1
user_021,2024-01-19,0.0,1,243,44,37,42,30,10.0,33.98,1,workday,22:57,07:22,35-44,remote,0,1
user_021,2024-01-20,44.5,2,211,35,11,23,11,0.14,63.7,0,weekend,00:52,07:47,35-44,remote,0,1
user_021,2024-01-21,16.72,1,252,44,27,19,14,2.65,76.76,0,weekend,22:33,08:05,35-44,remote,0,1
user_021,2024-01-22,14.3,1,212,40,17,24,15,4.26,58.54,1,workday,22:10,06:46,35-44,remote,0,1
user_021,2024-01-23,0.0,1,226,58,23,32,27,7.65,38.86,0,workday,23:25,07:24,35-44,remote,0,1
user_021,2024-01-24,14.86,1,263,40,10,26,18,5.18,40.54,1,workday,22:04,06:55,35-44,remote,0,1
user_021,2024-01-25,12.89,1,172,45,22,26,23,5.97,51.88,1,workday,22:19,06:14,35-44,remote,0,1
user_021,2024-01-26,0.0,1,279,57,15,31,24,8.34,55.5,0,workday,23:06,07:33,35-44,remote,0,1
user_021,2024-01-27,22.28,1,258,36,12,23,29,4.27,45.09,1,weekend,23:01,07:03,35-44,remote,0,1
user_021,2024-01-28,10.69,1,226,48,20,25,27,4.08,56.91,0,weekend,00:18,08:32,35-44,remote,0,1
user_022,2024-01-01,48.43,2,158,22,9,15,10,0.33,72.8,1,workday,23:15,07:28,25-34,hybrid,1,0
user_022,2024-01-02,50.84,3,178,31,8,21,20,5.6,54.29,0,workday,22:39,06:20,25-34,hybrid,1,0
user_022,2024-01-03,14.23,1,250,35,12,25,15,5.03,51.06,1,workday,23:34,07:30,25-34,hybrid,1,0
user_022,2024-01-04,19.57,1,221,55,23,29,26,7.52,40.1,0,workday,22:21,07:24,25-34,hybrid,1,0
user_022,2024-01-05,21.2,1,206,36,10,15,16,8.01,39.16,1,workday,22:48,05:56,25-34,hybrid,1,0
user_022,2024-01-06,28.47,2,203,34,11,36,17,5.95,43.33,0,weekend,23:00,07:04,25-34,hybrid,1,0
user_022,2024-01-07,43.29,2,208,55,22,31,21,7.92,54.16,0,weekend,23:39,07:47,25-34,hybrid,1,0
user_022,2024-01-08,20.54,1,200,49,19,20,17,6.85,56.03,1,workday,22:15,06:49,25-34,hybrid,1,0
user_022,2024-01-09,19.22,1,236,43,12,17,19,7.53,60.43,1,workday,23:59,07:17,25-34,hybrid,1,0
user_022,2024-01-10,39.26,2,170,27,9,28,11,3.41,55.76,0,workday,22:29,06:37,25-34,hybrid,1,0
user_022,2024-01-11,39.29,2,262,27,8,19,11,3.67,64.89,0,workday,23:22,06:59,25-34,hybrid,1,0
user_022,2024-01-12,40.44,2,200,51,16,39,24,5.76,51.15,0,workday,23:14,07:20,25-34,hybrid,1,0
user_022,2024-01-13,27.87,2,236,54,33,28,26,4.03,61.55,0,weekend,23:46,07:39,25-34,hybrid,1,0
user_022,2024-01-14,20.48,1,248,55,20,36,19,2.55,74.12,0,weekend,23:31,08:41,25-34,hybrid,1,0
user_022,2024-01-15,0.0,1,210,50,24,28,24,6.15,45.87,1,workday,22:37,06:16,25-34,hybrid,1,0
user_022,2024-01-16,26.03,2,249,48,40,26,14,5.42,45.42,0,workday,22:29,07:31,25-34,hybrid,1,0
user_022,2024-01-17,29.15,2,277,45,22,30,24,8.23,38.03,1,workday,22:28,07:29,25-34,hybrid,1,0
user_022,2024-01-18,41.46,2,222,43,29,28,12,3.53,45.42,1,workday,23:33,06:40,25-34,hybrid,1,0
user_022,2024-01-19,55.85,3,250,28,18,10,11,1.34,63.48,0,workday,23:09,06:56,25-34,hybrid,1,0
user_022,2024-01-20,20.54,1,276,60,42,22,26,5.19,54.74,0,weekend,23:58,07:23,25-34,hybrid,1,0
user_022,2024-01-21,13.67,1,243,55,19,39,29,4.71,61.53,0,weekend,23:33,07:35,25-34,hybrid,1,0
user_022,2024-01-22,25.45,2,249,37,11,35,23,7.58,52.72,1,workday,23:50,07:27,25-34,hybrid,1,0
user_022,2024-01-23,53.58,3,155,31,31,28,21,3.27,72.21,0,workday,23:34,06:36,25-34,hybrid,1,0
user_022,2024-01-24,48.87,2,196,42,6,34,26,5.79,64.74,0,workday,00:03,07:14,25-34,hybrid,1,0
user_022,2024-01-25,13.52,1,136,29,19,18,14,5.71,58.01,0,workday,23:15,06:53,25-34,hybrid,1,0
user_022,2024-01-26,34.43,2,213,39,27,16,16,5.47,67.41,0,workday,22:37,07:35,25-34,hybrid,1,0
user_022,2024-01-27,30.49,2,260,53,12,25,27,5.42,63.05,0,weekend,23:17,06:42,25-34,hybrid,1,0
user_022,2024-01-28,23.28,1,208,52,26,25,24,5.13,58.08,0,weekend,00:13,07:54,25-34,hybrid,1,0
user_023,2024-01-01,48.04,2,203,28,2,22,8,3.92,59.96,0,workday,22:12,06:54,55+,hybrid,0,0
user_023,2024-01-02,60.0,3,218,33,2,24,11,5.73,54.76,0,workday,22:35,07:19,55+,hybrid,0,0
user_023,2024-01-03,47.63,2,209,43,15,32,20,3.68,66.89,0,workday,23:22,07:42,55+,hybrid,0,0
user_023,2024-01-04,32.34,2,172,44,12,36,8,5.58,55.02,1,workday,00:01,06:51,55+,hybrid,0,0
user_023,2024-01-05,1.36,1,223,60,25,36,22,6.6,44.35,1,workday,22:50,06:47,55+,hybrid,0,0
user_023,2024-01-06,72.79,3,223,43,5,21,14,3.76,51.35,0,weekend,23:16,07:49,55+,hybrid,0,0
user_023,2024-01-07,50.72,3,201,50,25,13,20,4.18,68.19,0,weekend,23:55,08:04,55+,hybrid,0,0
user_023,2024-01-08,25.32,2,257,36,21,34,22,4.1,55.07,0,workday,22:53,06:53,55+,hybrid,0,0
user_023,2024-01-09,20.49,1,183,45,32,22,24,6.48,59.65,1,workday,23:23,06:08,55+,hybrid,0,0
user_023,2024-01-10,47.26,2,141,28,8,32,17,3.07,70.11,0,workday,22:43,06:53,55+,hybrid,0,0
user_023,2024-01-11,34.77,2,186,34,14,21,16,2.39,75.33,1,workday,22:48,07:25,55+,hybrid,0,0
user_023,2024-01-12,24.22,1,250,47,27,34,26,5.3,51.4,0,workday,22:58,07:34,55+,hybrid,0,0
user_023,2024-01-13,34.89,2,218,34,23,26,19,5.84,60.89,1,weekend,22:59,07:01,55+,hybrid,0,0
user_023,2024-01-14,61.19,3,220,56,5,38,21,1.23,61.6,0,weekend,22:33,07:44,55+,hybrid,0,0
user_023,2024-01-15,41.65,2,191,55,18,31,16,4.9,74.5,0,workday,23:59,07:24,55+,hybrid,0,0
user_023,2024-01-16,48.13,2,182,13,9,16,1,3.59,77.38,1,workday,23:04,06:56,55+,hybrid,0,0
user_023,2024-01-17,37.4,2,267,45,15,31,22,3.66,74.39,1,workday,23:55,07:57,55+,hybrid,0,0
user_023,2024-01-18,54.23,3,229,53,28,35,25,6.44,46.77,0,workday,22:37,06:44,55+,hybrid,0,0
user_023,2024-01-19,20.93,1,250,57,44,30,30,5.02,55.34,0,workday,23:54,07:41,55+,hybrid,0,0
user_023,2024-01-20,48.04,2,201,55,23,35,27,5.19,86.49,0,weekend,23:18,07:38,55+,hybrid,0,0
user_023,2024-01-21,93.54,4,176,32,11,29,9,4.57,66.56,0,weekend,22:48,07:40,55+,hybrid,0,0
user_023,2024-01-22,37.02,2,200,32,22,35,18,5.82,54.31,1,workday,00:13,07:05,55+,hybrid,0,0
user_023,2024-01-23,23.32,1,210,33,24,22,16,7.15,60.35,1,workday,22:52,06:16,55+,hybrid,0,0
user_023,2024-01-24,49.6,2,277,60,42,41,27,5.69,67.62,0,workday,23:35,07:35,55+,hybrid,0,0
user_023,2024-01-25,14.02,1,191,43,24,31,18,5.25,43.52,1,workday,23:01,07:11,55+,hybrid,0,0
user_023,2024-01-26,53.42,3,157,21,7,17,23,4.89,52.05,0,workday,22:35,06:56,55+,hybrid,0,0
user_023,2024-01-27,64.44,3,190,44,14,32,13,7.08,40.52,0,weekend,22:50,07:30,55+,hybrid,0,0
user_023,2024-01-28,26.19,2,199,53,20,30,27,5.78,85.99,0,weekend,23:46,08:05,55+,hybrid,0,0
user_024,2024-01-01,0.0,1,239,41,14,26,21,4.03,66.49,0,workday,22:33,07:12,45-54,on_site,1,0
user_024,2024-01-02,7.41,1,179,32,15,20,11,4.27,65.45,0,workday,22:56,07:09,45-54,on_site,1,0
user_024,2024-01-03,0.0,1,216,51,48,44,18,6.59,65.79,1,workday,22:53,07:34,45-54,on_site,1,0
user_024,2024-01-04,10.61,1,196,33,15,20,13,1.96,80.09,0,workday,22:36,06:32,45-54,on_site,1,0
user_024,2024-01-05,21.56,1,203,39,13,21,17,5.55,40.11,0,workday,23:15,07:32,45-54,on_site,1,0
user_024,2024-01-06,16.24,1,201,53,18,38,14,4.87,45.3,1,weekend,22:20,08:04,45-54,on_site,1,0
user_024,2024-01-07,26.36,2,209,57,36,31,23,5.72,45.8,0,weekend,23:32,07:11,45-54,on_site,1,0
user_024,2024-01-08,24.89,1,267,34,6,19,11,6.22,44.18,0,workday,23:21,07:38,45-54,on_site,1,0
user_024,2024-01-09,35.16,2,162,24,4,19,6,0.81,68.0,0,workday,21:26,06:16,45-54,on_site,1,0
user_024,2024-01-10,0.0,1,229,60,33,33,29,9.34,22.55,1,workday,23:38,07:01,45-54,on_site,1,0
user_024,2024-01-11,18.92,1,177,37,20,26,12,2.51,71.57,1,workday,23:14,06:54,45-54,on_site,1,0
user_024,2024-01-12,0.0,1,179,51,37,37,18,8.54,52.44,0,workday,22:15,06:53,45-54,on_site,1,0
user_024,2024-01-13,40.53,2,183,28,7,28,11,4.07,45.39,0,weekend,22:53,07:56,45-54,on_site,1,0
user_024,2024-01-14,3.2,1,248,37,20,19,19,4.97,40.81,0,weekend,23:42,07:28,45-54,on_site,1,0
user_024,2024-01-15,3.76,1,197,38,33,27,11,5.61,60.8,0,workday,22:38,06:36,45-54,on_site,1,0
user_024,2024-01-16,0.0,1,212,60,23,39,21,7.0,32.8,0,workday,22:52,07:19,45-54,on_site,1,0
user_024,2024-01-17,19.95,1,201,55,25,17,19,5.87,63.83,1,workday,22:25,07:25,45-54,on_site,1,0
user_024,2024-01-18,22.62,1,261,36,6,35,20,4.07,44.14,0,workday,22:15,07:32,45-54,on_site,1,0
user_024,2024-01-19,24.18,1,144,10,3,12,11,2.67,43.92,1,workday,22:55,07:08,45-54,on_site,1,0
user_024,2024-01-20,8.78,1,243,44,34,34,25,8.9,39.03,1,weekend,23:36,07:28,45-54,on_site,1,0
user_024,2024-01-21,20.82,1,267,49,25,31,30,5.94,52.69,0,weekend,23:13,08:02,45-54,on_site,1,0
user_024,2024-01-22,33.27,2,208,46,13,28,25,7.53,48.69,0,workday,23:37,07:30,45-54,on_site,1,0
user_024,2024-01-23,38.45,2,215,38,30,19,15,5.94,52.84,0,workday,23:57,07:28,45-54,on_site,1,0
user_024,2024-01-24,15.17,1,228,55,11,37,21,7.37,55.97,0,workday,23:44,06:47,45-54,on_site,1,0
user_024,2024-01-25,29.99,2,186,26,11,26,14,4.26,74.13,0,workday,22:18,08:12,45-54,on_site,1,0
user_024,2024-01-26,36.94,2,201,42,26,32,11,5.65,53.79,0,workday,23:45,08:56,45-54,on_site,1,0
user_024,2024-01-27,2.76,1,248,36,8,26,13,5.96,48.26,1,weekend,23:05,07:03,45-54,on_site,1,0
user_024,2024-01-28,34.81,2,152,28,21,23,12,2.36,74.41,0,weekend,22:30,07:44,45-54,on_site,1,0
user_025,2024-01-01,25.1,2,182,32,22,12,16,3.06,79.71,0,workday,23:21,06:56,45-54,remote,1,0
user_025,2024-01-02,38.44,2,300,45,32,21,23,6.52,57.43,0,workday,22:40,06:39,45-54,remote,1,0
user_025,2024-01-03,55.6,3,227,34,6,25,16,5.37,58.69,0,workday,22:45,06:53,45-54,remote,1,0
user_025,2024-01-04,24.15,1,244,51,20,24,23,8.38,52.54,1,workday,22:45,06:44,45-54,remote,1,0
user_025,2024-01-05,27.98,2,268,60,49,38,25,8.5,63.86,1,workday,00:02,06:29,45-54,remote,1,0
user_025,2024-01-06,34.95,2,218,48,30,33,18,5.09,40.52,0,weekend,00:36,06:48,45-54,remote,1,0
user_025,2024-01-07,55.19,3,191,35,9,19,15,2.14,57.17,1,weekend,00:47,08:03,45-54,remote,1,0
user_025,2024-01-08,18.45,1,271,55,23,36,19,8.22,64.29,0,workday,23:11,07:05,45-54,remote,1,0
user_025,2024-01-09,23.4,1,198,42,29,24,14,6.83,55.48,1,workday,23:20,06:38,45-54,remote,1,0
user_025,2024-01-10,47.52,2,208,33,13,33,9,4.93,56.38,0,workday,23:02,06:47,45-54,remote,1,0
user_025,2024-01-11,39.76,2,184,29,8,30,14,2.37,77.37,0,workday,23:06,06:59,45-54,remote,1,0
user_025,2024-01-12,66.59,3,223,44,8,30,30,4.19,60.43,0,workday,22:58,06:32,45-54,remote,1,0
user_025,2024-01-13,50.23,3,218,23,17,21,16,2.23,62.71,0,weekend,22:06,08:01,45-54,remote,1,0
user_025,2024-01-14,46.93,2,238,28,7,31,19,3.64,44.43,0,weekend,22:45,07:02,45-54,remote,1,0
user_025,2024-01-15,43.26,2,193,41,10,28,11,4.05,59.06,1,workday,23:04,07:25,45-54,remote,1,0
user_025,2024-01-16,38.07,2,235,41,16,38,12,4.96,59.37,0,workday,22:48,07:01,45-54,remote,1,0
user_025,2024-01-17,45.33,2,256,53,24,27,26,2.51,91.77,0,workday,22:37,06:53,45-54,remote,1,0
user_025,2024-01-18,0.0,1,266,49,36,18,20,5.42,53.22,1,workday,22:10,06:58,45-54,remote,1,0
user_025,2024-01-19,26.36,2,212,40,14,28,18,4.71,60.06,1,workday,22:53,06:52,45-54,remote,1,0
user_025,2024-01-20,40.54,2,207,32,11,33,18,2.55,60.92,1,weekend,00:26,07:39,45-54,remote,1,0
user_025,2024-01-21,35.19,2,214,46,14,18,20,4.18,67.2,0,weekend,01:06,07:46,45-54,remote,1,0
user_025,2024-01-22,44.75,2,190,39,22,28,19,2.96,66.16,0,workday,22:59,06:37,45-54,remote,1,0
user_025,2024-01-23,23.64,1,267,60,19,27,20,6.58,25.52,1,workday,23:04,06:28,45-54,remote,1,0
user_025,2024-01-24,29.99,2,221,50,14,21,22,4.59,58.95,0,workday,22:16,07:27,45-54,remote,1,0
user_025,2024-01-25,38.36,2,233,21,7,13,15,7.25,53.33,1,workday,23:12,07:30,45-54,remote,1,0
user_025,2024-01-26,26.92,2,197,38,16,38,18,6.76,78.19,1,workday,21:50,07:07,45-54,remote,1,0
user_025,2024-01-27,43.4,2,206,41,9,18,19,5.17,61.73,0,weekend,00:23,06:19,45-54,remote,1,0
user_025,2024-01-28,0.36,1,235,51,17,21,19,5.78,49.13,0,weekend,00:45,07:23,45-54,remote,1,0
user_026,2024-01-01,26.51,2,269,60,16,31,18,4.31,69.19,1,workday,23:01,07:20,18-24,on_site,0,0
user_026,2024-01-02,50.17,3,190,31,8,29,12,3.15,56.64,0,workday,22:52,06:23,18-24,on_site,0,0
user_026,2024-01-03,33.38,2,200,55,46,35,19,5.35,46.85,0,workday,22:55,07:20,18-24,on_site,0,0
user_026,2024-01-04,18.38,1,220,41,19,26,17,5.99,59.17,1,workday,22:42,06:56,18-24,on_site,0,0
user_026,2024-01-05,19.1,1,134,41,19,27,9,5.48,56.35,1,workday,22:45,06:44,18-24,on_site,0,0
user_026,2024-01-06,40.52,2,246,41,11,23,16,3.98,39.06,0,weekend,23:08,07:42,18-24,on_site,0,0
user_026,2024-01-07,49.83,2,143,31,5,31,19,2.86,71.84,0,weekend,22:34,07:59,18-24,on_site,0,0
user_026,2024-01-08,1.88,1,179,48,13,47,21,7.85,54.52,1,workday,22:48,07:02,18-24,on_site,0,0
user_026,2024-01-09,31.6,2,140,32,20,11,14,5.3,74.31,1,workday,22:57,06:38,18-24,on_site,0,0
user_026,2024-01-10,45.5,2,160,37,21,24,16,4.53,52.88,1,workday,22:32,06:49,18-24,on_site,0,0
user_026,2024-01-11,31.42,2,193,52,25,33,19,7.16,40.71,1,workday,23:45,06:48,18-24,on_site,0,0
user_026,2024-01-12,39.84,2,164,44,24,41,18,4.24,62.06,0,workday,23:01,07:01,18-24,on_site,0,0
user_026,2024-01-13,73.05,3,167,44,17,21,20,2.74,62.56,0,weekend,23:00,08:19,18-24,on_site,0,0
user_026,2024-01-14,23.76,1,260,23,23,15,17,3.82,62.78,0,weekend,23:18,07:45,18-24,on_site,0,0
user_026,2024-01-15,49.37,2,205,41,27,18,19,4.08,64.89,0,workday,23:03,07:34,18-24,on_site,0,0
user_026,2024-01-16,47.01,2,211,45,18,30,24,7.37,38.3,1,workday,22:34,07:10,18-24,on_site,0,0
user_026,2024-01-17,9.39,1,212,45,33,26,26,5.73,66.26,1,workday,22:15,07:22,18-24,on_site,0,0
user_026,2024-01-18,40.75,2,197,31,8,18,15,2.02,72.06,1,workday,23:06,07:14,18-24,on_site,0,0
user_026,2024-01-19,41.4,2,222,45,29,19,16,5.61,32.05,0,workday,22:40,06:34,18-24,on_site,0,0
user_026,2024-01-20,52.9,3,206,40,19,35,21,5.81,66.66,0,weekend,23:05,06:51,18-24,on_site,0,0
user_026,2024-01-21,49.71,2,168,19,9,6,14,2.89,44.27,0,weekend,23:13,07:41,18-24,on_site,0,0
user_026,2024-01-22,30.91,2,169,26,23,20,15,4.12,70.56,1,workday,23:05,07:03,18-24,on_site,0,0
user_026,2024-01-23,53.57,3,212,55,21,37,20,5.61,45.44,0,workday,22:48,06:44,18-24,on_site,0,0
user_026,2024-01-24,35.9,2,209,25,3,13,10,2.9,83.03,1,workday,23:55,06:34,18-24,on_site,0,0
user_026,2024-01-25,68.46,3,159,30,4,17,9,3.37,64.64,0,workday,23:15,06:47,18-24,on_site,0,0
user_026,2024-01-26,26.74,2,194,31,14,29,17,5.34,62.83,0,workday,22:46,07:26,18-24,on_site,0,0
user_026,2024-01-27,64.88,3,173,38,17,13,17,2.38,85.85,0,weekend,23:29,08:13,18-24,on_site,0,0
user_026,2024-01-28,54.09,3,156,32,10,22,19,4.1,51.7,0,weekend,23:41,07:37,18-24,on_site,0,0
user_027,2024-01-01,67.35,3,236,35,16,36,18,1.79,63.54,0,workday,22:58,07:30,25-34,remote,1,1
user_027,2024-01-02,28.78,2,221,46,43,21,13,4.09,65.66,1,workday,22:43,06:39,25-34,remote,1,1
user_027,2024-01-03,41.1,2,273,46,29,40,21,6.47,70.96,1,workday,22:52,06:20,25-34,remote,1,1
user_027,2024-01-04,70.23,3,246,50,11,36,27,5.86,55.48,0,workday,23:41,07:34,25-34,remote,1,1
user_027,2024-01-05,27.56,2,300,60,30,34,12,6.31,58.72,0,workday,23:42,06:55,25-34,remote,1,1
user_027,2024-01-06,62.41,3,185,43,20,18,20,3.72,92.63,0,weekend,23:06,07:20,25-34,remote,1,1
user_027,2024-01-07,28.13,2,223,47,20,46,21,6.15,69.4,1,weekend,00:16,08:06,25-34,remote,1,1
user_027,2024-01-08,34.73,2,300,58,23,32,18,6.62,52.6,0,workday,23:01,06:42,25-34,remote,1,1
user_027,2024-01-09,46.97,2,238,46,10,36,15,6.08,47.11,0,workday,22:53,07:42,25-34,remote,1,1
user_027,2024-01-10,22.31,1,300,44,21,31,22,4.69,62.77,0,workday,22:41,07:29,25-34,remote,1,1
user_027,2024-01-11,36.8,2,203,42,29,35,13,2.79,75.92,0,workday,22:56,06:32,25-34,remote,1,1
user_027,2024-01-12,100.0,4,211,17,6,19,7,4.02,53.01,0,workday,23:54,07:05,25-34,remote,1,1
user_027,2024-01-13,46.2,2,220,60,34,29,12,2.7,50.54,0,weekend,00:36,08:01,25-34,remote,1,1
user_027,2024-01-14,66.57,3,257,45,19,24,30,8.31,56.5,0,weekend,22:39,08:18,25-34,remote,1,1
user_027,2024-01-15,63.78,3,214,40,18,23,12,3.31,51.36,0,workday,23:44,06:28,25-34,remote,1,1
user_027,2024-01-16,37.68,2,218,43,15,11,26,5.4,49.69,0,workday,00:06,07:41,25-34,remote,1,1
user_027,2024-01-17,31.09,2,260,60,15,23,30,6.89,48.39,0,workday,23:14,06:45,25-34,remote,1,1
user_027,2024-01-18,31.77,2,234,46,32,40,15,3.57,62.68,1,workday,22:34,06:23,25-34,remote,1,1
user_027,2024-01-19,38.61,2,235,58,20,30,22,8.22,41.85,1,workday,22:16,06:57,25-34,remote,1,1
user_027,2024-01-20,47.98,2,158,27,22,26,9,1.16,77.72,1,weekend,23:03,07:42,25-34,remote,1,1
user_027,2024-01-21,65.16,3,238,23,15,30,11,3.71,59.9,0,weekend,23:23,07:56,25-34,remote,1,1
user_027,2024-01-22,36.66,2,223,47,38,25,30,8.03,47.09,0,workday,23:00,06:18,25-34,remote,1,1
user_027,2024-01-23,31.5,2,214,38,8,42,14,9.46,54.14,0,workday,23:12,06:36,25-34,remote,1,1
user_027,2024-01-24,76.81,4,224,38,17,22,16,3.73,87.04,0,workday,22:46,06:48,25-34,remote,1,1
user_027,2024-01-25,49.25,2,228,46,23,22,22,1.4,77.01,1,workday,22:49,07:33,25-34,remote,1,1
user_027,2024-01-26,0.0,1,186,49,40,35,12,3.48,28.01,1,workday,23:02,06:27,25-34,remote,1,1
user_027,2024-01-27,43.71,2,262,26,11,0,21,3.85,69.23,1,weekend,22:31,07:55,25-34,remote,1,1
user_027,2024-01-28,74.61,3,204,25,15,16,15,3.28,63.69,0,weekend,23:27,07:21,25-34,remote,1,1
user_028,2024-01-01,86.1,4,217,31,24,21,11,6.5,38.5,0,workday,23:00,06:50,18-24,hybrid,1,1
user_028,2024-01-02,58.99,3,200,42,16,38,23,4.89,43.73,0,workday,22:39,06:54,18-24,hybrid,1,1
user_028,2024-01-03,42.1,2,250,41,23,20,21,6.5,57.71,0,workday,22:15,07:13,18-24,hybrid,1,1
user_028,2024-01-04,71.72,3,212,41,17,16,13,4.36,51.82,1,workday,22:45,06:22,18-24,hybrid,1,1
user_028,2024-01-05,84.98,4,218,60,16,46,19,4.39,71.47,1,workday,22:42,06:38,18-24,hybrid,1,1
user_028,2024-01-06,62.44,3,162,35,13,26,15,3.66,68.2,1,weekend,22:57,08:01,18-24,hybrid,1,1
user_028,2024-01-07,94.4,4,276,44,12,39,15,3.14,56.2,0,weekend,22:56,07:34,18-24,hybrid,1,1
user_028,2024-01-08,73.4,3,225,60,6,42,15,5.67,63.66,1,workday,23:26,07:56,18-24,hybrid,1,1
user_028,2024-01-09,40.55,2,203,29,10,23,19,6.1,65.88,0,workday,22:58,06:35,18-24,hybrid,1,1
user_028,2024-01-10,70.52,3,269,32,12,13,20,6.81,55.89,1,workday,21:25,06:52,18-24,hybrid,1,1
user_028,2024-01-11,42.7,2,181,39,18,23,10,5.63,52.2,0,workday,23:02,07:14,18-24,hybrid,1,1
user_028,2024-01-12,59.01,3,205,60,22,50,22,9.24,44.95,1,workday,23:36,07:19,18-24,hybrid,1,1
user_028,2024-01-13,63.36,3,191,43,17,28,18,3.13,75.53,0,weekend,00:03,07:50,18-24,hybrid,1,1
user_028,2024-01-14,68.16,3,214,42,19,38,18,2.39,64.61,0,weekend,23:33,08:01,18-24,hybrid,1,1
user_028,2024-01-15,57.07,3,225,46,30,22,12,7.28,55.5,0,workday,22:49,06:50,18-24,hybrid,1,1
user_028,2024-01-16,44.54,2,173,32,20,34,24,7.57,75.59,0,workday,22:50,06:51,18-24,hybrid,1,1
user_028,2024-01-17,60.76,3,275,46,16,35,27,8.54,46.66,0,workday,23:19,06:38,18-24,hybrid,1,1
user_028,2024-01-18,68.85,3,185,18,8,12,10,1.99,59.82,0,workday,23:16,06:28,18-24,hybrid,1,1
user_028,2024-01-19,64.45,3,245,37,29,28,17,6.34,44.23,0,workday,22:10,07:15,18-24,hybrid,1,1
user_028,2024-01-20,57.22,3,227,60,44,42,21,4.43,53.87,0,weekend,23:01,07:54,18-24,hybrid,1,1
user_028,2024-01-21,100.0,4,241,56,14,32,20,5.72,64.94,0,weekend,00:05,07:27,18-24,hybrid,1,1
user_028,2024-01-22,71.17,3,171,38,19,25,10,3.67,78.99,1,workday,23:03,06:07,18-24,hybrid,1,1
user_028,2024-01-23,63.31,3,203,60,32,29,22,5.09,46.93,1,workday,23:11,07:30,18-24,hybrid,1,1
user_028,2024-01-24,41.86,2,194,25,19,9,8,8.79,33.81,0,workday,23:29,06:59,18-24,hybrid,1,1
user_028,2024-01-25,71.74,3,150,7,2,9,21,0.57,67.68,0,workday,22:45,07:05,18-24,hybrid,1,1
user_028,2024-01-26,76.69,4,261,21,9,2,18,5.51,60.28,0,workday,22:26,08:14,18-24,hybrid,1,1
user_028,2024-01-27,42.02,2,235,42,9,29,15,0.0,66.71,0,weekend,23:30,07:12,18-24,hybrid,1,1
user_028,2024-01-28,35.9,2,165,17,9,21,12,4.73,37.95,0,weekend,23:47,07:35,18-24,hybrid,1,1
user_029,2024-01-01,74.75,3,172,37,31,31,21,4.01,51.71,0,workday,22:42,06:52,18-24,hybrid,1,0
user_029,2024-01-02,73.48,3,201,52,26,36,29,6.38,46.33,0,workday,23:05,07:32,18-24,hybrid,1,0
user_029,2024-01-03,65.81,3,231,47,25,29,19,6.86,56.79,0,workday,23:05,06:31,18-24,hybrid,1,0
user_029,2024-01-04,28.53,2,223,53,21,30,22,7.15,60.84,1,workday,23:47,06:36,18-24,hybrid,1,0
user_029,2024-01-05,56.66,3,201,45,13,37,21,4.0,49.91,0,workday,23:13,06:59,18-24,hybrid,1,0
user_029,2024-01-06,23.41,1,239,40,25,28,18,4.52,36.5,0,weekend,23:04,07:33,18-24,hybrid,1,0
user_029,2024-01-07,38.63,2,210,43,12,39,19,5.44,48.08,0,weekend,23:29,08:27,18-24,hybrid,1,0
user_029,2024-01-08,71.5,3,210,30,14,28,17,1.28,84.84,0,workday,22:38,07:29,18-24,hybrid,1,0
user_029,2024-01-09,35.3,2,227,44,26,44,24,5.87,52.76,1,workday,00:07,06:48,18-24,hybrid,1,0
user_029,2024-01-10,0.0,1,204,46,26,30,22,6.83,39.3,1,workday,23:07,06:46,18-24,hybrid,1,0
user_029,2024-01-11,34.73,2,182,39,8,27,9,2.86,59.99,1,workday,22:38,07:32,18-24,hybrid,1,0
user_029,2024-01-12,45.82,2,181,57,29,45,19,3.91,60.81,0,workday,23:25,07:27,18-24,hybrid,1,0
user_029,2024-01-13,35.41,2,270,48,30,35,14,3.88,74.58,1,weekend,23:17,08:16,18-24,hybrid,1,0
user_029,2024-01-14,63.46,3,252,45,7,37,20,4.97,67.1,0,weekend,23:16,08:36,18-24,hybrid,1,0
user_029,2024-01-15,29.08,2,201,46,22,38,14,7.08,38.66,0,workday,23:47,06:55,18-24,hybrid,1,0
user_029,2024-01-16,61.76,3,188,24,17,22,19,6.87,46.24,1,workday,22:37,06:06,18-24,hybrid,1,0
user_029,2024-01-17,54.37,3,172,38,30,24,23,3.52,73.73,0,workday,22:01,07:13,18-24,hybrid,1,0
user_029,2024-01-18,29.97,2,247,38,32,14,18,5.36,69.14,0,workday,23:06,06:33,18-24,hybrid,1,0
user_029,2024-01-19,57.74,3,185,57,9,27,24,2.96,59.96,0,workday,22:42,06:46,18-24,hybrid,1,0
user_029,2024-01-20,11.15,1,208,44,33,30,25,5.25,51.18,0,weekend,23:33,07:00,18-24,hybrid,1,0
user_029,2024-01-21,47.2,2,191,33,24,24,25,6.33,55.47,0,weekend,00:05,07:53,18-24,hybrid,1,0
user_029,2024-01-22,30.67,2,272,60,35,38,25,7.63,49.59,0,workday,23:18,07:19,18-24,hybrid,1,0
user_029,2024-01-23,26.71,2,244,60,34,44,23,7.85,57.78,0,workday,22:00,07:18,18-24,hybrid,1,0
user_029,2024-01-24,44.09,2,223,42,24,23,13,8.5,39.83,0,workday,23:17,07:20,18-24,hybrid,1,0
user_029,2024-01-25,46.42,2,300,38,7,26,16,7.97,79.86,0,workday,22:50,07:24,18-24,hybrid,1,0
user_029,2024-01-26,39.04,2,248,36,12,39,14,4.81,58.44,0,workday,21:37,07:30,18-24,hybrid,1,0
user_029,2024-01-27,12.49,1,202,40,23,16,18,5.86,48.93,0,weekend,00:19,07:47,18-24,hybrid,1,0
user_029,2024-01-28,70.03,3,234,36,20,22,18,1.97,70.36,0,weekend,23:42,07:05,18-24,hybrid,1,0
user_030,2024-01-01,22.79,1,235,56,22,32,22,7.05,58.48,1,workday,22:43,07:14,35-44,remote,0,0
user_030,2024-01-02,32.84,2,244,58,40,41,25,4.25,67.99,0,workday,23:37,07:26,35-44,remote,0,0
user_030,2024-01-03,30.79,2,280,39,27,36,22,6.98,47.34,0,workday,22:13,07:05,35-44,remote,0,0
user_030,2024-01-04,35.3,2,242,54,30,43,26,4.45,69.23,1,workday,22:37,07:39,35-44,remote,0,0
user_030,2024-01-05,43.37,2,252,44,20,34,20,7.7,53.72,1,workday,23:30,07:39,35-44,remote,0,0
user_030,2024-01-06,50.1,3,196,27,8,20,20,3.99,69.73,1,weekend,23:36,07:22,35-44,remote,0,0
user_030,2024-01-07,24.19,1,220,39,15,24,13,4.22,49.54,0,weekend,23:04,06:30,35-44,remote,0,0
user_030,2024-01-08,18.88,1,257,32,17,34,19,8.02,46.01,1,workday,00:12,06:25,35-44,remote,0,0
user_030,2024-01-09,59.26,3,240,55,18,34,21,3.54,51.69,1,workday,23:00,07:30,35-44,remote,0,0
user_030,2024-01-10,29.07,2,209,50,18,34,23,5.61,57.71,0,workday,23:31,06:57,35-44,remote,0,0
user_030,2024-01-11,48.39,2,239,44,12,30,23,5.3,62.75,0,workday,22:11,06:31,35-44,remote,0,0
user_030,2024-01-12,51.71,3,205,29,8,23,13,2.32,63.17,0,workday,21:46,07:10,35-44,remote,0,0
user_030,2024-01-13,44.63,2,246,43,30,27,24,3.32,56.98,0,weekend,23:30,08:15,35-44,remote,0,0
user_030,2024-01-14,27.55,2,300,51,22,20,11,3.57,30.05,1,weekend,00:08,07:14,35-44,remote,0,0
user_030,2024-01-15,23.28,1,242,44,20,29,23,6.93,48.32,0,workday,22:03,07:37,35-44,remote,0,0
user_030,2024-01-16,48.07,2,188,38,6,21,23,2.77,62.07,0,workday,23:35,06:44,35-44,remote,0,0
user_030,2024-01-17,25.31,2,214,48,12,28,18,5.98,50.34,0,workday,23:22,06:46,35-44,remote,0,0
user_030,2024-01-18,44.91,2,238,44,19,31,8,4.99,69.52,0,workday,23:04,06:50,35-44,remote,0,0
user_030,2024-01-19,56.5,3,222,6,2,11,11,2.22,41.42,0,workday,22:32,07:26,35-44,remote,0,0
user_030,2024-01-20,51.79,3,268,43,17,31,16,4.69,53.77,0,weekend,23:14,07:38,35-44,remote,0,0
user_030,2024-01-21,41.85,2,249,49,11,29,20,5.08,40.45,0,weekend,00:05,07:43,35-44,remote,0,0
user_030,2024-01-22,35.24,2,256,54,16,38,25,6.7,56.22,0,workday,22:58,06:55,35-44,remote,0,0
user_030,2024-01-23,31.42,2,168,32,8,29,4,3.46,60.05,1,workday,21:46,08:08,35-44,remote,0,0
user_030,2024-01-24,28.62,2,229,39,26,25,20,7.49,50.57,0,workday,22:41,07:43,35-44,remote,0,0
user_030,2024-01-25,65.18,3,192,43,11,20,20,4.69,61.6,0,workday,23:45,06:47,35-44,remote,0,0
user_030,2024-01-26,85.78,4,211,42,34,30,23,3.9,72.42,0,workday,22:12,05:54,35-44,remote,0,0
user_030,2024-01-27,45.3,2,193,32,24,21,25,5.1,60.18,0,weekend,22:44,07:40,35-44,remote,0,0
user_030,2024-01-28,79.45,4,228,30,9,35,18,2.02,80.03,0,weekend,22:24,07:14,35-44,remote,0,0
user_031,2024-01-01,53.96,3,231,34,19,35,10,6.81,59.78,1,workday,22:42,07:20,35-44,remote,0,0
user_031,2024-01-02,63.74,3,201,33,10,28,7,4.45,71.44,0,workday,23:04,07:31,35-44,remote,0,0
user_031,2024-01-03,13.57,1,238,53,32,31,21,7.78,48.12,1,workday,23:32,06:46,35-44,remote,0,0
user_031,2024-01-04,11.05,1,265,60,33,26,24,7.26,62.31,1,workday,23:07,06:29,35-44,remote,0,0
user_031,2024-01-05,40.52,2,264,60,17,29,22,8.89,38.71,1,workday,22:01,06:57,35-44,remote,0,0
user_031,2024-01-06,41.82,2,216,32,4,23,11,2.77,55.36,0,weekend,00:12,07:40,35-44,remote,0,0
user_031,2024-01-07,39.0,2,254,53,25,38,23,4.87,55.01,0,weekend,00:12,07:46,35-44,remote,0,0
user_031,2024-01-08,38.87,2,249,47,36,23,22,4.89,63.08,0,workday,22:58,07:39,35-44,remote,0,0
user_031,2024-01-09,44.06,2,231,45,10,32,17,5.07,67.46,1,workday,00:03,07:40,35-44,remote,0,0
user_031,2024-01-10,38.47,2,208,41,35,22,20,5.53,53.53,1,workday,23:21,06:30,35-44,remote,0,0
user_031,2024-01-11,41.7,2,290,55,36,36,21,4.72,68.13,0,workday,23:44,07:38,35-44,remote,0,0
user_031,2024-01-12,40.37,2,192,46,20,31,10,4.04,63.67,0,workday,23:33,06:48,35-44,remote,0,0
user_031,2024-01-13,47.97,2,179,35,3,23,13,1.53,70.25,1,weekend,23:00,07:26,35-44,remote,0,0
user_031,2024-01-14,65.64,3,198,25,15,19,11,2.97,76.02,1,weekend,23:35,08:06,35-44,remote,0,0
user_031,2024-01-15,56.28,3,300,60,16,29,27,6.82,72.77,0,workday,23:26,06:54,35-44,remote,0,0
user_031,2024-01-16,34.06,2,221,59,27,34,20,2.9,69.32,1,workday,22:58,06:15,35-44,remote,0,0
user_031,2024-01-17,42.71,2,215,51,38,33,23,3.18,49.83,1,workday,23:39,07:50,35-44,remote,0,0
user_031,2024-01-18,52.01,3,212,47,20,25,19,4.29,54.12,0,workday,00:06,07:23,35-44,remote,0,0
user_031,2024-01-19,63.44,3,270,28,17,20,18,2.99,56.24,0,workday,23:00,07:28,35-44,remote,0,0
user_031,2024-01-20,73.24,3,194,28,19,13,13,3.3,70.86,0,weekend,23:12,07:17,35-44,remote,0,0
user_031,2024-01-21,69.14,3,300,30,7,26,17,4.39,57.66,0,weekend,23:42,07:15,35-44,remote,0,0
user_031,2024-01-22,36.42,2,246,35,23,31,19,6.42,77.52,1,workday,22:28,06:55,35-44,remote,0,0
user_031,2024-01-23,66.0,3,219,21,13,33,13,4.96,74.96,0,workday,22:58,07:34,35-44,remote,0,0
user_031,2024-01-24,55.83,3,271,45,5,21,24,3.77,46.57,0,workday,23:17,07:07,35-44,remote,0,0
user_031,2024-01-25,58.3,3,271,35,7,33,17,4.5,69.11,1,workday,23:21,06:25,35-44,remote,0,0
user_031,2024-01-26,6.23,1,187,49,26,31,14,7.01,48.41,0,workday,23:03,06:29,35-44,remote,0,0
user_031,2024-01-27,68.16,3,273,58,35,34,30,5.95,59.05,0,weekend,23:50,08:49,35-44,remote,0,0
user_031,2024-01-28,25.64,2,248,47,8,43,24,7.05,68.77,0,weekend,22:58,08:25,35-44,remote,0,0
user_032,2024-01-01,52.44,3,199,32,9,32,10,5.65,47.4,0,workday,23:17,07:10,55+,hybrid,0,0
user_032,2024-01-02,45.25,2,239,48,26,28,26,6.89,40.91,0,workday,23:34,07:14,55+,hybrid,0,0
user_032,2024-01-03,57.79,3,174,43,34,25,20,2.5,53.16,0,workday,22:58,06:56,55+,hybrid,0,0
user_032,2024-01-04,68.74,3,157,34,5,14,18,1.29,61.39,0,workday,23:03,07:14,55+,hybrid,0,0
user_032,2024-01-05,68.88,3,182,39,24,23,24,2.72,75.52,0,workday,22:38,06:43,55+,hybrid,0,0
user_032,2024-01-06,99.86,4,215,60,8,28,20,4.18,63.9,0,weekend,23:40,06:57,55+,hybrid,0,0
user_032,2024-01-07,67.01,3,209,36,15,24,18,3.76,54.79,0,weekend,23:59,07:51,55+,hybrid,0,0
user_032,2024-01-08,49.2,2,211,36,15,12,21,4.98,56.82,1,workday,22:23,07:09,55+,hybrid,0,0
user_032,2024-01-09,68.87,3,176,36,10,12,22,4.01,64.84,1,workday,23:04,06:34,55+,hybrid,0,0
user_032,2024-01-10,43.65,2,230,37,31,35,15,9.64,39.13,0,workday,22:53,06:34,55+,hybrid,0,0
user_032,2024-01-11,45.63,2,262,54,12,31,25,8.27,32.92,0,workday,23:50,07:48,55+,hybrid,0,0
user_032,2024-01-12,71.61,3,269,32,16,35,13,5.91,79.77,0,workday,22:29,06:55,55+,hybrid,0,0
user_032,2024-01-13,43.06,2,176,29,7,16,11,5.82,23.92,0,weekend,23:02,08:01,55+,hybrid,0,0
user_032,2024-01-14,58.7,3,212,50,16,42,17,3.59,66.59,0,weekend,22:50,07:01,55+,hybrid,0,0
user_032,2024-01-15,76.03,4,156,29,16,24,8,4.54,54.11,1,workday,23:04,07:02,55+,hybrid,0,0
user_032,2024-01-16,61.11,3,272,40,20,23,20,4.74,68.42,0,workday,22:18,06:32,55+,hybrid,0,0
user_032,2024-01-17,63.02,3,237,52,21,25,28,6.88,63.67,0,workday,21:53,07:44,55+,hybrid,0,0
user_032,2024-01-18,56.92,3,231,33,17,21,13,7.02,67.87,0,workday,23:01,06:05,55+,hybrid,0,0
user_032,2024-01-19,80.92,4,156,38,25,13,17,1.91,75.17,0,workday,23:33,06:44,55+,hybrid,0,0
user_032,2024-01-20,85.31,4,193,42,19,20,19,4.47,57.21,0,weekend,23:32,07:17,55+,hybrid,0,0
user_032,2024-01-21,46.35,2,218,39,34,37,20,5.53,71.69,0,weekend,22:58,08:25,55+,hybrid,0,0
user_032,2024-01-22,53.49,3,237,37,17,26,21,4.3,32.7,1,workday,22:33,06:26,55+,hybrid,0,0
user_032,2024-01-23,20.62,1,194,42,17,16,19,4.36,56.18,1,workday,23:22,07:34,55+,hybrid,0,0
user_032,2024-01-24,38.09,2,250,51,24,21,26,7.43,35.95,0,workday,22:23,06:41,55+,hybrid,0,0
user_032,2024-01-25,56.22,3,231,53,21,25,17,4.53,56.05,0,workday,23:33,07:37,55+,hybrid,0,0
user_032,2024-01-26,67.57,3,238,48,17,36,22,5.23,49.42,1,workday,23:10,07:10,55+,hybrid,0,0
user_032,2024-01-27,72.33,3,194,30,3,15,18,2.42,71.59,0,weekend,23:50,07:39,55+,hybrid,0,0
user_032,2024-01-28,50.14,3,249,55,30,30,16,3.82,37.21,1,weekend,23:37,08:26,55+,hybrid,0,0
user_033,2024-01-01,42.95,2,220,36,15,21,22,5.33,60.38,0,workday,22:12,07:12,25-34,on_site,0,0
user_033,2024-01-02,11.06,1,178,60,25,37,23,4.93,53.74,1,workday,22:42,07:09,25-34,on_site,0,0
user_033,2024-01-03,31.28,2,154,29,17,23,11,5.74,65.13,1,workday,23:34,07:07,25-34,on_site,0,0
user_033,2024-01-04,32.86,2,224,54,40,35,23,6.36,31.31,0,workday,23:07,07:06,25-34,on_site,0,0
user_033,2024-01-05,50.5,3,197,39,8,31,26,7.37,44.37,1,workday,22:19,06:57,25-34,on_site,0,0
user_033,2024-01-06,30.1,2,116,31,19,20,12,2.23,80.15,0,weekend,00:02,07:08,25-34,on_site,0,0
user_033,2024-01-07,32.92,2,213,46,19,38,20,6.25,48.4,0,weekend,23:47,07:57,25-34,on_site,0,0
user_033,2024-01-08,16.59,1,199,35,27,25,19,5.96,37.6,1,workday,22:09,06:00,25-34,on_site,0,0
user_033,2024-01-09,2.98,1,203,57,48,36,26,6.25,63.8,0,workday,00:11,06:38,25-34,on_site,0,0
user_033,2024-01-10,28.34,2,280,44,12,30,14,4.7,34.8,0,workday,23:17,06:56,25-34,on_site,0,0
user_033,2024-01-11,24.71,1,249,39,4,34,14,4.36,47.23,1,workday,22:35,07:16,25-34,on_site,0,0
user_033,2024-01-12,61.8,3,191,35,28,25,16,4.89,68.91,0,workday,23:06,06:58,25-34,on_site,0,0
user_033,2024-01-13,47.96,2,217,51,30,28,21,6.34,69.38,1,weekend,23:22,06:46,25-34,on_site,0,0
user_033,2024-01-14,67.42,3,216,30,11,27,11,2.46,51.26,0,weekend,23:23,07:57,25-34,on_site,0,0
user_033,2024-01-15,73.38,3,254,33,14,34,10,3.48,71.73,0,workday,22:35,07:10,25-34,on_site,0,0
user_033,2024-01-16,12.73,1,196,47,27,30,14,5.85,60.14,1,workday,22:25,07:41,25-34,on_site,0,0
user_033,2024-01-17,24.77,1,183,35,21,14,13,3.11,80.77,0,workday,23:38,07:12,25-34,on_site,0,0
user_033,2024-01-18,48.28,2,147,30,16,13,7,3.25,57.15,0,workday,23:05,06:33,25-34,on_site,0,0
user_033,2024-01-19,37.09,2,207,53,24,31,25,7.8,66.1,0,workday,22:56,07:15,25-34,on_site,0,0
user_033,2024-01-20,27.52,2,244,55,25,32,18,4.85,62.78,0,weekend,23:25,07:56,25-34,on_site,0,0
user_033,2024-01-21,33.71,2,212,35,11,22,18,6.23,30.05,0,weekend,00:14,07:46,25-34,on_site,0,0
user_033,2024-01-22,45.25,2,241,26,9,27,11,4.99,63.34,0,workday,23:19,07:13,25-34,on_site,0,0
user_033,2024-01-23,39.89,2,137,16,10,18,14,3.75,72.35,0,workday,22:45,06:24,25-34,on_site,0,0
user_033,2024-01-24,25.41,2,139,32,14,21,19,3.0,64.57,0,workday,22:40,07:52,25-34,on_site,0,0
user_033,2024-01-25,15.9,1,200,59,25,43,21,7.48,65.48,0,workday,22:21,07:01,25-34,on_site,0,0
user_033,2024-01-26,41.24,2,203,43,16,36,15,3.29,72.14,0,workday,22:42,06:19,25-34,on_site,0,0
user_033,2024-01-27,20.78,1,203,60,9,45,27,6.41,60.79,0,weekend,22:56,08:00,25-34,on_site,0,0
user_033,2024-01-28,47.65,2,194,42,36,23,10,1.93,69.7,0,weekend,23:14,08:38,25-34,on_site,0,0
user_034,2024-01-01,28.43,2,237,42,24,21,13,4.25,42.59,1,workday,22:46,07:27,25-34,hybrid,0,0
user_034,2024-01-02,27.51,2,204,50,12,35,30,4.8,54.76,0,workday,23:27,06:59,25-34,hybrid,0,0
user_034,2024-01-03,60.31,3,227,44,30,19,28,3.25,58.51,0,workday,22:27,06:53,25-34,hybrid,0,0
user_034,2024-01-04,51.42,3,203,28,22,21,16,1.62,63.89,1,workday,22:06,06:50,25-34,hybrid,0,0
user_034,2024-01-05,56.08,3,201,51,12,31,23,4.16,63.2,0,workday,23:46,07:09,25-34,hybrid,0,0
user_034,2024-01-06,37.06,2,214,37,15,24,13,4.98,50.48,0,weekend,23:23,07:30,25-34,hybrid,0,0
user_034,2024-01-07,65.23,3,204,44,17,31,16,2.95,54.86,0,weekend,23:09,07:01,25-34,hybrid,0,0
user_034,2024-01-08,44.45,2,240,54,30,25,22,3.18,55.86,0,workday,22:57,06:14,25-34,hybrid,0,0
user_034,2024-01-09,39.36,2,176,26,11,27,19,2.94,47.1,0,workday,23:05,07:28,25-34,hybrid,0,0
user_034,2024-01-10,56.44,3,171,29,9,25,11,3.96,47.97,1,workday,21:51,07:08,25-34,hybrid,0,0
user_034,2024-01-11,16.85,1,146,24,3,16,9,3.55,65.86,1,workday,22:52,07:00,25-34,hybrid,0,0
user_034,2024-01-12,46.38,2,256,51,25,31,23,5.33,50.1,0,workday,22:40,07:20,25-34,hybrid,0,0
user_034,2024-01-13,33.13,2,213,29,10,13,2,4.36,71.4,0,weekend,23:44,07:45,25-34,hybrid,0,0
user_034,2024-01-14,52.96,3,228,48,20,38,22,4.05,68.6,1,weekend,00:27,06:56,25-34,hybrid,0,0
user_034,2024-01-15,39.6,2,169,32,24,36,6,4.49,65.21,0,workday,23:00,07:16,25-34,hybrid,0,0
user_034,2024-01-16,35.93,2,188,52,18,25,17,5.29,46.59,0,workday,22:39,07:00,25-34,hybrid,0,0
user_034,2024-01-17,3.34,1,238,44,21,38,23,5.7,47.26,0,workday,22:58,06:53,25-34,hybrid,0,0
user_034,2024-01-18,71.41,3,217,51,37,27,18,6.52,61.91,0,workday,22:50,06:20,25-34,hybrid,0,0
user_034,2024-01-19,0.0,1,208,40,18,34,24,5.24,44.17,1,workday,22:49,07:00,25-34,hybrid,0,0
user_034,2024-01-20,49.28,2,215,57,27,35,25,3.87,74.82,0,weekend,23:35,06:41,25-34,hybrid,0,0
user_034,2024-01-21,30.59,2,213,58,25,32,23,4.37,52.35,0,weekend,23:22,08:07,25-34,hybrid,0,0
user_034,2024-01-22,50.05,3,234,47,31,38,17,5.13,60.67,1,workday,21:49,06:53,25-34,hybrid,0,0
user_034,2024-01-23,16.76,1,177,55,36,36,21,6.51,31.35,0,workday,22:47,06:16,25-34,hybrid,0,0
user_034,2024-01-24,48.11,2,250,46,15,19,26,6.39,55.11,0,workday,23:04,08:06,25-34,hybrid,0,0
user_034,2024-01-25,39.51,2,230,52,40,29,28,8.04,55.9,0,workday,23:23,06:42,25-34,hybrid,0,0
user_034,2024-01-26,26.21,2,186,48,12,28,22,5.28,49.63,0,workday,22:23,06:49,25-34,hybrid,0,0
user_034,2024-01-27,57.59,3,210,29,12,21,19,1.48,74.45,0,weekend,00:06,07:50,25-34,hybrid,0,0
user_034,2024-01-28,9.76,1,210,38,27,30,21,3.44,39.2,0,weekend,23:11,08:10,25-34,hybrid,0,0
user_035,2024-01-01,41.9,2,144,35,23,27,14,7.5,49.33,1,workday,23:48,07:14,25-34,on_site,1,0
user_035,2024-01-02,9.76,1,231,58,30,35,18,9.13,58.56,0,workday,23:49,07:13,25-34,on_site,1,0
user_035,2024-01-03,62.16,3,235,53,11,26,19,4.32,60.64,1,workday,23:40,07:14,25-34,on_site,1,0
user_035,2024-01-04,82.83,4,182,57,10,23,18,4.85,58.99,0,workday,23:37,07:34,25-34,on_site,1,0
user_035,2024-01-05,56.54,3,227,43,21,25,13,2.6,43.01,0,workday,22:46,07:06,25-34,on_site,1,0
user_035,2024-01-06,25.17,2,224,48,26,30,20,5.72,47.12,0,weekend,23:27,07:59,25-34,on_site,1,0
user_035,2024-01-07,56.53,3,180,37,21,9,14,3.6,81.72,0,weekend,23:46,08:16,25-34,on_site,1,0
user_035,2024-01-08,60.31,3,211,25,22,18,22,7.48,65.27,0,workday,22:19,07:37,25-34,on_site,1,0
user_035,2024-01-09,45.62,2,213,29,10,18,28,5.19,45.44,1,workday,22:46,06:50,25-34,on_site,1,0
user_035,2024-01-10,82.17,4,235,55,26,29,21,5.43,64.35,1,workday,22:27,07:27,25-34,on_site,1,0
user_035,2024-01-11,60.08,3,227,60,35,27,20,4.34,62.93,0,workday,23:50,06:54,25-34,on_site,1,0
user_035,2024-01-12,30.79,2,277,55,12,31,16,7.34,37.01,1,workday,23:02,06:59,25-34,on_site,1,0
user_035,2024-01-13,55.48,3,224,41,21,22,6,2.46,50.43,0,weekend,23:13,07:17,25-34,on_site,1,0
user_035,2024-01-14,91.63,4,163,35,10,32,15,5.59,64.95,0,weekend,22:51,07:49,25-34,on_site,1,0
user_035,2024-01-15,63.81,3,202,60,38,32,21,6.0,50.24,1,workday,23:10,07:27,25-34,on_site,1,0
user_035,2024-01-16,48.05,2,211,33,24,23,17,6.19,87.24,0,workday,22:30,06:19,25-34,on_site,1,0
user_035,2024-01-17,67.01,3,166,37,27,24,20,6.29,47.5,0,workday,23:04,06:58,25-34,on_site,1,0
user_035,2024-01-18,66.52,3,205,46,19,31,25,6.48,72.68,0,workday,22:50,07:20,25-34,on_site,1,0
user_035,2024-01-19,63.66,3,189,33,27,7,17,3.91,74.34,0,workday,23:13,07:22,25-34,on_site,1,0
user_035,2024-01-20,53.84,3,219,50,28,34,28,2.43,66.63,0,weekend,23:05,07:16,25-34,on_site,1,0
user_035,2024-01-21,40.76,2,218,47,28,32,18,7.98,62.98,0,weekend,23:41,07:37,25-34,on_site,1,0
user_035,2024-01-22,51.95,3,236,32,26,23,15,5.48,53.51,1,workday,22:45,07:12,25-34,on_site,1,0
user_035,2024-01-23,46.14,2,184,44,24,16,19,5.23,45.05,1,workday,22:26,06:44,25-34,on_site,1,0
user_035,2024-01-24,79.6,4,136,30,10,31,19,3.37,73.8,0,workday,22:07,06:53,25-34,on_site,1,0
user_035,2024-01-25,31.15,2,237,60,27,24,22,6.78,71.11,1,workday,23:40,07:31,25-34,on_site,1,0
user_035,2024-01-26,21.58,1,165,37,20,27,26,8.83,48.65,1,workday,22:52,07:44,25-34,on_site,1,0
user_035,2024-01-27,100.0,4,186,34,7,25,13,2.55,79.45,0,weekend,00:07,08:43,25-34,on_site,1,0
user_035,2024-01-28,43.23,2,225,39,25,25,21,5.31,54.05,0,weekend,22:45,07:04,25-34,on_site,1,0
user_036,2024-01-01,80.96,4,225,36,11,36,18,2.69,46.88,0,workday,23:09,07:11,18-24,on_site,1,0
user_036,2024-01-02,37.42,2,232,36,33,24,17,6.18,51.94,0,workday,22:47,07:06,18-24,on_site,1,0
user_036,2024-01-03,18.18,1,196,56,45,30,27,8.74,50.22,0,workday,23:40,06:41,18-24,on_site,1,0
user_036,2024-01-04,39.91,2,195,27,10,23,22,4.09,61.01,0,workday,22:20,07:16,18-24,on_site,1,0
user_036,2024-01-05,37.07,2,189,48,22,32,10,4.94,47.16,0,workday,22:57,07:07,18-24,on_site,1,0
user_036,2024-01-06,19.74,1,265,60,37,28,23,6.81,51.39,1,weekend,22:34,07:07,18-24,on_site,1,0
user_036,2024-01-07,41.18,2,181,23,11,24,10,4.11,54.49,0,weekend,00:01,07:53,18-24,on_site,1,0
user_036,2024-01-08,58.83,3,210,53,20,34,18,5.77,77.32,0,workday,23:59,07:14,18-24,on_site,1,0
user_036,2024-01-09,57.1,3,209,29,25,21,15,4.72,49.32,0,workday,23:02,07:09,18-24,on_site,1,0
user_036,2024-01-10,51.69,3,231,22,20,16,17,6.78,56.74,0,workday,00:02,06:20,18-24,on_site,1,0
user_036,2024-01-11,65.39,3,217,32,22,24,18,1.69,62.46,0,workday,23:15,06:35,18-24,on_site,1,0
user_036,2024-01-12,41.39,2,237,60,30,27,30,8.03,44.39,1,workday,22:39,07:08,18-24,on_site,1,0
user_036,2024-01-13,63.99,3,227,36,19,38,24,5.89,18.36,1,weekend,23:24,07:06,18-24,on_site,1,0
user_036,2024-01-14,39.7,2,237,19,4,23,18,4.31,59.72,0,weekend,23:40,07:29,18-24,on_site,1,0
user_036,2024-01-15,47.67,2,163,33,24,30,11,8.41,50.24,1,workday,23:01,06:47,18-24,on_site,1,0
user_036,2024-01-16,54.06,3,207,40,21,13,20,5.9,61.73,0,workday,22:54,06:18,18-24,on_site,1,0
user_036,2024-01-17,35.54,2,193,48,21,31,27,5.75,36.76,0,workday,23:41,07:45,18-24,on_site,1,0
user_036,2024-01-18,32.07,2,118,31,23,23,9,4.72,61.15,0,workday,22:46,07:31,18-24,on_site,1,0
user_036,2024-01-19,34.99,2,159,13,10,14,13,5.09,58.39,0,workday,22:46,07:53,18-24,on_site,1,0
user_036,2024-01-20,59.15,3,258,54,45,20,28,1.47,64.35,0,weekend,23:33,07:54,18-24,on_site,1,0
user_036,2024-01-21,75.73,4,208,33,17,30,16,3.86,81.47,0,weekend,23:56,07:12,18-24,on_site,1,0
user_036,2024-01-22,62.81,3,163,35,13,20,14,1.93,68.08,0,workday,22:50,07:31,18-24,on_site,1,0
user_036,2024-01-23,37.91,2,183,30,18,21,20,5.94,56.6,1,workday,22:50,07:58,18-24,on_site,1,0
user_036,2024-01-24,61.46,3,172,32,14,18,22,2.93,37.72,0,workday,23:04,06:55,18-24,on_site,1,0
user_036,2024-01-25,41.46,2,245,45,34,25,21,5.26,53.58,1,workday,23:11,07:10,18-24,on_site,1,0
user_036,2024-01-26,63.64,3,286,50,23,29,23,5.46,67.69,1,workday,22:37,06:52,18-24,on_site,1,0
user_036,2024-01-27,28.47,2,180,46,17,38,17,4.99,61.53,0,weekend,23:22,07:51,18-24,on_site,1,0
user_036,2024-01-28,61.64,3,227,60,40,43,20,5.14,62.48,1,weekend,00:21,07:36,18-24,on_site,1,0
user_037,2024-01-01,52.76,3,268,29,5,29,14,3.97,48.36,0,workday,23:46,06:53,18-24,hybrid,1,0
user_037,2024-01-02,25.15,2,252,46,22,28,23,6.1,58.51,1,workday,23:27,07:20,18-24,hybrid,1,0
user_037,2024-01-03,73.68,3,190,40,21,8,20,1.06,79.58,0,workday,23:37,07:19,18-24,hybrid,1,0
user_037,2024-01-04,85.81,4,177,55,29,30,18,4.34,53.22,0,workday,22:48,06:56,18-24,hybrid,1,0
user_037,2024-01-05,21.99,1,190,40,23,22,29,5.59,53.24,0,workday,23:52,06:50,18-24,hybrid,1,0
user_037,2024-01-06,60.75,3,209,32,16,16,13,2.32,69.42,0,weekend,00:00,08:11,18-24,hybrid,1,0
user_037,2024-01-07,80.49,4,211,32,2,30,12,1.76,81.26,0,weekend,23:20,07:31,18-24,hybrid,1,0
user_037,2024-01-08,79.31,4,246,46,23,28,16,4.64,72.56,1,workday,23:06,06:56,18-24,hybrid,1,0
user_037,2024-01-09,61.82,3,166,39,15,28,17,4.43,54.8,1,workday,00:15,06:56,18-24,hybrid,1,0
user_037,2024-01-10,69.58,3,222,47,21,46,22,6.52,54.86,0,workday,23:38,06:23,18-24,hybrid,1,0
user_037,2024-01-11,82.08,4,240,42,26,29,16,4.58,67.85,0,workday,23:35,06:46,18-24,hybrid,1,0
user_037,2024-01-12,31.93,2,136,42,14,22,17,5.9,68.33,1,workday,22:40,06:19,18-24,hybrid,1,0
user_037,2024-01-13,34.73,2,205,31,15,19,17,4.4,61.16,0,weekend,23:34,08:04,18-24,hybrid,1,0
user_037,2024-01-14,57.24,3,276,60,37,30,19,3.36,72.52,0,weekend,00:35,08:08,18-24,hybrid,1,0
user_037,2024-01-15,13.06,1,220,44,31,32,19,7.02,52.25,1,workday,23:41,07:29,18-24,hybrid,1,0
user_037,2024-01-16,61.16,3,264,60,50,46,22,7.58,50.12,0,workday,22:51,06:44,18-24,hybrid,1,0
user_037,2024-01-17,74.5,3,169,44,12,26,19,5.67,80.42,0,workday,23:21,07:08,18-24,hybrid,1,0
user_037,2024-01-18,83.29,4,247,60,37,41,23,5.18,67.25,0,workday,23:02,06:41,18-24,hybrid,1,0
user_037,2024-01-19,58.18,3,196,37,20,17,26,6.59,37.94,0,workday,22:50,07:11,18-24,hybrid,1,0
user_037,2024-01-20,31.29,2,194,57,47,37,12,4.43,27.4,1,weekend,22:52,08:14,18-24,hybrid,1,0
user_037,2024-01-21,64.09,3,216,43,15,37,11,2.98,72.95,0,weekend,23:31,07:22,18-24,hybrid,1,0
user_037,2024-01-22,48.66,2,212,47,17,28,19,7.49,30.5,1,workday,23:25,07:11,18-24,hybrid,1,0
user_037,2024-01-23,58.57,3,214,47,20,28,16,4.65,72.33,0,workday,23:49,06:54,18-24,hybrid,1,0
user_037,2024-01-24,35.44,2,176,48,19,35,19,4.16,74.61,0,workday,23:12,07:15,18-24,hybrid,1,0
user_037,2024-01-25,89.8,4,218,26,12,33,27,3.83,50.62,0,workday,22:05,07:12,18-24,hybrid,1,0
user_037,2024-01-26,87.92,4,225,18,6,20,12,4.98,53.87,0,workday,23:10,06:50,18-24,hybrid,1,0
user_037,2024-01-27,55.21,3,199,33,22,13,17,2.52,85.22,0,weekend,23:18,08:23,18-24,hybrid,1,0
user_037,2024-01-28,81.69,4,216,17,6,12,19,1.48,82.53,0,weekend,23:55,08:08,18-24,hybrid,1,0
user_038,2024-01-01,32.97,2,191,57,26,30,22,4.97,62.41,0,workday,23:09,06:57,25-34,hybrid,0,0
user_038,2024-01-02,44.46,2,211,41,20,33,17,4.58,71.58,0,workday,22:46,07:35,25-34,hybrid,0,0
user_038,2024-01-03,21.56,1,225,45,13,34,22,5.77,55.02,0,workday,22:52,06:01,25-34,hybrid,0,0
user_038,2024-01-04,22.99,1,177,33,18,24,15,8.1,54.43,1,workday,23:40,07:44,25-34,hybrid,0,0
user_038,2024-01-05,48.43,2,198,43,13,37,21,3.42,63.4,1,workday,23:01,06:46,25-34,hybrid,0,0
user_038,2024-01-06,74.48,3,249,37,7,22,14,2.39,78.45,0,weekend,23:23,07:53,25-34,hybrid,0,0
user_038,2024-01-07,47.67,2,193,39,20,36,12,4.79,51.89,0,weekend,23:18,07:44,25-34,hybrid,0,0
user_038,2024-01-08,50.72,3,165,59,32,40,23,4.36,62.23,0,workday,22:19,07:27,25-34,hybrid,0,0
user_038,2024-01-09,48.01,2,136,33,13,39,20,3.57,89.54,1,workday,22:36,07:35,25-34,hybrid,0,0
user_038,2024-01-10,94.34,4,204,27,14,26,21,4.6,60.55,0,workday,22:59,07:31,25-34,hybrid,0,0
user_038,2024-01-11,60.28,3,228,43,7,29,18,4.84,61.4,1,workday,23:22,07:12,25-34,hybrid,0,0
user_038,2024-01-12,54.91,3,157,44,19,28,13,5.65,43.06,0,workday,23:54,07:31,25-34,hybrid,0,0
user_038,2024-01-13,61.64,3,255,48,20,21,24,3.89,57.23,0,weekend,23:40,08:43,25-34,hybrid,0,0
user_038,2024-01-14,49.45,2,256,46,20,27,21,3.1,62.42,0,weekend,22:45,07:34,25-34,hybrid,0,0
user_038,2024-01-15,68.66,3,201,42,22,37,26,5.63,51.42,0,workday,23:20,07:34,25-34,hybrid,0,0
user_038,2024-01-16,38.19,2,268,32,10,24,18,3.99,64.07,1,workday,23:06,07:11,25-34,hybrid,0,0
user_038,2024-01-17,33.99,2,256,50,30,22,23,5.14,69.58,1,workday,22:40,07:12,25-34,hybrid,0,0
user_038,2024-01-18,70.62,3,162,36,9,36,21,3.57,61.54,0,workday,22:36,07:32,25-34,hybrid,0,0
user_038,2024-01-19,56.73,3,270,38,17,30,18,5.62,53.28,1,workday,23:17,06:13,25-34,hybrid,0,0
user_038,2024-01-20,45.66,2,210,43,13,32,15,2.8,64.8,1,weekend,22:54,07:45,25-34,hybrid,0,0
user_038,2024-01-21,48.93,2,256,32,21,15,11,3.65,51.07,0,weekend,23:44,07:49,25-34,hybrid,0,0
user_038,2024-01-22,41.05,2,214,47,29,31,12,4.98,37.97,0,workday,23:10,06:01,25-34,hybrid,0,0
user_038,2024-01-23,25.9,2,220,58,23,36,27,3.93,44.58,1,workday,22:14,06:04,25-34,hybrid,0,0
user_038,2024-01-24,53.58,3,231,48,27,26,11,5.04,47.48,0,workday,23:39,07:22,25-34,hybrid,0,0
user_038,2024-01-25,33.12,2,184,51,18,25,23,5.52,52.07,1,workday,23:54,06:52,25-34,hybrid,0,0
user_038,2024-01-26,45.18,2,176,35,10,18,19,7.75,55.14,0,workday,21:30,06:11,25-34,hybrid,0,0
user_038,2024-01-27,47.2,2,227,37,14,26,25,6.51,57.78,0,weekend,22:26,07:32,25-34,hybrid,0,0
user_038,2024-01-28,42.96,2,264,27,10,20,13,1.1,74.91,0,weekend,00:03,07:31,25-34,hybrid,0,0
user_039,2024-01-01,80.44,4,238,59,9,43,29,4.92,63.06,0,workday,23:31,06:31,25-34,remote,0,0
user_039,2024-01-02,23.9,1,202,40,20,20,22,3.26,60.4,1,workday,23:11,06:10,25-34,remote,0,0
user_039,2024-01-03,58.39,3,239,34,9,32,13,2.75,61.0,1,workday,23:24,07:25,25-34,remote,0,0
user_039,2024-01-04,78.52,4,195,43,13,26,16,4.56,45.91,1,workday,23:56,06:17,25-34,remote,0,0
user_039,2024-01-05,77.02,4,252,60,21,48,24,5.79,68.24,1,workday,00:18,08:24,25-34,remote,0,0
user_039,2024-01-06,46.44,2,267,53,31,29,21,8.21,51.28,0,weekend,23:23,08:13,25-34,remote,0,0
user_039,2024-01-07,41.19,2,251,35,11,22,24,6.17,53.63,1,weekend,23:00,07:01,25-34,remote,0,0
user_039,2024-01-08,59.68,3,187,45,26,16,20,4.02,74.74,0,workday,23:53,06:41,25-34,remote,0,0
user_039,2024-01-09,63.04,3,247,34,15,22,11,4.94,59.59,0,workday,23:29,07:05,25-34,remote,0,0
user_039,2024-01-10,57.51,3,265,23,14,35,9,7.56,59.17,1,workday,23:14,06:50,25-34,remote,0,0
user_039,2024-01-11,44.47,2,234,51,41,36,13,5.11,52.92,1,workday,22:37,07:06,25-34,remote,0,0
user_039,2024-01-12,60.31,3,259,49,33,19,20,6.18,66.57,1,workday,23:19,07:33,25-34,remote,0,0
user_039,2024-01-13,61.34,3,239,51,20,47,24,4.1,61.07,1,weekend,23:51,07:55,25-34,remote,0,0
user_039,2024-01-14,64.32,3,300,59,34,40,27,6.74,58.49,0,weekend,00:04,07:13,25-34,remote,0,0
user_039,2024-01-15,47.51,2,216,48,14,43,22,8.46,61.48,1,workday,23:27,06:36,25-34,remote,0,0
user_039,2024-01-16,37.17,2,266,52,27,32,19,8.94,51.21,0,workday,23:09,07:25,25-34,remote,0,0
user_039,2024-01-17,44.09,2,211,34,22,17,20,5.96,49.27,1,workday,23:19,06:57,25-34,remote,0,0
user_039,2024-01-18,55.25,3,236,52,19,30,26,5.15,61.77,1,workday,23:02,06:18,25-34,remote,0,0
user_039,2024-01-19,60.47,3,225,31,13,12,10,5.69,47.45,0,workday,22:05,07:09,25-34,remote,0,0
user_039,2024-01-20,73.89,3,258,36,5,26,9,3.3,53.87,0,weekend,23:22,07:32,25-34,remote,0,0
user_039,2024-01-21,62.82,3,241,30,18,37,13,5.42,43.76,0,weekend,22:48,07:42,25-34,remote,0,0
user_039,2024-01-22,70.53,3,249,40,13,23,16,3.79,68.27,0,workday,23:25,06:41,25-34,remote,0,0
user_039,2024-01-23,28.53,2,200,28,15,14,19,5.61,39.88,0,workday,22:56,06:52,25-34,remote,0,0
user_039,2024-01-24,78.17,4,245,47,34,28,29,4.52,57.1,0,workday,22:56,06:41,25-34,remote,0,0
user_039,2024-01-25,49.73,2,260,53,32,24,24,5.65,61.93,1,workday,23:02,06:44,25-34,remote,0,0
user_039,2024-01-26,33.95,2,278,37,15,20,16,5.88,49.28,0,workday,22:45,07:38,25-34,remote,0,0
user_039,2024-01-27,79.54,4,204,33,4,11,14,2.17,72.68,1,weekend,22:51,08:00,25-34,remote,0,0
user_039,2024-01-28,36.51,2,268,60,8,30,23,3.3,64.63,0,weekend,23:32,08:05,25-34,remote,0,0
user_040,2024-01-01,52.46,3,182,42,37,19,18,3.16,71.41,0,workday,23:03,06:11,35-44,remote,1,1
user_040,2024-01-02,45.72,2,257,33,17,24,11,3.15,38.93,0,workday,22:51,06:56,35-44,remote,1,1
user_040,2024-01-03,12.85,1,171,33,13,30,29,7.72,42.44,0,workday,23:30,06:50,35-44,remote,1,1
user_040,2024-01-04,28.47,2,191,43,17,26,23,4.31,52.72,0,workday,22:38,06:23,35-44,remote,1,1
user_040,2024-01-05,66.56,3,277,60,27,18,19,6.74,59.75,0,workday,22:10,07:25,35-44,remote,1,1
user_040,2024-01-06,63.04,3,239,42,14,26,9,3.63,80.22,0,weekend,22:47,07:59,35-44,remote,1,1
user_040,2024-01-07,66.68,3,219,22,16,21,7,1.69,85.1,0,weekend,23:24,06:30,35-44,remote,1,1
user_040,2024-01-08,54.6,3,251,36,13,14,12,4.66,69.05,1,workday,22:50,06:54,35-44,remote,1,1
user_040,2024-01-09,38.8,2,226,37,8,13,19,3.29,42.43,1,workday,23:34,07:20,35-44,remote,1,1
user_040,2024-01-10,65.5,3,250,53,9,10,21,1.48,57.93,0,workday,23:10,07:17,35-44,remote,1,1
user_040,2024-01-11,26.53,2,183,48,25,26,22,3.93,67.53,0,workday,22:31,07:05,35-44,remote,1,1
user_040,2024-01-12,19.33,1,246,39,15,24,29,7.06,46.13,1,workday,22:43,06:30,35-44,remote,1,1
user_040,2024-01-13,60.49,3,187,29,4,21,16,3.24,67.83,0,weekend,23:37,06:38,35-44,remote,1,1
user_040,2024-01-14,37.83,2,188,39,31,21,15,3.15,76.65,0,weekend,22:48,07:47,35-44,remote,1,1
user_040,2024-01-15,40.51,2,230,37,12,39,10,6.78,70.52,0,workday,22:52,06:30,35-44,remote,1,1
user_040,2024-01-16,19.54,1,276,56,20,34,30,6.87,47.46,0,workday,23:14,06:44,35-44,remote,1,1
user_040,2024-01-17,62.38,3,186,26,17,28,11,2.57,62.24,1,workday,22:55,07:39,35-44,remote,1,1
user_040,2024-01-18,0.0,1,268,60,33,38,26,7.84,35.48,0,workday,22:46,06:40,35-44,remote,1,1
user_040,2024-01-19,52.03,3,272,60,54,49,27,5.61,62.57,0,workday,23:21,07:16,35-44,remote,1,1
user_040,2024-01-20,45.95,2,218,53,33,31,18,7.35,48.64,0,weekend,23:18,07:28,35-44,remote,1,1
user_040,2024-01-21,64.79,3,241,13,11,9,8,2.48,53.91,0,weekend,22:46,07:10,35-44,remote,1,1
user_040,2024-01-22,39.08,2,207,47,19,42,20,7.94,46.72,1,workday,23:16,07:55,35-44,remote,1,1
user_040,2024-01-23,19.22,1,249,48,15,39,24,5.8,43.97,1,workday,23:35,06:58,35-44,remote,1,1
user_040,2024-01-24,40.83,2,238,29,11,28,13,9.22,50.36,0,workday,22:58,06:44,35-44,remote,1,1
user_040,2024-01-25,19.87,1,277,60,45,42,11,5.47,50.77,0,workday,23:05,07:19,35-44,remote,1,1
user_040,2024-01-26,35.8,2,207,43,26,12,30,4.79,52.99,0,workday,23:15,07:23,35-44,remote,1,1
user_040,2024-01-27,11.36,1,251,48,39,24,22,3.74,57.24,0,weekend,22:45,07:21,35-44,remote,1,1
user_040,2024-01-28,11.39,1,275,60,34,34,18,5.57,49.0,0,weekend,22:56,07:56,35-44,remote,1,1
user_041,2024-01-01,74.26,3,262,32,8,18,4,3.47,80.97,1,workday,22:35,07:02,25-34,on_site,0,1
user_041,2024-01-02,44.14,2,180,38,24,31,26,6.08,58.77,0,workday,22:35,07:21,25-34,on_site,0,1
user_041,2024-01-03,27.23,2,262,38,23,22,14,4.31,51.63,0,workday,22:58,06:41,25-34,on_site,0,1
user_041,2024-01-04,17.47,1,235,53,45,32,25,9.4,61.65,0,workday,23:11,06:59,25-34,on_site,0,1
user_041,2024-01-05,39.56,2,265,60,39,43,21,6.14,51.74,0,workday,23:28,07:23,25-34,on_site,0,1
user_041,2024-01-06,50.64,3,167,18,5,17,4,2.95,60.34,0,weekend,00:01,07:52,25-34,on_site,0,1
user_041,2024-01-07,70.66,3,213,36,6,10,16,3.71,58.4,0,weekend,23:49,08:07,25-34,on_site,0,1
user_041,2024-01-08,27.07,2,247,55,12,40,30,7.47,62.49,0,workday,00:00,06:13,25-34,on_site,0,1
user_041,2024-01-09,43.72,2,226,51,28,36,25,10.0,49.29,0,workday,22:48,07:35,25-34,on_site,0,1
user_041,2024-01-10,79.03,4,176,40,14,32,20,2.47,62.34,0,workday,23:07,07:18,25-34,on_site,0,1
user_041,2024-01-11,40.58,2,195,47,29,39,16,6.42,63.81,1,workday,23:46,07:03,25-34,on_site,0,1
user_041,2024-01-12,87.41,4,143,29,10,20,20,6.25,54.36,0,workday,22:49,07:37,25-34,on_site,0,1
user_041,2024-01-13,63.26,3,211,42,10,25,14,3.25,69.61,0,weekend,23:28,07:22,25-34,on_site,0,1
user_041,2024-01-14,24.78,1,178,46,19,27,14,4.13,50.85,0,weekend,00:15,06:49,25-34,on_site,0,1
user_041,2024-01-15,86.66,4,238,60,19,45,30,7.51,36.04,0,workday,23:57,07:00,25-34,on_site,0,1
user_041,2024-01-16,31.47,2,165,25,8,20,21,8.27,39.92,0,workday,23:01,07:08,25-34,on_site,0,1
user_041,2024-01-17,13.93,1,247,52,20,37,19,8.79,34.21,0,workday,23:46,07:08,25-34,on_site,0,1
user_041,2024-01-18,46.05,2,143,32,15,28,17,3.13,52.71,0,workday,23:33,06:47,25-34,on_site,0,1
user_041,2024-01-19,85.1,4,175,19,3,20,7,1.59,55.39,0,workday,22:35,07:31,25-34,on_site,0,1
user_041,2024-01-20,52.4,3,163,29,3,31,22,2.58,66.49,0,weekend,23:17,07:40,25-34,on_site,0,1
user_041,2024-01-21,65.94,3,206,23,10,15,28,5.05,47.95,0,weekend,22:57,06:30,25-34,on_site,0,1
user_041,2024-01-22,47.98,2,162,32,21,14,22,5.37,55.76,0,workday,22:44,08:01,25-34,on_site,0,1
user_041,2024-01-23,73.25,3,235,55,34,42,25,4.33,44.08,0,workday,23:56,06:53,25-34,on_site,0,1
user_041,2024-01-24,43.46,2,249,54,40,42,24,5.88,52.28,0,workday,23:32,06:20,25-34,on_site,0,1
user_041,2024-01-25,48.7,2,269,44,21,33,28,5.05,53.5,0,workday,21:29,06:36,25-34,on_site,0,1
user_041,2024-01-26,39.02,2,187,30,11,22,10,3.07,37.04,0,workday,22:45,07:31,25-34,on_site,0,1
user_041,2024-01-27,52.86,3,225,35,24,26,8,5.51,75.87,0,weekend,23:04,07:00,25-34,on_site,0,1
user_041,2024-01-28,27.74,2,230,54,37,43,17,7.02,66.44,1,weekend,23:22,07:38,25-34,on_site,0,1
user_042,2024-01-01,26.23,2,235,38,9,28,24,7.69,51.0,1,workday,23:19,06:22,45-54,hybrid,1,0
user_042,2024-01-02,82.7,4,238,54,23,39,19,1.57,44.95,0,workday,23:03,06:06,45-54,hybrid,1,0
user_042,2024-01-03,28.14,2,165,52,10,31,18,5.54,55.11,1,workday,23:23,06:59,45-54,hybrid,1,0
user_042,2024-01-04,17.09,1,231,48,32,47,24,8.88,23.4,1,workday,23:09,05:47,45-54,hybrid,1,0
user_042,2024-01-05,27.21,2,246,60,45,40,26,7.16,56.52,1,workday,23:41,06:53,45-54,hybrid,1,0
user_042,2024-01-06,73.3,3,238,36,18,13,23,4.1,50.45,0,weekend,23:39,08:10,45-54,hybrid,1,0
user_042,2024-01-07,75.52,4,211,25,14,18,5,4.54,65.17,0,weekend,22:49,08:32,45-54,hybrid,1,0
user_042,2024-01-08,43.5,2,245,47,30,27,21,4.91,83.8,0,workday,22:15,07:18,45-54,hybrid,1,0
user_042,2024-01-09,62.55,3,188,57,24,35,21,6.33,53.71,0,workday,23:04,07:22,45-54,hybrid,1,0
user_042,2024-01-10,92.59,4,189,27,6,34,9,5.34,59.9,0,workday,23:57,06:56,45-54,hybrid,1,0
user_042,2024-01-11,74.07,3,222,41,23,32,30,6.64,71.97,0,workday,22:18,06:50,45-54,hybrid,1,0
user_042,2024-01-12,22.19,1,174,24,17,15,13,5.11,46.87,1,workday,23:36,07:27,45-54,hybrid,1,0
user_042,2024-01-13,31.09,2,235,51,26,36,24,5.88,50.49,1,weekend,23:11,08:15,45-54,hybrid,1,0
user_042,2024-01-14,46.14,2,156,49,17,10,18,2.18,61.22,0,weekend,23:06,07:36,45-54,hybrid,1,0
user_042,2024-01-15,39.1,2,173,54,22,32,26,5.94,45.23,0,workday,22:57,07:21,45-54,hybrid,1,0
user_042,2024-01-16,42.63,2,253,40,23,24,23,7.43,46.22,0,workday,22:29,07:29,45-54,hybrid,1,0
user_042,2024-01-17,70.9,3,154,7,7,7,12,2.83,63.73,0,workday,23:24,07:33,45-54,hybrid,1,0
user_042,2024-01-18,60.22,3,169,29,9,15,12,4.55,62.49,0,workday,23:23,06:38,45-54,hybrid,1,0
user_042,2024-01-19,32.42,2,225,44,21,23,23,3.98,60.52,0,workday,22:46,06:52,45-54,hybrid,1,0
user_042,2024-01-20,50.82,3,204,21,17,25,6,3.71,43.73,0,weekend,23:59,07:40,45-54,hybrid,1,0
user_042,2024-01-21,75.72,4,237,43,18,18,10,0.0,70.97,0,weekend,23:05,07:32,45-54,hybrid,1,0
user_042,2024-01-22,22.22,1,138,20,9,10,9,5.24,56.82,1,workday,23:38,07:17,45-54,hybrid,1,0
user_042,2024-01-23,50.58,3,198,38,9,29,20,5.82,56.71,0,workday,23:26,07:23,45-54,hybrid,1,0
user_042,2024-01-24,45.93,2,183,43,26,15,18,4.56,71.75,1,workday,23:17,07:44,45-54,hybrid,1,0
user_042,2024-01-25,29.75,2,234,51,21,26,21,4.67,47.62,1,workday,23:30,06:32,45-54,hybrid,1,0
user_042,2024-01-26,65.52,3,227,46,20,26,19,2.14,81.02,0,workday,22:10,06:25,45-54,hybrid,1,0
user_042,2024-01-27,78.24,4,198,46,26,41,26,5.74,82.48,0,weekend,23:42,06:59,45-54,hybrid,1,0
user_042,2024-01-28,45.89,2,161,60,20,34,25,4.58,63.91,0,weekend,23:16,08:32,45-54,hybrid,1,0
user_043,2024-01-01,50.34,3,154,36,28,23,22,3.46,70.1,0,workday,22:14,07:16,35-44,remote,1,1
user_043,2024-01-02,14.34,1,241,59,39,28,30,5.53,57.81,0,workday,23:46,06:42,35-44,remote,1,1
user_043,2024-01-03,18.56,1,266,60,15,39,24,7.8,47.23,0,workday,23:31,06:06,35-44,remote,1,1
user_043,2024-01-04,18.24,1,269,49,31,21,30,7.73,37.12,0,workday,23:32,07:24,35-44,remote,1,1
user_043,2024-01-05,34.33,2,191,24,15,33,13,4.25,66.17,0,workday,22:40,06:46,35-44,remote,1,1
user_043,2024-01-06,29.51,2,218,51,10,24,18,3.1,78.13,0,weekend,00:19,07:18,35-44,remote,1,1
user_043,2024-01-07,23.77,1,260,60,38,43,30,4.72,54.4,0,weekend,23:06,07:07,35-44,remote,1,1
user_043,2024-01-08,16.98,1,252,45,13,21,18,6.86,75.71,1,workday,22:31,06:46,35-44,remote,1,1
user_043,2024-01-09,51.36,3,191,44,13,34,22,3.72,50.97,0,workday,22:59,06:31,35-44,remote,1,1
user_043,2024-01-10,10.51,1,208,57,11,14,21,5.23,72.71,1,workday,22:00,07:01,35-44,remote,1,1
user_043,2024-01-11,29.62,2,229,52,25,30,14,6.73,70.2,0,workday,23:18,07:24,35-44,remote,1,1
user_043,2024-01-12,64.49,3,255,41,21,17,16,1.59,69.79,1,workday,23:33,07:09,35-44,remote,1,1
user_043,2024-01-13,49.78,2,291,60,12,24,26,2.39,72.69,0,weekend,23:45,08:19,35-44,remote,1,1
user_043,2024-01-14,29.26,2,203,33,15,36,12,3.41,50.42,0,weekend,23:20,07:58,35-44,remote,1,1
user_043,2024-01-15,43.04,2,247,44,26,34,23,7.62,65.96,0,workday,23:36,07:14,35-44,remote,1,1
user_043,2024-01-16,18.39,1,188,53,22,35,30,9.35,37.28,1,workday,23:15,07:22,35-44,remote,1,1
user_043,2024-01-17,12.32,1,292,51,25,50,30,6.63,50.36,1,workday,23:21,07:00,35-44,remote,1,1
user_043,2024-01-18,54.33,3,239,45,27,42,23,5.56,39.9,1,workday,23:21,06:05,35-44,remote,1,1
user_043,2024-01-19,67.79,3,196,46,19,32,13,5.9,56.52,0,workday,22:49,07:12,35-44,remote,1,1
user_043,2024-01-20,47.01,2,259,60,14,42,28,6.35,66.64,0,weekend,23:57,08:05,35-44,remote,1,1
user_043,2024-01-21,49.0,2,229,36,26,12,24,7.58,54.3,0,weekend,23:06,07:35,35-44,remote,1,1
user_043,2024-01-22,18.13,1,203,53,8,23,16,6.91,39.24,1,workday,22:56,07:33,35-44,remote,1,1
user_043,2024-01-23,34.55,2,229,60,39,26,24,10.0,43.53,0,workday,23:07,07:08,35-44,remote,1,1
user_043,2024-01-24,62.4,3,257,56,24,41,30,2.59,57.8,0,workday,22:58,07:39,35-44,remote,1,1
user_043,2024-01-25,22.68,1,173,18,12,13,24,4.32,67.19,0,workday,23:23,06:19,35-44,remote,1,1
user_043,2024-01-26,43.58,2,239,32,11,7,20,6.31,52.24,1,workday,23:13,06:35,35-44,remote,1,1
user_043,2024-01-27,81.66,4,222,46,30,36,15,5.75,53.2,0,weekend,01:09,07:26,35-44,remote,1,1
user_043,2024-01-28,46.16,2,300,57,19,50,17,5.28,44.46,0,weekend,23:35,07:28,35-44,remote,1,1
user_044,2024-01-01,50.83,3,192,19,9,26,22,2.08,56.16,0,workday,22:06,07:17,25-34,hybrid,0,1
user_044,2024-01-02,49.12,2,262,60,28,30,24,8.05,46.73,0,workday,22:44,06:24,25-34,hybrid,0,1
user_044,2024-01-03,58.46,3,253,46,11,28,19,4.2,43.46,0,workday,22:50,07:28,25-34,hybrid,0,1
user_044,2024-01-04,6.0,1,247,60,46,33,30,6.78,35.46,1,workday,23:20,06:50,25-34,hybrid,0,1
user_044,2024-01-05,26.89,2,176,35,6,24,9,5.77,42.24,1,workday,23:17,07:28,25-34,hybrid,0,1
user_044,2024-01-06,30.54,2,264,60,26,24,27,6.97,50.06,1,weekend,23:15,07:30,25-34,hybrid,0,1
user_044,2024-01-07,34.88,2,206,47,6,14,14,3.03,61.19,1,weekend,23:21,07:59,25-34,hybrid,0,1
user_044,2024-01-08,45.8,2,173,36,25,34,14,2.4,57.45,0,workday,23:40,07:50,25-34,hybrid,0,1
user_044,2024-01-09,28.89,2,207,44,35,38,24,5.65,38.1,0,workday,22:48,06:11,25-34,hybrid,0,1
user_044,2024-01-10,44.54,2,170,55,44,22,21,0.0,70.34,0,workday,22:46,07:04,25-34,hybrid,0,1
user_044,2024-01-11,45.97,2,229,29,19,23,17,2.88,51.76,0,workday,22:46,06:39,25-34,hybrid,0,1
user_044,2024-01-12,1.22,1,268,31,9,17,10,4.71,50.01,1,workday,00:08,06:59,25-34,hybrid,0,1
user_044,2024-01-13,29.5,2,208,37,19,27,5,5.82,44.13,0,weekend,23:04,08:13,25-34,hybrid,0,1
user_044,2024-01-14,33.83,2,240,51,28,24,18,2.96,76.47,0,weekend,22:52,07:51,25-34,hybrid,0,1
user_044,2024-01-15,24.78,1,218,39,27,29,17,0.93,63.48,0,workday,22:58,07:13,25-34,hybrid,0,1
user_044,2024-01-16,42.4,2,235,60,18,32,18,6.0,57.17,1,workday,22:44,06:25,25-34,hybrid,0,1
user_044,2024-01-17,73.59,3,208,42,27,45,10,2.0,71.12,0,workday,23:18,07:30,25-34,hybrid,0,1
user_044,2024-01-18,3.26,1,271,60,14,50,20,6.92,74.81,1,workday,23:19,06:36,25-34,hybrid,0,1
user_044,2024-01-19,53.21,3,166,9,5,17,6,1.56,69.12,0,workday,22:39,07:29,25-34,hybrid,0,1
user_044,2024-01-20,39.52,2,190,18,13,11,10,4.35,48.42,0,weekend,00:39,08:11,25-34,hybrid,0,1
user_044,2024-01-21,25.5,2,229,47,30,18,19,7.21,42.78,0,weekend,22:58,07:51,25-34,hybrid,0,1
user_044,2024-01-22,22.5,1,208,44,28,17,15,4.61,77.33,1,workday,22:49,07:15,25-34,hybrid,0,1
user_044,2024-01-23,42.81,2,252,36,23,11,19,8.65,70.28,1,workday,23:09,07:48,25-34,hybrid,0,1
user_044,2024-01-24,19.08,1,212,40,18,30,18,5.35,77.11,1,workday,23:53,06:50,25-34,hybrid,0,1
user_044,2024-01-25,0.0,1,256,38,22,29,23,8.29,54.76,1,workday,21:33,07:26,25-34,hybrid,0,1
user_044,2024-01-26,35.27,2,218,44,27,25,21,3.96,59.44,1,workday,22:11,07:00,25-34,hybrid,0,1
user_044,2024-01-27,26.69,2,209,45,29,18,22,2.17,69.2,0,weekend,23:09,07:22,25-34,hybrid,0,1
user_044,2024-01-28,55.05,3,171,16,0,20,9,0.51,76.01,0,weekend,23:33,07:46,25-34,hybrid,0,1
user_045,2024-01-01,59.96,3,165,36,8,22,13,2.91,47.92,0,workday,22:45,07:40,45-54,hybrid,0,0
user_045,2024-01-02,61.08,3,200,42,20,29,23,5.27,57.8,1,workday,22:36,07:39,45-54,hybrid,0,0
user_045,2024-01-03,38.86,2,255,47,23,37,15,7.1,43.3,1,workday,22:38,06:54,45-54,hybrid,0,0
user_045,2024-01-04,46.74,2,193,53,28,37,19,4.92,51.35,0,workday,23:07,06:52,45-54,hybrid,0,0
user_045,2024-01-05,58.34,3,257,43,11,44,24,6.85,53.55,1,workday,23:05,07:17,45-54,hybrid,0,0
user_045,2024-01-06,72.84,3,195,40,10,36,15,0.65,63.74,0,weekend,23:51,07:57,45-54,hybrid,0,0
user_045,2024-01-07,46.64,2,228,40,16,32,13,3.52,44.79,1,weekend,23:26,07:21,45-54,hybrid,0,0
user_045,2024-01-08,57.15,3,235,39,15,34,26,2.63,51.02,0,workday,22:31,07:02,45-54,hybrid,0,0
user_045,2024-01-09,23.03,1,182,41,21,34,19,5.25,59.75,1,workday,22:58,06:00,45-54,hybrid,0,0
user_045,2024-01-10,37.46,2,183,36,12,27,19,4.76,56.77,1,workday,22:55,07:33,45-54,hybrid,0,0
user_045,2024-01-11,64.55,3,230,17,10,17,14,4.22,50.19,0,workday,22:58,07:31,45-54,hybrid,0,0
user_045,2024-01-12,81.4,4,180,47,25,26,21,5.78,59.57,1,workday,23:51,06:30,45-54,hybrid,0,0
user_045,2024-01-13,79.63,4,247,49,23,24,25,3.55,65.97,0,weekend,23:26,07:17,45-54,hybrid,0,0
user_045,2024-01-14,59.19,3,199,37,15,13,16,3.07,79.19,1,weekend,23:31,08:09,45-54,hybrid,0,0
user_045,2024-01-15,36.74,2,275,50,32,27,17,4.52,48.8,1,workday,23:25,06:58,45-54,hybrid,0,0
user_045,2024-01-16,75.82,4,260,29,12,16,12,4.78,80.9,0,workday,23:16,07:04,45-54,hybrid,0,0
user_045,2024-01-17,73.28,3,235,45,27,24,24,5.39,64.35,0,workday,23:28,07:18,45-54,hybrid,0,0
user_045,2024-01-18,61.23,3,159,53,33,31,26,4.49,67.95,1,workday,22:30,06:49,45-54,hybrid,0,0
user_045,2024-01-19,78.76,4,173,11,5,10,6,3.83,58.32,0,workday,22:35,07:25,45-54,hybrid,0,0
user_045,2024-01-20,62.95,3,299,53,32,29,25,6.38,61.2,0,weekend,23:48,08:05,45-54,hybrid,0,0
user_045,2024-01-21,58.83,3,201,39,5,24,16,3.96,75.39,0,weekend,23:02,07:35,45-54,hybrid,0,0
user_045,2024-01-22,68.98,3,221,43,26,36,25,6.3,49.98,1,workday,23:09,07:35,45-54,hybrid,0,0
user_045,2024-01-23,54.01,3,239,27,8,9,14,3.39,43.85,1,workday,21:49,06:40,45-54,hybrid,0,0
user_045,2024-01-24,77.05,4,282,45,12,44,12,4.69,68.07,0,workday,23:52,06:45,45-54,hybrid,0,0
user_045,2024-01-25,31.92,2,231,28,11,13,20,6.37,78.2,1,workday,22:39,06:37,45-54,hybrid,0,0
user_045,2024-01-26,45.45,2,222,51,22,37,27,6.48,35.93,1,workday,22:42,07:18,45-54,hybrid,0,0
user_045,2024-01-27,73.86,3,259,25,17,15,13,2.99,67.49,0,weekend,22:22,08:47,45-54,hybrid,0,0
user_045,2024-01-28,32.6,2,212,42,16,32,18,4.55,49.93,0,weekend,00:18,07:16,45-54,hybrid,0,0
user_046,2024-01-01,32.19,2,234,45,19,35,20,6.24,39.35,1,workday,22:47,06:15,45-54,on_site,0,0
user_046,2024-01-02,27.85,2,172,53,25,35,23,4.87,37.74,1,workday,23:04,07:09,45-54,on_site,0,0
user_046,2024-01-03,24.55,1,264,58,51,45,19,6.76,58.41,1,workday,23:21,07:03,45-54,on_site,0,0
user_046,2024-01-04,39.91,2,204,34,20,30,8,5.91,75.02,1,workday,23:05,06:41,45-54,on_site,0,0
user_046,2024-01-05,53.31,3,234,51,21,41,14,6.34,39.93,0,workday,22:51,06:36,45-54,on_site,0,0
user_046,2024-01-06,22.77,1,233,38,16,28,13,5.71,51.99,0,weekend,23:19,07:16,45-54,on_site,0,0
user_046,2024-01-07,45.48,2,187,41,6,20,17,5.26,64.01,1,weekend,23:02,07:46,45-54,on_site,0,0
user_046,2024-01-08,36.03,2,175,52,25,29,30,4.88,45.26,1,workday,23:29,07:11,45-54,on_site,0,0
user_046,2024-01-09,29.61,2,241,39,9,20,14,5.26,23.21,1,workday,23:25,06:01,45-54,on_site,0,0
user_046,2024-01-10,68.35,3,243,21,8,33,10,6.88,62.89,0,workday,23:05,07:22,45-54,on_site,0,0
user_046,2024-01-11,82.23,4,225,26,16,25,15,5.68,56.76,0,workday,22:47,07:20,45-54,on_site,0,0
user_046,2024-01-12,56.6,3,171,30,17,24,17,3.02,42.84,0,workday,22:54,06:50,45-54,on_site,0,0
user_046,2024-01-13,71.53,3,205,31,20,22,22,5.22,43.66,0,weekend,23:56,07:49,45-54,on_site,0,0
user_046,2024-01-14,53.21,3,184,38,24,26,19,4.61,49.02,0,weekend,22:57,07:40,45-54,on_site,0,0
user_046,2024-01-15,21.8,1,251,52,29,36,24,5.69,48.31,1,workday,22:48,07:57,45-54,on_site,0,0
user_046,2024-01-16,31.14,2,218,33,15,24,18,3.1,50.96,0,workday,23:04,07:16,45-54,on_site,0,0
user_046,2024-01-17,54.04,3,209,36,11,10,14,4.72,50.54,1,workday,22:09,07:22,45-54,on_site,0,0
user_046,2024-01-18,22.03,1,224,60,49,38,25,5.02,29.95,0,workday,23:43,07:30,45-54,on_site,0,0
user_046,2024-01-19,41.13,2,154,38,11,37,21,3.73,44.85,1,workday,22:45,07:22,45-54,on_site,0,0
user_046,2024-01-20,65.83,3,234,55,32,31,24,2.29,82.16,0,weekend,22:34,07:34,45-54,on_site,0,0
user_046,2024-01-21,19.93,1,232,57,21,42,12,2.46,69.78,0,weekend,23:53,07:35,45-54,on_site,0,0
user_046,2024-01-22,84.72,4,211,34,6,22,22,5.2,69.64,0,workday,22:01,06:21,45-54,on_site,0,0
user_046,2024-01-23,48.49,2,215,34,20,22,13,6.88,29.33,0,workday,23:49,06:49,45-54,on_site,0,0
user_046,2024-01-24,46.12,2,192,37,22,27,18,3.88,48.86,0,workday,23:45,07:04,45-54,on_site,0,0
user_046,2024-01-25,45.86,2,200,28,17,20,12,3.98,54.63,1,workday,22:47,07:26,45-54,on_site,0,0
user_046,2024-01-26,26.95,2,213,44,19,31,21,4.9,72.5,0,workday,23:34,06:40,45-54,on_site,0,0
user_046,2024-01-27,93.14,4,174,44,33,13,20,3.01,58.63,0,weekend,23:12,08:13,45-54,on_site,0,0
user_046,2024-01-28,47.79,2,205,32,7,18,14,3.79,49.25,0,weekend,23:00,08:00,45-54,on_site,0,0
user_047,2024-01-01,59.57,3,152,27,9,10,20,2.32,74.33,1,workday,22:26,07:05,25-34,hybrid,0,0
user_047,2024-01-02,43.67,2,211,36,10,33,13,5.39,92.78,0,workday,23:53,06:58,25-34,hybrid,0,0
user_047,2024-01-03,81.64,4,227,43,26,35,17,3.52,75.8,0,workday,22:51,07:13,25-34,hybrid,0,0
user_047,2024-01-04,24.44,1,229,37,28,28,21,6.92,45.88,0,workday,22:47,06:30,25-34,hybrid,0,0
user_047,2024-01-05,52.16,3,247,45,5,35,17,5.12,54.1,0,workday,00:08,07:11,25-34,hybrid,0,0
user_047,2024-01-06,35.26,2,288,33,18,37,21,5.04,70.33,0,weekend,22:45,07:19,25-34,hybrid,0,0
user_047,2024-01-07,30.68,2,195,60,32,29,21,6.45,38.44,0,weekend,23:13,08:25,25-34,hybrid,0,0
user_047,2024-01-08,55.0,3,188,47,11,31,22,4.13,60.67,0,workday,22:52,07:43,25-34,hybrid,0,0
user_047,2024-01-09,41.13,2,242,56,25,47,17,4.45,47.57,0,workday,22:33,07:30,25-34,hybrid,0,0
user_047,2024-01-10,47.96,2,215,45,13,31,18,8.36,45.37,0,workday,23:49,07:25,25-34,hybrid,0,0
user_047,2024-01-11,35.97,2,215,44,19,31,26,4.08,52.29,1,workday,22:10,07:58,25-34,hybrid,0,0
user_047,2024-01-12,15.96,1,238,50,24,27,16,5.59,49.55,0,workday,22:47,06:48,25-34,hybrid,0,0
user_047,2024-01-13,28.66,2,293,51,14,32,11,2.48,62.7,0,weekend,23:12,07:54,25-34,hybrid,0,0
user_047,2024-01-14,17.25,1,234,58,20,29,24,4.46,52.0,1,weekend,23:49,08:05,25-34,hybrid,0,0
user_047,2024-01-15,18.92,1,159,39,14,18,15,4.36,52.44,1,workday,23:02,06:45,25-34,hybrid,0,0
user_047,2024-01-16,25.88,2,249,45,23,23,19,6.35,59.37,0,workday,23:06,07:08,25-34,hybrid,0,0
user_047,2024-01-17,14.84,1,199,36,30,35,25,6.48,58.09,0,workday,22:23,06:48,25-34,hybrid,0,0
user_047,2024-01-18,69.49,3,264,42,11,18,19,2.7,70.57,0,workday,23:16,07:18,25-34,hybrid,0,0
user_047,2024-01-19,40.91,2,207,56,8,32,24,5.83,55.29,1,workday,23:37,07:00,25-34,hybrid,0,0
user_047,2024-01-20,38.49,2,281,50,25,27,19,4.78,51.67,0,weekend,23:16,08:06,25-34,hybrid,0,0
user_047,2024-01-21,35.85,2,190,57,20,25,26,4.87,59.52,0,weekend,23:23,06:32,25-34,hybrid,0,0
user_047,2024-01-22,20.1,1,170,26,11,10,7,3.46,66.5,1,workday,23:01,06:33,25-34,hybrid,0,0
user_047,2024-01-23,33.8,2,247,38,19,22,20,5.95,68.79,1,workday,23:35,07:19,25-34,hybrid,0,0
user_047,2024-01-24,32.77,2,187,45,18,28,17,5.17,40.89,1,workday,22:49,06:57,25-34,hybrid,0,0
user_047,2024-01-25,20.55,1,217,40,31,26,15,4.04,51.22,0,workday,23:08,07:07,25-34,hybrid,0,0
user_047,2024-01-26,39.68,2,174,38,27,27,19,6.15,42.0,0,workday,23:00,06:11,25-34,hybrid,0,0
user_047,2024-01-27,45.2,2,265,26,8,14,12,2.33,46.46,0,weekend,23:03,06:48,25-34,hybrid,0,0
user_047,2024-01-28,41.17,2,198,51,27,31,17,4.0,52.52,0,weekend,23:15,07:39,25-34,hybrid,0,0
user_048,2024-01-01,53.23,3,188,47,7,42,20,3.9,62.5,0,workday,23:23,07:00,25-34,hybrid,0,0
user_048,2024-01-02,41.5,2,202,60,20,32,21,1.7,67.64,0,workday,23:03,07:17,25-34,hybrid,0,0
user_048,2024-01-03,47.29,2,276,51,27,47,24,5.55,60.87,0,workday,22:58,07:32,25-34,hybrid,0,0
user_048,2024-01-04,13.59,1,229,54,42,39,15,5.75,41.62,1,workday,23:05,07:13,25-34,hybrid,0,0
user_048,2024-01-05,68.03,3,229,35,9,23,16,1.96,72.25,1,workday,22:05,06:51,25-34,hybrid,0,0
user_048,2024-01-06,23.78,1,184,50,31,26,19,4.02,77.47,0,weekend,23:23,07:33,25-34,hybrid,0,0
user_048,2024-01-07,56.44,3,209,37,19,25,25,4.37,37.6,0,weekend,23:39,07:31,25-34,hybrid,0,0
user_048,2024-01-08,47.1,2,175,40,11,31,24,5.23,43.59,0,workday,22:22,07:55,25-34,hybrid,0,0
user_048,2024-01-09,40.15,2,272,51,36,33,27,5.46,54.09,1,workday,22:54,06:38,25-34,hybrid,0,0
user_048,2024-01-10,59.67,3,193,34,12,22,17,3.2,65.75,0,workday,22:51,07:01,25-34,hybrid,0,0
user_048,2024-01-11,73.02,3,211,19,12,26,16,3.97,60.79,0,workday,22:40,07:45,25-34,hybrid,0,0
user_048,2024-01-12,64.14,3,216,42,29,37,18,5.37,55.84,1,workday,22:54,06:12,25-34,hybrid,0,0
user_048,2024-01-13,65.54,3,167,31,11,21,4,2.6,54.1,0,weekend,23:39,07:12,25-34,hybrid,0,0
user_048,2024-01-14,53.85,3,251,37,18,24,20,4.94,51.98,0,weekend,23:09,07:54,25-34,hybrid,0,0
user_048,2024-01-15,55.43,3,199,45,20,38,24,4.41,59.53,0,workday,00:25,07:04,25-34,hybrid,0,0
user_048,2024-01-16,66.94,3,195,50,29,30,25,5.26,63.51,0,workday,22:44,06:52,25-34,hybrid,0,0
user_048,2024-01-17,50.21,3,221,39,24,18,20,5.21,59.96,0,workday,23:06,06:17,25-34,hybrid,0,0
user_048,2024-01-18,33.12,2,162,45,15,19,24,7.16,40.91,1,workday,23:50,06:26,25-34,hybrid,0,0
user_048,2024-01-19,27.97,2,202,43,11,35,15,5.31,51.52,0,workday,22:39,06:42,25-34,hybrid,0,0
user_048,2024-01-20,57.35,3,231,36,33,20,22,3.23,65.51,0,weekend,23:48,08:31,25-34,hybrid,0,0
user_048,2024-01-21,26.14,2,231,60,29,31,21,3.81,76.31,0,weekend,00:43,07:44,25-34,hybrid,0,0
user_048,2024-01-22,74.04,3,259,54,26,30,15,3.75,63.0,0,workday,23:52,06:49,25-34,hybrid,0,0
user_048,2024-01-23,75.31,4,186,28,13,20,11,2.48,57.09,0,workday,23:17,07:48,25-34,hybrid,0,0
user_048,2024-01-24,56.85,3,252,24,16,11,15,5.86,48.33,0,workday,23:03,07:19,25-34,hybrid,0,0
user_048,2024-01-25,18.13,1,214,35,18,21,16,5.42,45.41,1,workday,22:05,07:17,25-34,hybrid,0,0
user_048,2024-01-26,55.96,3,233,42,11,22,15,3.47,56.95,0,workday,23:03,06:54,25-34,hybrid,0,0
user_048,2024-01-27,53.16,3,250,32,19,33,21,5.69,46.12,0,weekend,22:36,07:13,25-34,hybrid,0,0
user_048,2024-01-28,56.5,3,189,57,19,42,18,5.42,45.97,1,weekend,22:41,07:39,25-34,hybrid,0,0
user_049,2024-01-01,44.49,2,211,58,32,37,23,6.49,44.17,0,workday,23:39,07:12,35-44,remote,1,0
user_049,2024-01-02,51.9,3,269,58,19,35,27,7.3,53.94,1,workday,22:58,07:17,35-44,remote,1,0
user_049,2024-01-03,50.07,3,209,51,18,36,24,4.21,72.77,0,workday,00:04,06:39,35-44,remote,1,0
user_049,2024-01-04,47.15,2,241,33,11,23,15,6.76,55.91,1,workday,23:15,07:32,35-44,remote,1,0
user_049,2024-01-05,60.87,3,203,37,15,22,19,5.25,54.71,1,workday,23:15,06:52,35-44,remote,1,0
user_049,2024-01-06,90.84,4,240,37,30,20,17,4.57,70.1,0,weekend,23:20,07:40,35-44,remote,1,0
user_049,2024-01-07,56.69,3,242,41,5,19,18,1.97,75.93,0,weekend,23:43,07:14,35-44,remote,1,0
user_049,2024-01-08,59.73,3,196,38,15,13,15,6.22,57.06,1,workday,22:32,07:05,35-44,remote,1,0
user_049,2024-01-09,60.4,3,225,46,13,38,15,2.45,68.82,1,workday,22:30,07:30,35-44,remote,1,0
user_049,2024-01-10,70.57,3,144,60,24,31,25,6.52,41.34,0,workday,23:12,07:41,35-44,remote,1,0
user_049,2024-01-11,77.51,4,244,45,23,44,13,4.91,47.15,0,workday,00:01,06:27,35-44,remote,1,0
user_049,2024-01-12,67.79,3,231,47,19,28,17,7.23,50.05,1,workday,23:06,07:11,35-44,remote,1,0
user_049,2024-01-13,71.9,3,247,43,16,22,16,4.61,45.69,1,weekend,23:16,07:04,35-44,remote,1,0
user_049,2024-01-14,74.76,3,226,14,12,6,5,2.6,69.29,0,weekend,23:29,07:44,35-44,remote,1,0
user_049,2024-01-15,48.73,2,282,55,20,39,22,7.56,33.46,0,workday,21:29,06:58,35-44,remote,1,0
user_049,2024-01-16,60.35,3,211,44,15,29,17,5.06,61.49,1,workday,22:51,07:16,35-44,remote,1,0
user_049,2024-01-17,58.49,3,216,40,33,25,17,3.95,43.78,1,workday,00:00,06:48,35-44,remote,1,0
user_049,2024-01-18,100.0,4,171,26,10,17,21,1.0,84.96,0,workday,00:19,07:35,35-44,remote,1,0
user_049,2024-01-19,55.45,3,149,19,9,14,9,3.53,71.99,0,workday,21:50,06:46,35-44,remote,1,0
user_049,2024-01-20,72.42,3,208,44,21,24,18,3.67,72.02,1,weekend,22:43,07:44,35-44,remote,1,0
user_049,2024-01-21,88.25,4,206,35,18,25,18,4.82,64.47,0,weekend,23:33,06:51,35-44,remote,1,0
user_049,2024-01-22,96.92,4,170,16,2,12,18,5.5,54.85,1,workday,23:54,07:53,35-44,remote,1,0
user_049,2024-01-23,49.58,2,263,42,15,29,24,5.95,56.01,0,workday,23:06,07:11,35-44,remote,1,0
user_049,2024-01-24,37.01,2,297,47,24,34,20,7.04,38.5,1,workday,22:28,06:24,35-44,remote,1,0
user_049,2024-01-25,68.97,3,230,43,32,28,25,6.12,59.82,1,workday,23:09,06:45,35-44,remote,1,0
user_049,2024-01-26,46.57,2,257,36,34,25,15,4.1,66.24,0,workday,22:57,07:17,35-44,remote,1,0
user_049,2024-01-27,75.34,4,189,34,17,26,22,4.03,46.89,0,weekend,23:45,07:39,35-44,remote,1,0
user_049,2024-01-28,47.29,2,205,44,29,22,21,6.22,59.02,1,weekend,23:20,08:20,35-44,remote,1,0
user_050,2024-01-01,38.66,2,213,48,16,43,23,5.1,52.99,0,workday,23:25,07:42,18-24,hybrid,1,0
user_050,2024-01-02,14.18,1,198,20,10,14,13,3.46,68.29,0,workday,22:57,07:14,18-24,hybrid,1,0
user_050,2024-01-03,33.14,2,213,40,14,26,17,4.02,58.69,0,workday,22:45,07:08,18-24,hybrid,1,0
user_050,2024-01-04,28.48,2,222,60,33,36,28,7.68,58.3,1,workday,23:02,06:34,18-24,hybrid,1,0
user_050,2024-01-05,36.88,2,202,25,2,22,10,3.22,67.98,0,workday,22:43,06:53,18-24,hybrid,1,0
user_050,2024-01-06,23.21,1,172,40,18,28,20,2.26,58.48,0,weekend,00:06,06:56,18-24,hybrid,1,0
user_050,2024-01-07,53.32,3,200,26,13,24,7,3.75,54.3,0,weekend,22:29,08:20,18-24,hybrid,1,0
user_050,2024-01-08,26.86,2,199,40,19,21,19,5.21,45.48,0,workday,23:08,07:23,18-24,hybrid,1,0
user_050,2024-01-09,6.48,1,167,38,30,30,13,6.16,57.53,0,workday,22:07,07:17,18-24,hybrid,1,0
user_050,2024-01-10,19.51,1,223,38,14,22,21,5.44,66.86,1,workday,22:57,07:40,18-24,hybrid,1,0
user_050,2024-01-11,32.13,2,221,53,24,49,15,3.47,90.12,0,workday,23:15,07:14,18-24,hybrid,1,0
user_050,2024-01-12,39.84,2,213,41,7,20,23,5.17,61.99,1,workday,23:19,06:22,18-24,hybrid,1,0
user_050,2024-01-13,19.46,1,253,34,29,26,19,5.73,59.07,0,weekend,22:52,07:56,18-24,hybrid,1,0
user_050,2024-01-14,25.38,2,250,60,31,40,18,4.16,80.09,0,weekend,23:38,07:46,18-24,hybrid,1,0
user_050,2024-01-15,0.0,1,197,54,13,37,22,7.66,54.79,0,workday,23:42,06:53,18-24,hybrid,1,0
user_050,2024-01-16,15.08,1,213,46,15,22,18,2.82,56.79,0,workday,23:54,06:57,18-24,hybrid,1,0
user_050,2024-01-17,2.52,1,223,59,37,40,23,7.11,44.8,1,workday,23:40,07:42,18-24,hybrid,1,0
user_050,2024-01-18,24.5,1,232,46,22,31,28,5.5,65.82,0,workday,22:59,06:13,18-24,hybrid,1,0
user_050,2024-01-19,21.57,1,234,58,23,30,17,7.95,45.1,0,workday,23:38,07:53,18-24,hybrid,1,0
user_050,2024-01-20,14.03,1,243,40,5,31,17,5.36,55.92,0,weekend,00:01,07:55,18-24,hybrid,1,0
user_050,2024-01-21,44.22,2,231,50,11,35,30,6.38,56.84,0,weekend,23:31,07:37,18-24,hybrid,1,0
user_050,2024-01-22,21.83,1,300,48,26,21,19,7.21,49.41,0,workday,22:36,07:08,18-24,hybrid,1,0
user_050,2024-01-23,25.19,2,226,35,13,27,14,3.24,62.94,0,workday,23:11,08:06,18-24,hybrid,1,0
user_050,2024-01-24,19.77,1,198,47,26,26,15,5.06,43.26,0,workday,00:02,06:06,18-24,hybrid,1,0
user_050,2024-01-25,17.63,1,250,51,39,39,12,5.76,49.83,0,workday,22:44,06:51,18-24,hybrid,1,0
user_050,2024-01-26,4.15,1,212,60,41,28,21,5.97,64.83,1,workday,22:56,07:30,18-24,hybrid,1,0
user_050,2024-01-27,19.22,1,220,50,16,28,30,4.04,51.26,0,weekend,23:39,07:18,18-24,hybrid,1,0
user_050,2024-01-28,15.77,1,217,55,28,40,22,5.42,50.63,0,weekend,23:54,08:05,18-24,hybrid,1,0
user_051,2024-01-01,18.7,1,246,51,35,36,26,6.81,44.59,0,workday,23:43,06:33,18-24,hybrid,1,0
user_051,2024-01-02,29.63,2,231,60,28,41,17,4.33,62.03,0,workday,23:00,06:41,18-24,hybrid,1,0
user_051,2024-01-03,49.55,2,209,49,18,16,23,5.48,54.31,0,workday,23:00,07:10,18-24,hybrid,1,0
user_051,2024-01-04,49.14,2,242,53,10,29,23,8.43,28.94,0,workday,22:54,07:02,18-24,hybrid,1,0
user_051,2024-01-05,36.84,2,238,46,9,35,12,3.67,64.49,0,workday,23:32,06:51,18-24,hybrid,1,0
user_051,2024-01-06,23.41,1,269,49,35,27,15,6.57,46.9,0,weekend,23:16,07:08,18-24,hybrid,1,0
user_051,2024-01-07,20.39,1,243,56,48,25,24,5.5,44.93,0,weekend,00:16,07:14,18-24,hybrid,1,0
user_051,2024-01-08,7.6,1,224,47,6,34,23,6.14,27.99,0,workday,22:32,06:49,18-24,hybrid,1,0
user_051,2024-01-09,3.03,1,221,59,14,45,23,7.79,40.69,1,workday,23:16,07:32,18-24,hybrid,1,0
user_051,2024-01-10,17.27,1,187,39,24,36,14,6.15,46.98,0,workday,22:53,07:52,18-24,hybrid,1,0
user_051,2024-01-11,32.91,2,153,43,18,18,24,2.35,67.25,0,workday,23:14,06:31,18-24,hybrid,1,0
user_051,2024-01-12,30.72,2,184,34,11,27,21,4.66,72.77,0,workday,22:48,07:06,18-24,hybrid,1,0
user_051,2024-01-13,34.79,2,219,53,10,26,24,4.88,65.87,0,weekend,23:13,08:33,18-24,hybrid,1,0
user_051,2024-01-14,46.34,2,214,27,20,28,15,4.0,75.25,0,weekend,23:20,07:41,18-24,hybrid,1,0
user_051,2024-01-15,21.35,1,237,50,40,24,30,4.63,65.66,1,workday,23:33,07:00,18-24,hybrid,1,0
user_051,2024-01-16,42.42,2,154,44,25,37,18,3.09,54.4,1,workday,22:19,06:26,18-24,hybrid,1,0
user_051,2024-01-17,43.32,2,282,55,15,25,13,6.24,71.66,0,workday,21:50,06:51,18-24,hybrid,1,0
user_051,2024-01-18,34.67,2,180,39,17,27,20,4.07,53.68,0,workday,23:05,06:52,18-24,hybrid,1,0
user_051,2024-01-19,29.28,2,204,38,11,29,23,6.4,46.31,1,workday,22:24,07:49,18-24,hybrid,1,0
user_051,2024-01-20,32.84,2,221,32,15,22,21,4.74,72.73,1,weekend,00:27,08:03,18-24,hybrid,1,0
user_051,2024-01-21,28.7,2,173,39,15,38,21,3.9,52.98,0,weekend,23:13,08:04,18-24,hybrid,1,0
user_051,2024-01-22,47.32,2,135,26,1,29,6,4.35,62.01,0,workday,22:40,07:23,18-24,hybrid,1,0
user_051,2024-01-23,0.0,1,239,59,34,50,24,7.32,43.59,1,workday,22:54,07:11,18-24,hybrid,1,0
user_051,2024-01-24,18.58,1,219,60,41,36,23,5.07,55.93,1,workday,22:33,06:54,18-24,hybrid,1,0
user_051,2024-01-25,11.16,1,220,42,27,36,21,5.88,30.98,1,workday,22:38,06:27,18-24,hybrid,1,0
user_051,2024-01-26,17.84,1,222,42,12,33,14,4.66,39.16,0,workday,23:55,06:31,18-24,hybrid,1,0
user_051,2024-01-27,62.06,3,232,39,21,30,17,2.07,63.04,0,weekend,23:56,07:45,18-24,hybrid,1,0
user_051,2024-01-28,47.24,2,232,25,10,24,18,2.46,58.2,0,weekend,22:14,06:51,18-24,hybrid,1,0
user_052,2024-01-01,28.96,2,202,60,36,41,21,7.92,39.02,1,workday,23:47,07:02,18-24,on_site,1,0
user_052,2024-01-02,5.65,1,250,60,23,43,24,7.51,18.91,0,workday,23:16,06:36,18-24,on_site,1,0
user_052,2024-01-03,17.92,1,239,51,35,46,25,9.1,43.95,1,workday,23:15,06:34,18-24,on_site,1,0
user_052,2024-01-04,27.79,2,277,49,13,30,21,4.92,44.72,0,workday,22:34,06:49,18-24,on_site,1,0
user_052,2024-01-05,59.1,3,237,60,21,32,27,4.27,82.85,0,workday,22:11,06:57,18-24,on_site,1,0
user_052,2024-01-06,23.93,1,216,41,14,41,21,4.67,52.82,0,weekend,23:38,07:32,18-24,on_site,1,0
user_052,2024-01-07,50.66,3,218,39,9,30,18,4.61,47.58,1,weekend,23:12,07:42,18-24,on_site,1,0
user_052,2024-01-08,41.14,2,204,47,28,41,16,6.1,62.06,0,workday,22:47,07:25,18-24,on_site,1,0
user_052,2024-01-09,15.04,1,279,60,27,36,25,10.0,55.87,0,workday,23:37,07:30,18-24,on_site,1,0
user_052,2024-01-10,25.0,1,205,45,28,26,30,7.05,43.17,0,workday,23:09,07:16,18-24,on_site,1,0
user_052,2024-01-11,56.87,3,257,41,12,27,25,7.65,49.73,0,workday,22:30,06:34,18-24,on_site,1,0
user_052,2024-01-12,61.43,3,210,32,15,22,18,4.08,74.64,0,workday,22:47,07:19,18-24,on_site,1,0
user_052,2024-01-13,46.31,2,156,46,25,32,16,3.23,59.35,0,weekend,23:49,08:09,18-24,on_site,1,0
user_052,2024-01-14,25.2,2,226,39,9,38,18,6.11,63.17,0,weekend,23:09,08:26,18-24,on_site,1,0
user_052,2024-01-15,29.79,2,168,25,0,11,13,4.02,83.83,1,workday,23:19,07:10,18-24,on_site,1,0
user_052,2024-01-16,52.33,3,170,28,5,20,17,1.7,66.11,0,workday,23:24,06:44,18-24,on_site,1,0
user_052,2024-01-17,2.2,1,248,54,24,35,28,8.09,50.08,1,workday,21:56,07:14,18-24,on_site,1,0
user_052,2024-01-18,36.27,2,175,35,14,29,17,6.56,61.74,1,workday,23:06,06:49,18-24,on_site,1,0
user_052,2024-01-19,57.49,3,119,16,11,11,5,6.54,51.11,0,workday,23:09,06:48,18-24,on_site,1,0
user_052,2024-01-20,30.64,2,203,39,16,22,14,3.46,62.13,0,weekend,23:22,07:41,18-24,on_site,1,0
user_052,2024-01-21,51.24,3,188,24,7,13,14,1.68,31.89,0,weekend,00:05,07:33,18-24,on_site,1,0
user_052,2024-01-22,4.96,1,216,36,16,23,18,2.27,41.5,1,workday,00:29,07:47,18-24,on_site,1,0
user_052,2024-01-23,29.66,2,187,44,1,30,15,5.06,67.6,1,workday,22:12,06:38,18-24,on_site,1,0
user_052,2024-01-24,23.55,1,209,53,15,32,29,7.21,59.09,0,workday,22:44,06:11,18-24,on_site,1,0
user_052,2024-01-25,28.63,2,157,27,8,25,7,3.78,74.04,0,workday,23:22,06:45,18-24,on_site,1,0
user_052,2024-01-26,67.9,3,206,41,21,29,18,6.67,59.72,0,workday,22:46,06:32,18-24,on_site,1,0
user_052,2024-01-27,25.28,2,213,38,13,36,5,3.38,77.92,1,weekend,23:19,07:47,18-24,on_site,1,0
user_052,2024-01-28,45.84,2,213,55,11,45,24,4.8,86.25,1,weekend,23:16,08:05,18-24,on_site,1,0
user_053,2024-01-01,57.12,3,214,30,11,42,15,2.7,55.66,1,workday,22:29,07:35,45-54,hybrid,1,0
user_053,2024-01-02,81.21,4,172,29,22,24,18,5.27,65.82,1,workday,22:27,06:48,45-54,hybrid,1,0
user_053,2024-01-03,74.24,3,208,44,8,27,23,4.38,41.85,1,workday,22:46,07:10,45-54,hybrid,1,0
user_053,2024-01-04,62.36,3,226,43,9,24,17,5.12,56.93,0,workday,23:08,06:46,45-54,hybrid,1,0
user_053,2024-01-05,61.15,3,175,52,28,28,21,4.53,63.02,0,workday,23:30,06:20,45-54,hybrid,1,0
user_053,2024-01-06,51.78,3,300,49,15,31,24,6.99,66.49,0,weekend,22:10,07:41,45-54,hybrid,1,0
user_053,2024-01-07,54.62,3,235,48,18,42,20,5.29,39.32,0,weekend,23:31,07:24,45-54,hybrid,1,0
user_053,2024-01-08,59.8,3,196,37,22,28,23,7.54,46.02,0,workday,22:10,06:30,45-54,hybrid,1,0
user_053,2024-01-09,72.92,3,274,42,14,25,25,5.91,61.76,0,workday,23:35,08:02,45-54,hybrid,1,0
user_053,2024-01-10,67.49,3,223,56,39,43,25,7.29,66.26,1,workday,22:39,06:36,45-54,hybrid,1,0
user_053,2024-01-11,87.19,4,145,36,25,25,15,3.38,77.93,0,workday,23:11,07:44,45-54,hybrid,1,0
user_053,2024-01-12,72.36,3,236,44,12,31,14,7.58,51.28,1,workday,22:47,06:46,45-54,hybrid,1,0
user_053,2024-01-13,65.25,3,234,52,20,30,26,3.65,59.61,0,weekend,00:04,07:40,45-54,hybrid,1,0
user_053,2024-01-14,80.29,4,225,46,23,33,25,6.07,72.64,0,weekend,23:54,08:12,45-54,hybrid,1,0
user_053,2024-01-15,81.54,4,204,37,30,14,12,1.66,65.86,0,workday,22:22,06:45,45-54,hybrid,1,0
user_053,2024-01-16,66.73,3,230,32,16,30,20,5.78,50.83,1,workday,23:07,07:31,45-54,hybrid,1,0
user_053,2024-01-17,76.23,4,196,39,11,18,16,2.47,58.53,0,workday,22:55,07:46,45-54,hybrid,1,0
user_053,2024-01-18,56.63,3,231,31,10,25,13,5.15,58.9,1,workday,23:00,06:31,45-54,hybrid,1,0
user_053,2024-01-19,74.02,3,189,31,14,19,16,6.21,48.49,0,workday,00:00,06:28,45-54,hybrid,1,0
user_053,2024-01-20,64.84,3,255,50,14,34,23,3.03,69.52,0,weekend,00:05,08:06,45-54,hybrid,1,0
user_053,2024-01-21,37.51,2,241,50,42,21,27,7.78,66.5,0,weekend,23:27,07:56,45-54,hybrid,1,0
user_053,2024-01-22,77.63,4,169,42,25,33,20,5.28,57.36,0,workday,23:12,07:17,45-54,hybrid,1,0
user_053,2024-01-23,60.13,3,236,44,26,36,18,3.5,54.4,1,workday,22:57,07:29,45-54,hybrid,1,0
user_053,2024-01-24,81.15,4,274,33,14,35,17,6.0,58.7,0,workday,23:12,06:52,45-54,hybrid,1,0
user_053,2024-01-25,76.94,4,156,41,17,29,25,5.49,50.58,0,workday,22:15,06:51,45-54,hybrid,1,0
user_053,2024-01-26,61.77,3,200,51,24,24,29,8.35,40.77,1,workday,23:23,06:41,45-54,hybrid,1,0
user_053,2024-01-27,61.14,3,204,38,11,26,15,7.67,49.32,0,weekend,22:33,07:46,45-54,hybrid,1,0
user_053,2024-01-28,66.54,3,212,43,10,29,15,4.51,56.76,1,weekend,23:39,08:02,45-54,hybrid,1,0
user_054,2024-01-01,40.85,2,194,49,27,37,30,9.06,43.2,1,workday,23:29,06:10,35-44,remote,0,1
user_054,2024-01-02,50.15,3,255,45,29,37,24,6.44,36.41,0,workday,23:42,07:18,35-44,remote,0,1
user_054,2024-01-03,39.17,2,238,60,34,47,19,5.5,39.68,0,workday,22:49,07:51,35-44,remote,0,1
user_054,2024-01-04,80.97,4,240,49,12,44,30,4.09,40.15,0,workday,22:53,06:35,35-44,remote,0,1
user_054,2024-01-05,49.46,2,213,15,6,21,13,3.18,47.27,1,workday,23:17,07:13,35-44,remote,0,1
user_054,2024-01-06,83.96,4,227,36,7,17,19,0.5,60.5,0,weekend,22:50,08:01,35-44,remote,0,1
user_054,2024-01-07,79.9,4,291,27,16,24,29,5.53,34.97,0,weekend,22:49,07:33,35-44,remote,0,1
user_054,2024-01-08,52.26,3,248,56,39,50,19,4.03,72.77,0,workday,22:17,07:04,35-44,remote,0,1
user_054,2024-01-09,51.53,3,281,51,15,27,30,6.79,69.32,0,workday,22:45,06:30,35-44,remote,0,1
user_054,2024-01-10,42.06,2,266,48,35,43,30,8.04,47.45,0,workday,23:18,06:48,35-44,remote,0,1
user_054,2024-01-11,29.25,2,242,31,22,20,28,5.05,58.64,0,workday,21:47,07:13,35-44,remote,0,1
user_054,2024-01-12,74.46,3,238,28,16,14,26,3.47,60.09,1,workday,21:52,07:01,35-44,remote,0,1
user_054,2024-01-13,65.98,3,218,53,27,28,19,5.94,68.1,1,weekend,00:38,07:24,35-44,remote,0,1
user_054,2024-01-14,51.69,3,263,55,9,14,12,1.93,71.37,0,weekend,00:49,06:45,35-44,remote,0,1
user_054,2024-01-15,42.85,2,250,43,31,37,13,5.5,55.36,0,workday,22:55,07:23,35-44,remote,0,1
user_054,2024-01-16,47.67,2,253,47,34,35,19,5.71,59.39,1,workday,23:49,06:58,35-44,remote,0,1
user_054,2024-01-17,10.5,1,283,60,45,50,9,4.84,58.54,1,workday,23:23,07:25,35-44,remote,0,1
user_054,2024-01-18,66.05,3,131,37,19,35,13,4.78,50.03,0,workday,22:39,07:00,35-44,remote,0,1
user_054,2024-01-19,8.23,1,178,40,24,19,24,7.16,41.31,1,workday,22:46,07:12,35-44,remote,0,1
user_054,2024-01-20,46.71,2,231,53,22,33,19,4.6,70.14,1,weekend,22:58,06:46,35-44,remote,0,1
user_054,2024-01-21,52.57,3,236,60,20,24,27,2.56,47.9,0,weekend,00:06,07:31,35-44,remote,0,1
user_054,2024-01-22,74.82,3,212,36,25,39,21,4.14,69.21,0,workday,23:29,07:06,35-44,remote,0,1
user_054,2024-01-23,28.66,2,225,54,23,23,17,8.44,42.89,1,workday,22:50,07:07,35-44,remote,0,1
user_054,2024-01-24,74.05,3,171,26,11,19,16,6.11,63.31,1,workday,23:06,06:57,35-44,remote,0,1
user_054,2024-01-25,15.54,1,276,60,36,42,19,9.02,39.8,1,workday,23:20,07:02,35-44,remote,0,1
user_054,2024-01-26,77.28,4,227,36,25,38,17,4.84,59.15,0,workday,23:12,07:50,35-44,remote,0,1
user_054,2024-01-27,45.12,2,221,42,10,16,21,1.77,65.03,0,weekend,23:58,07:20,35-44,remote,0,1
user_054,2024-01-28,80.49,4,174,41,9,29,13,3.22,63.51,0,weekend,00:09,08:37,35-44,remote,0,1
user_055,2024-01-01,39.13,2,245,59,15,31,26,8.51,27.22,0,workday,22:54,06:25,35-44,remote,0,0
user_055,2024-01-02,60.96,3,214,58,34,36,14,3.94,63.37,0,workday,22:51,06:29,35-44,remote,0,0
user_055,2024-01-03,70.47,3,212,42,12,28,21,5.61,60.06,0,workday,22:35,07:21,35-44,remote,0,0
user_055,2024-01-04,68.25,3,174,38,30,9,16,4.07,47.6,0,workday,23:37,06:36,35-44,remote,0,0
user_055,2024-01-05,28.92,2,279,47,28,40,21,5.12,43.9,0,workday,23:09,07:23,35-44,remote,0,0
user_055,2024-01-06,73.23,3,254,37,17,23,13,2.8,89.22,0,weekend,00:00,06:48,35-44,remote,0,0
user_055,2024-01-07,62.31,3,180,45,15,24,17,2.14,53.96,1,weekend,23:29,07:34,35-44,remote,0,0
user_055,2024-01-08,11.79,1,300,60,46,37,17,8.41,44.44,1,workday,22:58,06:54,35-44,remote,0,0
user_055,2024-01-09,52.44,3,220,60,10,43,27,6.14,55.62,0,workday,23:15,06:41,35-44,remote,0,0
user_055,2024-01-10,83.64,4,198,48,20,20,17,5.17,64.99,0,workday,22:47,07:04,35-44,remote,0,0
user_055,2024-01-11,50.2,3,253,55,21,39,25,6.41,49.08,0,workday,22:39,06:47,35-44,remote,0,0
user_055,2024-01-12,45.63,2,250,50,21,36,24,7.35,41.38,1,workday,22:44,08:19,35-44,remote,0,0
user_055,2024-01-13,35.01,2,248,27,12,32,16,5.5,54.87,1,weekend,22:47,07:31,35-44,remote,0,0
user_055,2024-01-14,76.72,4,240,40,14,27,23,4.72,58.85,0,weekend,00:17,07:23,35-44,remote,0,0
user_055,2024-01-15,42.29,2,235,58,28,33,21,3.43,81.71,1,workday,23:19,06:56,35-44,remote,0,0
user_055,2024-01-16,65.76,3,184,30,7,25,12,2.07,48.98,0,workday,23:52,05:59,35-44,remote,0,0
user_055,2024-01-17,73.77,3,300,59,7,32,19,5.62,58.19,0,workday,23:37,06:03,35-44,remote,0,0
user_055,2024-01-18,43.49,2,258,45,15,29,27,7.13,34.92,1,workday,22:49,07:09,35-44,remote,0,0
user_055,2024-01-19,60.14,3,218,52,15,49,19,5.69,57.93,0,workday,23:22,07:12,35-44,remote,0,0
user_055,2024-01-20,100.0,4,241,37,10,34,27,5.59,77.15,0,weekend,00:26,08:06,35-44,remote,0,0
user_055,2024-01-21,68.98,3,225,47,32,35,24,5.0,66.1,0,weekend,23:05,07:23,35-44,remote,0,0
user_055,2024-01-22,26.78,2,232,35,11,25,18,6.71,48.62,1,workday,22:44,06:27,35-44,remote,0,0
user_055,2024-01-23,64.47,3,202,42,8,26,15,3.31,55.14,0,workday,23:54,07:08,35-44,remote,0,0
user_055,2024-01-24,37.2,2,226,41,18,21,19,6.26,55.73,0,workday,23:23,07:23,35-44,remote,0,0
user_055,2024-01-25,75.03,4,249,28,7,33,13,5.94,60.01,0,workday,22:42,07:03,35-44,remote,0,0
user_055,2024-01-26,72.52,3,229,16,6,28,13,4.26,60.57,1,workday,23:13,07:26,35-44,remote,0,0
user_055,2024-01-27,70.32,3,247,28,18,15,11,3.52,76.8,0,weekend,23:50,07:39,35-44,remote,0,0
user_055,2024-01-28,84.34,4,167,22,0,23,10,3.69,59.06,0,weekend,00:04,08:30,35-44,remote,0,0
user_056,2024-01-01,47.7,2,191,47,37,39,27,5.95,46.15,0,workday,23:16,07:03,45-54,hybrid,1,0
user_056,2024-01-02,20.61,1,168,34,15,33,12,3.41,76.67,1,workday,00:14,07:54,45-54,hybrid,1,0
user_056,2024-01-03,26.6,2,256,60,18,42,27,5.28,61.01,1,workday,22:37,07:55,45-54,hybrid,1,0
user_056,2024-01-04,57.62,3,227,36,21,30,19,3.36,62.18,0,workday,22:12,07:02,45-54,hybrid,1,0
user_056,2024-01-05,22.2,1,197,44,29,40,17,7.07,49.21,0,workday,22:24,06:29,45-54,hybrid,1,0
user_056,2024-01-06,69.27,3,221,46,18,29,16,3.66,66.84,0,weekend,23:18,07:35,45-54,hybrid,1,0
user_056,2024-01-07,13.73,1,271,50,45,24,22,7.75,39.99,1,weekend,00:08,08:15,45-54,hybrid,1,0
user_056,2024-01-08,18.12,1,203,40,20,29,14,5.35,61.57,1,workday,23:34,06:35,45-54,hybrid,1,0
user_056,2024-01-09,64.32,3,224,19,8,17,10,3.8,75.38,0,workday,22:17,06:29,45-54,hybrid,1,0
user_056,2024-01-10,24.75,1,200,37,22,34,21,7.19,46.86,0,workday,23:16,07:03,45-54,hybrid,1,0
user_056,2024-01-11,35.57,2,264,47,25,24,13,7.62,43.1,1,workday,22:41,07:00,45-54,hybrid,1,0
user_056,2024-01-12,64.39,3,248,41,21,28,18,5.42,62.6,0,workday,22:15,07:20,45-54,hybrid,1,0
user_056,2024-01-13,14.49,1,222,51,13,29,21,6.73,61.76,0,weekend,23:35,08:20,45-54,hybrid,1,0
user_056,2024-01-14,59.08,3,200,35,16,26,16,3.94,68.34,0,weekend,00:08,08:11,45-54,hybrid,1,0
user_056,2024-01-15,24.15,1,163,35,16,33,18,5.65,62.39,0,workday,00:06,07:30,45-54,hybrid,1,0
user_056,2024-01-16,37.19,2,244,27,15,17,13,5.11,90.13,0,workday,22:07,08:06,45-54,hybrid,1,0
user_056,2024-01-17,51.98,3,193,26,8,23,18,3.46,77.67,0,workday,22:26,07:04,45-54,hybrid,1,0
user_056,2024-01-18,42.22,2,178,35,14,15,18,5.73,57.67,1,workday,23:38,07:34,45-54,hybrid,1,0
user_056,2024-01-19,68.01,3,253,34,20,24,12,3.89,64.02,0,workday,22:57,07:26,45-54,hybrid,1,0
user_056,2024-01-20,30.08,2,277,60,27,35,19,4.42,43.28,0,weekend,00:30,08:12,45-54,hybrid,1,0
user_056,2024-01-21,68.55,3,190,31,12,33,12,0.0,69.75,0,weekend,00:22,07:18,45-54,hybrid,1,0
user_056,2024-01-22,24.37,1,241,41,15,47,10,4.14,61.94,0,workday,22:51,07:51,45-54,hybrid,1,0
user_056,2024-01-23,8.27,1,190,40,14,29,23,5.47,57.22,1,workday,22:49,07:23,45-54,hybrid,1,0
user_056,2024-01-24,52.96,3,201,22,3,12,17,1.47,73.39,0,workday,22:32,07:19,45-54,hybrid,1,0
user_056,2024-01-25,29.01,2,182,43,34,17,27,4.73,64.01,1,workday,00:19,06:42,45-54,hybrid,1,0
user_056,2024-01-26,6.92,1,216,31,14,40,19,4.35,61.05,1,workday,22:51,07:19,45-54,hybrid,1,0
user_056,2024-01-27,42.17,2,198,52,14,35,22,2.74,81.7,0,weekend,23:27,07:29,45-54,hybrid,1,0
user_056,2024-01-28,49.0,2,129,7,7,1,4,1.12,60.93,0,weekend,23:53,07:54,45-54,hybrid,1,0
user_057,2024-01-01,54.0,3,207,35,21,14,17,4.38,47.31,0,workday,22:36,06:24,25-34,on_site,0,0
user_057,2024-01-02,35.65,2,207,41,18,30,19,4.53,70.53,0,workday,23:56,07:25,25-34,on_site,0,0
user_057,2024-01-03,46.23,2,121,41,13,19,26,3.27,79.55,1,workday,23:37,06:18,25-34,on_site,0,0
user_057,2024-01-04,28.89,2,176,45,18,42,19,5.96,73.42,1,workday,23:32,07:21,25-34,on_site,0,0
user_057,2024-01-05,32.81,2,189,39,17,29,16,5.43,53.08,0,workday,22:59,07:15,25-34,on_site,0,0
user_057,2024-01-06,20.33,1,216,22,10,19,17,1.7,63.38,0,weekend,22:41,07:37,25-34,on_site,0,0
user_057,2024-01-07,34.1,2,147,23,8,21,8,4.39,77.54,0,weekend,23:25,07:24,25-34,on_site,0,0
user_057,2024-01-08,13.01,1,188,33,18,22,18,5.96,53.19,1,workday,23:29,07:31,25-34,on_site,0,0
user_057,2024-01-09,30.76,2,256,42,27,20,17,6.43,51.43,1,workday,22:50,07:38,25-34,on_site,0,0
user_057,2024-01-10,57.11,3,210,31,4,34,15,2.86,64.38,0,workday,22:31,07:31,25-34,on_site,0,0
user_057,2024-01-11,15.09,1,227,55,26,25,21,5.83,59.68,1,workday,23:48,06:22,25-34,on_site,0,0
user_057,2024-01-12,35.88,2,254,50,35,33,26,5.62,68.6,0,workday,23:46,07:19,25-34,on_site,0,0
user_057,2024-01-13,53.39,3,194,42,18,31,22,4.55,51.51,0,weekend,23:32,06:43,25-34,on_site,0,0
user_057,2024-01-14,26.37,2,279,49,14,23,21,2.68,47.27,0,weekend,00:07,07:44,25-34,on_site,0,0
user_057,2024-01-15,37.59,2,230,52,35,35,23,6.47,49.75,0,workday,23:27,06:34,25-34,on_site,0,0
user_057,2024-01-16,22.4,1,216,53,34,40,25,8.19,50.55,1,workday,22:36,07:02,25-34,on_site,0,0
user_057,2024-01-17,23.5,1,189,32,9,14,22,7.5,66.95,1,workday,22:53,05:58,25-34,on_site,0,0
user_057,2024-01-18,28.77,2,226,46,36,33,21,6.04,55.66,1,workday,23:08,07:11,25-34,on_site,0,0
user_057,2024-01-19,25.79,2,182,51,14,31,14,9.73,70.46,0,workday,23:05,06:47,25-34,on_site,0,0
user_057,2024-01-20,26.35,2,248,60,36,41,23,4.89,57.01,0,weekend,23:07,08:20,25-34,on_site,0,0
user_057,2024-01-21,45.06,2,259,42,5,24,23,6.05,42.77,0,weekend,23:27,07:58,25-34,on_site,0,0
user_057,2024-01-22,5.07,1,203,56,24,43,20,8.96,32.65,1,workday,22:27,07:06,25-34,on_site,0,0
user_057,2024-01-23,18.96,1,201,60,14,36,26,7.12,46.18,1,workday,23:06,06:24,25-34,on_site,0,0
user_057,2024-01-24,25.07,2,222,60,22,26,22,2.3,66.63,1,workday,23:39,07:17,25-34,on_site,0,0
user_057,2024-01-25,48.02,2,248,57,19,34,25,6.29,48.45,0,workday,23:44,07:29,25-34,on_site,0,0
user_057,2024-01-26,53.33,3,169,46,16,31,19,3.71,75.87,0,workday,23:07,07:22,25-34,on_site,0,0
user_057,2024-01-27,36.98,2,210,50,23,36,27,5.94,51.75,0,weekend,00:39,08:08,25-34,on_site,0,0
user_057,2024-01-28,56.67,3,201,30,8,28,20,3.41,70.61,0,weekend,00:23,08:20,25-34,on_site,0,0
user_058,2024-01-01,50.72,3,223,48,20,23,20,5.11,60.56,0,workday,22:33,07:12,35-44,remote,0,0
user_058,2024-01-02,76.26,4,219,46,27,13,22,1.54,64.62,0,workday,23:50,08:01,35-44,remote,0,0
user_058,2024-01-03,48.78,2,179,36,22,17,19,6.17,50.07,0,workday,23:52,07:32,35-44,remote,0,0
user_058,2024-01-04,52.88,3,243,60,30,28,23,8.3,32.1,0,workday,23:08,07:22,35-44,remote,0,0
user_058,2024-01-05,61.09,3,198,45,31,24,17,3.42,65.25,0,workday,23:06,07:27,35-44,remote,0,0
user_058,2024-01-06,58.83,3,235,50,31,26,21,6.1,38.72,0,weekend,00:02,07:56,35-44,remote,0,0
user_058,2024-01-07,41.21,2,236,35,20,18,10,1.93,52.85,0,weekend,23:32,08:17,35-44,remote,0,0
user_058,2024-01-08,62.55,3,226,50,10,35,21,4.35,44.14,0,workday,23:00,06:40,35-44,remote,0,0
user_058,2024-01-09,52.18,3,276,42,38,30,15,7.13,55.48,0,workday,23:59,07:43,35-44,remote,0,0
user_058,2024-01-10,82.73,4,225,60,26,39,23,6.97,62.06,0,workday,23:59,07:02,35-44,remote,0,0
user_058,2024-01-11,58.41,3,185,36,23,33,28,7.22,60.43,1,workday,23:09,06:49,35-44,remote,0,0
user_058,2024-01-12,63.08,3,216,23,15,37,16,3.27,72.74,1,workday,23:09,07:06,35-44,remote,0,0
user_058,2024-01-13,40.0,2,221,23,13,12,18,4.61,58.12,0,weekend,23:20,07:27,35-44,remote,0,0
user_058,2024-01-14,43.28,2,244,42,10,29,24,5.55,40.79,0,weekend,23:37,08:00,35-44,remote,0,0
user_058,2024-01-15,24.83,1,183,35,13,17,19,7.22,33.69,1,workday,22:41,07:34,35-44,remote,0,0
user_058,2024-01-16,54.19,3,230,25,19,34,18,4.64,71.86,0,workday,23:15,07:11,35-44,remote,0,0
user_058,2024-01-17,65.76,3,206,49,7,38,22,7.49,64.87,0,workday,22:36,07:01,35-44,remote,0,0
user_058,2024-01-18,75.21,4,238,32,13,12,19,5.66,74.31,0,workday,23:34,06:39,35-44,remote,0,0
user_058,2024-01-19,65.61,3,247,38,23,19,21,4.18,48.98,0,workday,23:15,07:00,35-44,remote,0,0
user_058,2024-01-20,65.25,3,215,54,32,37,21,3.5,61.82,0,weekend,23:33,08:06,35-44,remote,0,0
user_058,2024-01-21,46.87,2,264,60,33,45,16,5.39,48.56,0,weekend,23:13,08:36,35-44,remote,0,0
user_058,2024-01-22,85.85,4,224,39,14,30,15,6.53,61.04,0,workday,23:44,06:20,35-44,remote,0,0
user_058,2024-01-23,59.18,3,275,51,20,33,16,4.15,73.33,0,workday,23:05,06:51,35-44,remote,0,0
user_058,2024-01-24,82.11,4,187,44,5,36,25,2.79,78.77,0,workday,21:47,06:35,35-44,remote,0,0
user_058,2024-01-25,40.23,2,300,60,14,26,19,8.87,39.06,1,workday,23:00,07:09,35-44,remote,0,0
user_058,2024-01-26,20.83,1,229,60,27,47,20,9.49,36.69,0,workday,21:39,07:23,35-44,remote,0,0
user_058,2024-01-27,65.48,3,270,48,26,25,13,5.16,71.48,0,weekend,21:48,07:33,35-44,remote,0,0
user_058,2024-01-28,53.25,3,173,25,12,25,14,0.0,71.96,0,weekend,00:38,08:10,35-44,remote,0,0
user_059,2024-01-01,77.11,4,228,55,23,36,21,4.64,60.6,0,workday,23:55,06:49,18-24,remote,1,0
user_059,2024-01-02,83.98,4,300,52,16,30,26,5.74,35.82,0,workday,22:57,07:13,18-24,remote,1,0
user_059,2024-01-03,79.38,4,294,43,22,40,30,5.31,46.04,1,workday,22:45,06:37,18-24,remote,1,0
user_059,2024-01-04,49.63,2,300,49,14,34,28,5.52,67.98,0,workday,23:33,07:15,18-24,remote,1,0
user_059,2024-01-05,20.46,1,212,46,22,17,20,4.95,57.84,0,workday,23:05,06:40,18-24,remote,1,0
user_059,2024-01-06,53.57,3,239,60,25,42,27,8.03,61.23,0,weekend,23:56,08:20,18-24,remote,1,0
user_059,2024-01-07,92.1,4,223,23,10,21,15,4.48,80.32,0,weekend,23:51,07:57,18-24,remote,1,0
user_059,2024-01-08,33.12,2,246,56,29,19,21,6.74,63.09,1,workday,23:43,07:22,18-24,remote,1,0
user_059,2024-01-09,88.53,4,153,19,8,17,15,4.14,48.92,0,workday,23:09,07:34,18-24,remote,1,0
user_059,2024-01-10,20.61,1,200,42,24,20,26,4.61,51.99,1,workday,23:35,07:05,18-24,remote,1,0
user_059,2024-01-11,46.76,2,252,57,34,28,26,5.44,50.52,0,workday,23:10,06:37,18-24,remote,1,0
user_059,2024-01-12,34.75,2,252,56,51,20,19,6.24,39.06,0,workday,23:34,05:53,18-24,remote,1,0
user_059,2024-01-13,59.25,3,271,40,31,19,23,5.53,48.71,0,weekend,23:37,07:31,18-24,remote,1,0
user_059,2024-01-14,23.79,1,273,54,42,31,20,6.39,58.39,0,weekend,00:35,07:33,18-24,remote,1,0
user_059,2024-01-15,7.53,1,250,43,21,22,28,8.47,53.16,1,workday,23:11,07:16,18-24,remote,1,0
user_059,2024-01-16,52.3,3,235,44,33,19,25,4.46,52.23,0,workday,23:14,06:18,18-24,remote,1,0
user_059,2024-01-17,42.64,2,229,60,30,35,21,5.88,66.48,0,workday,21:48,07:05,18-24,remote,1,0
user_059,2024-01-18,62.16,3,289,43,9,20,26,4.73,61.83,0,workday,23:33,06:44,18-24,remote,1,0
user_059,2024-01-19,40.87,2,285,56,8,35,26,7.13,50.04,1,workday,23:14,06:22,18-24,remote,1,0
user_059,2024-01-20,31.47,2,288,39,28,29,9,6.66,32.86,1,weekend,22:52,07:36,18-24,remote,1,0
user_059,2024-01-21,41.96,2,300,60,19,42,24,7.43,34.23,0,weekend,23:02,07:58,18-24,remote,1,0
user_059,2024-01-22,69.35,3,236,55,12,35,23,5.04,62.04,0,workday,22:15,06:35,18-24,remote,1,0
user_059,2024-01-23,50.82,3,253,48,18,26,20,4.44,72.64,1,workday,23:01,06:23,18-24,remote,1,0
user_059,2024-01-24,28.12,2,264,56,23,25,23,6.31,29.84,0,workday,23:32,07:12,18-24,remote,1,0
user_059,2024-01-25,30.59,2,219,53,21,44,22,7.15,45.41,0,workday,23:20,07:15,18-24,remote,1,0
user_059,2024-01-26,49.69,2,229,32,10,24,21,4.88,58.35,0,workday,23:19,07:41,18-24,remote,1,0
user_059,2024-01-27,44.74,2,236,50,17,30,16,7.0,60.27,0,weekend,23:26,08:18,18-24,remote,1,0
user_059,2024-01-28,40.97,2,233,49,17,33,16,3.51,57.34,0,weekend,00:03,08:08,18-24,remote,1,0
user_060,2024-01-01,52.03,3,218,50,12,33,20,6.87,46.93,1,workday,22:13,07:07,18-24,hybrid,1,0
user_060,2024-01-02,36.62,2,258,56,11,38,19,5.18,52.74,1,workday,23:10,07:10,18-24,hybrid,1,0
user_060,2024-01-03,83.26,4,238,49,27,18,16,3.96,65.04,1,workday,23:05,07:25,18-24,hybrid,1,0
user_060,2024-01-04,45.37,2,168,19,5,10,8,6.47,69.73,1,workday,22:42,07:50,18-24,hybrid,1,0
user_060,2024-01-05,27.98,2,227,55,23,38,27,6.13,63.53,0,workday,22:55,06:21,18-24,hybrid,1,0
user_060,2024-01-06,62.51,3,265,43,13,23,16,3.79,58.86,0,weekend,23:26,08:11,18-24,hybrid,1,0
user_060,2024-01-07,62.58,3,215,39,18,37,16,5.14,71.47,0,weekend,23:50,07:59,18-24,hybrid,1,0
user_060,2024-01-08,77.5,4,206,43,7,46,17,4.87,53.83,1,workday,22:12,06:49,18-24,hybrid,1,0
user_060,2024-01-09,50.53,3,224,51,22,34,19,4.68,59.04,1,workday,23:04,06:40,18-24,hybrid,1,0
user_060,2024-01-10,77.24,4,227,26,13,26,12,4.64,69.89,1,workday,23:01,06:59,18-24,hybrid,1,0
user_060,2024-01-11,72.23,3,175,23,7,32,8,4.18,49.23,0,workday,22:21,06:58,18-24,hybrid,1,0
user_060,2024-01-12,72.95,3,207,60,0,33,19,6.35,56.59,0,workday,23:02,07:23,18-24,hybrid,1,0
user_060,2024-01-13,62.0,3,233,52,34,37,16,3.3,63.47,0,weekend,23:45,07:54,18-24,hybrid,1,0
user_060,2024-01-14,18.72,1,178,47,29,33,22,6.63,43.23,0,weekend,23:36,07:50,18-24,hybrid,1,0
user_060,2024-01-15,64.33,3,212,35,18,21,16,5.63,73.14,1,workday,22:33,06:54,18-24,hybrid,1,0
user_060,2024-01-16,46.87,2,171,29,7,30,13,4.84,73.01,1,workday,21:56,06:50,18-24,hybrid,1,0
user_060,2024-01-17,52.51,3,163,50,35,30,22,5.81,70.09,1,workday,22:25,07:13,18-24,hybrid,1,0
user_060,2024-01-18,72.09,3,179,28,11,18,17,2.56,69.42,0,workday,22:58,07:14,18-24,hybrid,1,0
user_060,2024-01-19,64.47,3,178,39,26,24,20,5.84,48.54,0,workday,00:12,06:37,18-24,hybrid,1,0
user_060,2024-01-20,41.47,2,234,60,27,35,27,5.12,44.73,0,weekend,21:52,07:50,18-24,hybrid,1,0
user_060,2024-01-21,60.18,3,200,46,30,16,28,2.92,63.43,0,weekend,23:16,06:48,18-24,hybrid,1,0
user_060,2024-01-22,54.89,3,193,34,13,18,9,4.3,37.16,0,workday,22:08,07:27,18-24,hybrid,1,0
user_060,2024-01-23,38.08,2,211,58,22,45,24,6.9,49.99,0,workday,23:02,07:29,18-24,hybrid,1,0
user_060,2024-01-24,49.49,2,161,45,45,31,21,2.44,57.76,0,workday,22:47,06:29,18-24,hybrid,1,0
user_060,2024-01-25,60.56,3,171,22,12,14,21,5.85,64.05,1,workday,22:13,07:59,18-24,hybrid,1,0
user_060,2024-01-26,48.74,2,233,36,14,22,15,5.58,59.59,1,workday,23:15,06:43,18-24,hybrid,1,0
user_060,2024-01-27,64.69,3,192,42,11,26,26,4.6,58.15,0,weekend,23:30,08:01,18-24,hybrid,1,0
user_060,2024-01-28,56.04,3,238,55,11,21,16,3.57,57.48,0,weekend,23:54,07:43,18-24,hybrid,1,0
user_061,2024-01-01,31.76,2,300,54,15,44,29,7.2,53.21,0,workday,22:44,07:12,35-44,remote,1,0
user_061,2024-01-02,79.75,4,286,41,28,40,25,6.8,80.41,0,workday,22:48,07:42,35-44,remote,1,0
user_061,2024-01-03,55.67,3,235,37,24,19,16,3.71,52.54,0,workday,23:14,07:04,35-44,remote,1,0
user_061,2024-01-04,57.18,3,218,46,7,27,21,4.78,53.08,1,workday,22:22,07:11,35-44,remote,1,0
user_061,2024-01-05,68.95,3,195,42,30,30,15,4.46,37.94,0,workday,23:31,06:53,35-44,remote,1,0
user_061,2024-01-06,62.61,3,300,55,34,34,26,2.47,52.0,0,weekend,23:07,07:35,35-44,remote,1,0
user_061,2024-01-07,65.28,3,171,27,11,20,9,1.99,63.59,0,weekend,23:33,07:24,35-44,remote,1,0
user_061,2024-01-08,65.48,3,167,36,12,34,20,3.77,68.2,0,workday,23:25,06:42,35-44,remote,1,0
user_061,2024-01-09,45.67,2,246,60,19,30,21,7.3,66.02,0,workday,22:27,07:36,35-44,remote,1,0
user_061,2024-01-10,48.82,2,157,53,8,35,27,5.42,42.22,0,workday,22:14,07:21,35-44,remote,1,0
user_061,2024-01-11,52.2,3,253,40,6,31,20,7.29,36.59,0,workday,23:43,06:33,35-44,remote,1,0
user_061,2024-01-12,44.71,2,178,33,27,32,11,3.29,70.11,0,workday,23:18,06:13,35-44,remote,1,0
user_061,2024-01-13,29.88,2,246,49,19,26,21,4.06,46.02,1,weekend,23:54,07:29,35-44,remote,1,0
user_061,2024-01-14,82.24,4,192,38,15,17,15,3.93,68.42,0,weekend,23:16,07:26,35-44,remote,1,0
user_061,2024-01-15,58.76,3,256,60,37,50,22,5.71,45.99,0,workday,22:49,07:06,35-44,remote,1,0
user_061,2024-01-16,64.01,3,270,47,17,37,18,5.5,43.68,0,workday,23:49,06:40,35-44,remote,1,0
user_061,2024-01-17,18.77,1,173,47,17,22,19,8.04,34.76,0,workday,23:01,07:03,35-44,remote,1,0
user_061,2024-01-18,39.42,2,247,50,23,27,25,7.17,64.71,0,workday,23:19,06:48,35-44,remote,1,0
user_061,2024-01-19,60.83,3,220,34,17,22,20,4.31,47.66,0,workday,23:07,06:23,35-44,remote,1,0
user_061,2024-01-20,31.58,2,190,32,27,28,14,3.25,46.3,0,weekend,00:03,07:59,35-44,remote,1,0
user_061,2024-01-21,27.41,2,196,47,18,34,23,2.33,82.12,0,weekend,22:44,07:08,35-44,remote,1,0
user_061,2024-01-22,76.63,4,185,39,15,23,10,4.83,46.01,0,workday,23:00,06:55,35-44,remote,1,0
user_061,2024-01-23,45.01,2,300,54,14,43,19,5.58,59.48,0,workday,23:11,06:35,35-44,remote,1,0
user_061,2024-01-24,69.54,3,250,56,24,23,26,4.09,43.69,1,workday,22:30,08:03,35-44,remote,1,0
user_061,2024-01-25,18.59,1,217,31,6,24,9,4.95,54.67,1,workday,22:13,07:36,35-44,remote,1,0
user_061,2024-01-26,38.12,2,203,48,24,25,22,3.3,42.98,0,workday,22:42,07:05,35-44,remote,1,0
user_061,2024-01-27,50.37,3,200,59,37,34,24,4.67,57.1,1,weekend,23:28,08:04,35-44,remote,1,0
user_061,2024-01-28,24.69,1,251,39,26,24,22,5.64,45.46,0,weekend,23:07,07:43,35-44,remote,1,0
user_062,2024-01-01,35.51,2,221,40,25,31,23,6.11,44.03,0,workday,00:10,06:42,25-34,on_site,1,0
user_062,2024-01-02,20.6,1,223,60,19,44,21,6.69,48.73,0,workday,22:54,06:07,25-34,on_site,1,0
user_062,2024-01-03,39.81,2,255,37,20,31,21,6.03,45.74,1,workday,23:34,06:30,25-34,on_site,1,0
user_062,2024-01-04,64.92,3,191,55,19,33,17,4.7,54.8,0,workday,23:09,07:04,25-34,on_site,1,0
user_062,2024-01-05,75.09,4,129,14,8,28,10,3.17,61.11,0,workday,22:43,07:09,25-34,on_site,1,0
user_062,2024-01-06,83.56,4,264,48,17,22,23,5.77,64.48,0,weekend,22:34,07:24,25-34,on_site,1,0
user_062,2024-01-07,29.21,2,220,43,14,27,16,5.27,51.82,0,weekend,00:00,07:34,25-34,on_site,1,0
user_062,2024-01-08,59.44,3,244,54,36,30,25,6.66,72.69,0,workday,22:45,07:22,25-34,on_site,1,0
user_062,2024-01-09,20.13,1,136,26,4,16,11,4.91,57.29,1,workday,22:53,07:06,25-34,on_site,1,0
user_062,2024-01-10,52.54,3,192,38,25,23,18,3.29,56.92,1,workday,22:23,06:39,25-34,on_site,1,0
user_062,2024-01-11,63.43,3,133,30,23,20,24,6.22,60.86,0,workday,22:23,06:20,25-34,on_site,1,0
user_062,2024-01-12,52.07,3,209,42,36,18,10,3.72,75.87,1,workday,23:15,07:04,25-34,on_site,1,0
user_062,2024-01-13,72.25,3,170,12,7,10,11,1.05,64.71,0,weekend,23:48,08:12,25-34,on_site,1,0
user_062,2024-01-14,30.44,2,236,31,9,30,27,9.03,46.07,0,weekend,00:51,07:33,25-34,on_site,1,0
user_062,2024-01-15,24.74,1,142,36,16,28,7,4.76,57.85,1,workday,23:09,07:13,25-34,on_site,1,0
user_062,2024-01-16,66.73,3,219,40,13,47,15,4.64,52.55,0,workday,22:27,07:22,25-34,on_site,1,0
user_062,2024-01-17,89.7,4,163,38,29,33,18,3.58,79.28,0,workday,23:09,06:32,25-34,on_site,1,0
user_062,2024-01-18,33.76,2,204,38,17,28,21,4.66,69.12,1,workday,21:43,06:56,25-34,on_site,1,0
user_062,2024-01-19,50.62,3,171,46,21,33,21,7.49,59.34,0,workday,23:12,05:42,25-34,on_site,1,0
user_062,2024-01-20,35.48,2,202,25,25,22,10,4.59,42.16,0,weekend,23:10,07:30,25-34,on_site,1,0
user_062,2024-01-21,87.42,4,240,33,13,27,23,4.09,62.57,0,weekend,22:41,06:57,25-34,on_site,1,0
user_062,2024-01-22,33.25,2,209,48,19,29,27,6.17,59.02,1,workday,22:17,07:08,25-34,on_site,1,0
user_062,2024-01-23,37.79,2,208,39,8,13,16,7.93,40.87,0,workday,22:13,07:36,25-34,on_site,1,0
user_062,2024-01-24,53.32,3,215,37,11,30,23,5.63,41.35,0,workday,22:11,07:21,25-34,on_site,1,0
user_062,2024-01-25,73.42,3,216,31,17,22,19,4.51,65.27,0,workday,23:13,07:06,25-34,on_site,1,0
user_062,2024-01-26,79.0,4,195,35,15,18,12,4.41,49.53,0,workday,23:29,07:15,25-34,on_site,1,0
user_062,2024-01-27,72.27,3,205,48,7,29,17,2.79,63.88,0,weekend,23:36,07:22,25-34,on_site,1,0
user_062,2024-01-28,50.16,3,202,42,3,23,24,2.38,81.29,0,weekend,22:48,08:54,25-34,on_site,1,0
user_063,2024-01-01,30.65,2,193,33,17,25,18,5.09,45.52,1,workday,21:57,07:20,35-44,remote,0,1
user_063,2024-01-02,45.99,2,188,23,12,18,18,7.12,54.65,0,workday,22:38,06:55,35-44,remote,0,1
user_063,2024-01-03,35.02,2,224,45,14,38,26,5.15,48.19,0,workday,23:18,07:40,35-44,remote,0,1
user_063,2024-01-04,80.55,4,193,25,18,12,5,3.39,52.44,0,workday,23:13,07:21,35-44,remote,0,1
user_063,2024-01-05,58.37,3,204,30,10,19,10,2.53,87.54,1,workday,23:52,06:49,35-44,remote,0,1
user_063,2024-01-06,39.76,2,216,53,33,20,28,3.5,65.45,1,weekend,00:04,06:32,35-44,remote,0,1
user_063,2024-01-07,35.0,2,219,50,15,39,17,6.75,57.75,0,weekend,22:43,07:06,35-44,remote,0,1
user_063,2024-01-08,47.28,2,224,30,18,39,14,5.24,49.78,1,workday,23:09,06:50,35-44,remote,0,1
user_063,2024-01-09,38.76,2,244,39,9,25,20,3.29,49.93,0,workday,23:27,07:00,35-44,remote,0,1
user_063,2024-01-10,58.48,3,241,38,19,20,12,2.86,57.42,0,workday,23:43,06:22,35-44,remote,0,1
user_063,2024-01-11,91.93,4,156,25,12,13,17,1.53,67.99,0,workday,22:40,07:03,35-44,remote,0,1
user_063,2024-01-12,21.01,1,272,44,27,31,23,5.49,60.22,1,workday,22:02,06:34,35-44,remote,0,1
user_063,2024-01-13,66.44,3,234,48,19,32,27,1.11,53.84,0,weekend,23:24,07:24,35-44,remote,0,1
user_063,2024-01-14,92.97,4,232,7,2,17,10,0.02,84.45,0,weekend,23:47,07:22,35-44,remote,0,1
user_063,2024-01-15,32.17,2,219,44,20,37,26,5.6,50.75,1,workday,23:03,06:40,35-44,remote,0,1
user_063,2024-01-16,30.31,2,217,39,9,34,24,5.78,66.25,1,workday,23:23,06:08,35-44,remote,0,1
user_063,2024-01-17,61.92,3,193,36,21,13,24,2.52,62.96,0,workday,23:33,07:10,35-44,remote,0,1
user_063,2024-01-18,83.78,4,286,56,22,31,15,3.11,71.74,0,workday,22:29,06:43,35-44,remote,0,1
user_063,2024-01-19,34.27,2,224,31,16,26,13,8.64,63.18,0,workday,22:31,07:00,35-44,remote,0,1
user_063,2024-01-20,37.27,2,208,46,20,46,27,6.6,59.11,0,weekend,23:25,08:17,35-44,remote,0,1
user_063,2024-01-21,63.06,3,180,43,16,40,25,3.41,65.54,0,weekend,00:15,07:51,35-44,remote,0,1
user_063,2024-01-22,44.07,2,240,41,34,19,10,7.17,31.5,1,workday,23:01,07:23,35-44,remote,0,1
user_063,2024-01-23,41.31,2,176,31,25,24,10,7.57,40.92,0,workday,22:28,07:41,35-44,remote,0,1
user_063,2024-01-24,42.92,2,196,37,19,28,21,5.53,49.71,1,workday,22:57,07:54,35-44,remote,0,1
user_063,2024-01-25,27.73,2,208,37,13,28,20,6.01,56.45,0,workday,23:06,07:16,35-44,remote,0,1
user_063,2024-01-26,35.41,2,254,58,38,37,25,8.52,28.88,1,workday,22:56,06:08,35-44,remote,0,1
user_063,2024-01-27,52.91,3,237,33,18,27,29,4.85,53.83,0,weekend,23:43,07:17,35-44,remote,0,1
user_063,2024-01-28,25.94,2,246,47,23,32,19,4.02,62.54,1,weekend,22:26,07:50,35-44,remote,0,1
user_064,2024-01-01,41.86,2,244,49,20,29,26,5.96,38.59,0,workday,23:46,06:53,35-44,remote,1,0
user_064,2024-01-02,83.42,4,265,36,11,24,16,3.43,53.6,0,workday,23:52,07:20,35-44,remote,1,0
user_064,2024-01-03,45.7,2,287,59,25,39,27,6.76,45.3,1,workday,23:56,06:47,35-44,remote,1,0
user_064,2024-01-04,34.2,2,211,37,15,19,17,7.46,35.87,1,workday,23:23,07:32,35-44,remote,1,0
user_064,2024-01-05,44.86,2,194,48,43,36,23,6.99,51.34,1,workday,23:42,07:39,35-44,remote,1,0
user_064,2024-01-06,87.1,4,246,42,23,36,23,4.59,75.35,0,weekend,23:27,07:46,35-44,remote,1,0
user_064,2024-01-07,30.17,2,221,40,11,30,12,5.67,55.68,1,weekend,23:18,07:43,35-44,remote,1,0
user_064,2024-01-08,40.36,2,229,51,17,20,18,3.72,69.23,0,workday,23:46,06:38,35-44,remote,1,0
user_064,2024-01-09,65.11,3,135,28,10,40,16,6.88,38.25,0,workday,22:48,07:19,35-44,remote,1,0
user_064,2024-01-10,35.41,2,210,57,18,44,22,3.59,52.49,0,workday,22:15,07:32,35-44,remote,1,0
user_064,2024-01-11,45.05,2,233,53,32,40,24,7.59,56.76,0,workday,21:39,06:28,35-44,remote,1,0
user_064,2024-01-12,49.09,2,227,35,24,29,23,6.45,73.43,0,workday,22:20,07:20,35-44,remote,1,0
user_064,2024-01-13,68.07,3,172,25,6,20,21,3.39,60.14,0,weekend,23:06,08:06,35-44,remote,1,0
user_064,2024-01-14,48.34,2,273,51,25,37,23,6.36,45.2,0,weekend,00:19,07:32,35-44,remote,1,0
user_064,2024-01-15,41.91,2,179,47,8,31,22,4.94,65.25,0,workday,22:44,06:37,35-44,remote,1,0
user_064,2024-01-16,92.58,4,285,29,11,28,19,2.98,59.83,0,workday,23:39,07:21,35-44,remote,1,0
user_064,2024-01-17,61.39,3,200,60,32,30,26,5.23,53.4,1,workday,22:36,06:38,35-44,remote,1,0
user_064,2024-01-18,37.6,2,284,60,12,40,30,8.2,37.22,1,workday,22:19,06:42,35-44,remote,1,0
user_064,2024-01-19,37.66,2,193,31,31,12,20,7.97,28.34,0,workday,22:51,07:54,35-44,remote,1,0
user_064,2024-01-20,73.06,3,200,33,4,34,19,6.66,57.75,0,weekend,23:29,08:39,35-44,remote,1,0
user_064,2024-01-21,73.76,3,218,35,15,24,18,3.54,65.8,0,weekend,22:16,06:17,35-44,remote,1,0
user_064,2024-01-22,55.76,3,252,47,34,28,20,3.85,44.03,1,workday,22:37,07:30,35-44,remote,1,0
user_064,2024-01-23,47.37,2,214,36,23,28,17,5.3,50.8,0,workday,22:30,07:30,35-44,remote,1,0
user_064,2024-01-24,63.35,3,254,21,14,22,16,2.29,73.96,0,workday,22:41,06:18,35-44,remote,1,0
user_064,2024-01-25,53.73,3,280,39,19,22,29,6.91,54.14,0,workday,23:12,07:33,35-44,remote,1,0
user_064,2024-01-26,58.06,3,261,54,18,21,26,3.14,57.36,1,workday,00:37,06:57,35-44,remote,1,0
user_064,2024-01-27,56.02,3,236,52,23,30,15,4.75,51.32,0,weekend,23:07,06:42,35-44,remote,1,0
user_064,2024-01-28,67.91,3,240,55,12,41,21,4.54,52.1,0,weekend,23:57,08:32,35-44,remote,1,0
user_065,2024-01-01,44.12,2,196,56,24,38,18,8.45,34.47,1,workday,00:25,06:34,35-44,on_site,1,0
user_065,2024-01-02,74.22,3,219,31,15,24,17,3.34,43.18,0,workday,22:21,06:37,35-44,on_site,1,0
user_065,2024-01-03,48.08,2,202,35,18,9,10,7.7,33.58,0,workday,22:32,06:19,35-44,on_site,1,0
user_065,2024-01-04,37.87,2,212,46,32,23,20,5.71,58.75,0,workday,22:42,06:45,35-44,on_site,1,0
user_065,2024-01-05,90.67,4,136,40,10,14,21,0.4,70.2,0,workday,22:00,07:18,35-44,on_site,1,0
user_065,2024-01-06,65.93,3,184,52,27,25,22,3.84,45.42,0,weekend,22:09,08:01,35-44,on_site,1,0
user_065,2024-01-07,35.99,2,234,37,24,19,14,4.54,55.45,0,weekend,23:08,07:49,35-44,on_site,1,0
user_065,2024-01-08,97.89,4,197,24,11,17,9,4.55,60.38,0,workday,22:09,07:04,35-44,on_site,1,0
user_065,2024-01-09,69.57,3,205,36,18,25,19,7.17,55.53,0,workday,00:10,06:48,35-44,on_site,1,0
user_065,2024-01-10,67.41,3,154,10,10,10,12,4.6,53.66,1,workday,21:54,07:15,35-44,on_site,1,0
user_065,2024-01-11,47.29,2,207,60,29,37,24,8.5,45.19,0,workday,22:12,07:03,35-44,on_site,1,0
user_065,2024-01-12,48.37,2,202,43,11,35,26,3.91,53.15,0,workday,23:13,07:22,35-44,on_site,1,0
user_065,2024-01-13,81.92,4,161,50,15,38,16,3.37,83.07,0,weekend,22:49,07:28,35-44,on_site,1,0
user_065,2024-01-14,74.18,3,203,33,20,17,11,4.56,87.5,0,weekend,23:18,07:50,35-44,on_site,1,0
user_065,2024-01-15,93.58,4,161,30,14,26,18,2.4,61.6,0,workday,23:19,07:00,35-44,on_site,1,0
user_065,2024-01-16,15.03,1,216,27,21,21,24,6.7,47.3,1,workday,22:34,06:13,35-44,on_site,1,0
user_065,2024-01-17,82.7,4,185,37,21,22,19,3.56,58.16,0,workday,21:48,07:09,35-44,on_site,1,0
user_065,2024-01-18,39.23,2,174,39,27,24,20,4.9,53.61,1,workday,22:53,06:55,35-44,on_site,1,0
user_065,2024-01-19,28.75,2,129,41,8,37,24,3.73,58.5,1,workday,22:48,06:47,35-44,on_site,1,0
user_065,2024-01-20,67.89,3,209,50,17,26,20,4.75,68.54,0,weekend,23:38,07:19,35-44,on_site,1,0
user_065,2024-01-21,57.29,3,195,29,21,12,2,2.35,75.82,0,weekend,22:25,07:22,35-44,on_site,1,0
user_065,2024-01-22,76.92,4,189,48,25,24,23,3.76,65.02,0,workday,22:56,07:03,35-44,on_site,1,0
user_065,2024-01-23,63.97,3,188,22,4,12,1,1.7,71.97,0,workday,22:47,07:13,35-44,on_site,1,0
user_065,2024-01-24,64.11,3,191,45,28,27,15,5.6,65.94,0,workday,22:42,06:57,35-44,on_site,1,0
user_065,2024-01-25,64.0,3,172,32,5,15,23,1.41,70.28,1,workday,23:20,06:55,35-44,on_site,1,0
user_065,2024-01-26,68.94,3,167,32,17,24,18,4.22,69.8,0,workday,23:21,07:08,35-44,on_site,1,0
user_065,2024-01-27,76.09,4,226,50,36,35,9,4.38,85.56,0,weekend,23:28,08:03,35-44,on_site,1,0
user_065,2024-01-28,89.54,4,213,39,20,30,23,1.13,55.15,0,weekend,23:28,07:37,35-44,on_site,1,0
user_066,2024-01-01,30.16,2,199,24,11,20,21,5.35,71.89,1,workday,22:43,08:07,35-44,remote,1,0
user_066,2024-01-02,12.58,1,276,41,31,41,21,5.97,72.13,0,workday,22:25,06:59,35-44,remote,1,0
user_066,2024-01-03,6.96,1,246,36,1,38,21,4.08,54.31,1,workday,23:03,06:53,35-44,remote,1,0
user_066,2024-01-04,41.7,2,246,52,12,30,20,7.05,35.33,0,workday,23:21,07:55,35-44,remote,1,0
user_066,2024-01-05,10.62,1,272,60,26,23,26,6.64,21.39,0,workday,23:26,07:27,35-44,remote,1,0
user_066,2024-01-06,38.58,2,211,36,16,10,21,4.38,59.17,1,weekend,23:40,07:43,35-44,remote,1,0
user_066,2024-01-07,52.68,3,300,60,14,36,25,6.36,61.51,0,weekend,00:37,07:43,35-44,remote,1,0
user_066,2024-01-08,18.15,1,214,60,37,38,20,5.58,64.26,0,workday,22:59,06:31,35-44,remote,1,0
user_066,2024-01-09,10.19,1,175,57,18,29,20,6.16,53.41,0,workday,23:51,07:12,35-44,remote,1,0
user_066,2024-01-10,14.15,1,229,52,16,42,16,5.45,51.74,0,workday,22:48,06:26,35-44,remote,1,0
user_066,2024-01-11,44.07,2,226,60,6,40,17,4.79,50.09,0,workday,00:06,06:24,35-44,remote,1,0
user_066,2024-01-12,11.0,1,235,49,7,34,26,5.34,33.45,1,workday,23:32,07:03,35-44,remote,1,0
user_066,2024-01-13,34.66,2,187,34,13,19,16,4.66,65.31,0,weekend,23:42,07:12,35-44,remote,1,0
user_066,2024-01-14,53.93,3,239,25,16,28,23,6.96,41.49,0,weekend,22:37,07:41,35-44,remote,1,0
user_066,2024-01-15,23.35,1,175,48,39,25,22,4.77,60.79,1,workday,23:05,07:14,35-44,remote,1,0
user_066,2024-01-16,36.59,2,222,39,24,39,17,5.27,60.0,0,workday,22:43,06:59,35-44,remote,1,0
user_066,2024-01-17,13.84,1,222,37,16,24,9,5.23,73.75,0,workday,23:03,06:27,35-44,remote,1,0
user_066,2024-01-18,31.3,2,259,53,17,33,29,5.41,57.18,0,workday,23:53,06:55,35-44,remote,1,0
user_066,2024-01-19,12.72,1,265,38,33,27,18,3.93,50.81,0,workday,23:00,06:47,35-44,remote,1,0
user_066,2024-01-20,13.71,1,282,60,29,33,29,6.37,47.5,0,weekend,00:24,07:39,35-44,remote,1,0
user_066,2024-01-21,34.4,2,248,60,37,37,29,6.37,51.73,0,weekend,23:08,07:44,35-44,remote,1,0
user_066,2024-01-22,16.05,1,290,47,4,19,25,7.2,57.72,0,workday,23:20,06:51,35-44,remote,1,0
user_066,2024-01-23,29.74,2,220,44,24,32,18,3.6,54.68,1,workday,00:22,06:24,35-44,remote,1,0
user_066,2024-01-24,11.79,1,226,47,17,35,22,7.08,47.37,0,workday,22:09,07:12,35-44,remote,1,0
user_066,2024-01-25,10.05,1,171,41,14,48,23,4.56,46.27,0,workday,22:45,07:07,35-44,remote,1,0
user_066,2024-01-26,26.53,2,203,38,8,25,9,4.74,84.82,1,workday,22:47,06:43,35-44,remote,1,0
user_066,2024-01-27,32.24,2,216,44,19,36,27,5.85,68.71,0,weekend,23:40,07:09,35-44,remote,1,0
user_066,2024-01-28,40.36,2,244,40,27,23,23,4.87,57.62,0,weekend,23:42,06:41,35-44,remote,1,0
user_067,2024-01-01,18.22,1,196,36,21,27,15,5.0,52.99,0,workday,23:04,06:55,35-44,remote,1,0
user_067,2024-01-02,12.47,1,279,52,51,28,16,6.97,39.36,1,workday,22:07,07:12,35-44,remote,1,0
user_067,2024-01-03,30.36,2,248,40,19,30,21,5.97,54.25,0,workday,22:17,06:49,35-44,remote,1,0
user_067,2024-01-04,0.0,1,241,48,12,42,22,5.89,49.84,0,workday,22:35,07:05,35-44,remote,1,0
user_067,2024-01-05,11.62,1,175,39,20,35,28,4.77,71.72,1,workday,22:44,06:33,35-44,remote,1,0
user_067,2024-01-06,23.6,1,220,37,19,17,15,5.41,66.85,0,weekend,22:56,08:26,35-44,remote,1,0
user_067,2024-01-07,9.89,1,227,45,13,33,18,5.39,75.15,0,weekend,22:42,07:20,35-44,remote,1,0
user_067,2024-01-08,17.29,1,226,34,23,28,17,5.33,67.77,1,workday,22:35,06:19,35-44,remote,1,0
user_067,2024-01-09,6.01,1,271,57,31,26,26,3.55,69.31,0,workday,23:30,06:12,35-44,remote,1,0
user_067,2024-01-10,20.02,1,298,46,24,21,8,3.12,67.45,0,workday,22:02,07:37,35-44,remote,1,0
user_067,2024-01-11,21.18,1,213,47,35,22,20,3.53,74.71,0,workday,23:32,06:52,35-44,remote,1,0
user_067,2024-01-12,21.02,1,192,36,11,29,24,5.07,67.37,0,workday,22:52,06:57,35-44,remote,1,0
user_067,2024-01-13,0.0,1,286,60,34,37,29,6.19,32.12,1,weekend,00:19,07:47,35-44,remote,1,0
user_067,2024-01-14,14.7,1,244,52,30,34,15,5.72,41.88,0,weekend,01:09,07:00,35-44,remote,1,0
user_067,2024-01-15,9.24,1,250,42,7,24,12,5.94,47.04,1,workday,23:25,06:51,35-44,remote,1,0
user_067,2024-01-16,11.55,1,246,34,26,25,13,5.49,43.26,1,workday,23:05,07:33,35-44,remote,1,0
user_067,2024-01-17,15.49,1,234,51,19,15,26,4.28,37.12,0,workday,22:47,06:46,35-44,remote,1,0
user_067,2024-01-18,24.61,1,190,52,19,30,22,4.44,46.91,0,workday,22:49,07:12,35-44,remote,1,0
user_067,2024-01-19,17.38,1,197,30,9,27,17,3.03,69.87,0,workday,23:10,07:28,35-44,remote,1,0
user_067,2024-01-20,7.22,1,211,38,8,25,13,3.0,72.91,0,weekend,00:07,08:28,35-44,remote,1,0
user_067,2024-01-21,18.79,1,225,38,33,30,24,5.19,48.61,1,weekend,23:51,07:22,35-44,remote,1,0
user_067,2024-01-22,0.0,1,218,44,11,33,29,5.24,70.27,1,workday,22:50,06:58,35-44,remote,1,0
user_067,2024-01-23,39.64,2,260,53,18,36,29,6.62,70.86,1,workday,23:16,07:26,35-44,remote,1,0
user_067,2024-01-24,17.27,1,250,26,16,17,10,5.12,74.36,0,workday,22:36,07:43,35-44,remote,1,0
user_067,2024-01-25,23.46,1,250,47,24,29,20,6.56,67.44,1,workday,22:40,07:18,35-44,remote,1,0
user_067,2024-01-26,2.31,1,235,57,21,24,18,4.78,45.58,0,workday,22:59,06:42,35-44,remote,1,0
user_067,2024-01-27,32.62,2,284,60,37,36,30,2.35,70.64,0,weekend,00:54,07:10,35-44,remote,1,0
user_067,2024-01-28,0.0,1,289,60,26,36,22,4.73,60.9,0,weekend,00:13,08:21,35-44,remote,1,0
user_068,2024-01-01,74.85,3,253,25,17,22,11,4.43,69.15,0,workday,22:51,06:47,25-34,remote,1,0
user_068,2024-01-02,57.21,3,233,60,34,38,30,6.25,38.0,0,workday,22:42,07:08,25-34,remote,1,0
user_068,2024-01-03,14.23,1,249,55,53,37,17,9.38,34.49,0,workday,23:22,07:28,25-34,remote,1,0
user_068,2024-01-04,47.5,2,236,54,24,37,16,3.99,80.53,1,workday,22:51,07:10,25-34,remote,1,0
user_068,2024-01-05,37.65,2,261,34,15,17,24,4.44,68.05,1,workday,22:01,06:31,25-34,remote,1,0
user_068,2024-01-06,68.42,3,167,21,20,10,13,4.05,60.08,0,weekend,23:45,06:46,25-34,remote,1,0
user_068,2024-01-07,60.54,3,221,42,14,20,12,5.8,53.01,0,weekend,23:33,07:39,25-34,remote,1,0
user_068,2024-01-08,65.88,3,200,49,14,7,14,3.39,52.05,1,workday,23:32,06:14,25-34,remote,1,0
user_068,2024-01-09,68.35,3,280,56,24,38,30,6.36,69.41,1,workday,23:39,06:54,25-34,remote,1,0
user_068,2024-01-10,81.21,4,183,35,25,35,23,3.94,62.86,1,workday,22:55,07:47,25-34,remote,1,0
user_068,2024-01-11,77.59,4,218,23,12,20,19,4.39,56.89,0,workday,23:17,07:06,25-34,remote,1,0
user_068,2024-01-12,65.9,3,246,38,11,29,17,5.25,57.12,0,workday,22:16,06:41,25-34,remote,1,0
user_068,2024-01-13,63.02,3,195,46,17,20,20,3.75,47.47,0,weekend,23:36,07:28,25-34,remote,1,0
user_068,2024-01-14,88.97,4,236,60,29,39,18,6.28,42.78,0,weekend,00:14,08:12,25-34,remote,1,0
user_068,2024-01-15,46.06,2,191,31,19,27,17,2.77,55.87,1,workday,22:34,07:15,25-34,remote,1,0
user_068,2024-01-16,55.28,3,195,37,9,31,18,5.5,49.7,0,workday,23:28,06:42,25-34,remote,1,0
user_068,2024-01-17,67.76,3,228,46,12,25,24,3.97,71.98,0,workday,23:06,07:09,25-34,remote,1,0
user_068,2024-01-18,65.16,3,230,39,15,29,14,1.95,72.19,1,workday,22:46,07:03,25-34,remote,1,0
user_068,2024-01-19,95.14,4,148,26,9,9,8,4.32,61.9,0,workday,21:59,06:50,25-34,remote,1,0
user_068,2024-01-20,54.94,3,244,42,18,24,24,4.78,47.47,0,weekend,23:22,08:17,25-34,remote,1,0
user_068,2024-01-21,90.66,4,148,31,12,29,20,1.92,78.1,0,weekend,23:11,07:53,25-34,remote,1,0
user_068,2024-01-22,86.11,4,204,31,13,14,16,3.34,60.63,0,workday,23:13,06:54,25-34,remote,1,0
user_068,2024-01-23,40.67,2,203,60,8,28,26,7.74,35.5,1,workday,22:41,06:46,25-34,remote,1,0
user_068,2024-01-24,24.43,1,234,56,27,22,30,7.55,45.38,0,workday,22:48,06:54,25-34,remote,1,0
user_068,2024-01-25,65.05,3,243,34,12,32,22,6.6,36.55,0,workday,23:04,07:12,25-34,remote,1,0
user_068,2024-01-26,61.71,3,259,48,11,37,15,8.23,45.81,1,workday,00:30,06:51,25-34,remote,1,0
user_068,2024-01-27,41.54,2,300,58,31,39,24,6.75,49.87,0,weekend,23:54,06:51,25-34,remote,1,0
user_068,2024-01-28,46.97,2,251,50,34,16,16,5.43,64.24,1,weekend,23:14,08:10,25-34,remote,1,0
user_069,2024-01-01,57.3,3,252,42,9,25,21,4.17,58.86,0,workday,23:28,07:33,18-24,remote,0,0
user_069,2024-01-02,73.61,3,208,49,29,26,17,5.42,51.82,1,workday,00:02,07:24,18-24,remote,0,0
user_069,2024-01-03,56.88,3,216,40,15,30,16,7.0,34.92,1,workday,22:08,05:55,18-24,remote,0,0
user_069,2024-01-04,20.47,1,194,55,27,36,21,7.03,47.35,0,workday,00:03,06:59,18-24,remote,0,0
user_069,2024-01-05,59.78,3,177,41,16,25,18,4.39,52.43,0,workday,23:06,07:32,18-24,remote,0,0
user_069,2024-01-06,71.48,3,237,31,10,29,11,4.6,70.01,0,weekend,23:23,07:45,18-24,remote,0,0
user_069,2024-01-07,77.03,4,243,39,14,31,20,2.58,61.39,0,weekend,23:29,07:15,18-24,remote,0,0
user_069,2024-01-08,76.24,4,196,20,10,19,4,0.0,80.11,0,workday,23:21,06:58,18-24,remote,0,0
user_069,2024-01-09,51.55,3,210,48,32,38,26,7.42,50.67,0,workday,22:28,06:30,18-24,remote,0,0
user_069,2024-01-10,44.51,2,232,44,42,29,24,5.81,42.92,1,workday,23:19,06:39,18-24,remote,0,0
user_069,2024-01-11,89.03,4,179,43,18,25,18,4.89,51.46,1,workday,23:42,07:10,18-24,remote,0,0
user_069,2024-01-12,56.14,3,159,42,25,23,24,6.56,62.79,0,workday,00:03,06:36,18-24,remote,0,0
user_069,2024-01-13,43.85,2,211,47,13,19,17,2.93,48.11,1,weekend,23:39,08:22,18-24,remote,0,0
user_069,2024-01-14,62.97,3,196,32,21,19,17,3.29,56.53,0,weekend,23:37,07:44,18-24,remote,0,0
user_069,2024-01-15,73.39,3,241,56,43,34,22,6.43,51.14,0,workday,23:10,06:40,18-24,remote,0,0
user_069,2024-01-16,80.81,4,211,43,28,24,21,6.4,49.93,0,workday,22:28,07:43,18-24,remote,0,0
user_069,2024-01-17,54.09,3,245,49,26,27,21,9.19,53.12,1,workday,22:23,08:01,18-24,remote,0,0
user_069,2024-01-18,74.8,3,207,41,15,18,26,4.51,51.97,0,workday,23:18,07:00,18-24,remote,0,0
user_069,2024-01-19,80.28,4,239,54,30,32,22,7.3,68.55,1,workday,23:23,06:35,18-24,remote,0,0
user_069,2024-01-20,61.11,3,273,52,13,30,22,5.16,58.96,0,weekend,23:36,07:19,18-24,remote,0,0
user_069,2024-01-21,84.27,4,266,38,20,20,21,4.86,52.14,0,weekend,22:41,07:47,18-24,remote,0,0
user_069,2024-01-22,73.94,3,157,33,18,43,21,2.08,69.67,1,workday,23:04,06:51,18-24,remote,0,0
user_069,2024-01-23,43.97,2,278,60,8,42,25,6.25,37.42,0,workday,22:39,05:01,18-24,remote,0,0
user_069,2024-01-24,64.68,3,271,46,31,28,18,6.21,58.84,0,workday,22:36,07:26,18-24,remote,0,0
user_069,2024-01-25,41.4,2,222,43,26,18,20,6.99,45.4,1,workday,23:36,06:37,18-24,remote,0,0
user_069,2024-01-26,78.36,4,152,24,9,9,15,4.2,48.48,0,workday,22:41,07:34,18-24,remote,0,0
user_069,2024-01-27,95.62,4,213,32,14,21,23,4.41,68.09,0,weekend,23:20,07:45,18-24,remote,0,0
user_069,2024-01-28,69.24,3,243,47,38,22,11,3.21,59.82,0,weekend,23:13,06:54,18-24,remote,0,0
user_070,2024-01-01,40.44,2,245,44,7,19,14,4.64,67.34,1,workday,22:03,07:22,25-34,remote,0,0
user_070,2024-01-02,64.95,3,234,30,9,22,9,5.55,64.87,0,workday,22:20,06:59,25-34,remote,0,0
user_070,2024-01-03,15.17,1,204,57,29,50,30,7.65,24.24,0,workday,22:09,07:05,25-34,remote,0,0
user_070,2024-01-04,25.04,2,277,47,23,24,21,6.37,45.47,0,workday,22:35,06:33,25-34,remote,0,0
user_070,2024-01-05,27.92,2,230,47,15,24,22,4.56,54.13,1,workday,22:58,06:51,25-34,remote,0,0
user_070,2024-01-06,29.36,2,227,34,2,28,15,6.21,22.87,0,weekend,23:31,07:41,25-34,remote,0,0
user_070,2024-01-07,16.55,1,260,54,30,32,20,6.69,42.47,1,weekend,00:27,07:10,25-34,remote,0,0
user_070,2024-01-08,0.19,1,213,42,24,30,18,4.77,60.97,1,workday,23:19,07:38,25-34,remote,0,0
user_070,2024-01-09,36.58,2,188,32,10,13,16,3.44,56.2,0,workday,23:26,07:40,25-34,remote,0,0
user_070,2024-01-10,0.0,1,281,44,7,15,21,6.86,55.24,0,workday,23:02,07:01,25-34,remote,0,0
user_070,2024-01-11,27.64,2,228,46,25,25,19,6.13,57.78,1,workday,22:56,07:26,25-34,remote,0,0
user_070,2024-01-12,48.95,2,176,40,8,23,20,4.91,67.38,0,workday,00:15,07:33,25-34,remote,0,0
user_070,2024-01-13,46.87,2,171,40,19,17,23,5.89,40.78,0,weekend,23:45,08:11,25-34,remote,0,0
user_070,2024-01-14,47.16,2,187,29,14,22,20,4.42,68.55,0,weekend,23:20,07:33,25-34,remote,0,0
user_070,2024-01-15,44.0,2,198,30,19,29,21,5.25,54.27,0,workday,23:15,06:24,25-34,remote,0,0
user_070,2024-01-16,50.7,3,262,34,26,13,14,5.18,44.27,0,workday,00:09,06:58,25-34,remote,0,0
user_070,2024-01-17,29.86,2,212,60,45,28,24,5.81,29.98,0,workday,23:36,07:11,25-34,remote,0,0
user_070,2024-01-18,41.17,2,218,52,6,27,18,6.78,60.55,1,workday,23:02,07:54,25-34,remote,0,0
user_070,2024-01-19,44.3,2,187,21,19,16,15,5.49,63.45,0,workday,22:46,06:43,25-34,remote,0,0
user_070,2024-01-20,35.44,2,261,54,21,35,30,5.18,51.75,0,weekend,23:30,07:41,25-34,remote,0,0
user_070,2024-01-21,54.98,3,214,52,15,19,26,4.75,50.46,0,weekend,23:34,08:01,25-34,remote,0,0
user_070,2024-01-22,32.73,2,252,54,33,30,12,2.56,72.57,0,workday,22:17,07:12,25-34,remote,0,0
user_070,2024-01-23,36.62,2,198,26,24,34,20,2.27,63.5,0,workday,22:34,07:11,25-34,remote,0,0
user_070,2024-01-24,48.13,2,183,46,25,30,25,3.62,67.89,1,workday,22:46,07:35,25-34,remote,0,0
user_070,2024-01-25,21.33,1,189,60,33,46,30,4.94,53.9,1,workday,23:13,06:55,25-34,remote,0,0
user_070,2024-01-26,14.95,1,203,58,16,31,14,6.0,64.28,1,workday,22:47,07:08,25-34,remote,0,0
user_070,2024-01-27,35.72,2,200,48,31,21,21,3.26,89.37,0,weekend,00:25,07:21,25-34,remote,0,0
user_070,2024-01-28,18.74,1,300,60,40,45,20,6.4,57.69,0,weekend,00:16,07:28,25-34,remote,0,0
user_071,2024-01-01,32.49,2,197,32,22,20,25,5.01,54.07,0,workday,22:58,06:48,18-24,remote,0,0
user_071,2024-01-02,4.63,1,258,60,12,39,21,10.0,53.02,0,workday,00:09,06:54,18-24,remote,0,0
user_071,2024-01-03,29.8,2,245,41,7,27,20,4.39,61.25,0,workday,22:48,06:51,18-24,remote,0,0
user_071,2024-01-04,4.03,1,238,42,18,29,20,3.7,53.63,0,workday,23:18,07:13,18-24,remote,0,0
user_071,2024-01-05,12.14,1,197,60,11,39,14,7.09,50.03,0,workday,23:27,07:48,18-24,remote,0,0
user_071,2024-01-06,52.81,3,138,29,17,22,17,0.0,84.28,0,weekend,23:30,07:56,18-24,remote,0,0
user_071,2024-01-07,28.89,2,219,39,27,18,9,3.51,82.01,0,weekend,23:41,08:26,18-24,remote,0,0
user_071,2024-01-08,50.65,3,204,44,9,27,14,5.09,51.03,0,workday,23:26,06:58,18-24,remote,0,0
user_071,2024-01-09,28.1,2,228,30,13,17,11,5.18,69.26,1,workday,22:27,06:40,18-24,remote,0,0
user_071,2024-01-10,0.0,1,198,60,18,34,26,4.54,47.24,0,workday,23:02,07:32,18-24,remote,0,0
user_071,2024-01-11,8.86,1,201,31,17,28,20,3.05,41.81,1,workday,23:47,06:41,18-24,remote,0,0
user_071,2024-01-12,18.81,1,222,56,11,41,26,6.1,55.79,0,workday,22:23,07:09,18-24,remote,0,0
user_071,2024-01-13,0.0,1,266,53,22,28,24,8.06,51.63,1,weekend,22:39,07:37,18-24,remote,0,0
user_071,2024-01-14,17.11,1,218,48,23,23,27,3.73,55.23,1,weekend,23:00,07:50,18-24,remote,0,0
user_071,2024-01-15,23.91,1,225,54,36,28,18,2.91,74.14,0,workday,23:00,06:55,18-24,remote,0,0
user_071,2024-01-16,50.59,3,228,52,14,31,23,4.61,46.76,1,workday,22:48,06:44,18-24,remote,0,0
user_071,2024-01-17,30.97,2,283,45,12,37,14,4.84,54.13,0,workday,22:51,07:37,18-24,remote,0,0
user_071,2024-01-18,41.34,2,237,36,17,29,22,6.88,54.63,0,workday,23:10,06:04,18-24,remote,0,0
user_071,2024-01-19,29.37,2,236,40,27,29,11,1.47,73.67,0,workday,23:18,07:35,18-24,remote,0,0
user_071,2024-01-20,27.5,2,215,58,27,29,22,8.01,53.06,0,weekend,23:30,07:58,18-24,remote,0,0
user_071,2024-01-21,38.59,2,200,47,28,38,19,0.0,69.8,0,weekend,23:23,07:46,18-24,remote,0,0
user_071,2024-01-22,18.46,1,223,42,15,29,19,3.58,47.77,1,workday,22:17,06:27,18-24,remote,0,0
user_071,2024-01-23,0.0,1,205,48,17,27,16,2.62,55.99,1,workday,22:04,07:11,18-24,remote,0,0
user_071,2024-01-24,11.91,1,300,60,37,40,16,6.81,70.66,0,workday,23:27,06:36,18-24,remote,0,0
user_071,2024-01-25,16.45,1,243,60,54,37,29,8.64,58.28,0,workday,23:55,07:05,18-24,remote,0,0
user_071,2024-01-26,22.46,1,267,44,28,24,24,5.24,39.28,0,workday,22:10,07:38,18-24,remote,0,0
user_071,2024-01-27,8.98,1,226,55,41,35,21,5.67,49.97,0,weekend,23:05,07:32,18-24,remote,0,0
user_071,2024-01-28,29.46,2,214,40,29,33,27,5.33,65.64,0,weekend,23:06,07:49,18-24,remote,0,0
user_072,2024-01-01,61.84,3,207,31,9,15,13,7.37,45.0,1,workday,22:28,07:19,25-34,remote,0,1
user_072,2024-01-02,54.04,3,221,57,24,33,25,2.71,76.39,0,workday,22:46,06:41,25-34,remote,0,1
user_072,2024-01-03,29.27,2,250,45,30,16,16,7.53,53.63,1,workday,22:09,06:39,25-34,remote,0,1
user_072,2024-01-04,36.05,2,228,56,11,40,22,10.0,56.34,0,workday,22:43,06:50,25-34,remote,0,1
user_072,2024-01-05,31.01,2,288,55,20,30,25,6.42,66.09,1,workday,22:47,07:03,25-34,remote,0,1
user_072,2024-01-06,61.3,3,202,49,18,23,30,2.55,58.59,0,weekend,23:51,07:43,25-34,remote,0,1
user_072,2024-01-07,55.59,3,266,31,27,31,22,3.7,59.68,0,weekend,23:41,07:52,25-34,remote,0,1
user_072,2024-01-08,53.27,3,222,28,19,14,7,5.54,76.93,0,workday,22:52,06:47,25-34,remote,0,1
user_072,2024-01-09,68.2,3,204,35,27,31,20,5.06,55.63,0,workday,23:07,07:02,25-34,remote,0,1
user_072,2024-01-10,48.84,2,287,60,39,33,30,4.44,65.74,0,workday,23:16,07:10,25-34,remote,0,1
user_072,2024-01-11,69.78,3,173,29,9,13,15,0.56,70.18,0,workday,22:54,07:27,25-34,remote,0,1
user_072,2024-01-12,6.77,1,237,43,5,30,11,8.19,54.01,1,workday,23:08,06:45,25-34,remote,0,1
user_072,2024-01-13,21.81,1,260,51,22,27,28,7.98,36.77,1,weekend,23:31,07:29,25-34,remote,0,1
user_072,2024-01-14,72.87,3,264,42,29,25,22,3.12,60.95,0,weekend,23:19,08:09,25-34,remote,0,1
user_072,2024-01-15,32.86,2,183,39,23,23,8,7.14,51.96,1,workday,22:59,06:57,25-34,remote,0,1
user_072,2024-01-16,43.51,2,244,43,32,41,25,3.78,52.23,0,workday,22:26,06:56,25-34,remote,0,1
user_072,2024-01-17,49.46,2,215,46,20,21,28,1.98,47.85,1,workday,23:53,07:38,25-34,remote,0,1
user_072,2024-01-18,52.83,3,254,54,10,19,17,6.19,44.33,1,workday,23:52,06:43,25-34,remote,0,1
user_072,2024-01-19,74.31,3,215,27,23,17,18,3.93,53.48,0,workday,23:29,06:49,25-34,remote,0,1
user_072,2024-01-20,36.04,2,186,19,5,22,4,2.1,49.94,0,weekend,22:14,08:00,25-34,remote,0,1
user_072,2024-01-21,66.07,3,215,46,15,41,26,1.56,60.4,0,weekend,00:03,07:55,25-34,remote,0,1
user_072,2024-01-22,67.18,3,238,24,6,8,12,5.41,59.62,0,workday,22:39,07:19,25-34,remote,0,1
user_072,2024-01-23,14.63,1,300,47,23,20,30,8.8,22.3,0,workday,23:04,07:52,25-34,remote,0,1
user_072,2024-01-24,39.14,2,254,22,11,19,13,7.21,51.62,1,workday,23:42,07:59,25-34,remote,0,1
user_072,2024-01-25,53.78,3,251,44,5,39,18,8.68,63.12,0,workday,00:08,06:23,25-34,remote,0,1
user_072,2024-01-26,57.72,3,224,31,22,29,11,4.0,41.61,1,workday,21:51,07:32,25-34,remote,0,1
user_072,2024-01-27,31.92,2,282,50,17,29,21,6.5,59.95,0,weekend,22:48,07:11,25-34,remote,0,1
user_072,2024-01-28,35.12,2,263,60,40,34,18,3.87,51.27,0,weekend,23:49,08:02,25-34,remote,0,1
user_073,2024-01-01,31.52,2,226,50,33,23,13,8.16,56.94,1,workday,23:35,07:48,45-54,remote,0,0
user_073,2024-01-02,53.96,3,206,53,48,33,18,3.23,64.32,1,workday,23:42,07:43,45-54,remote,0,0
user_073,2024-01-03,54.27,3,266,48,10,38,21,4.13,71.66,0,workday,23:09,07:10,45-54,remote,0,0
user_073,2024-01-04,59.21,3,204,36,15,20,24,5.45,52.57,1,workday,22:34,06:39,45-54,remote,0,0
user_073,2024-01-05,73.1,3,229,48,17,34,23,6.71,56.56,1,workday,23:02,08:04,45-54,remote,0,0
user_073,2024-01-06,65.74,3,220,41,14,26,15,4.47,34.59,0,weekend,23:53,07:20,45-54,remote,0,0
user_073,2024-01-07,49.02,2,234,41,21,21,17,1.84,76.44,0,weekend,23:18,06:52,45-54,remote,0,0
user_073,2024-01-08,72.69,3,193,41,21,37,18,5.18,44.96,0,workday,22:46,07:17,45-54,remote,0,0
user_073,2024-01-09,62.82,3,231,43,10,20,17,5.9,38.16,0,workday,22:17,06:27,45-54,remote,0,0
user_073,2024-01-10,32.74,2,211,51,20,21,19,6.74,26.3,1,workday,22:53,06:33,45-54,remote,0,0
user_073,2024-01-11,76.39,4,208,55,35,22,23,5.5,66.12,0,workday,22:47,06:44,45-54,remote,0,0
user_073,2024-01-12,31.03,2,239,50,27,32,27,6.21,58.21,1,workday,22:25,07:21,45-54,remote,0,0
user_073,2024-01-13,75.23,4,215,51,9,27,20,2.29,68.61,0,weekend,23:45,08:05,45-54,remote,0,0
user_073,2024-01-14,39.66,2,240,42,19,24,17,6.0,46.82,0,weekend,23:47,07:42,45-54,remote,0,0
user_073,2024-01-15,45.17,2,223,48,25,22,24,5.99,39.98,1,workday,22:52,07:13,45-54,remote,0,0
user_073,2024-01-16,42.73,2,286,60,48,35,22,5.49,43.74,1,workday,22:45,06:22,45-54,remote,0,0
user_073,2024-01-17,46.89,2,195,39,6,24,17,4.42,31.81,1,workday,23:37,06:55,45-54,remote,0,0
user_073,2024-01-18,66.49,3,267,50,21,31,21,5.93,55.6,0,workday,00:16,06:57,45-54,remote,0,0
user_073,2024-01-19,100.0,4,300,32,25,21,10,3.94,60.18,0,workday,22:52,07:23,45-54,remote,0,0
user_073,2024-01-20,72.99,3,212,57,33,43,22,3.33,54.74,0,weekend,22:52,06:53,45-54,remote,0,0
user_073,2024-01-21,94.62,4,195,44,15,34,14,3.41,50.33,0,weekend,23:36,07:20,45-54,remote,0,0
user_073,2024-01-22,74.84,3,203,30,14,17,11,5.7,52.15,0,workday,23:26,07:07,45-54,remote,0,0
user_073,2024-01-23,100.0,4,218,35,19,28,24,7.03,63.96,1,workday,23:12,06:20,45-54,remote,0,0
user_073,2024-01-24,66.77,3,284,39,24,26,20,2.6,55.82,0,workday,22:16,06:56,45-54,remote,0,0
user_073,2024-01-25,40.92,2,146,34,24,27,16,5.3,67.21,1,workday,22:26,07:17,45-54,remote,0,0
user_073,2024-01-26,64.3,3,300,54,10,44,22,6.58,51.3,0,workday,22:29,06:45,45-54,remote,0,0
user_073,2024-01-27,82.33,4,201,39,18,20,16,1.91,67.27,0,weekend,23:45,07:51,45-54,remote,0,0
user_073,2024-01-28,40.45,2,281,49,10,29,20,3.27,66.12,1,weekend,00:02,07:16,45-54,remote,0,0
user_074,2024-01-01,86.0,4,180,15,5,27,11,3.9,56.68,1,workday,22:53,05:55,25-34,hybrid,0,0
user_074,2024-01-02,60.99,3,188,57,34,35,23,7.41,54.58,0,workday,23:25,06:00,25-34,hybrid,0,0
user_074,2024-01-03,64.28,3,239,36,24,26,18,5.93,40.82,1,workday,22:30,06:18,25-34,hybrid,0,0
user_074,2024-01-04,48.15,2,189,53,19,25,24,7.9,53.86,0,workday,22:29,07:34,25-34,hybrid,0,0
user_074,2024-01-05,46.0,2,253,58,26,37,28,5.28,48.63,0,workday,22:33,06:56,25-34,hybrid,0,0
user_074,2024-01-06,100.0,4,241,43,22,17,23,2.1,73.52,0,weekend,23:53,07:35,25-34,hybrid,0,0
user_074,2024-01-07,100.0,4,152,26,11,24,11,2.5,79.25,0,weekend,23:13,08:07,25-34,hybrid,0,0
user_074,2024-01-08,31.58,2,246,60,43,38,25,7.05,41.92,1,workday,00:34,06:35,25-34,hybrid,0,0
user_074,2024-01-09,78.97,4,251,34,9,26,12,5.58,64.49,0,workday,22:12,07:04,25-34,hybrid,0,0
user_074,2024-01-10,74.34,3,171,32,23,22,15,3.63,73.8,1,workday,22:47,06:12,25-34,hybrid,0,0
user_074,2024-01-11,63.14,3,220,54,29,30,23,8.27,41.97,0,workday,22:40,06:57,25-34,hybrid,0,0
user_074,2024-01-12,71.27,3,168,28,23,35,12,3.28,52.78,1,workday,22:48,06:57,25-34,hybrid,0,0
user_074,2024-01-13,59.41,3,177,37,1,14,18,1.5,71.75,0,weekend,23:24,07:29,25-34,hybrid,0,0
user_074,2024-01-14,82.08,4,275,29,8,24,11,4.41,49.0,0,weekend,23:24,07:47,25-34,hybrid,0,0
user_074,2024-01-15,88.51,4,210,39,23,20,18,4.31,70.31,0,workday,23:56,07:20,25-34,hybrid,0,0
user_074,2024-01-16,93.05,4,228,46,23,27,15,6.86,62.45,0,workday,23:21,07:47,25-34,hybrid,0,0
user_074,2024-01-17,70.32,3,202,39,29,28,21,5.57,63.03,0,workday,22:54,07:21,25-34,hybrid,0,0
user_074,2024-01-18,65.83,3,200,41,26,37,17,3.58,69.82,0,workday,22:48,06:49,25-34,hybrid,0,0
user_074,2024-01-19,77.34,4,212,42,13,17,25,5.47,65.74,1,workday,22:10,06:24,25-34,hybrid,0,0
user_074,2024-01-20,100.0,4,198,27,7,18,16,1.37,65.0,0,weekend,23:03,07:15,25-34,hybrid,0,0
user_074,2024-01-21,73.12,3,197,41,21,18,16,2.82,66.36,0,weekend,00:00,06:54,25-34,hybrid,0,0
user_074,2024-01-22,86.58,4,234,43,10,38,20,3.05,71.67,0,workday,23:06,07:39,25-34,hybrid,0,0
user_074,2024-01-23,92.16,4,208,19,13,1,13,4.2,72.93,0,workday,23:56,07:00,25-34,hybrid,0,0
user_074,2024-01-24,73.99,3,179,33,23,28,14,5.51,73.56,0,workday,22:53,07:13,25-34,hybrid,0,0
user_074,2024-01-25,83.66,4,250,29,12,23,12,3.25,71.11,0,workday,23:39,08:06,25-34,hybrid,0,0
user_074,2024-01-26,85.1,4,156,36,18,20,16,2.75,44.89,0,workday,22:31,06:37,25-34,hybrid,0,0
user_074,2024-01-27,62.26,3,237,43,11,36,19,1.8,69.05,0,weekend,23:49,07:39,25-34,hybrid,0,0
user_074,2024-01-28,63.69,3,187,38,11,30,15,4.63,49.44,0,weekend,23:20,08:31,25-34,hybrid,0,0
user_075,2024-01-01,50.76,3,234,42,27,32,23,1.76,75.16,1,workday,21:12,06:58,18-24,hybrid,1,1
user_075,2024-01-02,57.08,3,216,35,16,19,15,4.47,66.95,0,workday,22:02,06:12,18-24,hybrid,1,1
user_075,2024-01-03,26.27,2,223,16,6,15,19,4.32,49.94,1,workday,23:17,07:32,18-24,hybrid,1,1
user_075,2024-01-04,47.81,2,239,50,24,25,28,5.02,37.04,0,workday,23:11,07:07,18-24,hybrid,1,1
user_075,2024-01-05,75.56,4,229,55,27,22,30,5.53,47.96,0,workday,22:43,07:22,18-24,hybrid,1,1
user_075,2024-01-06,35.78,2,208,30,7,33,22,2.09,70.1,0,weekend,23:08,07:38,18-24,hybrid,1,1
user_075,2024-01-07,72.13,3,278,55,27,39,25,4.04,67.47,0,weekend,00:12,07:53,18-24,hybrid,1,1
user_075,2024-01-08,57.22,3,202,48,15,25,19,5.99,69.47,1,workday,23:11,06:06,18-24,hybrid,1,1
user_075,2024-01-09,55.44,3,209,34,27,35,20,4.63,44.76,1,workday,22:41,06:37,18-24,hybrid,1,1
user_075,2024-01-10,52.86,3,250,42,34,24,22,4.31,57.85,0,workday,23:32,07:24,18-24,hybrid,1,1
user_075,2024-01-11,64.53,3,171,16,10,24,17,3.09,67.48,0,workday,22:16,06:31,18-24,hybrid,1,1
user_075,2024-01-12,20.06,1,288,60,26,33,27,9.69,43.3,1,workday,22:48,07:37,18-24,hybrid,1,1
user_075,2024-01-13,21.99,1,292,60,33,43,21,8.16,39.29,1,weekend,22:46,08:30,18-24,hybrid,1,1
user_075,2024-01-14,86.81,4,169,20,11,12,6,3.12,71.16,0,weekend,22:51,07:09,18-24,hybrid,1,1
user_075,2024-01-15,17.18,1,163,47,45,26,11,3.1,51.75,0,workday,23:04,07:16,18-24,hybrid,1,1
user_075,2024-01-16,28.21,2,251,29,20,23,14,4.58,56.59,1,workday,22:58,06:57,18-24,hybrid,1,1
user_075,2024-01-17,18.19,1,208,35,14,13,13,7.72,30.19,0,workday,21:50,06:25,18-24,hybrid,1,1
user_075,2024-01-18,49.94,2,242,39,6,27,18,5.55,53.54,0,workday,23:20,07:47,18-24,hybrid,1,1
user_075,2024-01-19,0.07,1,295,60,21,40,9,5.58,65.06,1,workday,23:27,06:45,18-24,hybrid,1,1
user_075,2024-01-20,91.25,4,199,28,6,23,17,4.17,59.98,0,weekend,23:52,07:17,18-24,hybrid,1,1
user_075,2024-01-21,60.23,3,251,60,30,32,30,1.15,76.23,0,weekend,00:47,07:12,18-24,hybrid,1,1
user_075,2024-01-22,56.52,3,246,57,5,32,26,6.21,55.9,0,workday,23:38,07:20,18-24,hybrid,1,1
user_075,2024-01-23,86.96,4,172,33,10,21,29,5.34,56.91,1,workday,22:29,06:52,18-24,hybrid,1,1
user_075,2024-01-24,63.93,3,142,33,6,46,12,3.82,67.24,1,workday,23:40,06:59,18-24,hybrid,1,1
user_075,2024-01-25,40.94,2,199,53,14,24,26,10.0,33.03,1,workday,23:13,07:38,18-24,hybrid,1,1
user_075,2024-01-26,59.33,3,211,36,19,20,25,3.93,49.07,0,workday,22:59,07:02,18-24,hybrid,1,1
user_075,2024-01-27,41.84,2,220,52,21,32,20,7.22,48.98,0,weekend,00:01,08:02,18-24,hybrid,1,1
user_075,2024-01-28,21.53,1,212,48,18,31,29,6.31,48.52,0,weekend,00:23,08:37,18-24,hybrid,1,1
user_076,2024-01-01,20.31,1,204,37,7,21,13,5.75,55.3,1,workday,23:08,07:35,25-34,hybrid,1,0
user_076,2024-01-02,22.6,1,256,42,21,35,20,5.25,50.36,0,workday,22:54,06:54,25-34,hybrid,1,0
user_076,2024-01-03,55.08,3,266,58,16,28,22,6.08,65.17,0,workday,22:04,05:54,25-34,hybrid,1,0
user_076,2024-01-04,38.39,2,176,20,10,19,17,4.39,76.93,0,workday,22:41,07:18,25-34,hybrid,1,0
user_076,2024-01-05,5.65,1,210,55,12,33,17,7.11,38.78,1,workday,22:30,06:59,25-34,hybrid,1,0
user_076,2024-01-06,79.45,4,180,31,21,10,18,4.34,76.6,0,weekend,23:10,07:02,25-34,hybrid,1,0
user_076,2024-01-07,64.27,3,179,42,24,26,21,4.57,48.61,0,weekend,00:13,07:37,25-34,hybrid,1,0
user_076,2024-01-08,50.05,3,195,44,10,21,21,6.49,77.0,1,workday,22:41,07:19,25-34,hybrid,1,0
user_076,2024-01-09,43.84,2,222,43,20,17,18,6.72,60.25,0,workday,23:13,06:59,25-34,hybrid,1,0
user_076,2024-01-10,54.48,3,207,51,26,38,18,4.38,60.25,0,workday,23:05,07:39,25-34,hybrid,1,0
user_076,2024-01-11,21.9,1,228,27,16,21,17,6.85,35.63,1,workday,00:11,07:08,25-34,hybrid,1,0
user_076,2024-01-12,48.25,2,176,29,18,26,19,6.79,50.09,0,workday,23:51,07:31,25-34,hybrid,1,0
user_076,2024-01-13,47.0,2,216,41,16,22,18,2.55,46.69,0,weekend,23:21,07:50,25-34,hybrid,1,0
user_076,2024-01-14,42.84,2,234,35,4,32,19,4.2,59.75,0,weekend,23:57,07:19,25-34,hybrid,1,0
user_076,2024-01-15,53.66,3,257,32,13,25,19,5.92,61.19,0,workday,22:19,07:00,25-34,hybrid,1,0
user_076,2024-01-16,39.36,2,188,21,13,27,21,5.39,51.13,1,workday,23:00,06:21,25-34,hybrid,1,0
user_076,2024-01-17,72.52,3,167,10,4,22,3,2.88,78.81,0,workday,22:51,06:40,25-34,hybrid,1,0
user_076,2024-01-18,76.13,4,300,56,26,41,16,5.33,77.11,1,workday,22:48,07:10,25-34,hybrid,1,0
user_076,2024-01-19,26.62,2,197,38,14,27,18,3.92,60.74,0,workday,22:49,06:26,25-34,hybrid,1,0
user_076,2024-01-20,49.75,2,194,29,19,28,17,4.83,65.32,1,weekend,23:13,06:56,25-34,hybrid,1,0
user_076,2024-01-21,56.86,3,188,43,23,28,25,7.5,42.74,0,weekend,23:14,07:08,25-34,hybrid,1,0
user_076,2024-01-22,40.54,2,197,37,9,27,23,4.79,50.94,1,workday,23:23,07:16,25-34,hybrid,1,0
user_076,2024-01-23,21.73,1,191,34,1,28,18,6.9,49.79,0,workday,22:33,06:51,25-34,hybrid,1,0
user_076,2024-01-24,42.51,2,152,29,17,19,11,4.08,61.51,0,workday,22:36,07:29,25-34,hybrid,1,0
user_076,2024-01-25,60.71,3,203,41,10,35,22,3.75,61.84,0,workday,22:55,07:29,25-34,hybrid,1,0
user_076,2024-01-26,29.31,2,218,29,25,22,22,5.61,40.8,1,workday,22:07,06:18,25-34,hybrid,1,0
user_076,2024-01-27,54.88,3,280,43,33,17,15,4.41,81.02,0,weekend,23:37,08:18,25-34,hybrid,1,0
user_076,2024-01-28,46.54,2,216,34,23,27,18,3.28,56.39,0,weekend,23:41,07:39,25-34,hybrid,1,0
user_077,2024-01-01,31.5,2,251,49,19,27,28,6.3,52.62,0,workday,23:03,07:44,25-34,remote,1,1
user_077,2024-01-02,23.15,1,209,45,22,32,23,7.24,50.7,0,workday,22:44,07:07,25-34,remote,1,1
user_077,2024-01-03,6.09,1,230,41,12,32,21,9.42,39.08,1,workday,22:33,07:12,25-34,remote,1,1
user_077,2024-01-04,30.71,2,297,58,17,28,20,5.45,38.05,1,workday,22:56,07:19,25-34,remote,1,1
user_077,2024-01-05,48.24,2,264,23,12,5,11,6.66,54.97,0,workday,23:19,07:22,25-34,remote,1,1
user_077,2024-01-06,22.34,1,300,60,41,22,30,6.9,49.22,0,weekend,22:46,08:14,25-34,remote,1,1
user_077,2024-01-07,69.2,3,212,29,7,17,14,1.29,61.72,0,weekend,22:57,08:30,25-34,remote,1,1
user_077,2024-01-08,17.76,1,201,40,21,24,20,4.06,35.31,0,workday,23:08,07:58,25-34,remote,1,1
user_077,2024-01-09,52.81,3,198,24,12,25,21,2.85,55.81,1,workday,22:49,06:32,25-34,remote,1,1
user_077,2024-01-10,22.32,1,270,54,14,36,19,3.44,59.23,0,workday,22:44,06:42,25-34,remote,1,1
user_077,2024-01-11,6.8,1,187,46,36,28,25,2.57,75.83,0,workday,23:32,06:56,25-34,remote,1,1
user_077,2024-01-12,29.3,2,215,40,5,10,21,3.71,72.35,0,workday,22:32,07:08,25-34,remote,1,1
user_077,2024-01-13,30.4,2,233,41,16,23,9,5.95,41.43,0,weekend,23:00,08:16,25-34,remote,1,1
user_077,2024-01-14,41.69,2,264,52,16,30,28,5.84,45.3,0,weekend,22:39,07:38,25-34,remote,1,1
user_077,2024-01-15,74.07,3,160,31,3,33,8,4.29,84.04,0,workday,21:38,07:36,25-34,remote,1,1
user_077,2024-01-16,30.52,2,300,47,12,27,13,4.65,60.0,1,workday,22:30,07:22,25-34,remote,1,1
user_077,2024-01-17,41.44,2,209,33,11,27,13,5.58,57.35,0,workday,22:17,07:11,25-34,remote,1,1
user_077,2024-01-18,48.87,2,227,25,14,16,30,5.71,54.24,1,workday,23:00,06:28,25-34,remote,1,1
user_077,2024-01-19,24.04,1,224,35,9,34,6,5.03,68.17,1,workday,22:28,07:10,25-34,remote,1,1
user_077,2024-01-20,46.42,2,278,42,12,32,14,3.01,75.97,0,weekend,23:47,07:17,25-34,remote,1,1
user_077,2024-01-21,40.18,2,245,45,31,19,14,10.0,60.57,1,weekend,23:49,07:50,25-34,remote,1,1
user_077,2024-01-22,31.66,2,179,23,14,24,5,1.48,64.54,0,workday,23:27,08:00,25-34,remote,1,1
user_077,2024-01-23,20.01,1,207,52,45,32,20,6.03,51.98,1,workday,22:19,07:11,25-34,remote,1,1
user_077,2024-01-24,29.56,2,248,60,42,24,26,7.66,62.7,0,workday,22:28,06:29,25-34,remote,1,1
user_077,2024-01-25,48.59,2,300,60,39,48,29,6.98,26.92,0,workday,22:28,06:53,25-34,remote,1,1
user_077,2024-01-26,32.81,2,290,58,27,44,26,7.07,38.17,0,workday,23:26,07:39,25-34,remote,1,1
user_077,2024-01-27,4.85,1,238,53,33,47,25,6.01,45.33,0,weekend,23:34,07:36,25-34,remote,1,1
user_077,2024-01-28,74.45,3,226,48,22,38,19,1.43,69.16,0,weekend,23:05,08:12,25-34,remote,1,1
user_078,2024-01-01,65.67,3,211,43,1,27,16,2.98,63.98,0,workday,22:39,06:30,35-44,hybrid,1,0
user_078,2024-01-02,38.1,2,224,60,32,41,24,2.53,54.33,0,workday,22:13,07:26,35-44,hybrid,1,0
user_078,2024-01-03,40.99,2,208,30,7,19,13,5.56,38.69,1,workday,22:55,06:13,35-44,hybrid,1,0
user_078,2024-01-04,64.57,3,201,18,9,17,7,2.82,64.2,0,workday,22:36,07:48,35-44,hybrid,1,0
user_078,2024-01-05,60.09,3,192,45,22,24,14,5.53,53.49,0,workday,23:23,07:40,35-44,hybrid,1,0
user_078,2024-01-06,32.89,2,181,39,35,5,22,3.92,64.2,0,weekend,23:51,06:46,35-44,hybrid,1,0
user_078,2024-01-07,64.02,3,300,41,12,31,21,5.25,62.23,0,weekend,23:12,07:51,35-44,hybrid,1,0
user_078,2024-01-08,58.92,3,217,49,35,40,15,5.29,34.44,0,workday,22:19,07:29,35-44,hybrid,1,0
user_078,2024-01-09,48.69,2,247,57,15,37,24,8.57,56.79,1,workday,23:01,07:32,35-44,hybrid,1,0
user_078,2024-01-10,19.03,1,243,54,35,43,28,8.98,47.82,0,workday,22:41,06:39,35-44,hybrid,1,0
user_078,2024-01-11,29.64,2,250,52,26,34,19,6.91,62.96,0,workday,22:40,06:19,35-44,hybrid,1,0
user_078,2024-01-12,80.19,4,175,17,1,21,12,3.57,59.4,0,workday,23:37,06:33,35-44,hybrid,1,0
user_078,2024-01-13,55.69,3,194,33,7,33,13,3.5,53.9,0,weekend,00:01,07:53,35-44,hybrid,1,0
user_078,2024-01-14,77.99,4,227,48,24,42,20,5.58,70.9,1,weekend,23:31,07:01,35-44,hybrid,1,0
user_078,2024-01-15,44.86,2,215,52,9,39,28,5.23,61.21,0,workday,22:42,06:44,35-44,hybrid,1,0
user_078,2024-01-16,27.27,2,197,33,16,22,23,6.52,35.05,0,workday,22:18,07:39,35-44,hybrid,1,0
user_078,2024-01-17,44.95,2,270,36,6,18,18,7.93,61.56,1,workday,22:25,06:32,35-44,hybrid,1,0
user_078,2024-01-18,51.91,3,224,44,14,19,20,4.08,42.05,1,workday,22:59,07:24,35-44,hybrid,1,0
user_078,2024-01-19,58.04,3,241,45,14,27,25,7.15,55.61,1,workday,23:11,07:18,35-44,hybrid,1,0
user_078,2024-01-20,18.24,1,204,56,19,24,21,3.9,65.58,0,weekend,23:45,08:07,35-44,hybrid,1,0
user_078,2024-01-21,55.03,3,220,32,8,28,16,3.99,58.53,0,weekend,23:15,07:31,35-44,hybrid,1,0
user_078,2024-01-22,16.25,1,260,59,48,41,24,7.31,35.92,1,workday,23:22,07:01,35-44,hybrid,1,0
user_078,2024-01-23,94.99,4,170,31,13,35,14,3.6,76.42,0,workday,22:16,07:43,35-44,hybrid,1,0
user_078,2024-01-24,78.01,4,185,39,5,15,20,2.75,76.22,0,workday,23:48,06:41,35-44,hybrid,1,0
user_078,2024-01-25,37.14,2,206,40,16,32,16,6.49,41.84,0,workday,23:20,06:40,35-44,hybrid,1,0
user_078,2024-01-26,31.09,2,190,50,6,33,27,7.0,39.87,0,workday,23:19,06:38,35-44,hybrid,1,0
user_078,2024-01-27,57.36,3,218,47,34,31,22,5.74,25.36,1,weekend,23:45,07:22,35-44,hybrid,1,0
user_078,2024-01-28,50.79,3,210,21,4,13,12,0.13,77.65,0,weekend,23:07,08:15,35-44,hybrid,1,0
user_079,2024-01-01,93.73,4,192,26,17,16,28,3.95,81.9,0,workday,22:51,07:33,35-44,on_site,1,1
user_079,2024-01-02,45.67,2,273,41,35,36,6,3.57,49.25,1,workday,22:21,06:41,35-44,on_site,1,1
user_079,2024-01-03,64.11,3,227,60,16,26,28,8.38,56.93,0,workday,23:06,06:56,35-44,on_site,1,1
user_079,2024-01-04,24.26,1,171,54,45,26,29,10.0,51.04,0,workday,23:02,06:33,35-44,on_site,1,1
user_079,2024-01-05,70.21,3,235,35,16,30,16,4.55,69.33,0,workday,23:36,06:48,35-44,on_site,1,1
user_079,2024-01-06,52.5,3,190,35,3,23,26,7.37,54.9,0,weekend,23:51,09:00,35-44,on_site,1,1
user_079,2024-01-07,64.7,3,183,28,14,35,7,0.0,69.55,0,weekend,23:11,07:59,35-44,on_site,1,1
user_079,2024-01-08,80.22,4,201,45,18,28,18,4.8,65.85,0,workday,23:44,06:43,35-44,on_site,1,1
user_079,2024-01-09,62.66,3,161,32,9,21,13,2.15,59.59,1,workday,21:57,06:09,35-44,on_site,1,1
user_079,2024-01-10,13.33,1,238,57,24,49,10,7.64,55.85,0,workday,22:57,07:33,35-44,on_site,1,1
user_079,2024-01-11,50.24,3,111,22,13,21,3,0.0,85.73,1,workday,21:52,06:55,35-44,on_site,1,1
user_079,2024-01-12,5.68,1,279,52,27,37,17,5.76,71.79,1,workday,23:19,06:57,35-44,on_site,1,1
user_079,2024-01-13,47.34,2,237,15,10,27,7,4.17,67.31,0,weekend,00:24,06:59,35-44,on_site,1,1
user_079,2024-01-14,46.84,2,200,49,21,24,30,2.86,68.13,0,weekend,00:04,08:09,35-44,on_site,1,1
user_079,2024-01-15,22.33,1,167,40,23,42,21,6.69,47.93,1,workday,21:58,06:54,35-44,on_site,1,1
user_079,2024-01-16,49.64,2,136,40,10,25,19,3.95,65.66,1,workday,00:00,07:06,35-44,on_site,1,1
user_079,2024-01-17,57.39,3,229,23,9,10,16,3.74,52.45,0,workday,22:56,07:01,35-44,on_site,1,1
user_079,2024-01-18,41.89,2,176,41,30,32,18,3.3,62.17,1,workday,23:12,07:22,35-44,on_site,1,1
user_079,2024-01-19,53.82,3,241,48,22,41,20,7.53,41.95,0,workday,23:12,07:08,35-44,on_site,1,1
user_079,2024-01-20,43.61,2,216,38,28,28,25,4.05,64.26,0,weekend,23:33,07:36,35-44,on_site,1,1
user_079,2024-01-21,31.49,2,175,54,29,35,24,4.41,70.53,0,weekend,22:28,08:42,35-44,on_site,1,1
user_079,2024-01-22,32.5,2,190,32,24,15,13,5.9,61.13,0,workday,21:48,07:38,35-44,on_site,1,1
user_079,2024-01-23,42.12,2,162,56,17,30,14,4.34,60.8,1,workday,23:00,06:40,35-44,on_site,1,1
user_079,2024-01-24,26.54,2,180,49,17,38,6,4.31,62.43,1,workday,22:56,07:10,35-44,on_site,1,1
user_079,2024-01-25,37.71,2,190,59,9,37,30,7.71,40.59,0,workday,00:21,06:16,35-44,on_site,1,1
user_079,2024-01-26,72.56,3,194,46,26,3,18,1.51,87.38,0,workday,22:41,06:56,35-44,on_site,1,1
user_079,2024-01-27,12.85,1,241,54,24,25,30,6.15,39.62,0,weekend,23:54,08:10,35-44,on_site,1,1
user_079,2024-01-28,70.16,3,261,30,16,18,17,1.84,70.53,0,weekend,22:36,07:35,35-44,on_site,1,1
user_080,2024-01-01,54.51,3,235,44,5,31,27,2.92,77.97,0,workday,23:30,07:09,45-54,on_site,1,0
user_080,2024-01-02,9.45,1,212,31,21,30,17,7.56,47.46,1,workday,22:36,07:00,45-54,on_site,1,0
user_080,2024-01-03,59.89,3,300,60,22,33,30,5.87,40.89,0,workday,00:01,07:07,45-54,on_site,1,0
user_080,2024-01-04,53.85,3,156,57,32,35,23,5.17,62.09,0,workday,00:03,06:48,45-54,on_site,1,0
user_080,2024-01-05,74.16,3,220,38,20,23,18,4.1,70.2,0,workday,23:27,06:37,45-54,on_site,1,0
user_080,2024-01-06,52.43,3,189,48,8,36,30,4.07,53.77,1,weekend,23:54,07:17,45-54,on_site,1,0
user_080,2024-01-07,17.01,1,222,46,18,39,20,3.56,73.21,1,weekend,00:05,08:05,45-54,on_site,1,0
user_080,2024-01-08,53.15,3,206,48,8,26,22,6.54,60.18,0,workday,23:44,07:01,45-54,on_site,1,0
user_080,2024-01-09,42.48,2,199,46,19,32,24,5.04,46.36,0,workday,22:36,06:21,45-54,on_site,1,0
user_080,2024-01-10,37.71,2,182,42,20,27,15,6.0,64.43,1,workday,23:22,06:20,45-54,on_site,1,0
user_080,2024-01-11,44.27,2,235,37,19,39,16,3.92,64.1,0,workday,23:08,06:13,45-54,on_site,1,0
user_080,2024-01-12,35.73,2,210,54,25,37,19,5.04,79.24,1,workday,23:31,07:25,45-54,on_site,1,0
user_080,2024-01-13,57.37,3,193,57,17,32,14,3.67,59.16,0,weekend,23:25,07:30,45-54,on_site,1,0
user_080,2024-01-14,46.06,2,205,49,34,29,20,3.96,57.65,0,weekend,22:58,07:57,45-54,on_site,1,0
user_080,2024-01-15,31.59,2,178,23,12,28,10,3.8,68.9,0,workday,00:19,07:08,45-54,on_site,1,0
user_080,2024-01-16,54.6,3,205,34,24,15,16,4.49,58.55,0,workday,23:21,06:44,45-54,on_site,1,0
user_080,2024-01-17,28.36,2,270,41,22,19,15,6.14,65.79,0,workday,22:56,07:01,45-54,on_site,1,0
user_080,2024-01-18,67.49,3,180,36,13,27,19,3.62,40.78,0,workday,22:47,07:03,45-54,on_site,1,0
user_080,2024-01-19,25.65,2,227,45,10,15,20,5.18,56.77,0,workday,23:50,07:07,45-54,on_site,1,0
user_080,2024-01-20,23.41,1,174,35,12,21,19,6.13,46.38,0,weekend,23:47,07:32,45-54,on_site,1,0
user_080,2024-01-21,16.91,1,169,34,18,7,12,6.44,29.65,0,weekend,00:22,07:26,45-54,on_site,1,0
user_080,2024-01-22,26.46,2,175,60,26,39,25,5.62,47.85,0,workday,23:37,07:12,45-54,on_site,1,0
user_080,2024-01-23,57.5,3,186,38,10,22,25,4.15,56.93,1,workday,22:46,06:54,45-54,on_site,1,0
user_080,2024-01-24,40.3,2,175,44,14,26,15,7.46,65.91,0,workday,23:05,06:20,45-54,on_site,1,0
user_080,2024-01-25,35.24,2,197,36,23,24,20,7.89,47.95,1,workday,23:56,06:58,45-54,on_site,1,0
user_080,2024-01-26,54.57,3,200,51,15,35,30,5.02,43.34,0,workday,22:34,07:07,45-54,on_site,1,0
user_080,2024-01-27,28.74,2,220,43,27,27,16,1.71,66.5,0,weekend,23:56,07:41,45-54,on_site,1,0
user_080,2024-01-28,50.43,3,152,38,16,24,12,5.82,53.88,0,weekend,22:55,08:10,45-54,on_site,1,0
user_081,2024-01-01,48.41,2,254,49,14,23,22,9.03,36.91,1,workday,23:40,06:48,35-44,remote,0,0
user_081,2024-01-02,73.44,3,169,45,31,19,12,2.44,62.45,1,workday,23:25,06:40,35-44,remote,0,0
user_081,2024-01-03,78.28,4,235,45,26,23,16,4.74,52.97,1,workday,23:09,07:08,35-44,remote,0,0
user_081,2024-01-04,37.79,2,253,60,15,23,30,6.12,49.52,0,workday,23:03,07:25,35-44,remote,0,0
user_081,2024-01-05,66.1,3,286,39,28,13,18,3.46,73.39,0,workday,23:31,07:24,35-44,remote,0,0
user_081,2024-01-06,50.06,3,251,38,6,29,18,2.86,57.63,1,weekend,22:52,07:36,35-44,remote,0,0
user_081,2024-01-07,82.01,4,204,33,20,19,11,2.84,66.9,0,weekend,22:56,07:11,35-44,remote,0,0
user_081,2024-01-08,64.19,3,261,49,25,31,18,4.04,62.47,1,workday,23:02,06:40,35-44,remote,0,0
user_081,2024-01-09,68.04,3,223,49,24,34,25,4.58,51.98,0,workday,22:29,07:36,35-44,remote,0,0
user_081,2024-01-10,100.0,4,236,30,8,19,21,3.72,71.92,0,workday,23:44,06:10,35-44,remote,0,0
user_081,2024-01-11,42.75,2,253,28,20,22,17,5.46,66.31,1,workday,22:55,07:31,35-44,remote,0,0
user_081,2024-01-12,61.9,3,217,60,7,36,26,6.13,46.55,0,workday,22:39,07:13,35-44,remote,0,0
user_081,2024-01-13,63.86,3,275,46,16,26,16,5.27,45.95,0,weekend,22:55,08:04,35-44,remote,0,0
user_081,2024-01-14,63.61,3,216,38,8,25,15,1.2,42.08,0,weekend,00:26,07:53,35-44,remote,0,0
user_081,2024-01-15,67.39,3,278,46,12,39,16,4.47,48.12,0,workday,23:32,06:04,35-44,remote,0,0
user_081,2024-01-16,60.65,3,187,24,11,18,9,6.66,41.69,0,workday,23:57,06:40,35-44,remote,0,0
user_081,2024-01-17,64.55,3,205,32,10,18,5,3.5,76.7,1,workday,23:01,07:22,35-44,remote,0,0
user_081,2024-01-18,55.53,3,208,48,10,28,28,2.98,43.91,1,workday,00:04,07:29,35-44,remote,0,0
user_081,2024-01-19,91.56,4,167,36,9,32,14,3.46,76.02,0,workday,22:02,07:11,35-44,remote,0,0
user_081,2024-01-20,70.08,3,264,55,37,45,27,5.8,61.9,0,weekend,23:53,07:52,35-44,remote,0,0
user_081,2024-01-21,93.49,4,211,46,17,29,19,1.98,60.84,0,weekend,22:40,08:10,35-44,remote,0,0
user_081,2024-01-22,100.0,4,152,35,3,18,18,5.87,46.87,1,workday,22:22,07:26,35-44,remote,0,0
user_081,2024-01-23,66.51,3,223,41,35,26,19,7.32,48.25,0,workday,23:22,07:12,35-44,remote,0,0
user_081,2024-01-24,24.81,1,181,46,28,39,24,5.96,41.55,0,workday,23:18,06:39,35-44,remote,0,0
user_081,2024-01-25,51.1,3,223,40,14,29,16,8.23,55.82,1,workday,22:15,06:37,35-44,remote,0,0
user_081,2024-01-26,42.27,2,279,60,51,26,30,9.36,39.21,0,workday,22:28,06:46,35-44,remote,0,0
user_081,2024-01-27,100.0,4,163,28,10,20,21,2.84,77.12,0,weekend,23:07,07:41,35-44,remote,0,0
user_081,2024-01-28,86.02,4,208,44,8,33,19,4.47,66.01,0,weekend,23:33,06:59,35-44,remote,0,0
user_082,2024-01-01,87.81,4,237,29,10,27,22,7.74,39.53,0,workday,23:20,05:54,25-34,remote,1,0
user_082,2024-01-02,74.87,3,171,34,15,33,16,6.66,43.12,1,workday,22:58,06:58,25-34,remote,1,0
user_082,2024-01-03,40.69,2,152,49,33,33,14,4.17,44.73,1,workday,22:59,06:31,25-34,remote,1,0
user_082,2024-01-04,30.62,2,231,49,22,47,20,8.17,34.58,0,workday,22:43,06:20,25-34,remote,1,0
user_082,2024-01-05,44.91,2,203,46,32,33,21,5.82,48.85,0,workday,23:12,07:07,25-34,remote,1,0
user_082,2024-01-06,89.98,4,168,29,2,21,15,3.69,61.99,0,weekend,00:03,08:21,25-34,remote,1,0
user_082,2024-01-07,89.44,4,237,40,20,27,12,4.2,63.35,0,weekend,22:58,07:08,25-34,remote,1,0
user_082,2024-01-08,86.35,4,201,49,12,21,26,5.97,57.65,0,workday,23:23,07:14,25-34,remote,1,0
user_082,2024-01-09,60.26,3,209,45,6,26,13,4.9,44.48,0,workday,23:04,06:40,25-34,remote,1,0
user_082,2024-01-10,80.3,4,169,45,31,32,19,3.29,85.56,0,workday,22:57,07:44,25-34,remote,1,0
user_082,2024-01-11,64.47,3,204,51,27,30,24,6.77,63.72,1,workday,23:09,06:47,25-34,remote,1,0
user_082,2024-01-12,60.78,3,221,53,22,28,20,5.19,66.64,1,workday,23:26,06:32,25-34,remote,1,0
user_082,2024-01-13,62.08,3,236,43,17,35,11,3.67,44.79,0,weekend,23:49,07:38,25-34,remote,1,0
user_082,2024-01-14,72.46,3,257,48,20,23,18,3.94,51.79,0,weekend,22:30,07:09,25-34,remote,1,0
user_082,2024-01-15,48.12,2,215,37,29,32,18,7.47,43.03,0,workday,22:54,07:07,25-34,remote,1,0
user_082,2024-01-16,81.58,4,213,4,3,0,17,4.13,59.34,0,workday,22:45,06:43,25-34,remote,1,0
user_082,2024-01-17,78.07,4,258,52,16,24,15,5.57,67.0,1,workday,22:56,07:33,25-34,remote,1,0
user_082,2024-01-18,45.18,2,265,47,36,34,19,5.37,43.98,1,workday,22:52,07:09,25-34,remote,1,0
user_082,2024-01-19,72.63,3,237,38,32,42,18,5.27,47.3,1,workday,23:13,07:29,25-34,remote,1,0
user_082,2024-01-20,64.56,3,236,31,7,23,14,4.74,66.04,0,weekend,23:32,07:24,25-34,remote,1,0
user_082,2024-01-21,69.24,3,236,37,25,24,17,3.52,54.92,0,weekend,22:52,07:43,25-34,remote,1,0
user_082,2024-01-22,65.01,3,229,39,25,17,10,4.85,57.21,0,workday,23:40,07:16,25-34,remote,1,0
user_082,2024-01-23,58.45,3,210,29,5,18,16,2.38,49.74,0,workday,23:05,07:09,25-34,remote,1,0
user_082,2024-01-24,85.22,4,241,42,32,24,19,5.7,37.97,0,workday,22:49,07:59,25-34,remote,1,0
user_082,2024-01-25,67.53,3,210,44,24,35,22,5.5,52.52,0,workday,23:18,07:36,25-34,remote,1,0
user_082,2024-01-26,45.36,2,196,49,33,22,21,5.34,69.71,0,workday,23:01,07:14,25-34,remote,1,0
user_082,2024-01-27,83.92,4,300,46,16,19,28,2.31,75.9,0,weekend,23:41,08:10,25-34,remote,1,0
user_082,2024-01-28,88.21,4,201,34,11,16,17,5.6,25.94,0,weekend,23:25,07:57,25-34,remote,1,0
user_083,2024-01-01,78.24,4,252,57,25,35,28,5.27,69.33,0,workday,22:22,07:59,45-54,remote,0,0
user_083,2024-01-02,53.29,3,190,46,30,30,22,4.36,62.71,0,workday,22:34,07:24,45-54,remote,0,0
user_083,2024-01-03,68.22,3,220,51,23,27,30,6.73,60.06,1,workday,23:18,06:43,45-54,remote,0,0
user_083,2024-01-04,42.32,2,238,60,24,40,26,9.25,42.51,1,workday,23:18,07:02,45-54,remote,0,0
user_083,2024-01-05,22.12,1,294,60,11,38,15,5.99,35.11,1,workday,23:30,07:41,45-54,remote,0,0
user_083,2024-01-06,77.55,4,277,36,15,27,12,2.13,79.01,0,weekend,23:14,07:27,45-54,remote,0,0
user_083,2024-01-07,61.67,3,207,41,10,14,16,5.09,60.26,1,weekend,23:28,07:46,45-54,remote,0,0
user_083,2024-01-08,86.41,4,235,37,12,22,23,4.17,53.3,1,workday,22:15,05:57,45-54,remote,0,0
user_083,2024-01-09,71.38,3,257,49,16,32,25,7.24,63.34,0,workday,22:44,07:01,45-54,remote,0,0
user_083,2024-01-10,76.28,4,276,33,21,42,18,4.17,66.51,1,workday,23:11,06:53,45-54,remote,0,0
user_083,2024-01-11,90.25,4,229,53,10,27,21,4.8,61.63,0,workday,23:23,06:49,45-54,remote,0,0
user_083,2024-01-12,80.57,4,227,10,10,21,7,4.67,44.82,0,workday,22:46,07:09,45-54,remote,0,0
user_083,2024-01-13,53.05,3,262,57,26,40,20,3.24,61.86,0,weekend,22:52,08:48,45-54,remote,0,0
user_083,2024-01-14,65.04,3,176,30,13,36,14,5.71,66.69,1,weekend,00:09,07:10,45-54,remote,0,0
user_083,2024-01-15,55.23,3,210,43,23,41,16,5.77,62.67,0,workday,22:27,06:04,45-54,remote,0,0
user_083,2024-01-16,82.73,4,224,30,13,18,14,4.33,53.46,0,workday,22:41,06:25,45-54,remote,0,0
user_083,2024-01-17,44.05,2,239,44,9,24,17,3.89,68.31,1,workday,22:19,07:03,45-54,remote,0,0
user_083,2024-01-18,71.03,3,231,30,9,38,11,3.51,68.19,1,workday,22:28,06:55,45-54,remote,0,0
user_083,2024-01-19,42.98,2,271,44,17,30,23,6.76,64.08,0,workday,23:25,06:37,45-54,remote,0,0
user_083,2024-01-20,58.38,3,271,33,22,20,15,5.88,59.92,1,weekend,22:42,07:36,45-54,remote,0,0
user_083,2024-01-21,77.81,4,257,42,4,40,21,3.21,57.82,0,weekend,00:17,07:46,45-54,remote,0,0
user_083,2024-01-22,65.3,3,183,43,10,31,22,5.82,58.32,0,workday,23:15,07:02,45-54,remote,0,0
user_083,2024-01-23,70.72,3,246,55,54,40,23,4.02,83.33,1,workday,23:27,06:52,45-54,remote,0,0
user_083,2024-01-24,48.88,2,282,39,19,40,14,3.41,68.17,0,workday,23:01,06:47,45-54,remote,0,0
user_083,2024-01-25,79.95,4,232,60,13,35,24,6.66,56.61,0,workday,22:30,07:27,45-54,remote,0,0
user_083,2024-01-26,39.72,2,256,55,3,32,21,4.59,35.73,1,workday,22:37,07:00,45-54,remote,0,0
user_083,2024-01-27,54.89,3,255,39,17,26,12,2.91,52.17,0,weekend,23:46,08:22,45-54,remote,0,0
user_083,2024-01-28,36.23,2,232,47,36,23,21,4.63,52.67,1,weekend,23:25,07:38,45-54,remote,0,0
user_084,2024-01-01,45.4,2,208,46,12,30,16,4.65,75.57,0,workday,22:50,07:13,18-24,remote,0,0
user_084,2024-01-02,29.67,2,245,57,41,40,23,8.69,52.05,0,workday,23:14,06:24,18-24,remote,0,0
user_084,2024-01-03,55.76,3,203,31,9,29,10,3.91,50.76,0,workday,22:33,06:55,18-24,remote,0,0
user_084,2024-01-04,30.16,2,243,43,24,22,22,4.16,86.38,0,workday,22:53,06:30,18-24,remote,0,0
user_084,2024-01-05,25.51,2,212,57,39,30,21,7.35,36.46,0,workday,23:04,06:37,18-24,remote,0,0
user_084,2024-01-06,49.56,2,190,25,16,31,12,0.0,62.24,0,weekend,22:57,07:58,18-24,remote,0,0
user_084,2024-01-07,36.13,2,176,34,18,24,19,2.74,60.19,0,weekend,00:05,07:10,18-24,remote,0,0
user_084,2024-01-08,42.36,2,248,51,40,38,16,4.52,79.98,1,workday,22:30,07:15,18-24,remote,0,0
user_084,2024-01-09,65.79,3,224,39,11,20,20,3.69,73.38,0,workday,23:39,06:49,18-24,remote,0,0
user_084,2024-01-10,66.31,3,203,44,16,32,13,3.89,79.94,0,workday,22:24,06:59,18-24,remote,0,0
user_084,2024-01-11,5.0,1,248,40,23,22,22,5.29,33.14,0,workday,21:43,07:01,18-24,remote,0,0
user_084,2024-01-12,50.19,3,234,51,25,41,27,3.84,55.93,0,workday,00:18,06:09,18-24,remote,0,0
user_084,2024-01-13,40.39,2,249,48,28,37,24,4.43,48.3,0,weekend,00:05,07:24,18-24,remote,0,0
user_084,2024-01-14,16.04,1,198,24,2,22,14,6.05,33.11,0,weekend,23:00,08:12,18-24,remote,0,0
user_084,2024-01-15,41.63,2,265,41,28,33,15,2.47,60.79,0,workday,22:47,07:12,18-24,remote,0,0
user_084,2024-01-16,40.21,2,245,60,39,35,29,5.75,60.67,0,workday,23:29,06:26,18-24,remote,0,0
user_084,2024-01-17,7.81,1,254,51,34,33,21,7.62,38.72,0,workday,22:40,06:58,18-24,remote,0,0
user_084,2024-01-18,28.0,2,231,41,31,28,20,6.54,49.18,0,workday,22:47,06:42,18-24,remote,0,0
user_084,2024-01-19,36.75,2,247,46,19,23,23,6.13,74.33,0,workday,22:58,06:13,18-24,remote,0,0
user_084,2024-01-20,25.39,2,142,28,5,17,11,3.23,61.72,0,weekend,23:32,07:54,18-24,remote,0,0
user_084,2024-01-21,9.27,1,207,39,12,30,30,6.16,51.49,0,weekend,00:06,06:52,18-24,remote,0,0
user_084,2024-01-22,77.51,4,204,35,27,34,25,4.8,91.29,0,workday,23:31,06:33,18-24,remote,0,0
user_084,2024-01-23,22.35,1,226,44,17,33,23,7.61,44.77,0,workday,23:31,07:14,18-24,remote,0,0
user_084,2024-01-24,62.97,3,225,30,17,16,25,5.06,47.8,0,workday,22:53,06:38,18-24,remote,0,0
user_084,2024-01-25,59.42,3,206,25,21,17,13,5.67,68.14,0,workday,21:42,07:21,18-24,remote,0,0
user_084,2024-01-26,38.79,2,281,32,12,28,11,5.91,48.15,0,workday,23:08,06:51,18-24,remote,0,0
user_084,2024-01-27,16.89,1,242,38,5,37,23,4.57,32.82,0,weekend,22:50,07:40,18-24,remote,0,0
user_084,2024-01-28,55.03,3,251,41,41,24,19,4.1,47.19,0,weekend,00:15,06:49,18-24,remote,0,0
user_085,2024-01-01,52.35,3,217,27,14,37,16,8.07,51.95,1,workday,22:42,07:29,18-24,hybrid,1,1
user_085,2024-01-02,20.49,1,204,34,18,27,16,5.11,45.47,0,workday,23:15,07:01,18-24,hybrid,1,1
user_085,2024-01-03,60.61,3,222,40,12,31,25,4.82,57.9,0,workday,22:51,08:06,18-24,hybrid,1,1
user_085,2024-01-04,43.31,2,217,35,7,41,25,10.0,31.41,1,workday,23:09,06:14,18-24,hybrid,1,1
user_085,2024-01-05,62.39,3,209,26,14,39,14,5.16,54.97,0,workday,22:19,06:51,18-24,hybrid,1,1
user_085,2024-01-06,57.62,3,192,38,11,22,18,4.73,49.03,0,weekend,23:38,07:17,18-24,hybrid,1,1
user_085,2024-01-07,66.32,3,252,46,22,15,28,5.25,44.31,0,weekend,00:04,07:30,18-24,hybrid,1,1
user_085,2024-01-08,50.58,3,142,23,16,20,11,4.09,58.89,0,workday,23:15,07:45,18-24,hybrid,1,1
user_085,2024-01-09,75.25,4,222,60,24,19,27,4.39,58.61,1,workday,22:59,07:46,18-24,hybrid,1,1
user_085,2024-01-10,22.38,1,218,24,3,21,13,7.0,28.69,0,workday,23:33,06:22,18-24,hybrid,1,1
user_085,2024-01-11,73.06,3,172,39,16,23,28,2.28,64.91,0,workday,22:52,07:09,18-24,hybrid,1,1
user_085,2024-01-12,43.72,2,238,43,16,27,11,4.7,74.03,0,workday,22:33,06:48,18-24,hybrid,1,1
user_085,2024-01-13,78.7,4,190,31,11,18,17,3.68,44.36,0,weekend,00:01,07:22,18-24,hybrid,1,1
user_085,2024-01-14,43.91,2,225,25,8,16,17,2.31,58.62,1,weekend,00:18,07:45,18-24,hybrid,1,1
user_085,2024-01-15,51.1,3,262,43,23,29,23,4.83,48.52,0,workday,22:10,06:51,18-24,hybrid,1,1
user_085,2024-01-16,66.17,3,155,45,20,40,11,0.82,51.95,1,workday,22:27,07:35,18-24,hybrid,1,1
user_085,2024-01-17,30.17,2,170,47,15,32,25,7.91,35.23,0,workday,22:59,06:32,18-24,hybrid,1,1
user_085,2024-01-18,66.54,3,141,34,15,21,17,3.86,53.98,0,workday,23:22,07:44,18-24,hybrid,1,1
user_085,2024-01-19,73.83,3,177,60,60,22,30,3.93,59.48,0,workday,22:21,07:09,18-24,hybrid,1,1
user_085,2024-01-20,86.81,4,260,37,8,31,11,4.05,73.13,0,weekend,23:30,07:45,18-24,hybrid,1,1
user_085,2024-01-21,66.29,3,182,18,10,26,17,1.96,69.72,0,weekend,23:14,08:03,18-24,hybrid,1,1
user_085,2024-01-22,84.3,4,157,60,36,15,23,5.78,57.06,0,workday,23:47,07:47,18-24,hybrid,1,1
user_085,2024-01-23,51.01,3,241,35,21,35,18,7.85,52.75,1,workday,22:10,06:20,18-24,hybrid,1,1
user_085,2024-01-24,83.82,4,170,33,25,5,15,4.78,71.69,0,workday,22:21,07:10,18-24,hybrid,1,1
user_085,2024-01-25,55.35,3,236,52,22,28,20,6.29,57.68,0,workday,23:29,07:30,18-24,hybrid,1,1
user_085,2024-01-26,30.93,2,180,42,11,37,25,4.82,40.2,0,workday,23:11,06:51,18-24,hybrid,1,1
user_085,2024-01-27,55.38,3,237,60,14,40,27,8.96,58.27,0,weekend,23:52,08:36,18-24,hybrid,1,1
user_085,2024-01-28,88.09,4,222,41,7,46,17,5.42,47.8,0,weekend,23:23,07:41,18-24,hybrid,1,1
user_086,2024-01-01,35.51,2,219,41,18,31,23,3.74,66.42,1,workday,23:35,06:56,18-24,hybrid,1,0
user_086,2024-01-02,78.83,4,202,42,23,16,14,4.74,57.92,0,workday,23:25,06:55,18-24,hybrid,1,0
user_086,2024-01-03,28.84,2,177,60,32,32,23,8.41,63.57,1,workday,22:45,06:40,18-24,hybrid,1,0
user_086,2024-01-04,34.66,2,207,45,19,31,25,5.0,67.37,0,workday,23:03,07:06,18-24,hybrid,1,0
user_086,2024-01-05,59.23,3,253,58,21,27,24,5.55,58.56,0,workday,23:01,06:35,18-24,hybrid,1,0
user_086,2024-01-06,54.3,3,225,44,12,39,26,8.35,38.4,1,weekend,23:32,08:16,18-24,hybrid,1,0
user_086,2024-01-07,62.35,3,279,48,39,28,19,6.51,62.05,0,weekend,23:39,06:37,18-24,hybrid,1,0
user_086,2024-01-08,57.63,3,169,27,16,19,14,5.36,55.93,1,workday,23:38,07:54,18-24,hybrid,1,0
user_086,2024-01-09,63.36,3,258,31,20,30,13,4.6,37.58,0,workday,22:49,06:37,18-24,hybrid,1,0
user_086,2024-01-10,35.77,2,223,47,32,29,25,6.06,46.6,1,workday,23:04,06:53,18-24,hybrid,1,0
user_086,2024-01-11,34.22,2,258,38,30,15,17,4.47,44.21,1,workday,21:49,06:01,18-24,hybrid,1,0
user_086,2024-01-12,59.36,3,198,28,13,22,16,3.07,44.45,0,workday,22:35,06:49,18-24,hybrid,1,0
user_086,2024-01-13,31.17,2,199,33,15,13,20,7.88,50.33,1,weekend,23:39,07:46,18-24,hybrid,1,0
user_086,2024-01-14,38.4,2,220,57,13,39,22,4.58,53.97,0,weekend,23:25,07:21,18-24,hybrid,1,0
user_086,2024-01-15,47.76,2,183,42,16,20,11,2.0,64.04,1,workday,23:03,07:40,18-24,hybrid,1,0
user_086,2024-01-16,42.45,2,265,44,23,31,23,4.2,60.18,1,workday,22:02,07:07,18-24,hybrid,1,0
user_086,2024-01-17,89.24,4,201,59,17,30,29,4.37,78.15,0,workday,22:47,06:23,18-24,hybrid,1,0
user_086,2024-01-18,56.93,3,229,44,40,25,17,7.24,53.34,1,workday,22:48,06:35,18-24,hybrid,1,0
user_086,2024-01-19,51.57,3,215,41,18,34,20,6.18,56.27,1,workday,22:46,06:30,18-24,hybrid,1,0
user_086,2024-01-20,71.99,3,270,48,17,30,21,3.16,66.57,0,weekend,23:45,07:17,18-24,hybrid,1,0
user_086,2024-01-21,59.33,3,175,32,26,28,16,2.95,64.57,0,weekend,23:32,07:42,18-24,hybrid,1,0
user_086,2024-01-22,42.72,2,148,45,24,26,20,4.69,55.72,0,workday,23:21,06:45,18-24,hybrid,1,0
user_086,2024-01-23,41.79,2,212,29,24,24,24,5.27,49.46,0,workday,23:31,06:23,18-24,hybrid,1,0
user_086,2024-01-24,44.73,2,228,60,41,31,20,8.16,33.67,0,workday,22:49,07:21,18-24,hybrid,1,0
user_086,2024-01-25,27.18,2,194,46,40,30,23,6.27,47.12,0,workday,23:22,06:52,18-24,hybrid,1,0
user_086,2024-01-26,34.95,2,232,32,20,23,17,6.87,48.11,1,workday,22:26,07:05,18-24,hybrid,1,0
user_086,2024-01-27,76.22,4,184,42,24,22,26,1.95,81.63,0,weekend,00:14,07:13,18-24,hybrid,1,0
user_086,2024-01-28,56.69,3,255,39,36,24,17,6.05,52.52,0,weekend,22:41,07:40,18-24,hybrid,1,0
user_087,2024-01-01,51.39,3,245,37,11,27,25,4.1,52.55,0,workday,22:10,06:42,35-44,remote,0,0
user_087,2024-01-02,68.78,3,251,57,32,38,25,5.83,41.73,0,workday,22:55,06:05,35-44,remote,0,0
user_087,2024-01-03,83.75,4,201,35,17,20,14,1.75,69.22,0,workday,23:12,06:59,35-44,remote,0,0
user_087,2024-01-04,65.45,3,300,40,28,26,18,7.08,59.14,0,workday,22:37,08:16,35-44,remote,0,0
user_087,2024-01-05,42.22,2,190,48,6,30,21,5.38,51.33,1,workday,23:15,07:22,35-44,remote,0,0
user_087,2024-01-06,52.85,3,214,55,20,32,18,4.93,53.26,0,weekend,23:02,08:15,35-44,remote,0,0
user_087,2024-01-07,54.33,3,253,47,19,37,19,3.83,65.54,1,weekend,00:47,08:22,35-44,remote,0,0
user_087,2024-01-08,58.27,3,262,48,15,35,23,3.65,57.96,1,workday,23:16,06:40,35-44,remote,0,0
user_087,2024-01-09,47.32,2,154,30,15,25,23,4.97,61.12,0,workday,23:23,07:02,35-44,remote,0,0
user_087,2024-01-10,51.19,3,199,43,8,21,23,2.91,68.76,0,workday,23:21,06:55,35-44,remote,0,0
user_087,2024-01-11,57.84,3,231,60,35,24,20,5.27,54.12,0,workday,22:17,06:21,35-44,remote,0,0
user_087,2024-01-12,56.35,3,286,60,20,28,17,5.18,48.69,0,workday,22:51,07:12,35-44,remote,0,0
user_087,2024-01-13,50.86,3,210,49,28,18,23,5.37,56.38,1,weekend,22:52,07:42,35-44,remote,0,0
user_087,2024-01-14,37.32,2,233,42,13,26,14,3.16,66.97,0,weekend,23:17,07:16,35-44,remote,0,0
user_087,2024-01-15,56.25,3,261,40,18,25,23,6.91,46.95,1,workday,22:38,07:07,35-44,remote,0,0
user_087,2024-01-16,42.26,2,272,48,10,25,26,7.1,31.35,1,workday,22:20,06:51,35-44,remote,0,0
user_087,2024-01-17,56.86,3,248,42,24,34,15,5.37,51.92,0,workday,22:43,07:08,35-44,remote,0,0
user_087,2024-01-18,39.56,2,196,31,19,29,19,4.71,59.13,0,workday,23:14,07:56,35-44,remote,0,0
user_087,2024-01-19,30.61,2,220,37,19,22,17,4.25,60.92,1,workday,23:16,07:16,35-44,remote,0,0
user_087,2024-01-20,41.84,2,218,60,48,34,27,6.59,49.2,0,weekend,00:42,08:22,35-44,remote,0,0
user_087,2024-01-21,44.88,2,240,49,28,39,26,6.79,46.15,0,weekend,22:42,07:18,35-44,remote,0,0
user_087,2024-01-22,60.53,3,286,45,15,30,17,6.94,36.21,0,workday,23:00,06:03,35-44,remote,0,0
user_087,2024-01-23,28.9,2,235,41,11,40,21,2.97,68.41,0,workday,23:39,06:43,35-44,remote,0,0
user_087,2024-01-24,55.94,3,212,23,10,20,20,3.18,46.77,0,workday,23:59,07:00,35-44,remote,0,0
user_087,2024-01-25,50.99,3,197,29,12,28,19,9.39,29.15,0,workday,23:45,06:25,35-44,remote,0,0
user_087,2024-01-26,64.61,3,209,37,32,24,21,4.84,41.64,0,workday,22:42,06:56,35-44,remote,0,0
user_087,2024-01-27,73.5,3,244,25,13,13,13,2.24,58.89,0,weekend,23:10,08:02,35-44,remote,0,0
user_087,2024-01-28,49.59,2,202,29,12,22,12,3.21,74.28,0,weekend,22:36,07:36,35-44,remote,0,0
user_088,2024-01-01,50.19,3,206,54,21,32,26,7.78,52.64,0,workday,23:30,07:28,25-34,remote,0,0
user_088,2024-01-02,35.23,2,282,39,27,14,29,3.68,58.18,0,workday,22:23,07:12,25-34,remote,0,0
user_088,2024-01-03,57.1,3,205,56,33,16,18,4.73,44.11,0,workday,22:00,07:18,25-34,remote,0,0
user_088,2024-01-04,71.84,3,179,48,31,31,27,4.25,46.17,0,workday,23:34,06:34,25-34,remote,0,0
user_088,2024-01-05,71.3,3,205,29,18,27,17,4.16,66.38,0,workday,22:41,07:13,25-34,remote,0,0
user_088,2024-01-06,94.11,4,246,46,28,31,18,4.97,72.32,0,weekend,23:22,07:45,25-34,remote,0,0
user_088,2024-01-07,79.49,4,258,31,9,18,12,5.23,57.09,0,weekend,00:06,07:54,25-34,remote,0,0
user_088,2024-01-08,58.68,3,254,41,8,21,21,6.68,39.9,1,workday,23:13,06:47,25-34,remote,0,0
user_088,2024-01-09,59.02,3,225,45,16,22,20,4.4,55.67,0,workday,22:17,06:23,25-34,remote,0,0
user_088,2024-01-10,68.85,3,221,19,12,23,8,4.97,51.84,1,workday,22:25,06:55,25-34,remote,0,0
user_088,2024-01-11,68.66,3,213,51,22,31,21,5.18,61.89,0,workday,22:40,06:32,25-34,remote,0,0
user_088,2024-01-12,60.15,3,282,53,18,40,15,7.34,57.94,0,workday,21:29,06:57,25-34,remote,0,0
user_088,2024-01-13,73.65,3,220,36,13,18,20,7.22,67.05,0,weekend,22:12,07:06,25-34,remote,0,0
user_088,2024-01-14,92.42,4,187,32,14,11,7,4.08,63.82,0,weekend,23:38,07:39,25-34,remote,0,0
user_088,2024-01-15,60.03,3,190,40,3,26,16,4.63,50.94,0,workday,23:19,06:39,25-34,remote,0,0
user_088,2024-01-16,100.0,4,173,42,10,33,14,2.61,64.19,0,workday,22:43,06:02,25-34,remote,0,0
user_088,2024-01-17,56.87,3,181,17,10,14,22,5.11,60.95,1,workday,22:22,07:17,25-34,remote,0,0
user_088,2024-01-18,70.08,3,279,60,13,29,18,3.49,67.32,0,workday,23:55,07:24,25-34,remote,0,0
user_088,2024-01-19,53.74,3,199,21,13,20,11,3.57,66.07,1,workday,23:17,07:42,25-34,remote,0,0
user_088,2024-01-20,61.81,3,224,53,34,40,22,6.01,55.44,0,weekend,00:04,08:05,25-34,remote,0,0
user_088,2024-01-21,67.25,3,234,22,7,7,9,2.86,49.77,0,weekend,23:28,07:59,25-34,remote,0,0
user_088,2024-01-22,29.73,2,196,22,19,26,13,6.12,55.38,1,workday,23:27,07:15,25-34,remote,0,0
user_088,2024-01-23,80.13,4,221,31,8,27,15,3.34,71.23,0,workday,22:06,07:37,25-34,remote,0,0
user_088,2024-01-24,82.16,4,245,54,20,32,20,6.11,57.34,1,workday,23:30,07:02,25-34,remote,0,0
user_088,2024-01-25,57.96,3,249,55,26,36,13,6.65,50.04,1,workday,23:25,05:51,25-34,remote,0,0
user_088,2024-01-26,68.9,3,253,51,6,37,28,6.97,54.34,0,workday,23:38,06:15,25-34,remote,0,0
user_088,2024-01-27,69.13,3,292,32,12,34,20,5.3,66.46,1,weekend,22:54,07:47,25-34,remote,0,0
user_088,2024-01-28,75.81,4,225,55,38,23,26,4.78,60.62,0,weekend,23:43,07:14,25-34,remote,0,0
user_089,2024-01-01,76.17,4,194,43,10,28,24,4.58,60.6,1,workday,22:47,06:59,18-24,hybrid,0,0
user_089,2024-01-02,39.26,2,271,60,38,40,28,7.0,59.27,1,workday,23:07,07:06,18-24,hybrid,0,0
user_089,2024-01-03,56.07,3,172,32,17,20,12,5.23,55.49,1,workday,22:46,07:22,18-24,hybrid,0,0
user_089,2024-01-04,65.11,3,187,41,26,40,20,5.34,76.5,0,workday,22:12,06:28,18-24,hybrid,0,0
user_089,2024-01-05,35.62,2,245,60,27,36,28,8.52,51.08,0,workday,23:14,06:43,18-24,hybrid,0,0
user_089,2024-01-06,90.22,4,194,18,11,17,8,2.0,59.02,0,weekend,22:47,06:54,18-24,hybrid,0,0
user_089,2024-01-07,50.36,3,275,54,20,33,21,6.41,53.98,0,weekend,23:32,07:37,18-24,hybrid,0,0
user_089,2024-01-08,62.03,3,294,34,18,26,23,5.11,39.83,0,workday,23:46,07:01,18-24,hybrid,0,0
user_089,2024-01-09,57.92,3,142,33,28,19,17,4.67,60.93,0,workday,23:33,06:45,18-24,hybrid,0,0
user_089,2024-01-10,26.29,2,231,60,14,35,26,7.58,39.27,0,workday,23:12,07:41,18-24,hybrid,0,0
user_089,2024-01-11,36.54,2,268,36,12,28,10,3.97,54.78,1,workday,23:03,06:53,18-24,hybrid,0,0
user_089,2024-01-12,43.94,2,199,49,32,21,21,5.67,53.3,0,workday,23:04,06:42,18-24,hybrid,0,0
user_089,2024-01-13,39.05,2,270,36,16,14,20,4.15,44.3,0,weekend,23:16,08:36,18-24,hybrid,0,0
user_089,2024-01-14,69.6,3,204,38,13,36,20,5.2,55.19,0,weekend,23:07,06:29,18-24,hybrid,0,0
user_089,2024-01-15,49.08,2,204,49,22,36,19,6.65,62.35,0,workday,22:54,07:49,18-24,hybrid,0,0
user_089,2024-01-16,67.69,3,173,13,4,21,6,2.31,62.63,0,workday,22:23,07:15,18-24,hybrid,0,0
user_089,2024-01-17,80.21,4,220,50,29,38,19,3.24,73.65,0,workday,23:44,07:03,18-24,hybrid,0,0
user_089,2024-01-18,60.79,3,229,40,20,35,9,4.86,57.92,0,workday,23:03,06:46,18-24,hybrid,0,0
user_089,2024-01-19,78.83,4,237,44,12,17,16,6.01,59.83,0,workday,23:32,07:02,18-24,hybrid,0,0
user_089,2024-01-20,66.59,3,284,35,15,25,18,3.63,57.54,0,weekend,23:25,07:45,18-24,hybrid,0,0
user_089,2024-01-21,51.0,3,252,46,3,19,18,5.08,42.72,0,weekend,23:45,07:43,18-24,hybrid,0,0
user_089,2024-01-22,35.91,2,184,35,18,12,18,4.0,60.57,0,workday,00:02,07:05,18-24,hybrid,0,0
user_089,2024-01-23,72.63,3,194,45,20,30,23,6.04,62.8,0,workday,23:47,06:38,18-24,hybrid,0,0
user_089,2024-01-24,72.17,3,146,31,18,23,21,5.75,63.04,0,workday,22:11,07:27,18-24,hybrid,0,0
user_089,2024-01-25,26.91,2,198,33,24,21,16,4.11,57.8,1,workday,22:00,06:35,18-24,hybrid,0,0
user_089,2024-01-26,86.15,4,159,33,22,38,17,3.0,67.12,0,workday,00:09,07:08,18-24,hybrid,0,0
user_089,2024-01-27,58.63,3,187,34,16,28,16,5.01,49.65,0,weekend,22:36,07:38,18-24,hybrid,0,0
user_089,2024-01-28,80.66,4,299,54,45,31,21,6.13,61.24,0,weekend,23:23,08:15,18-24,hybrid,0,0
user_090,2024-01-01,69.52,3,233,36,12,20,21,5.31,68.49,1,workday,22:41,06:46,25-34,remote,0,0
user_090,2024-01-02,11.49,1,279,34,28,36,12,6.95,64.69,0,workday,00:00,07:51,25-34,remote,0,0
user_090,2024-01-03,15.25,1,224,60,30,36,30,9.0,26.72,1,workday,22:24,06:42,25-34,remote,0,0
user_090,2024-01-04,68.79,3,252,36,15,21,14,4.27,52.9,0,workday,22:48,07:56,25-34,remote,0,0
user_090,2024-01-05,52.34,3,239,41,8,29,26,7.27,39.14,0,workday,22:53,07:19,25-34,remote,0,0
user_090,2024-01-06,91.69,4,208,36,22,37,21,4.51,52.91,0,weekend,23:58,07:05,25-34,remote,0,0
user_090,2024-01-07,72.76,3,236,52,33,33,25,2.77,75.49,0,weekend,23:41,07:24,25-34,remote,0,0
user_090,2024-01-08,100.0,4,243,40,13,28,26,2.42,66.82,0,workday,22:54,06:49,25-34,remote,0,0
user_090,2024-01-09,77.13,4,179,23,9,10,9,3.67,56.55,0,workday,22:34,06:54,25-34,remote,0,0
user_090,2024-01-10,21.64,1,240,60,48,32,29,7.78,53.24,0,workday,23:47,06:33,25-34,remote,0,0
user_090,2024-01-11,56.59,3,205,53,35,32,24,4.63,40.21,0,workday,23:54,07:16,25-34,remote,0,0
user_090,2024-01-12,80.45,4,235,41,17,40,23,5.15,56.6,1,workday,22:45,07:17,25-34,remote,0,0
user_090,2024-01-13,73.71,3,277,60,19,38,17,5.55,55.37,0,weekend,00:06,07:56,25-34,remote,0,0
user_090,2024-01-14,72.93,3,225,40,18,27,19,4.99,69.98,0,weekend,23:45,06:57,25-34,remote,0,0
user_090,2024-01-15,56.89,3,238,48,11,32,12,8.35,44.5,0,workday,22:45,07:11,25-34,remote,0,0
user_090,2024-01-16,30.08,2,272,48,35,34,22,6.94,61.07,1,workday,22:50,07:19,25-34,remote,0,0
user_090,2024-01-17,59.32,3,245,29,24,27,22,9.01,59.74,1,workday,23:13,06:45,25-34,remote,0,0
user_090,2024-01-18,32.95,2,215,50,11,28,23,4.42,51.05,1,workday,22:24,06:38,25-34,remote,0,0
user_090,2024-01-19,69.22,3,173,34,29,35,12,5.74,60.47,0,workday,23:04,07:10,25-34,remote,0,0
user_090,2024-01-20,51.45,3,276,59,22,33,28,7.33,45.54,0,weekend,23:47,06:49,25-34,remote,0,0
user_090,2024-01-21,79.0,4,243,43,34,29,18,4.29,51.26,0,weekend,01:03,07:28,25-34,remote,0,0
user_090,2024-01-22,43.08,2,265,53,29,27,24,5.05,47.87,0,workday,23:47,07:13,25-34,remote,0,0
user_090,2024-01-23,61.13,3,211,46,8,24,23,3.35,82.45,0,workday,23:16,07:19,25-34,remote,0,0
user_090,2024-01-24,85.63,4,224,27,13,31,18,3.05,48.38,0,workday,23:31,06:29,25-34,remote,0,0
user_090,2024-01-25,22.41,1,219,53,25,42,26,5.87,33.55,1,workday,22:36,06:30,25-34,remote,0,0
user_090,2024-01-26,36.48,2,278,57,24,33,23,9.15,53.2,0,workday,21:47,08:05,25-34,remote,0,0
user_090,2024-01-27,61.96,3,262,51,36,40,29,3.99,65.37,0,weekend,21:50,06:39,25-34,remote,0,0
user_090,2024-01-28,91.42,4,273,48,7,34,12,3.92,72.87,0,weekend,23:04,08:20,25-34,remote,0,0
user_091,2024-01-01,51.21,3,165,48,37,29,19,1.79,66.64,0,workday,22:10,06:29,18-24,on_site,0,1
user_091,2024-01-02,57.55,3,153,38,17,25,15,1.68,34.75,0,workday,23:16,06:56,18-24,on_site,0,1
user_091,2024-01-03,62.61,3,176,56,44,23,23,5.11,28.64,0,workday,23:11,06:52,18-24,on_site,0,1
user_091,2024-01-04,68.0,3,116,37,13,29,19,5.46,71.75,0,workday,22:52,06:57,18-24,on_site,0,1
user_091,2024-01-05,80.0,4,174,40,15,28,11,3.23,67.76,0,workday,21:55,05:22,18-24,on_site,0,1
user_091,2024-01-06,61.59,3,210,37,24,23,15,5.18,72.25,0,weekend,23:00,08:33,18-24,on_site,0,1
user_091,2024-01-07,43.65,2,179,24,13,29,13,4.62,76.33,1,weekend,22:52,07:44,18-24,on_site,0,1
user_091,2024-01-08,64.32,3,191,43,19,31,27,2.99,69.81,0,workday,22:15,07:30,18-24,on_site,0,1
user_091,2024-01-09,54.06,3,148,41,35,22,10,3.61,68.44,0,workday,23:32,07:35,18-24,on_site,0,1
user_091,2024-01-10,79.79,4,218,46,25,27,21,5.08,66.52,0,workday,00:31,07:38,18-24,on_site,0,1
user_091,2024-01-11,46.68,2,197,21,21,22,8,4.13,52.69,0,workday,22:28,06:53,18-24,on_site,0,1
user_091,2024-01-12,49.3,2,221,43,19,31,17,5.34,56.3,0,workday,23:08,06:26,18-24,on_site,0,1
user_091,2024-01-13,82.94,4,236,35,10,23,16,2.14,74.32,0,weekend,23:58,08:36,18-24,on_site,0,1
user_091,2024-01-14,58.21,3,208,38,19,18,23,5.44,53.4,1,weekend,22:49,07:55,18-24,on_site,0,1
user_091,2024-01-15,40.12,2,254,40,18,22,21,3.41,71.23,0,workday,21:57,07:18,18-24,on_site,0,1
user_091,2024-01-16,43.34,2,199,41,31,13,11,4.95,56.35,0,workday,23:14,07:37,18-24,on_site,0,1
user_091,2024-01-17,27.45,2,224,41,31,32,21,6.23,32.68,0,workday,22:33,08:05,18-24,on_site,0,1
user_091,2024-01-18,31.96,2,241,60,36,21,23,2.19,58.25,0,workday,22:20,06:45,18-24,on_site,0,1
user_091,2024-01-19,42.75,2,217,45,19,34,17,4.6,47.83,1,workday,23:36,07:27,18-24,on_site,0,1
user_091,2024-01-20,48.1,2,191,41,21,39,10,6.12,44.33,0,weekend,23:42,08:25,18-24,on_site,0,1
user_091,2024-01-21,54.87,3,225,60,26,23,25,3.63,49.26,0,weekend,00:00,07:49,18-24,on_site,0,1
user_091,2024-01-22,82.22,4,168,17,6,26,16,6.24,75.41,0,workday,22:28,07:56,18-24,on_site,0,1
user_091,2024-01-23,52.54,3,267,46,28,23,21,5.68,52.68,0,workday,22:25,06:28,18-24,on_site,0,1
user_091,2024-01-24,44.16,2,196,37,3,39,25,5.53,46.12,0,workday,22:55,06:38,18-24,on_site,0,1
user_091,2024-01-25,23.27,1,130,38,12,29,18,7.81,47.39,1,workday,23:15,06:47,18-24,on_site,0,1
user_091,2024-01-26,40.45,2,212,45,11,34,13,3.7,62.37,1,workday,22:30,07:20,18-24,on_site,0,1
user_091,2024-01-27,50.52,3,214,60,38,29,26,8.73,51.28,0,weekend,23:44,07:20,18-24,on_site,0,1
user_091,2024-01-28,82.87,4,178,12,1,24,11,0.26,57.66,0,weekend,23:31,07:15,18-24,on_site,0,1
user_092,2024-01-01,36.04,2,232,34,24,22,10,6.1,50.29,1,workday,22:34,07:13,35-44,remote,1,0
user_092,2024-01-02,63.03,3,216,26,5,15,16,2.32,53.84,1,workday,23:21,07:27,35-44,remote,1,0
user_092,2024-01-03,74.63,3,223,41,13,23,22,4.45,40.1,0,workday,22:43,06:51,35-44,remote,1,0
user_092,2024-01-04,42.41,2,247,36,26,14,21,6.79,30.52,1,workday,22:53,06:47,35-44,remote,1,0
user_092,2024-01-05,51.22,3,282,33,15,26,11,4.55,56.74,0,workday,22:21,07:15,35-44,remote,1,0
user_092,2024-01-06,60.32,3,253,39,28,7,16,3.14,62.38,0,weekend,22:47,07:35,35-44,remote,1,0
user_092,2024-01-07,35.71,2,213,38,15,22,13,2.78,65.15,0,weekend,23:55,07:46,35-44,remote,1,0
user_092,2024-01-08,35.1,2,241,53,12,40,22,6.45,40.46,0,workday,22:41,07:24,35-44,remote,1,0
user_092,2024-01-09,21.77,1,240,49,13,48,22,7.1,37.9,1,workday,22:43,07:53,35-44,remote,1,0
user_092,2024-01-10,27.44,2,281,59,16,47,28,8.43,47.43,1,workday,23:33,06:11,35-44,remote,1,0
user_092,2024-01-11,36.15,2,234,40,17,35,14,4.81,78.58,1,workday,22:55,06:28,35-44,remote,1,0
user_092,2024-01-12,86.61,4,300,42,28,29,23,3.53,73.14,0,workday,23:27,07:36,35-44,remote,1,0
user_092,2024-01-13,72.94,3,188,21,15,14,15,2.21,72.23,1,weekend,22:22,08:23,35-44,remote,1,0
user_092,2024-01-14,71.53,3,266,27,15,20,9,4.47,63.41,0,weekend,00:13,07:02,35-44,remote,1,0
user_092,2024-01-15,71.38,3,228,44,15,15,22,4.59,56.31,0,workday,23:34,06:38,35-44,remote,1,0
user_092,2024-01-16,62.92,3,214,29,9,23,17,3.51,66.33,0,workday,23:09,07:02,35-44,remote,1,0
user_092,2024-01-17,68.46,3,207,41,14,28,2,5.03,51.33,0,workday,23:22,06:37,35-44,remote,1,0
user_092,2024-01-18,42.7,2,238,47,25,27,14,6.85,44.22,0,workday,22:46,07:13,35-44,remote,1,0
user_092,2024-01-19,63.99,3,249,48,21,30,17,2.42,90.66,1,workday,22:40,07:35,35-44,remote,1,0
user_092,2024-01-20,67.22,3,202,37,14,34,17,0.0,77.66,0,weekend,22:59,08:08,35-44,remote,1,0
user_092,2024-01-21,41.87,2,274,58,29,27,18,5.15,70.22,1,weekend,23:13,08:45,35-44,remote,1,0
user_092,2024-01-22,28.06,2,209,36,9,26,21,6.06,33.31,0,workday,21:36,06:40,35-44,remote,1,0
user_092,2024-01-23,50.0,2,207,32,16,20,15,4.19,59.1,0,workday,21:56,06:55,35-44,remote,1,0
user_092,2024-01-24,45.31,2,240,53,23,28,21,6.67,74.0,1,workday,23:29,07:17,35-44,remote,1,0
user_092,2024-01-25,62.58,3,232,16,14,34,5,5.76,48.58,1,workday,22:52,06:40,35-44,remote,1,0
user_092,2024-01-26,66.61,3,246,36,31,29,12,5.01,58.9,0,workday,22:33,07:11,35-44,remote,1,0
user_092,2024-01-27,53.18,3,244,40,6,35,17,3.78,63.76,0,weekend,22:42,07:33,35-44,remote,1,0
user_092,2024-01-28,48.25,2,293,60,11,30,27,7.78,56.76,0,weekend,23:45,07:04,35-44,remote,1,0
user_093,2024-01-01,23.68,1,206,30,7,29,15,7.24,50.2,0,workday,23:19,07:13,25-34,on_site,1,0
user_093,2024-01-02,49.5,2,203,42,13,27,23,4.7,65.18,0,workday,22:46,07:08,25-34,on_site,1,0
user_093,2024-01-03,5.52,1,231,57,6,36,24,8.36,65.36,0,workday,22:50,06:40,25-34,on_site,1,0
user_093,2024-01-04,12.39,1,149,34,15,21,16,4.23,56.78,1,workday,22:48,07:17,25-34,on_site,1,0
user_093,2024-01-05,32.77,2,194,49,28,26,27,3.72,56.86,1,workday,22:37,06:59,25-34,on_site,1,0
user_093,2024-01-06,13.68,1,221,43,25,28,17,3.68,38.75,1,weekend,00:08,07:02,25-34,on_site,1,0
user_093,2024-01-07,26.28,2,239,43,14,29,22,4.63,61.59,0,weekend,22:56,07:57,25-34,on_site,1,0
user_093,2024-01-08,32.3,2,211,33,20,28,20,5.63,49.62,1,workday,22:46,07:16,25-34,on_site,1,0
user_093,2024-01-09,10.55,1,140,25,13,18,6,7.65,40.6,1,workday,22:46,07:13,25-34,on_site,1,0
user_093,2024-01-10,39.24,2,209,32,18,26,16,6.07,69.62,1,workday,22:26,07:29,25-34,on_site,1,0
user_093,2024-01-11,24.8,1,201,40,16,19,16,5.4,77.42,1,workday,23:12,07:02,25-34,on_site,1,0
user_093,2024-01-12,16.59,1,159,50,17,19,17,6.81,40.15,0,workday,21:55,06:30,25-34,on_site,1,0
user_093,2024-01-13,32.09,2,275,31,13,24,10,5.72,52.54,1,weekend,23:24,07:51,25-34,on_site,1,0
user_093,2024-01-14,36.94,2,229,34,17,22,14,6.89,60.6,0,weekend,22:04,07:45,25-34,on_site,1,0
user_093,2024-01-15,30.01,2,188,44,32,24,20,3.66,56.43,1,workday,23:10,08:10,25-34,on_site,1,0
user_093,2024-01-16,11.07,1,229,53,43,25,26,7.59,52.57,1,workday,22:58,07:34,25-34,on_site,1,0
user_093,2024-01-17,24.12,1,168,21,11,14,14,5.34,48.02,0,workday,22:41,06:36,25-34,on_site,1,0
user_093,2024-01-18,46.13,2,198,39,11,32,15,5.2,75.54,0,workday,23:20,06:34,25-34,on_site,1,0
user_093,2024-01-19,21.2,1,221,28,9,27,15,6.26,68.33,0,workday,22:37,07:22,25-34,on_site,1,0
user_093,2024-01-20,0.0,1,241,54,29,26,18,6.09,49.08,1,weekend,22:39,08:14,25-34,on_site,1,0
user_093,2024-01-21,49.88,2,226,45,17,23,15,2.46,48.32,0,weekend,23:59,07:58,25-34,on_site,1,0
user_093,2024-01-22,21.54,1,207,31,8,31,14,4.08,65.76,1,workday,22:10,06:41,25-34,on_site,1,0
user_093,2024-01-23,0.0,1,221,35,21,20,14,5.24,53.48,0,workday,22:17,08:20,25-34,on_site,1,0
user_093,2024-01-24,11.75,1,178,40,32,19,13,3.63,57.27,0,workday,23:00,06:40,25-34,on_site,1,0
user_093,2024-01-25,15.55,1,233,41,22,23,17,4.43,58.0,0,workday,23:19,06:37,25-34,on_site,1,0
user_093,2024-01-26,39.88,2,192,29,7,15,14,5.43,58.09,0,workday,00:02,06:54,25-34,on_site,1,0
user_093,2024-01-27,20.04,1,132,38,26,33,19,4.87,37.3,0,weekend,22:50,07:59,25-34,on_site,1,0
user_093,2024-01-28,43.98,2,199,36,19,28,19,4.87,46.02,1,weekend,00:30,07:31,25-34,on_site,1,0
user_094,2024-01-01,45.67,2,255,46,21,25,18,6.57,71.55,0,workday,23:35,07:07,25-34,remote,1,0
user_094,2024-01-02,17.39,1,234,50,26,25,18,4.36,74.97,0,workday,22:40,06:54,25-34,remote,1,0
user_094,2024-01-03,51.49,3,245,44,28,25,24,4.75,54.45,0,workday,22:46,06:41,25-34,remote,1,0
user_094,2024-01-04,37.08,2,286,50,32,36,23,8.68,27.99,0,workday,23:35,06:59,25-34,remote,1,0
user_094,2024-01-05,54.06,3,200,41,23,32,19,6.19,63.01,0,workday,23:07,07:57,25-34,remote,1,0
user_094,2024-01-06,37.9,2,196,35,6,23,15,3.97,61.01,0,weekend,22:36,07:11,25-34,remote,1,0
user_094,2024-01-07,45.16,2,252,60,30,43,30,2.67,50.03,0,weekend,00:27,07:25,25-34,remote,1,0
user_094,2024-01-08,39.82,2,245,55,22,46,18,5.78,65.21,0,workday,22:55,06:46,25-34,remote,1,0
user_094,2024-01-09,55.83,3,252,43,23,28,18,6.09,62.31,0,workday,23:37,07:16,25-34,remote,1,0
user_094,2024-01-10,68.66,3,188,30,23,19,17,3.32,61.12,0,workday,23:12,06:22,25-34,remote,1,0
user_094,2024-01-11,75.95,4,224,40,4,27,11,1.73,71.09,0,workday,22:27,09:00,25-34,remote,1,0
user_094,2024-01-12,76.43,4,271,41,15,20,11,7.56,52.05,1,workday,23:00,07:19,25-34,remote,1,0
user_094,2024-01-13,72.59,3,258,55,28,18,30,4.13,52.93,0,weekend,23:54,06:24,25-34,remote,1,0
user_094,2024-01-14,60.5,3,255,35,15,25,16,6.16,42.5,0,weekend,23:17,06:51,25-34,remote,1,0
user_094,2024-01-15,52.35,3,226,39,12,13,20,6.37,59.81,1,workday,22:40,06:34,25-34,remote,1,0
user_094,2024-01-16,54.19,3,197,27,18,19,20,5.16,58.85,0,workday,22:56,07:18,25-34,remote,1,0
user_094,2024-01-17,37.6,2,251,38,26,29,17,3.82,56.28,1,workday,22:18,05:57,25-34,remote,1,0
user_094,2024-01-18,69.72,3,212,12,9,12,10,4.97,58.11,0,workday,23:04,07:12,25-34,remote,1,0
user_094,2024-01-19,53.55,3,176,33,23,19,22,5.76,62.78,0,workday,22:47,06:05,25-34,remote,1,0
user_094,2024-01-20,78.06,4,226,38,6,27,18,5.36,40.95,0,weekend,23:22,07:37,25-34,remote,1,0
user_094,2024-01-21,66.02,3,209,30,24,24,10,2.38,69.48,0,weekend,00:13,07:48,25-34,remote,1,0
user_094,2024-01-22,6.07,1,186,40,23,26,25,8.37,16.34,1,workday,22:58,06:53,25-34,remote,1,0
user_094,2024-01-23,42.32,2,271,45,35,35,25,3.11,47.95,0,workday,23:46,07:23,25-34,remote,1,0
user_094,2024-01-24,55.22,3,224,46,28,22,25,7.24,47.6,0,workday,23:04,06:49,25-34,remote,1,0
user_094,2024-01-25,58.83,3,199,41,27,27,23,4.72,62.71,0,workday,23:41,07:45,25-34,remote,1,0
user_094,2024-01-26,71.9,3,280,46,29,35,16,3.96,58.68,0,workday,23:49,06:43,25-34,remote,1,0
user_094,2024-01-27,68.59,3,241,45,32,25,22,5.98,52.04,0,weekend,23:09,06:50,25-34,remote,1,0
user_094,2024-01-28,8.03,1,274,60,25,39,28,4.38,49.51,0,weekend,00:09,07:29,25-34,remote,1,0
user_095,2024-01-01,44.82,2,222,44,40,20,18,4.51,58.1,0,workday,22:38,07:43,25-34,on_site,1,0
user_095,2024-01-02,69.7,3,156,23,18,29,17,4.85,62.49,1,workday,22:30,07:11,25-34,on_site,1,0
user_095,2024-01-03,44.94,2,192,46,10,28,18,5.54,51.49,0,workday,22:39,07:35,25-34,on_site,1,0
user_095,2024-01-04,15.73,1,178,30,25,36,18,2.55,69.75,1,workday,22:45,07:01,25-34,on_site,1,0
user_095,2024-01-05,41.08,2,235,60,36,36,27,5.34,76.63,1,workday,22:18,07:44,25-34,on_site,1,0
user_095,2024-01-06,23.95,1,260,43,23,32,14,7.13,68.02,1,weekend,23:16,08:17,25-34,on_site,1,0
user_095,2024-01-07,39.75,2,264,60,26,36,25,6.46,52.65,0,weekend,22:49,06:54,25-34,on_site,1,0
user_095,2024-01-08,56.08,3,166,41,29,28,21,1.18,77.15,0,workday,23:07,07:22,25-34,on_site,1,0
user_095,2024-01-09,16.28,1,187,49,25,26,19,6.3,30.9,0,workday,23:31,06:57,25-34,on_site,1,0
user_095,2024-01-10,19.08,1,185,56,33,34,18,8.42,37.65,1,workday,23:18,06:42,25-34,on_site,1,0
user_095,2024-01-11,34.2,2,198,35,5,15,20,6.21,61.97,0,workday,22:49,06:37,25-34,on_site,1,0
user_095,2024-01-12,44.72,2,164,29,19,5,21,5.45,61.27,0,workday,22:11,06:30,25-34,on_site,1,0
user_095,2024-01-13,81.63,4,233,37,10,23,23,4.01,48.74,0,weekend,23:38,07:46,25-34,on_site,1,0
user_095,2024-01-14,50.07,3,221,12,8,13,15,4.99,55.92,0,weekend,00:17,07:45,25-34,on_site,1,0
user_095,2024-01-15,38.93,2,194,42,2,24,17,6.63,38.19,0,workday,22:58,07:24,25-34,on_site,1,0
user_095,2024-01-16,72.45,3,162,16,11,4,14,4.04,68.16,0,workday,22:08,07:27,25-34,on_site,1,0
user_095,2024-01-17,54.7,3,186,31,7,9,9,3.35,65.45,0,workday,22:38,06:58,25-34,on_site,1,0
user_095,2024-01-18,19.61,1,210,45,4,36,21,5.22,45.3,0,workday,21:09,06:45,25-34,on_site,1,0
user_095,2024-01-19,27.63,2,243,51,35,23,21,7.5,58.77,0,workday,00:06,07:22,25-34,on_site,1,0
user_095,2024-01-20,46.19,2,205,27,8,24,15,2.5,78.08,0,weekend,22:35,07:28,25-34,on_site,1,0
user_095,2024-01-21,71.25,3,203,47,18,38,17,4.85,53.13,0,weekend,23:01,07:31,25-34,on_site,1,0
user_095,2024-01-22,19.87,1,255,45,18,37,23,5.96,48.94,1,workday,22:15,06:54,25-34,on_site,1,0
user_095,2024-01-23,78.14,4,171,22,9,17,23,3.98,63.67,0,workday,23:07,07:23,25-34,on_site,1,0
user_095,2024-01-24,67.16,3,183,38,15,19,22,4.55,59.1,0,workday,23:21,06:37,25-34,on_site,1,0
user_095,2024-01-25,82.76,4,206,31,8,12,16,2.94,64.24,0,workday,22:58,06:34,25-34,on_site,1,0
user_095,2024-01-26,36.57,2,195,27,16,24,13,1.72,73.39,1,workday,23:46,06:39,25-34,on_site,1,0
user_095,2024-01-27,57.22,3,249,49,15,35,25,5.65,47.28,0,weekend,23:24,07:49,25-34,on_site,1,0
user_095,2024-01-28,10.38,1,266,55,35,37,30,5.27,55.11,0,weekend,23:21,08:14,25-34,on_site,1,0
user_096,2024-01-01,21.27,1,131,21,11,23,13,5.61,65.96,1,workday,22:26,07:18,35-44,on_site,1,0
user_096,2024-01-02,19.93,1,225,60,14,34,30,6.13,52.94,1,workday,23:57,06:29,35-44,on_site,1,0
user_096,2024-01-03,22.92,1,174,47,36,32,21,3.92,65.44,1,workday,21:58,06:51,35-44,on_site,1,0
user_096,2024-01-04,31.04,2,268,33,9,10,19,6.97,54.29,0,workday,22:45,07:58,35-44,on_site,1,0
user_096,2024-01-05,53.97,3,222,53,14,39,20,6.06,55.62,0,workday,23:37,07:13,35-44,on_site,1,0
user_096,2024-01-06,19.69,1,234,59,31,45,24,5.51,42.24,0,weekend,00:49,07:32,35-44,on_site,1,0
user_096,2024-01-07,27.94,2,224,48,23,24,14,4.98,63.38,0,weekend,23:45,08:01,35-44,on_site,1,0
user_096,2024-01-08,41.83,2,235,42,17,37,20,4.62,62.87,0,workday,23:50,07:11,35-44,on_site,1,0
user_096,2024-01-09,11.92,1,156,54,8,37,28,4.61,52.72,0,workday,22:41,07:09,35-44,on_site,1,0
user_096,2024-01-10,49.42,2,150,36,35,28,17,3.64,60.39,0,workday,23:15,07:06,35-44,on_site,1,0
user_096,2024-01-11,50.21,3,201,18,1,22,19,3.44,57.69,1,workday,22:32,07:23,35-44,on_site,1,0
user_096,2024-01-12,18.63,1,194,50,23,24,19,7.16,40.26,0,workday,23:02,07:16,35-44,on_site,1,0
user_096,2024-01-13,44.87,2,227,59,17,38,24,7.05,51.98,0,weekend,23:43,08:16,35-44,on_site,1,0
user_096,2024-01-14,40.67,2,164,41,15,31,19,6.02,79.99,0,weekend,23:40,08:08,35-44,on_site,1,0
user_096,2024-01-15,40.28,2,270,58,17,11,20,6.82,52.57,0,workday,22:35,07:14,35-44,on_site,1,0
user_096,2024-01-16,28.68,2,221,55,14,49,20,5.11,40.48,0,workday,23:40,06:55,35-44,on_site,1,0
user_096,2024-01-17,28.2,2,186,28,10,17,17,5.3,44.08,0,workday,22:35,06:32,35-44,on_site,1,0
user_096,2024-01-18,61.15,3,197,59,19,35,24,4.99,69.69,0,workday,22:42,06:53,35-44,on_site,1,0
user_096,2024-01-19,32.02,2,191,45,16,35,30,6.36,45.48,0,workday,22:53,06:29,35-44,on_site,1,0
user_096,2024-01-20,20.47,1,279,60,10,39,22,8.19,54.06,0,weekend,23:28,08:04,35-44,on_site,1,0
user_096,2024-01-21,42.45,2,147,41,27,23,17,1.31,56.37,0,weekend,23:40,07:20,35-44,on_site,1,0
user_096,2024-01-22,20.82,1,172,56,41,18,25,7.48,42.34,0,workday,22:20,07:17,35-44,on_site,1,0
user_096,2024-01-23,34.44,2,223,19,17,20,17,7.65,48.77,0,workday,22:48,07:24,35-44,on_site,1,0
user_096,2024-01-24,26.17,2,212,33,9,33,12,2.17,66.4,0,workday,22:50,07:17,35-44,on_site,1,0
user_096,2024-01-25,27.59,2,167,43,31,24,19,6.07,44.55,1,workday,23:03,06:16,35-44,on_site,1,0
user_096,2024-01-26,32.72,2,179,33,20,34,14,7.22,51.95,0,workday,22:57,07:12,35-44,on_site,1,0
user_096,2024-01-27,47.62,2,235,49,30,19,23,4.79,63.37,1,weekend,00:23,07:31,35-44,on_site,1,0
user_096,2024-01-28,28.11,2,213,39,4,34,23,3.84,67.87,0,weekend,22:30,08:18,35-44,on_site,1,0
user_097,2024-01-01,32.65,2,225,42,10,27,11,4.47,48.36,1,workday,23:35,07:52,25-34,on_site,1,0
user_097,2024-01-02,85.52,4,123,25,9,19,14,0.0,69.2,0,workday,22:48,07:07,25-34,on_site,1,0
user_097,2024-01-03,68.79,3,222,56,46,26,23,3.89,53.67,0,workday,23:16,06:42,25-34,on_site,1,0
user_097,2024-01-04,63.42,3,190,58,34,20,16,3.24,85.09,0,workday,22:50,07:01,25-34,on_site,1,0
user_097,2024-01-05,89.95,4,198,45,19,33,23,5.55,63.76,1,workday,22:35,06:34,25-34,on_site,1,0
user_097,2024-01-06,60.31,3,217,38,9,20,20,4.38,58.47,0,weekend,22:45,08:14,25-34,on_site,1,0
user_097,2024-01-07,93.65,4,175,20,9,12,16,0.98,58.18,0,weekend,23:42,07:22,25-34,on_site,1,0
user_097,2024-01-08,97.03,4,266,51,24,31,30,5.28,56.39,0,workday,23:00,06:48,25-34,on_site,1,0
user_097,2024-01-09,26.72,2,148,58,10,30,22,2.84,67.07,1,workday,23:18,06:48,25-34,on_site,1,0
user_097,2024-01-10,71.28,3,193,32,12,22,12,5.24,58.54,1,workday,22:02,07:10,25-34,on_site,1,0
user_097,2024-01-11,46.13,2,206,33,17,11,15,5.77,22.74,0,workday,22:53,08:07,25-34,on_site,1,0
user_097,2024-01-12,79.33,4,196,56,42,28,21,5.99,60.73,0,workday,23:22,07:27,25-34,on_site,1,0
user_097,2024-01-13,68.83,3,200,32,6,30,7,4.7,54.94,0,weekend,22:36,08:00,25-34,on_site,1,0
user_097,2024-01-14,69.69,3,175,38,23,27,16,4.75,59.8,0,weekend,23:53,07:05,25-34,on_site,1,0
user_097,2024-01-15,73.2,3,189,45,18,22,28,6.2,37.71,0,workday,23:24,06:11,25-34,on_site,1,0
user_097,2024-01-16,79.59,4,200,35,14,37,18,3.91,48.0,1,workday,22:04,07:02,25-34,on_site,1,0
user_097,2024-01-17,70.95,3,232,51,26,33,23,5.53,57.38,0,workday,23:51,07:01,25-34,on_site,1,0
user_097,2024-01-18,38.16,2,195,40,35,36,26,7.56,58.62,1,workday,23:07,07:28,25-34,on_site,1,0
user_097,2024-01-19,85.65,4,178,31,10,24,17,4.7,66.82,0,workday,22:38,07:22,25-34,on_site,1,0
user_097,2024-01-20,76.5,4,174,33,15,25,22,4.77,75.52,0,weekend,23:01,07:17,25-34,on_site,1,0
user_097,2024-01-21,33.73,2,229,51,27,36,24,8.56,54.22,1,weekend,00:09,07:23,25-34,on_site,1,0
user_097,2024-01-22,88.09,4,163,33,18,27,14,4.62,48.13,0,workday,22:06,06:17,25-34,on_site,1,0
user_097,2024-01-23,81.18,4,228,49,28,20,18,6.9,62.04,0,workday,22:36,06:08,25-34,on_site,1,0
user_097,2024-01-24,75.9,4,232,60,19,43,19,5.72,54.78,0,workday,22:30,06:41,25-34,on_site,1,0
user_097,2024-01-25,43.54,2,200,40,26,27,14,7.07,44.98,0,workday,23:30,06:32,25-34,on_site,1,0
user_097,2024-01-26,51.53,3,230,60,45,29,22,7.97,62.59,1,workday,23:55,06:18,25-34,on_site,1,0
user_097,2024-01-27,86.46,4,165,29,15,24,13,2.07,72.3,0,weekend,00:29,07:34,25-34,on_site,1,0
user_097,2024-01-28,70.57,3,200,30,8,16,9,3.47,51.68,1,weekend,23:44,08:17,25-34,on_site,1,0
user_098,2024-01-01,58.67,3,240,57,19,37,28,6.76,46.24,0,workday,23:26,06:28,18-24,on_site,0,0
user_098,2024-01-02,35.72,2,189,54,35,26,21,5.11,61.61,1,workday,22:30,06:37,18-24,on_site,0,0
user_098,2024-01-03,85.92,4,244,57,24,26,25,4.43,75.42,0,workday,23:03,06:55,18-24,on_site,0,0
user_098,2024-01-04,72.71,3,102,50,9,35,27,6.98,48.92,0,workday,23:42,06:48,18-24,on_site,0,0
user_098,2024-01-05,66.86,3,174,37,8,15,20,6.0,56.77,0,workday,23:14,07:39,18-24,on_site,0,0
user_098,2024-01-06,63.28,3,205,19,10,27,10,3.66,59.57,0,weekend,00:31,07:41,18-24,on_site,0,0
user_098,2024-01-07,81.94,4,174,32,22,22,8,3.19,48.16,0,weekend,22:50,07:04,18-24,on_site,0,0
user_098,2024-01-08,99.3,4,159,38,6,23,22,0.77,82.76,0,workday,23:11,06:50,18-24,on_site,0,0
user_098,2024-01-09,72.61,3,255,36,15,36,17,3.83,75.85,1,workday,22:39,07:06,18-24,on_site,0,0
user_098,2024-01-10,66.12,3,198,41,19,35,12,5.12,52.34,0,workday,23:30,06:51,18-24,on_site,0,0
user_098,2024-01-11,71.31,3,216,30,10,34,20,4.82,57.39,0,workday,22:53,07:08,18-24,on_site,0,0
user_098,2024-01-12,60.63,3,188,37,19,26,25,6.23,44.61,0,workday,22:21,06:46,18-24,on_site,0,0
user_098,2024-01-13,73.1,3,190,56,23,44,24,4.73,62.9,0,weekend,00:26,07:56,18-24,on_site,0,0
user_098,2024-01-14,74.34,3,215,55,33,27,20,5.95,80.34,0,weekend,00:17,07:44,18-24,on_site,0,0
user_098,2024-01-15,91.9,4,230,26,12,15,9,3.5,81.05,0,workday,23:00,06:53,18-24,on_site,0,0
user_098,2024-01-16,100.0,4,201,42,14,32,23,3.56,75.24,0,workday,23:01,08:03,18-24,on_site,0,0
user_098,2024-01-17,72.05,3,210,37,12,23,15,5.12,57.02,0,workday,22:13,07:19,18-24,on_site,0,0
user_098,2024-01-18,75.89,4,193,38,14,22,13,4.36,74.79,1,workday,22:31,06:35,18-24,on_site,0,0
user_098,2024-01-19,77.32,4,202,46,9,27,19,5.37,73.57,1,workday,23:11,06:18,18-24,on_site,0,0
user_098,2024-01-20,95.37,4,242,52,22,25,24,3.41,72.57,0,weekend,23:34,07:35,18-24,on_site,0,0
user_098,2024-01-21,75.13,4,201,36,19,25,15,4.0,71.32,0,weekend,23:32,07:26,18-24,on_site,0,0
user_098,2024-01-22,55.63,3,205,34,23,33,10,3.85,48.39,1,workday,22:39,07:18,18-24,on_site,0,0
user_098,2024-01-23,36.12,2,215,29,24,23,22,4.35,58.28,1,workday,21:43,06:29,18-24,on_site,0,0
user_098,2024-01-24,72.22,3,227,46,8,31,21,4.26,65.11,0,workday,23:24,07:09,18-24,on_site,0,0
user_098,2024-01-25,63.28,3,207,49,17,34,23,3.92,68.39,1,workday,22:54,06:35,18-24,on_site,0,0
user_098,2024-01-26,90.51,4,240,44,14,37,11,7.05,60.63,1,workday,22:57,07:13,18-24,on_site,0,0
user_098,2024-01-27,70.57,3,171,25,11,12,18,2.54,56.6,0,weekend,22:27,07:48,18-24,on_site,0,0
user_098,2024-01-28,61.79,3,246,42,17,11,14,4.31,45.24,0,weekend,22:31,07:28,18-24,on_site,0,0
user_099,2024-01-01,69.96,3,228,32,20,19,19,5.16,76.7,1,workday,23:23,07:11,18-24,hybrid,0,1
user_099,2024-01-02,73.05,3,218,47,23,44,21,6.16,68.8,0,workday,23:30,06:56,18-24,hybrid,0,1
user_099,2024-01-03,90.6,4,228,54,16,27,12,4.82,60.0,0,workday,23:26,06:48,18-24,hybrid,0,1
user_099,2024-01-04,51.17,3,277,51,34,18,9,8.11,32.77,1,workday,22:09,06:14,18-24,hybrid,0,1
user_099,2024-01-05,33.21,2,207,24,12,11,8,2.17,28.71,0,workday,23:39,06:49,18-24,hybrid,0,1
user_099,2024-01-06,41.83,2,214,59,19,27,16,4.77,53.23,1,weekend,00:06,08:56,18-24,hybrid,0,1
user_099,2024-01-07,72.87,3,269,60,25,42,23,4.67,54.23,0,weekend,23:46,08:20,18-24,hybrid,0,1
user_099,2024-01-08,80.08,4,233,40,14,19,18,8.67,39.68,0,workday,23:03,07:14,18-24,hybrid,0,1
user_099,2024-01-09,72.33,3,167,18,5,33,16,2.71,80.09,0,workday,22:36,07:22,18-24,hybrid,0,1
user_099,2024-01-10,100.0,4,222,41,17,21,11,7.9,55.14,0,workday,22:52,07:23,18-24,hybrid,0,1
user_099,2024-01-11,58.84,3,249,33,19,23,8,6.77,65.64,1,workday,23:26,06:44,18-24,hybrid,0,1
user_099,2024-01-12,63.33,3,204,37,15,18,22,0.43,57.43,0,workday,23:10,07:34,18-24,hybrid,0,1
user_099,2024-01-13,100.0,4,184,18,9,14,12,1.25,81.21,0,weekend,22:58,07:57,18-24,hybrid,0,1
user_099,2024-01-14,99.76,4,230,39,22,22,16,1.86,62.93,0,weekend,23:11,08:21,18-24,hybrid,0,1
user_099,2024-01-15,76.3,4,211,60,21,42,27,7.07,47.93,0,workday,23:37,06:42,18-24,hybrid,0,1
user_099,2024-01-16,95.84,4,229,42,26,34,28,4.68,75.11,0,workday,21:50,07:06,18-24,hybrid,0,1
user_099,2024-01-17,67.16,3,247,42,24,39,23,5.55,51.44,0,workday,22:34,06:37,18-24,hybrid,0,1
user_099,2024-01-18,67.01,3,249,41,25,29,13,6.95,46.3,0,workday,23:37,07:24,18-24,hybrid,0,1
user_099,2024-01-19,49.67,2,213,52,18,21,17,4.31,58.4,0,workday,22:45,06:46,18-24,hybrid,0,1
user_099,2024-01-20,41.41,2,245,60,39,35,25,8.93,55.48,0,weekend,23:46,08:22,18-24,hybrid,0,1
user_099,2024-01-21,79.92,4,266,56,15,43,21,6.33,50.01,0,weekend,00:45,08:13,18-24,hybrid,0,1
user_099,2024-01-22,100.0,4,172,39,7,22,7,1.5,60.06,0,workday,23:10,06:55,18-24,hybrid,0,1
user_099,2024-01-23,63.1,3,259,44,10,33,10,5.76,63.02,0,workday,22:37,07:14,18-24,hybrid,0,1
user_099,2024-01-24,84.68,4,202,27,13,19,1,2.28,68.3,0,workday,23:17,07:05,18-24,hybrid,0,1
user_099,2024-01-25,65.98,3,177,32,7,29,15,3.87,53.5,0,workday,22:56,06:01,18-24,hybrid,0,1
user_099,2024-01-26,64.91,3,197,33,14,24,9,5.84,57.32,0,workday,23:14,06:22,18-24,hybrid,0,1
user_099,2024-01-27,55.39,3,180,15,14,20,7,3.95,38.31,0,weekend,23:19,07:51,18-24,hybrid,0,1
user_099,2024-01-28,100.0,4,174,32,18,12,12,0.86,82.39,0,weekend,22:22,07:06,18-24,hybrid,0,1
user_100,2024-01-01,51.28,3,220,33,11,23,13,4.84,64.83,0,workday,23:57,07:07,55+,hybrid,1,0
user_100,2024-01-02,62.38,3,243,37,23,29,17,6.09,77.28,0,workday,22:53,07:10,55+,hybrid,1,0
user_100,2024-01-03,67.75,3,152,46,19,32,26,4.77,56.76,0,workday,22:36,06:50,55+,hybrid,1,0
user_100,2024-01-04,54.91,3,243,60,8,38,25,5.99,62.77,1,workday,23:25,07:10,55+,hybrid,1,0
user_100,2024-01-05,71.63,3,196,39,10,26,22,5.12,58.6,0,workday,22:27,07:22,55+,hybrid,1,0
user_100,2024-01-06,59.9,3,213,41,8,34,17,4.92,48.61,1,weekend,00:00,08:03,55+,hybrid,1,0
user_100,2024-01-07,25.27,2,218,34,14,26,12,4.18,57.63,0,weekend,23:00,07:55,55+,hybrid,1,0
user_100,2024-01-08,48.1,2,222,32,9,17,15,5.59,45.77,1,workday,23:02,07:11,55+,hybrid,1,0
user_100,2024-01-09,48.54,2,196,31,22,24,21,5.88,56.93,0,workday,22:58,06:57,55+,hybrid,1,0
user_100,2024-01-10,41.98,2,253,60,34,45,30,6.97,59.36,0,workday,00:29,06:50,55+,hybrid,1,0
user_100,2024-01-11,70.99,3,237,49,16,37,24,3.44,42.07,0,workday,21:56,06:54,55+,hybrid,1,0
user_100,2024-01-12,81.96,4,237,42,21,36,20,5.29,74.33,0,workday,00:00,06:33,55+,hybrid,1,0
user_100,2024-01-13,51.51,3,244,39,17,32,26,6.43,52.89,0,weekend,22:53,07:18,55+,hybrid,1,0
user_100,2024-01-14,72.18,3,249,30,19,24,14,5.6,65.52,0,weekend,22:57,07:53,55+,hybrid,1,0
user_100,2024-01-15,58.02,3,241,57,23,33,24,5.78,42.36,1,workday,22:54,07:17,55+,hybrid,1,0
user_100,2024-01-16,65.41,3,237,45,28,37,18,2.97,57.26,0,workday,22:58,07:34,55+,hybrid,1,0
user_100,2024-01-17,56.99,3,169,37,19,30,19,8.63,66.58,1,workday,23:20,06:49,55+,hybrid,1,0
user_100,2024-01-18,43.79,2,239,57,19,40,25,8.02,61.13,0,workday,22:22,06:09,55+,hybrid,1,0
user_100,2024-01-19,54.53,3,281,60,24,37,25,5.0,55.59,0,workday,23:23,05:58,55+,hybrid,1,0
user_100,2024-01-20,58.2,3,245,39,24,20,12,0.77,61.95,0,weekend,23:24,07:12,55+,hybrid,1,0
user_100,2024-01-21,68.82,3,231,41,15,24,15,3.19,59.46,0,weekend,23:59,07:24,55+,hybrid,1,0
user_100,2024-01-22,45.0,2,179,46,28,20,22,6.53,47.72,0,workday,23:14,06:20,55+,hybrid,1,0
user_100,2024-01-23,43.15,2,206,40,14,18,18,6.46,55.2,0,workday,22:21,06:22,55+,hybrid,1,0
user_100,2024-01-24,42.85,2,214,24,18,23,14,6.35,46.71,1,workday,23:56,07:00,55+,hybrid,1,0
user_100,2024-01-25,37.25,2,255,21,5,24,18,5.03,57.62,1,workday,22:26,07:12,55+,hybrid,1,0
user_100,2024-01-26,60.73,3,179,24,11,22,10,3.31,77.04,0,workday,23:11,06:13,55+,hybrid,1,0
user_100,2024-01-27,61.65,3,199,46,20,23,19,3.93,66.29,0,weekend,23:33,07:42,55+,hybrid,1,0
user_100,2024-01-28,55.56,3,239,28,0,18,16,4.5,48.77,1,weekend,22:42,07:30,55+,hybrid,1,0
user_101,2024-01-01,66.97,3,213,57,20,29,19,5.71,63.13,0,workday,23:13,06:16,45-54,hybrid,0,0
user_101,2024-01-02,46.79,2,251,49,11,33,15,4.93,56.07,1,workday,23:46,07:16,45-54,hybrid,0,0
user_101,2024-01-03,15.21,1,214,60,40,50,24,10.0,41.29,0,workday,23:09,06:45,45-54,hybrid,0,0
user_101,2024-01-04,59.77,3,283,55,40,32,20,4.91,59.09,0,workday,23:48,06:56,45-54,hybrid,0,0
user_101,2024-01-05,54.83,3,164,36,16,27,13,3.42,50.72,0,workday,22:17,07:01,45-54,hybrid,0,0
user_101,2024-01-06,59.96,3,254,41,29,23,21,3.99,70.02,1,weekend,23:40,07:18,45-54,hybrid,0,0
user_101,2024-01-07,88.87,4,177,15,13,25,10,4.04,53.49,0,weekend,23:00,07:23,45-54,hybrid,0,0
user_101,2024-01-08,84.56,4,192,20,14,16,20,7.13,55.68,1,workday,23:11,07:06,45-54,hybrid,0,0
user_101,2024-01-09,77.68,4,233,53,40,38,20,3.78,44.52,0,workday,00:17,07:22,45-54,hybrid,0,0
user_101,2024-01-10,80.47,4,259,33,10,21,7,4.43,63.88,1,workday,23:44,07:14,45-54,hybrid,0,0
user_101,2024-01-11,67.77,3,221,56,27,45,26,4.68,56.78,1,workday,00:08,07:13,45-54,hybrid,0,0
user_101,2024-01-12,30.2,2,243,35,18,33,21,5.54,55.52,1,workday,22:51,07:13,45-54,hybrid,0,0
user_101,2024-01-13,54.67,3,185,50,20,30,19,3.72,48.14,0,weekend,23:28,07:20,45-54,hybrid,0,0
user_101,2024-01-14,100.0,4,169,22,10,18,14,2.29,57.21,0,weekend,22:54,07:12,45-54,hybrid,0,0
user_101,2024-01-15,62.22,3,202,28,20,27,10,5.51,49.72,0,workday,23:23,05:57,45-54,hybrid,0,0
user_101,2024-01-16,37.04,2,172,24,20,23,12,3.92,51.2,1,workday,23:14,07:09,45-54,hybrid,0,0
user_101,2024-01-17,34.3,2,204,46,23,37,15,4.92,46.57,1,workday,23:01,05:58,45-54,hybrid,0,0
user_101,2024-01-18,46.79,2,217,49,31,36,26,6.33,38.69,1,workday,23:24,06:34,45-54,hybrid,0,0
user_101,2024-01-19,71.59,3,222,44,16,23,19,6.15,64.12,0,workday,22:29,07:18,45-54,hybrid,0,0
user_101,2024-01-20,57.59,3,191,45,20,27,27,4.8,50.54,1,weekend,23:22,08:09,45-54,hybrid,0,0
user_101,2024-01-21,67.47,3,285,56,21,30,17,3.11,72.4,1,weekend,23:51,07:24,45-54,hybrid,0,0
user_101,2024-01-22,64.39,3,221,35,24,26,9,3.66,65.13,0,workday,22:56,06:07,45-54,hybrid,0,0
user_101,2024-01-23,44.86,2,251,29,20,27,15,6.14,44.11,1,workday,22:31,06:35,45-54,hybrid,0,0
user_101,2024-01-24,78.6,4,251,38,32,24,17,5.62,63.77,0,workday,23:18,07:08,45-54,hybrid,0,0
user_101,2024-01-25,39.84,2,250,52,39,41,19,5.43,53.77,1,workday,22:33,06:24,45-54,hybrid,0,0
user_101,2024-01-26,54.02,3,196,44,29,30,24,5.77,46.85,1,workday,23:14,07:57,45-54,hybrid,0,0
user_101,2024-01-27,67.56,3,190,39,7,24,25,4.35,56.09,0,weekend,23:55,08:16,45-54,hybrid,0,0
user_101,2024-01-28,65.24,3,225,42,16,18,22,4.64,46.84,0,weekend,23:41,07:10,45-54,hybrid,0,0
user_102,2024-01-01,28.67,2,227,56,28,39,15,5.78,41.66,0,workday,00:19,07:05,35-44,remote,0,0
user_102,2024-01-02,76.21,4,208,41,19,34,19,7.28,46.3,0,workday,22:37,07:11,35-44,remote,0,0
user_102,2024-01-03,39.6,2,241,46,16,28,17,7.07,57.48,0,workday,22:13,06:41,35-44,remote,0,0
user_102,2024-01-04,36.72,2,185,60,12,32,26,5.55,66.89,0,workday,23:32,07:05,35-44,remote,0,0
user_102,2024-01-05,35.32,2,219,49,28,34,17,6.03,48.58,0,workday,22:57,07:14,35-44,remote,0,0
user_102,2024-01-06,46.07,2,210,28,16,34,11,3.18,45.7,0,weekend,22:38,07:18,35-44,remote,0,0
user_102,2024-01-07,35.48,2,300,50,19,36,27,8.12,49.33,0,weekend,22:37,06:55,35-44,remote,0,0
user_102,2024-01-08,57.56,3,235,35,21,28,15,2.68,68.16,0,workday,23:29,06:49,35-44,remote,0,0
user_102,2024-01-09,40.03,2,231,57,16,35,22,9.07,40.08,1,workday,23:16,07:08,35-44,remote,0,0
user_102,2024-01-10,34.28,2,249,42,23,37,13,6.8,56.11,1,workday,23:07,07:04,35-44,remote,0,0
user_102,2024-01-11,46.19,2,193,43,8,22,23,4.49,57.56,0,workday,23:48,07:04,35-44,remote,0,0
user_102,2024-01-12,42.86,2,263,59,21,34,23,5.32,41.54,0,workday,00:37,06:39,35-44,remote,0,0
user_102,2024-01-13,63.65,3,177,46,26,28,21,2.91,50.08,0,weekend,23:06,07:28,35-44,remote,0,0
user_102,2024-01-14,56.38,3,255,47,32,28,17,4.54,57.57,0,weekend,00:02,08:18,35-44,remote,0,0
user_102,2024-01-15,32.83,2,254,52,33,31,27,2.5,65.67,1,workday,22:34,06:37,35-44,remote,0,0
user_102,2024-01-16,82.94,4,216,42,25,27,21,5.1,70.36,0,workday,22:38,06:40,35-44,remote,0,0
user_102,2024-01-17,47.71,2,218,42,37,23,19,4.55,67.2,0,workday,23:43,06:52,35-44,remote,0,0
user_102,2024-01-18,60.01,3,223,14,14,16,4,5.07,73.76,0,workday,22:16,07:10,35-44,remote,0,0
user_102,2024-01-19,61.36,3,173,14,3,15,13,2.63,63.12,0,workday,21:57,06:41,35-44,remote,0,0
user_102,2024-01-20,53.02,3,199,44,15,27,13,1.52,69.34,1,weekend,23:17,07:30,35-44,remote,0,0
user_102,2024-01-21,5.02,1,259,36,13,25,17,5.91,53.4,1,weekend,23:14,07:47,35-44,remote,0,0
user_102,2024-01-22,16.54,1,242,60,14,33,29,6.42,54.57,0,workday,23:32,05:47,35-44,remote,0,0
user_102,2024-01-23,50.67,3,205,43,31,26,25,8.33,54.41,1,workday,22:00,07:46,35-44,remote,0,0
user_102,2024-01-24,37.41,2,249,44,34,34,14,5.65,62.25,1,workday,23:38,06:18,35-44,remote,0,0
user_102,2024-01-25,53.92,3,227,39,15,28,14,4.4,64.55,0,workday,23:00,06:24,35-44,remote,0,0
user_102,2024-01-26,52.93,3,260,54,16,42,16,2.82,66.53,0,workday,22:45,06:41,35-44,remote,0,0
user_102,2024-01-27,52.06,3,158,31,4,11,24,2.88,77.75,0,weekend,22:18,08:00,35-44,remote,0,0
user_102,2024-01-28,32.49,2,229,60,17,41,30,3.34,35.74,0,weekend,00:04,08:24,35-44,remote,0,0
user_103,2024-01-01,40.86,2,204,26,10,26,21,0.0,58.42,0,workday,22:57,06:20,25-34,hybrid,0,1
user_103,2024-01-02,35.67,2,287,46,26,24,18,7.58,56.01,1,workday,23:43,07:06,25-34,hybrid,0,1
user_103,2024-01-03,58.43,3,197,50,16,30,21,3.78,71.07,0,workday,23:43,07:14,25-34,hybrid,0,1
user_103,2024-01-04,56.69,3,216,41,6,22,13,5.29,61.8,0,workday,23:07,07:12,25-34,hybrid,0,1
user_103,2024-01-05,50.59,3,198,45,18,36,30,3.92,62.93,1,workday,21:29,06:39,25-34,hybrid,0,1
user_103,2024-01-06,31.01,2,218,44,23,35,19,1.78,56.74,0,weekend,23:19,08:06,25-34,hybrid,0,1
user_103,2024-01-07,62.06,3,199,37,20,29,16,4.01,81.42,0,weekend,22:18,07:34,25-34,hybrid,0,1
user_103,2024-01-08,45.75,2,229,46,22,44,16,5.01,57.92,0,workday,22:33,07:11,25-34,hybrid,0,1
user_103,2024-01-09,38.4,2,202,46,33,29,14,8.63,46.0,0,workday,22:50,07:54,25-34,hybrid,0,1
user_103,2024-01-10,59.28,3,231,45,22,24,21,4.48,71.97,0,workday,22:50,06:46,25-34,hybrid,0,1
user_103,2024-01-11,54.26,3,227,50,30,27,19,6.1,51.5,0,workday,22:45,06:40,25-34,hybrid,0,1
user_103,2024-01-12,32.29,2,182,38,20,11,13,4.35,60.39,1,workday,22:34,06:51,25-34,hybrid,0,1
user_103,2024-01-13,76.35,4,189,32,22,34,17,3.74,57.73,1,weekend,00:00,07:36,25-34,hybrid,0,1
user_103,2024-01-14,61.31,3,231,30,7,8,30,2.17,80.75,0,weekend,23:24,08:16,25-34,hybrid,0,1
user_103,2024-01-15,37.12,2,257,44,18,27,13,6.54,54.85,0,workday,22:58,06:28,25-34,hybrid,0,1
user_103,2024-01-16,77.07,4,199,33,14,38,8,3.39,71.03,0,workday,22:29,08:02,25-34,hybrid,0,1
user_103,2024-01-17,32.13,2,215,43,14,20,14,1.55,69.54,1,workday,22:35,07:15,25-34,hybrid,0,1
user_103,2024-01-18,31.94,2,214,38,21,15,13,6.25,50.39,1,workday,23:13,07:04,25-34,hybrid,0,1
user_103,2024-01-19,57.01,3,252,37,8,14,15,9.11,41.73,0,workday,22:29,06:18,25-34,hybrid,0,1
user_103,2024-01-20,27.46,2,254,56,15,26,19,5.98,51.47,1,weekend,23:14,06:59,25-34,hybrid,0,1
user_103,2024-01-21,19.45,1,216,60,27,41,24,3.75,60.88,1,weekend,23:33,07:26,25-34,hybrid,0,1
user_103,2024-01-22,53.3,3,225,27,21,21,14,0.62,65.68,0,workday,00:14,06:48,25-34,hybrid,0,1
user_103,2024-01-23,17.29,1,236,57,18,30,28,9.7,49.73,1,workday,23:12,06:43,25-34,hybrid,0,1
user_103,2024-01-24,79.7,4,197,42,24,36,4,3.23,63.24,0,workday,22:51,07:11,25-34,hybrid,0,1
user_103,2024-01-25,57.51,3,186,16,3,22,9,1.57,79.59,1,workday,22:16,06:57,25-34,hybrid,0,1
user_103,2024-01-26,43.78,2,145,38,10,27,29,3.51,47.69,1,workday,23:39,06:24,25-34,hybrid,0,1
user_103,2024-01-27,64.48,3,212,12,6,25,5,3.76,77.02,0,weekend,00:06,08:22,25-34,hybrid,0,1
user_103,2024-01-28,50.55,3,215,21,14,15,0,4.85,61.41,0,weekend,23:27,07:48,25-34,hybrid,0,1
user_104,2024-01-01,28.62,2,180,21,15,18,21,3.25,70.19,1,workday,22:26,06:30,55+,hybrid,1,0
user_104,2024-01-02,49.82,2,252,60,5,29,29,6.03,36.17,0,workday,22:54,07:12,55+,hybrid,1,0
user_104,2024-01-03,33.99,2,235,31,19,31,7,5.2,51.22,1,workday,22:32,06:30,55+,hybrid,1,0
user_104,2024-01-04,23.56,1,224,51,31,45,23,7.53,59.74,0,workday,23:22,06:35,55+,hybrid,1,0
user_104,2024-01-05,52.17,3,188,58,16,36,16,4.21,64.7,0,workday,00:16,07:51,55+,hybrid,1,0
user_104,2024-01-06,0.0,1,285,42,33,38,21,6.21,51.52,1,weekend,23:55,08:20,55+,hybrid,1,0
user_104,2024-01-07,36.18,2,177,18,2,20,13,3.98,52.6,0,weekend,23:47,07:13,55+,hybrid,1,0
user_104,2024-01-08,2.64,1,165,27,25,18,18,6.57,44.62,1,workday,23:39,06:36,55+,hybrid,1,0
user_104,2024-01-09,37.48,2,229,34,24,19,22,3.42,85.3,0,workday,22:02,07:16,55+,hybrid,1,0
user_104,2024-01-10,58.55,3,191,38,34,30,16,3.73,57.06,0,workday,23:18,06:36,55+,hybrid,1,0
user_104,2024-01-11,52.57,3,147,24,12,12,16,5.58,69.61,1,workday,23:17,06:53,55+,hybrid,1,0
user_104,2024-01-12,47.12,2,262,53,16,36,21,3.89,61.84,0,workday,22:39,07:16,55+,hybrid,1,0
user_104,2024-01-13,35.1,2,240,41,25,16,13,2.58,77.66,0,weekend,23:57,07:39,55+,hybrid,1,0
user_104,2024-01-14,19.02,1,260,43,31,15,27,3.82,43.03,0,weekend,23:24,07:59,55+,hybrid,1,0
user_104,2024-01-15,29.48,2,230,60,26,39,20,6.63,56.51,1,workday,23:31,07:53,55+,hybrid,1,0
user_104,2024-01-16,70.53,3,179,19,6,9,4,2.8,74.29,0,workday,22:50,06:27,55+,hybrid,1,0
user_104,2024-01-17,58.83,3,230,56,12,42,15,3.6,52.95,0,workday,22:49,07:18,55+,hybrid,1,0
user_104,2024-01-18,27.02,2,207,20,11,30,24,5.42,58.72,0,workday,23:19,06:32,55+,hybrid,1,0
user_104,2024-01-19,14.15,1,271,58,39,41,25,6.98,42.44,1,workday,23:44,06:51,55+,hybrid,1,0
user_104,2024-01-20,49.17,2,182,40,30,37,22,5.25,72.81,0,weekend,23:36,07:54,55+,hybrid,1,0
user_104,2024-01-21,31.51,2,199,35,14,12,26,4.74,64.79,0,weekend,00:02,07:59,55+,hybrid,1,0
user_104,2024-01-22,42.89,2,188,38,18,29,10,5.07,58.93,0,workday,22:58,07:12,55+,hybrid,1,0
user_104,2024-01-23,11.02,1,158,38,23,17,27,4.17,47.09,1,workday,22:01,07:49,55+,hybrid,1,0
user_104,2024-01-24,20.88,1,185,57,35,45,24,7.89,42.07,1,workday,22:15,06:24,55+,hybrid,1,0
user_104,2024-01-25,24.38,1,162,33,23,21,18,5.7,53.35,1,workday,22:04,06:41,55+,hybrid,1,0
user_104,2024-01-26,41.19,2,184,41,24,21,18,3.61,66.98,0,workday,23:40,06:42,55+,hybrid,1,0
user_104,2024-01-27,22.76,1,269,55,30,42,24,6.09,66.62,0,weekend,23:03,08:16,55+,hybrid,1,0
user_104,2024-01-28,67.72,3,189,26,11,27,18,3.72,76.27,0,weekend,23:32,07:29,55+,hybrid,1,0
user_105,2024-01-01,61.79,3,204,29,14,20,19,3.76,52.62,0,workday,23:11,06:47,45-54,on_site,0,1
user_105,2024-01-02,56.2,3,182,48,37,33,13,9.01,30.03,0,workday,23:40,07:03,45-54,on_site,0,1
user_105,2024-01-03,48.85,2,142,20,12,14,9,4.21,56.13,1,workday,22:42,06:53,45-54,on_site,0,1
user_105,2024-01-04,28.63,2,186,41,30,22,13,1.51,71.79,1,workday,23:12,06:31,45-54,on_site,0,1
user_105,2024-01-05,68.04,3,163,33,7,25,6,4.22,62.0,0,workday,22:47,06:19,45-54,on_site,0,1
user_105,2024-01-06,69.98,3,109,31,8,18,13,0.0,76.45,0,weekend,23:41,07:46,45-54,on_site,0,1
user_105,2024-01-07,86.09,4,242,39,7,29,18,0.79,75.26,0,weekend,23:15,07:48,45-54,on_site,0,1
user_105,2024-01-08,34.64,2,216,50,29,30,24,7.55,47.23,1,workday,23:37,07:00,45-54,on_site,0,1
user_105,2024-01-09,86.4,4,237,32,14,16,26,2.37,73.51,0,workday,22:41,07:05,45-54,on_site,0,1
user_105,2024-01-10,100.0,4,157,3,3,8,13,0.96,85.08,0,workday,21:52,06:44,45-54,on_site,0,1
user_105,2024-01-11,45.91,2,216,46,34,39,11,4.06,59.8,1,workday,23:12,07:07,45-54,on_site,0,1
user_105,2024-01-12,90.88,4,169,10,9,4,5,3.93,68.71,0,workday,22:47,06:55,45-54,on_site,0,1
user_105,2024-01-13,82.8,4,236,40,8,26,14,6.07,31.88,0,weekend,23:25,07:15,45-54,on_site,0,1
user_105,2024-01-14,66.32,3,223,34,31,28,14,4.24,57.43,0,weekend,23:40,07:32,45-54,on_site,0,1
user_105,2024-01-15,69.3,3,204,55,14,25,17,4.87,50.37,0,workday,22:56,06:26,45-54,on_site,0,1
user_105,2024-01-16,49.49,2,131,28,13,35,12,5.98,34.69,1,workday,23:13,07:21,45-54,on_site,0,1
user_105,2024-01-17,40.17,2,149,42,28,28,18,6.96,58.85,1,workday,22:45,06:59,45-54,on_site,0,1
user_105,2024-01-18,40.37,2,169,34,16,39,13,10.0,46.11,0,workday,23:17,06:33,45-54,on_site,0,1
user_105,2024-01-19,25.14,2,300,60,43,43,21,5.29,60.8,0,workday,00:07,06:57,45-54,on_site,0,1
user_105,2024-01-20,54.24,3,216,29,27,25,15,6.34,60.47,0,weekend,23:41,07:43,45-54,on_site,0,1
user_105,2024-01-21,91.68,4,170,35,8,22,25,4.53,45.18,0,weekend,23:10,08:02,45-54,on_site,0,1
user_105,2024-01-22,85.11,4,186,34,7,31,5,2.75,51.25,0,workday,22:53,06:38,45-54,on_site,0,1
user_105,2024-01-23,64.74,3,144,34,13,21,18,4.49,58.22,0,workday,22:46,06:47,45-54,on_site,0,1
user_105,2024-01-24,38.64,2,203,36,22,28,17,5.85,45.33,1,workday,21:58,06:37,45-54,on_site,0,1
user_105,2024-01-25,37.16,2,151,45,27,23,22,7.94,28.27,0,workday,22:51,07:23,45-54,on_site,0,1
user_105,2024-01-26,75.69,4,178,34,19,26,21,5.9,68.72,1,workday,21:48,07:24,45-54,on_site,0,1
user_105,2024-01-27,88.39,4,135,20,8,6,13,0.0,79.55,0,weekend,23:30,08:20,45-54,on_site,0,1
user_105,2024-01-28,40.65,2,241,43,23,27,18,8.26,50.07,0,weekend,22:57,07:19,45-54,on_site,0,1
user_106,2024-01-01,34.33,2,185,52,31,41,24,4.33,67.83,0,workday,22:47,07:33,35-44,hybrid,1,0
user_106,2024-01-02,43.1,2,178,28,12,18,16,4.33,48.9,1,workday,22:49,08:09,35-44,hybrid,1,0
user_106,2024-01-03,62.41,3,233,32,8,11,19,5.81,49.65,0,workday,00:08,07:39,35-44,hybrid,1,0
user_106,2024-01-04,60.16,3,221,35,6,34,21,4.4,60.51,0,workday,23:02,07:08,35-44,hybrid,1,0
user_106,2024-01-05,65.69,3,181,40,19,29,21,6.25,53.38,0,workday,23:24,07:37,35-44,hybrid,1,0
user_106,2024-01-06,73.08,3,220,35,27,25,17,5.15,51.8,1,weekend,00:22,07:19,35-44,hybrid,1,0
user_106,2024-01-07,55.86,3,195,47,30,21,7,2.94,67.31,0,weekend,23:25,07:12,35-44,hybrid,1,0
user_106,2024-01-08,46.29,2,241,46,42,31,17,4.43,48.69,0,workday,22:41,06:56,35-44,hybrid,1,0
user_106,2024-01-09,51.42,3,200,31,21,14,9,3.43,65.3,1,workday,23:03,06:35,35-44,hybrid,1,0
user_106,2024-01-10,69.55,3,165,36,14,16,21,1.88,83.84,0,workday,22:55,06:58,35-44,hybrid,1,0
user_106,2024-01-11,17.65,1,286,50,4,34,20,6.43,57.39,1,workday,22:46,07:24,35-44,hybrid,1,0
user_106,2024-01-12,29.94,2,300,42,17,39,24,5.33,46.27,0,workday,23:26,06:47,35-44,hybrid,1,0
user_106,2024-01-13,29.8,2,184,48,26,25,24,2.98,66.19,0,weekend,23:00,07:42,35-44,hybrid,1,0
user_106,2024-01-14,58.39,3,187,30,17,23,16,4.14,65.62,0,weekend,23:19,07:16,35-44,hybrid,1,0
user_106,2024-01-15,50.97,3,279,48,24,31,23,7.19,47.7,0,workday,23:50,06:39,35-44,hybrid,1,0
user_106,2024-01-16,24.3,1,233,60,7,33,30,5.35,54.14,0,workday,23:50,06:19,35-44,hybrid,1,0
user_106,2024-01-17,30.52,2,178,26,1,20,17,3.45,53.86,1,workday,22:09,07:21,35-44,hybrid,1,0
user_106,2024-01-18,69.44,3,230,45,22,23,21,4.75,68.42,0,workday,23:19,07:10,35-44,hybrid,1,0
user_106,2024-01-19,59.74,3,194,33,21,12,11,2.78,59.71,0,workday,22:33,07:13,35-44,hybrid,1,0
user_106,2024-01-20,30.53,2,260,40,13,25,30,6.09,46.06,0,weekend,23:04,07:23,35-44,hybrid,1,0
user_106,2024-01-21,57.74,3,158,27,3,26,19,2.41,69.0,0,weekend,22:50,07:34,35-44,hybrid,1,0
user_106,2024-01-22,32.66,2,214,37,30,32,23,5.22,59.68,1,workday,22:51,07:41,35-44,hybrid,1,0
user_106,2024-01-23,39.01,2,183,54,25,27,26,4.72,47.28,0,workday,22:53,07:21,35-44,hybrid,1,0
user_106,2024-01-24,62.51,3,237,21,8,19,6,3.36,59.5,0,workday,22:55,07:14,35-44,hybrid,1,0
user_106,2024-01-25,18.81,1,230,52,26,38,18,4.36,59.77,1,workday,22:53,07:03,35-44,hybrid,1,0
user_106,2024-01-26,12.63,1,283,47,47,20,29,5.85,27.13,1,workday,23:06,06:39,35-44,hybrid,1,0
user_106,2024-01-27,41.74,2,250,42,21,35,20,5.16,65.08,0,weekend,22:57,07:31,35-44,hybrid,1,0
user_106,2024-01-28,63.3,3,240,32,26,26,20,4.05,53.6,0,weekend,23:28,08:24,35-44,hybrid,1,0
user_107,2024-01-01,40.66,2,175,47,25,18,19,5.73,49.37,0,workday,22:39,06:58,25-34,hybrid,0,1
user_107,2024-01-02,26.78,2,204,35,14,22,18,7.96,35.12,1,workday,22:01,07:20,25-34,hybrid,0,1
user_107,2024-01-03,57.32,3,215,48,10,35,22,3.67,73.95,0,workday,23:04,06:55,25-34,hybrid,0,1
user_107,2024-01-04,35.09,2,225,43,20,26,20,9.9,56.59,0,workday,23:17,07:07,25-34,hybrid,0,1
user_107,2024-01-05,32.62,2,200,33,24,42,13,4.42,71.28,0,workday,23:00,07:32,25-34,hybrid,0,1
user_107,2024-01-06,10.06,1,281,54,47,42,28,6.63,73.58,0,weekend,00:53,07:53,25-34,hybrid,0,1
user_107,2024-01-07,53.62,3,189,24,4,23,9,1.68,63.7,0,weekend,23:03,08:26,25-34,hybrid,0,1
user_107,2024-01-08,9.51,1,204,60,54,28,20,8.0,56.38,0,workday,23:45,06:09,25-34,hybrid,0,1
user_107,2024-01-09,16.77,1,191,34,18,15,18,3.09,64.12,1,workday,21:54,06:45,25-34,hybrid,0,1
user_107,2024-01-10,21.5,1,210,50,18,33,30,5.94,66.76,1,workday,23:00,06:39,25-34,hybrid,0,1
user_107,2024-01-11,27.6,2,244,37,16,21,7,6.63,51.81,0,workday,22:29,07:06,25-34,hybrid,0,1
user_107,2024-01-12,52.42,3,257,20,12,16,17,2.53,79.97,0,workday,23:36,07:11,25-34,hybrid,0,1
user_107,2024-01-13,13.63,1,206,60,24,24,19,6.26,50.24,0,weekend,23:48,06:48,25-34,hybrid,0,1
user_107,2024-01-14,40.93,2,207,52,14,31,23,4.55,72.78,0,weekend,23:25,07:24,25-34,hybrid,0,1
user_107,2024-01-15,40.77,2,236,32,20,7,18,3.36,58.9,0,workday,23:14,07:33,25-34,hybrid,0,1
user_107,2024-01-16,48.26,2,206,22,12,35,18,7.79,69.83,0,workday,22:52,07:07,25-34,hybrid,0,1
user_107,2024-01-17,58.16,3,211,60,33,24,30,5.45,47.69,0,workday,23:32,07:29,25-34,hybrid,0,1
user_107,2024-01-18,16.79,1,202,33,13,23,13,5.79,34.6,0,workday,23:02,07:38,25-34,hybrid,0,1
user_107,2024-01-19,24.59,1,157,43,14,15,22,5.4,58.01,1,workday,23:25,06:40,25-34,hybrid,0,1
user_107,2024-01-20,0.0,1,263,49,15,31,12,5.96,40.94,1,weekend,23:06,07:07,25-34,hybrid,0,1
user_107,2024-01-21,18.5,1,187,45,14,29,23,0.81,47.96,0,weekend,23:12,07:16,25-34,hybrid,0,1
user_107,2024-01-22,0.0,1,263,38,19,37,24,10.0,48.44,0,workday,23:42,06:43,25-34,hybrid,0,1
user_107,2024-01-23,26.33,2,210,33,15,6,19,3.97,43.41,0,workday,23:00,07:07,25-34,hybrid,0,1
user_107,2024-01-24,31.01,2,233,59,36,31,26,4.82,64.81,0,workday,22:13,06:08,25-34,hybrid,0,1
user_107,2024-01-25,31.69,2,252,60,22,38,23,6.77,41.01,0,workday,22:19,07:38,25-34,hybrid,0,1
user_107,2024-01-26,45.56,2,155,19,8,12,13,5.1,56.16,0,workday,22:52,06:40,25-34,hybrid,0,1
user_107,2024-01-27,38.08,2,242,60,42,42,19,3.8,66.15,0,weekend,23:46,08:11,25-34,hybrid,0,1
user_107,2024-01-28,53.07,3,177,39,6,24,16,4.78,59.67,0,weekend,22:46,08:36,25-34,hybrid,0,1
user_108,2024-01-01,44.63,2,222,35,12,23,14,4.83,49.04,1,workday,22:14,07:25,25-34,hybrid,0,0
user_108,2024-01-02,37.64,2,175,50,13,33,16,4.54,65.21,1,workday,22:50,06:27,25-34,hybrid,0,0
user_108,2024-01-03,39.27,2,223,42,4,36,14,6.58,53.89,0,workday,22:55,06:52,25-34,hybrid,0,0
user_108,2024-01-04,15.14,1,220,53,31,30,28,5.52,44.8,0,workday,23:00,06:30,25-34,hybrid,0,0
user_108,2024-01-05,67.47,3,230,41,11,39,15,4.31,61.2,0,workday,22:29,07:29,25-34,hybrid,0,0
user_108,2024-01-06,78.23,4,189,25,18,21,18,0.61,63.63,0,weekend,23:39,08:03,25-34,hybrid,0,0
user_108,2024-01-07,58.08,3,239,41,28,26,22,5.96,74.66,1,weekend,23:44,07:10,25-34,hybrid,0,0
user_108,2024-01-08,38.88,2,215,47,31,41,20,5.63,57.83,1,workday,23:36,07:27,25-34,hybrid,0,0
user_108,2024-01-09,60.06,3,200,25,10,18,14,3.27,58.14,0,workday,23:25,07:09,25-34,hybrid,0,0
user_108,2024-01-10,38.3,2,226,55,22,37,15,5.9,68.3,1,workday,22:37,06:38,25-34,hybrid,0,0
user_108,2024-01-11,60.27,3,179,19,5,18,11,3.75,73.64,1,workday,21:42,06:59,25-34,hybrid,0,0
user_108,2024-01-12,42.56,2,153,36,31,23,27,6.51,67.08,1,workday,22:06,06:39,25-34,hybrid,0,0
user_108,2024-01-13,34.35,2,206,31,14,30,15,3.75,54.57,0,weekend,00:21,08:27,25-34,hybrid,0,0
user_108,2024-01-14,41.83,2,216,41,24,27,20,6.23,68.49,0,weekend,22:28,08:10,25-34,hybrid,0,0
user_108,2024-01-15,59.73,3,203,49,32,30,16,3.99,55.93,0,workday,23:07,06:45,25-34,hybrid,0,0
user_108,2024-01-16,59.18,3,207,49,0,25,27,3.21,63.06,0,workday,23:57,06:57,25-34,hybrid,0,0
user_108,2024-01-17,78.99,4,154,23,6,19,10,2.62,54.79,0,workday,22:42,06:58,25-34,hybrid,0,0
user_108,2024-01-18,30.41,2,206,52,26,50,16,7.09,43.62,0,workday,22:54,07:13,25-34,hybrid,0,0
user_108,2024-01-19,75.1,4,235,41,28,33,11,1.08,68.45,0,workday,23:38,07:10,25-34,hybrid,0,0
user_108,2024-01-20,59.8,3,190,39,18,22,21,3.1,62.08,0,weekend,23:42,07:58,25-34,hybrid,0,0
user_108,2024-01-21,61.9,3,233,47,25,33,16,3.61,57.19,0,weekend,23:34,07:39,25-34,hybrid,0,0
user_108,2024-01-22,35.34,2,200,28,18,18,11,5.69,54.12,1,workday,22:16,06:56,25-34,hybrid,0,0
user_108,2024-01-23,57.39,3,210,42,29,23,11,2.96,55.25,0,workday,23:00,06:44,25-34,hybrid,0,0
user_108,2024-01-24,35.95,2,207,41,25,34,13,4.27,72.47,1,workday,23:06,07:10,25-34,hybrid,0,0
user_108,2024-01-25,61.15,3,186,51,37,25,23,2.5,64.74,0,workday,22:35,06:35,25-34,hybrid,0,0
user_108,2024-01-26,45.18,2,228,47,17,32,16,4.94,58.77,0,workday,23:01,07:01,25-34,hybrid,0,0
user_108,2024-01-27,44.43,2,182,39,28,32,19,6.15,61.08,0,weekend,23:39,07:48,25-34,hybrid,0,0
user_108,2024-01-28,50.27,3,194,44,12,22,16,4.86,66.85,1,weekend,23:58,07:46,25-34,hybrid,0,0
user_109,2024-01-01,33.57,2,232,38,10,28,18,8.56,41.45,1,workday,23:17,06:47,18-24,remote,0,0
user_109,2024-01-02,18.08,1,201,53,26,35,16,5.4,64.19,1,workday,21:51,06:38,18-24,remote,0,0
user_109,2024-01-03,49.39,2,191,31,18,12,11,6.86,52.02,0,workday,22:29,07:03,18-24,remote,0,0
user_109,2024-01-04,44.7,2,214,60,24,40,30,7.32,46.08,0,workday,23:04,07:50,18-24,remote,0,0
user_109,2024-01-05,84.22,4,201,41,7,29,25,3.43,59.81,0,workday,22:41,07:48,18-24,remote,0,0
user_109,2024-01-06,51.17,3,265,23,10,15,7,3.73,58.72,0,weekend,21:47,07:31,18-24,remote,0,0
user_109,2024-01-07,65.98,3,276,43,25,18,24,5.14,78.55,1,weekend,23:47,07:48,18-24,remote,0,0
user_109,2024-01-08,37.82,2,219,42,17,29,18,1.68,85.64,1,workday,22:17,06:39,18-24,remote,0,0
user_109,2024-01-09,50.97,3,194,47,23,32,19,2.91,61.54,0,workday,23:07,06:06,18-24,remote,0,0
user_109,2024-01-10,55.64,3,237,39,6,12,17,2.69,71.22,0,workday,22:17,07:15,18-24,remote,0,0
user_109,2024-01-11,3.43,1,187,37,22,25,16,5.69,60.66,1,workday,22:09,07:27,18-24,remote,0,0
user_109,2024-01-12,63.54,3,229,41,22,28,15,6.76,79.38,0,workday,00:20,07:23,18-24,remote,0,0
user_109,2024-01-13,50.92,3,241,45,14,16,24,4.0,52.91,0,weekend,23:00,08:13,18-24,remote,0,0
user_109,2024-01-14,45.76,2,253,35,34,27,21,4.18,47.4,0,weekend,00:25,07:18,18-24,remote,0,0
user_109,2024-01-15,33.6,2,223,36,10,18,20,4.75,56.28,1,workday,21:35,07:08,18-24,remote,0,0
user_109,2024-01-16,54.8,3,227,36,24,31,14,5.26,50.5,0,workday,23:15,08:02,18-24,remote,0,0
user_109,2024-01-17,51.17,3,254,38,22,28,20,5.3,54.36,0,workday,22:20,07:07,18-24,remote,0,0
user_109,2024-01-18,35.23,2,247,54,29,44,14,6.87,52.27,0,workday,23:02,06:36,18-24,remote,0,0
user_109,2024-01-19,31.96,2,259,51,35,37,8,3.55,53.55,1,workday,23:32,06:51,18-24,remote,0,0
user_109,2024-01-20,72.49,3,256,55,42,29,26,1.46,68.07,0,weekend,23:23,07:35,18-24,remote,0,0
user_109,2024-01-21,63.53,3,246,39,17,31,23,4.25,48.9,0,weekend,00:10,07:42,18-24,remote,0,0
user_109,2024-01-22,29.42,2,261,55,27,19,22,3.57,59.8,1,workday,23:27,06:37,18-24,remote,0,0
user_109,2024-01-23,54.41,3,300,49,28,16,21,6.15,59.44,0,workday,23:38,06:25,18-24,remote,0,0
user_109,2024-01-24,52.67,3,232,46,33,26,19,5.98,66.1,1,workday,22:52,07:24,18-24,remote,0,0
user_109,2024-01-25,36.55,2,198,31,14,18,8,1.26,37.02,0,workday,23:07,07:41,18-24,remote,0,0
user_109,2024-01-26,22.6,1,242,43,28,19,17,2.55,63.64,1,workday,22:28,07:11,18-24,remote,0,0
user_109,2024-01-27,49.07,2,253,29,18,15,18,2.87,70.88,0,weekend,22:02,07:51,18-24,remote,0,0
user_109,2024-01-28,46.32,2,189,42,15,10,19,3.24,72.91,0,weekend,23:06,07:39,18-24,remote,0,0
user_110,2024-01-01,72.5,3,198,47,26,26,21,7.44,40.15,0,workday,00:07,07:23,45-54,remote,0,0
user_110,2024-01-02,58.91,3,250,60,28,31,23,8.96,50.62,0,workday,23:09,07:28,45-54,remote,0,0
user_110,2024-01-03,61.96,3,217,52,4,25,29,5.6,73.2,1,workday,22:56,06:38,45-54,remote,0,0
user_110,2024-01-04,91.75,4,262,41,15,30,11,7.7,39.37,0,workday,22:40,07:23,45-54,remote,0,0
user_110,2024-01-05,69.63,3,201,60,15,35,24,5.19,67.01,0,workday,23:42,07:11,45-54,remote,0,0
user_110,2024-01-06,55.33,3,253,44,26,25,22,5.21,47.14,1,weekend,22:51,08:04,45-54,remote,0,0
user_110,2024-01-07,81.75,4,185,29,3,26,20,5.51,48.66,0,weekend,22:50,08:11,45-54,remote,0,0
user_110,2024-01-08,96.5,4,295,60,50,38,22,6.25,48.86,0,workday,23:57,07:10,45-54,remote,0,0
user_110,2024-01-09,31.75,2,213,53,12,37,17,6.68,43.26,1,workday,22:22,06:43,45-54,remote,0,0
user_110,2024-01-10,82.85,4,219,23,21,13,15,3.29,60.64,0,workday,22:39,07:41,45-54,remote,0,0
user_110,2024-01-11,51.89,3,209,36,5,38,21,6.34,51.89,0,workday,22:50,06:18,45-54,remote,0,0
user_110,2024-01-12,49.45,2,231,35,19,39,12,8.2,24.8,1,workday,23:22,06:57,45-54,remote,0,0
user_110,2024-01-13,59.45,3,268,35,7,31,15,4.81,36.38,1,weekend,23:38,07:44,45-54,remote,0,0
user_110,2024-01-14,100.0,4,192,52,19,25,26,4.95,64.9,0,weekend,22:20,07:32,45-54,remote,0,0
user_110,2024-01-15,90.51,4,270,41,8,22,23,3.49,52.99,0,workday,23:25,06:58,45-54,remote,0,0
user_110,2024-01-16,79.94,4,203,58,36,44,21,5.8,59.44,0,workday,22:59,07:21,45-54,remote,0,0
user_110,2024-01-17,98.62,4,209,19,11,12,9,5.49,51.91,0,workday,22:23,06:40,45-54,remote,0,0
user_110,2024-01-18,75.88,4,218,26,25,17,10,3.48,62.29,0,workday,23:59,07:04,45-54,remote,0,0
user_110,2024-01-19,51.3,3,173,36,13,15,23,5.97,37.58,1,workday,23:09,06:50,45-54,remote,0,0
user_110,2024-01-20,100.0,4,254,38,10,26,16,4.94,62.0,0,weekend,00:08,07:54,45-54,remote,0,0
user_110,2024-01-21,58.62,3,230,48,15,40,24,5.69,50.82,1,weekend,23:42,08:09,45-54,remote,0,0
user_110,2024-01-22,86.44,4,201,43,10,20,21,6.91,57.27,1,workday,22:54,07:08,45-54,remote,0,0
user_110,2024-01-23,89.04,4,258,30,3,4,11,5.98,74.81,1,workday,23:28,06:30,45-54,remote,0,0
user_110,2024-01-24,75.15,4,275,49,14,14,23,5.19,55.73,1,workday,22:15,06:18,45-54,remote,0,0
user_110,2024-01-25,37.47,2,247,52,9,42,23,7.3,49.98,1,workday,23:29,07:08,45-54,remote,0,0
user_110,2024-01-26,94.01,4,207,34,21,21,23,3.06,79.61,0,workday,22:29,06:24,45-54,remote,0,0
user_110,2024-01-27,46.34,2,255,51,18,29,30,3.43,60.72,1,weekend,23:19,07:04,45-54,remote,0,0
user_110,2024-01-28,61.31,3,220,46,23,31,13,4.66,44.21,0,weekend,23:19,07:14,45-54,remote,0,0
user_111,2024-01-01,62.0,3,195,30,13,27,5,7.27,55.22,1,workday,23:17,07:06,25-34,hybrid,1,0
user_111,2024-01-02,34.53,2,218,36,22,28,20,4.85,56.67,0,workday,23:12,06:44,25-34,hybrid,1,0
user_111,2024-01-03,70.29,3,224,51,14,40,19,4.45,69.55,0,workday,23:10,06:42,25-34,hybrid,1,0
user_111,2024-01-04,88.77,4,205,23,10,17,9,3.87,72.97,0,workday,22:54,06:53,25-34,hybrid,1,0
user_111,2024-01-05,51.61,3,187,23,4,2,15,3.54,68.03,0,workday,22:36,07:02,25-34,hybrid,1,0
user_111,2024-01-06,50.56,3,299,60,37,27,22,9.55,46.4,0,weekend,23:33,07:17,25-34,hybrid,1,0
user_111,2024-01-07,57.6,3,284,49,31,31,15,3.4,34.61,0,weekend,23:48,07:37,25-34,hybrid,1,0
user_111,2024-01-08,74.5,3,205,37,26,27,15,4.79,39.12,1,workday,22:34,07:11,25-34,hybrid,1,0
user_111,2024-01-09,57.24,3,200,32,10,23,14,4.94,74.59,1,workday,22:45,07:02,25-34,hybrid,1,0
user_111,2024-01-10,58.99,3,247,50,16,33,29,5.19,74.37,1,workday,22:55,07:03,25-34,hybrid,1,0
user_111,2024-01-11,58.33,3,249,60,26,42,28,4.37,63.12,0,workday,22:49,06:46,25-34,hybrid,1,0
user_111,2024-01-12,45.59,2,222,41,27,27,18,3.4,71.23,1,workday,22:41,06:36,25-34,hybrid,1,0
user_111,2024-01-13,56.63,3,222,50,14,40,20,4.94,50.11,0,weekend,23:50,07:34,25-34,hybrid,1,0
user_111,2024-01-14,65.16,3,152,32,7,25,6,3.56,62.37,0,weekend,23:32,07:26,25-34,hybrid,1,0
user_111,2024-01-15,66.39,3,172,23,13,25,17,1.76,74.33,0,workday,22:37,07:32,25-34,hybrid,1,0
user_111,2024-01-16,74.81,3,227,47,18,27,22,6.02,54.29,0,workday,23:44,06:58,25-34,hybrid,1,0
user_111,2024-01-17,61.4,3,218,28,5,17,7,3.68,53.41,1,workday,23:13,06:59,25-34,hybrid,1,0
user_111,2024-01-18,60.82,3,209,45,13,35,23,4.95,65.06,1,workday,23:11,07:09,25-34,hybrid,1,0
user_111,2024-01-19,43.27,2,298,57,10,25,23,6.77,54.84,1,workday,22:50,07:25,25-34,hybrid,1,0
user_111,2024-01-20,43.24,2,272,51,27,24,17,3.54,48.62,1,weekend,23:42,07:37,25-34,hybrid,1,0
user_111,2024-01-21,47.88,2,257,52,24,42,25,5.35,47.66,0,weekend,23:41,08:13,25-34,hybrid,1,0
user_111,2024-01-22,53.5,3,285,45,19,21,26,2.65,61.24,1,workday,23:12,07:49,25-34,hybrid,1,0
user_111,2024-01-23,47.72,2,202,60,41,48,30,6.65,47.07,1,workday,23:36,06:58,25-34,hybrid,1,0
user_111,2024-01-24,49.44,2,270,46,46,33,30,7.92,42.17,0,workday,23:09,06:57,25-34,hybrid,1,0
user_111,2024-01-25,62.66,3,218,50,44,28,25,5.93,53.38,0,workday,23:04,06:54,25-34,hybrid,1,0
user_111,2024-01-26,52.36,3,207,32,21,24,12,5.61,54.65,0,workday,22:59,06:16,25-34,hybrid,1,0
user_111,2024-01-27,41.54,2,220,48,21,32,18,7.27,53.74,0,weekend,23:09,07:23,25-34,hybrid,1,0
user_111,2024-01-28,73.89,3,171,30,10,22,19,3.48,63.01,0,weekend,23:42,08:06,25-34,hybrid,1,0
user_112,2024-01-01,18.55,1,300,40,23,22,30,8.87,65.49,0,workday,22:13,06:31,18-24,hybrid,0,0
user_112,2024-01-02,48.27,2,225,56,19,32,25,7.32,55.34,0,workday,23:11,06:58,18-24,hybrid,0,0
user_112,2024-01-03,91.19,4,205,44,24,22,23,5.03,71.95,0,workday,22:24,06:57,18-24,hybrid,0,0
user_112,2024-01-04,46.76,2,180,9,9,14,11,5.55,67.67,0,workday,22:00,07:14,18-24,hybrid,0,0
user_112,2024-01-05,31.92,2,179,40,26,23,17,7.96,42.72,1,workday,23:12,06:46,18-24,hybrid,0,0
user_112,2024-01-06,55.8,3,230,45,16,40,17,4.72,56.89,0,weekend,00:09,07:32,18-24,hybrid,0,0
user_112,2024-01-07,57.91,3,206,44,19,23,30,0.47,60.41,0,weekend,23:28,07:46,18-24,hybrid,0,0
user_112,2024-01-08,57.03,3,183,35,13,28,13,3.6,66.1,0,workday,22:55,07:26,18-24,hybrid,0,0
user_112,2024-01-09,46.75,2,157,22,10,12,23,4.76,40.24,0,workday,21:42,07:07,18-24,hybrid,0,0
user_112,2024-01-10,49.76,2,227,52,47,37,22,6.31,64.59,1,workday,23:08,06:28,18-24,hybrid,0,0
user_112,2024-01-11,47.44,2,192,49,7,38,25,7.66,42.52,0,workday,22:37,07:13,18-24,hybrid,0,0
user_112,2024-01-12,69.41,3,252,44,24,31,11,4.1,70.38,0,workday,23:03,07:13,18-24,hybrid,0,0
user_112,2024-01-13,40.71,2,199,53,36,26,21,5.13,62.26,1,weekend,22:42,07:28,18-24,hybrid,0,0
user_112,2024-01-14,22.8,1,255,43,19,33,23,3.62,32.74,0,weekend,23:02,07:49,18-24,hybrid,0,0
user_112,2024-01-15,54.44,3,206,47,23,12,23,4.48,64.98,0,workday,23:08,06:28,18-24,hybrid,0,0
user_112,2024-01-16,65.3,3,145,35,17,33,21,0.42,61.82,0,workday,23:27,06:43,18-24,hybrid,0,0
user_112,2024-01-17,53.69,3,204,57,26,37,24,4.95,61.22,0,workday,22:32,06:52,18-24,hybrid,0,0
user_112,2024-01-18,33.19,2,249,22,0,17,12,3.63,52.92,0,workday,23:12,06:24,18-24,hybrid,0,0
user_112,2024-01-19,42.2,2,258,31,18,33,12,6.15,43.72,0,workday,22:30,05:43,18-24,hybrid,0,0
user_112,2024-01-20,52.29,3,210,48,23,23,24,5.55,43.9,0,weekend,23:28,07:44,18-24,hybrid,0,0
user_112,2024-01-21,57.66,3,271,51,23,34,18,3.57,49.32,0,weekend,00:03,07:37,18-24,hybrid,0,0
user_112,2024-01-22,34.14,2,177,30,23,30,26,6.4,48.92,0,workday,22:30,07:21,18-24,hybrid,0,0
user_112,2024-01-23,33.13,2,235,47,21,31,26,9.08,43.02,1,workday,22:19,07:20,18-24,hybrid,0,0
user_112,2024-01-24,11.94,1,226,58,38,39,13,8.95,48.38,0,workday,23:38,07:25,18-24,hybrid,0,0
user_112,2024-01-25,26.95,2,245,37,25,32,15,6.29,43.64,0,workday,22:47,07:13,18-24,hybrid,0,0
user_112,2024-01-26,54.53,3,222,46,10,17,14,6.29,53.18,0,workday,23:24,06:49,18-24,hybrid,0,0
user_112,2024-01-27,60.96,3,200,41,14,33,17,2.96,74.13,0,weekend,23:19,07:52,18-24,hybrid,0,0
user_112,2024-01-28,36.05,2,191,43,15,20,23,4.41,44.88,1,weekend,23:24,08:10,18-24,hybrid,0,0
user_113,2024-01-01,38.77,2,230,57,25,39,19,6.17,86.73,1,workday,22:05,07:10,25-34,remote,0,1
user_113,2024-01-02,15.47,1,293,55,11,36,21,10.0,52.1,0,workday,00:03,06:38,25-34,remote,0,1
user_113,2024-01-03,43.57,2,209,45,14,28,19,5.74,52.45,1,workday,22:57,06:54,25-34,remote,0,1
user_113,2024-01-04,89.57,4,199,20,16,27,5,4.88,61.81,0,workday,23:01,07:16,25-34,remote,0,1
user_113,2024-01-05,61.3,3,227,7,6,1,6,2.73,52.76,0,workday,23:23,05:58,25-34,remote,0,1
user_113,2024-01-06,64.31,3,175,20,14,14,7,2.67,74.72,0,weekend,23:18,07:25,25-34,remote,0,1
user_113,2024-01-07,49.89,2,298,56,20,33,20,5.65,51.42,0,weekend,22:55,07:48,25-34,remote,0,1
user_113,2024-01-08,0.0,1,292,59,28,34,27,8.41,39.2,1,workday,23:38,07:12,25-34,remote,0,1
user_113,2024-01-09,45.7,2,217,38,13,27,16,4.19,60.08,0,workday,23:36,07:01,25-34,remote,0,1
user_113,2024-01-10,20.86,1,282,58,16,36,27,5.86,64.64,1,workday,23:05,06:50,25-34,remote,0,1
user_113,2024-01-11,68.67,3,212,36,17,21,17,5.91,48.88,0,workday,23:27,07:28,25-34,remote,0,1
user_113,2024-01-12,60.63,3,127,33,9,37,8,4.69,72.13,1,workday,22:17,07:11,25-34,remote,0,1
user_113,2024-01-13,44.26,2,188,44,30,44,16,2.32,61.41,0,weekend,23:57,07:51,25-34,remote,0,1
user_113,2024-01-14,94.52,4,198,19,8,33,1,0.13,71.3,0,weekend,23:17,07:46,25-34,remote,0,1
user_113,2024-01-15,47.66,2,234,42,21,4,20,7.46,48.67,1,workday,23:15,07:42,25-34,remote,0,1
user_113,2024-01-16,64.07,3,193,30,7,22,12,2.56,74.89,1,workday,23:06,06:33,25-34,remote,0,1
user_113,2024-01-17,21.0,1,201,41,5,32,26,6.42,64.34,0,workday,23:12,07:11,25-34,remote,0,1
user_113,2024-01-18,77.35,4,265,30,15,23,14,3.74,75.29,0,workday,22:44,06:34,25-34,remote,0,1
user_113,2024-01-19,61.98,3,236,45,34,34,30,6.36,51.85,0,workday,23:41,06:39,25-34,remote,0,1
user_113,2024-01-20,68.47,3,245,54,31,19,26,4.44,48.45,0,weekend,00:39,07:41,25-34,remote,0,1
user_113,2024-01-21,81.59,4,267,45,24,31,20,3.16,85.51,0,weekend,00:06,07:45,25-34,remote,0,1
user_113,2024-01-22,87.89,4,223,38,28,36,15,2.74,56.05,0,workday,23:28,06:18,25-34,remote,0,1
user_113,2024-01-23,67.09,3,201,32,11,39,6,3.58,53.46,0,workday,22:53,06:22,25-34,remote,0,1
user_113,2024-01-24,57.43,3,240,39,18,25,22,5.04,62.63,0,workday,22:45,06:16,25-34,remote,0,1
user_113,2024-01-25,47.09,2,172,59,33,32,30,4.94,32.48,0,workday,23:21,06:50,25-34,remote,0,1
user_113,2024-01-26,71.82,3,173,26,20,35,16,2.38,71.59,0,workday,22:13,08:38,25-34,remote,0,1
user_113,2024-01-27,68.88,3,231,21,15,21,16,0.0,70.5,0,weekend,22:41,07:20,25-34,remote,0,1
user_113,2024-01-28,69.26,3,265,29,11,22,24,5.49,61.63,0,weekend,23:19,07:08,25-34,remote,0,1
user_114,2024-01-01,75.64,4,225,31,12,19,16,2.24,59.47,0,workday,23:18,06:24,35-44,remote,1,1
user_114,2024-01-02,0.0,1,254,60,48,38,26,8.31,26.47,0,workday,22:50,07:16,35-44,remote,1,1
user_114,2024-01-03,34.18,2,268,60,24,38,23,7.29,55.08,0,workday,23:03,07:36,35-44,remote,1,1
user_114,2024-01-04,43.31,2,222,48,41,39,16,5.05,75.4,0,workday,22:19,06:34,35-44,remote,1,1
user_114,2024-01-05,80.27,4,198,53,5,41,24,0.54,57.08,0,workday,23:09,06:30,35-44,remote,1,1
user_114,2024-01-06,46.36,2,270,38,15,28,16,9.94,40.7,0,weekend,23:38,07:17,35-44,remote,1,1
user_114,2024-01-07,45.3,2,241,43,15,24,7,2.83,66.35,0,weekend,22:48,07:26,35-44,remote,1,1
user_114,2024-01-08,70.07,3,231,43,25,33,9,3.72,62.42,1,workday,21:50,06:43,35-44,remote,1,1
user_114,2024-01-09,71.36,3,244,30,14,20,30,5.86,58.16,1,workday,23:14,07:08,35-44,remote,1,1
user_114,2024-01-10,0.0,1,300,57,38,42,30,8.28,38.58,1,workday,23:25,07:01,35-44,remote,1,1
user_114,2024-01-11,19.22,1,234,56,37,35,21,6.32,75.21,0,workday,22:32,07:43,35-44,remote,1,1
user_114,2024-01-12,78.05,4,200,23,15,19,0,5.12,54.26,0,workday,22:33,06:28,35-44,remote,1,1
user_114,2024-01-13,31.73,2,263,30,12,13,17,6.25,55.74,1,weekend,22:54,07:52,35-44,remote,1,1
user_114,2024-01-14,62.86,3,215,19,8,31,13,2.45,51.59,0,weekend,22:58,07:44,35-44,remote,1,1
user_114,2024-01-15,42.85,2,204,37,10,38,19,6.01,44.09,1,workday,22:59,07:21,35-44,remote,1,1
user_114,2024-01-16,66.96,3,181,14,9,16,0,3.4,75.24,0,workday,23:10,07:16,35-44,remote,1,1
user_114,2024-01-17,44.42,2,220,43,15,41,22,4.09,57.16,1,workday,23:12,07:58,35-44,remote,1,1
user_114,2024-01-18,35.8,2,234,57,27,37,22,5.66,35.88,0,workday,21:49,07:45,35-44,remote,1,1
user_114,2024-01-19,32.27,2,219,42,33,20,22,3.0,78.73,0,workday,23:13,07:25,35-44,remote,1,1
user_114,2024-01-20,44.92,2,253,47,29,26,25,4.48,61.34,0,weekend,23:29,07:02,35-44,remote,1,1
user_114,2024-01-21,68.15,3,275,60,15,38,23,6.23,58.41,0,weekend,00:19,08:23,35-44,remote,1,1
user_114,2024-01-22,41.25,2,237,38,2,22,15,3.12,70.33,1,workday,23:17,08:03,35-44,remote,1,1
user_114,2024-01-23,66.16,3,206,46,28,35,22,1.01,81.1,0,workday,22:56,07:07,35-44,remote,1,1
user_114,2024-01-24,55.91,3,276,37,13,14,11,3.77,59.98,0,workday,23:20,06:57,35-44,remote,1,1
user_114,2024-01-25,38.66,2,200,40,20,15,4,6.54,29.43,0,workday,23:03,07:10,35-44,remote,1,1
user_114,2024-01-26,61.71,3,242,60,6,35,29,5.56,62.05,0,workday,23:15,07:31,35-44,remote,1,1
user_114,2024-01-27,44.89,2,191,42,22,32,17,3.49,55.78,0,weekend,23:31,07:25,35-44,remote,1,1
user_114,2024-01-28,69.19,3,243,20,5,25,16,2.95,56.94,0,weekend,23:00,07:33,35-44,remote,1,1
user_115,2024-01-01,4.17,1,221,58,28,41,26,5.38,46.19,0,workday,22:55,06:52,18-24,remote,1,0
user_115,2024-01-02,20.97,1,220,45,21,35,17,6.76,61.29,1,workday,23:08,07:07,18-24,remote,1,0
user_115,2024-01-03,35.1,2,232,60,27,28,26,7.04,54.16,1,workday,23:08,06:37,18-24,remote,1,0
user_115,2024-01-04,61.04,3,223,28,12,21,10,4.65,57.27,0,workday,22:57,05:58,18-24,remote,1,0
user_115,2024-01-05,30.28,2,213,56,29,43,21,6.98,67.06,1,workday,23:18,07:07,18-24,remote,1,0
user_115,2024-01-06,41.84,2,204,41,24,36,26,7.18,64.0,0,weekend,23:39,07:30,18-24,remote,1,0
user_115,2024-01-07,34.36,2,290,47,32,28,23,4.69,54.78,0,weekend,00:26,07:44,18-24,remote,1,0
user_115,2024-01-08,65.65,3,184,38,14,18,14,4.15,52.6,1,workday,22:14,07:10,18-24,remote,1,0
user_115,2024-01-09,64.37,3,196,34,18,24,10,0.88,77.14,1,workday,22:08,07:06,18-24,remote,1,0
user_115,2024-01-10,16.84,1,256,46,37,28,23,5.66,59.1,1,workday,21:54,08:05,18-24,remote,1,0
user_115,2024-01-11,42.56,2,195,33,5,18,15,3.69,66.86,1,workday,22:44,07:10,18-24,remote,1,0
user_115,2024-01-12,49.43,2,293,48,25,35,18,3.84,70.92,0,workday,23:15,07:40,18-24,remote,1,0
user_115,2024-01-13,35.01,2,205,43,17,38,18,4.7,62.58,0,weekend,23:48,08:21,18-24,remote,1,0
user_115,2024-01-14,64.71,3,226,17,5,0,14,0.19,85.89,0,weekend,23:29,08:15,18-24,remote,1,0
user_115,2024-01-15,38.84,2,264,50,26,34,19,4.93,67.31,1,workday,23:00,07:58,18-24,remote,1,0
user_115,2024-01-16,32.52,2,237,51,17,31,16,6.89,45.09,1,workday,23:32,07:27,18-24,remote,1,0
user_115,2024-01-17,45.01,2,223,33,6,22,17,4.27,59.11,0,workday,22:49,06:17,18-24,remote,1,0
user_115,2024-01-18,49.79,2,269,60,18,34,23,8.37,63.45,0,workday,23:19,07:11,18-24,remote,1,0
user_115,2024-01-19,56.8,3,201,29,19,27,18,2.9,62.3,0,workday,22:45,06:50,18-24,remote,1,0
user_115,2024-01-20,58.35,3,234,45,22,39,19,5.57,58.76,0,weekend,23:27,07:22,18-24,remote,1,0
user_115,2024-01-21,45.03,2,213,33,11,21,17,2.63,69.77,0,weekend,23:29,07:37,18-24,remote,1,0
user_115,2024-01-22,42.66,2,166,42,24,25,18,4.27,57.81,1,workday,23:15,07:35,18-24,remote,1,0
user_115,2024-01-23,65.23,3,170,38,12,23,16,3.75,66.26,0,workday,22:32,07:02,18-24,remote,1,0
user_115,2024-01-24,21.71,1,266,33,11,27,18,3.96,59.64,1,workday,23:31,06:21,18-24,remote,1,0
user_115,2024-01-25,62.08,3,175,34,12,34,16,4.38,62.73,0,workday,22:43,08:04,18-24,remote,1,0
user_115,2024-01-26,48.45,2,240,47,24,25,20,5.02,62.77,1,workday,00:10,07:11,18-24,remote,1,0
user_115,2024-01-27,88.59,4,200,41,12,24,13,1.63,59.46,0,weekend,00:04,07:21,18-24,remote,1,0
user_115,2024-01-28,19.37,1,286,46,11,31,24,5.81,83.4,1,weekend,23:34,07:59,18-24,remote,1,0
user_116,2024-01-01,36.7,2,236,45,18,27,18,6.76,49.72,1,workday,23:12,07:57,45-54,remote,0,0
user_116,2024-01-02,39.6,2,265,40,19,31,17,1.92,77.13,0,workday,23:25,05:43,45-54,remote,0,0
user_116,2024-01-03,66.43,3,216,41,21,21,16,2.48,66.23,0,workday,23:54,06:32,45-54,remote,0,0
user_116,2024-01-04,40.08,2,199,59,23,49,22,6.21,58.03,0,workday,21:29,06:58,45-54,remote,0,0
user_116,2024-01-05,28.55,2,259,34,20,27,17,5.54,52.77,0,workday,22:56,07:02,45-54,remote,0,0
user_116,2024-01-06,13.48,1,262,56,8,27,26,3.49,35.48,0,weekend,00:47,08:14,45-54,remote,0,0
user_116,2024-01-07,49.23,2,273,60,23,29,28,6.99,53.19,0,weekend,23:44,07:53,45-54,remote,0,0
user_116,2024-01-08,19.58,1,225,37,18,15,23,4.56,70.54,0,workday,23:07,07:18,45-54,remote,0,0
user_116,2024-01-09,10.82,1,214,60,47,37,27,7.24,66.46,1,workday,23:25,07:15,45-54,remote,0,0
user_116,2024-01-10,43.46,2,204,53,27,23,24,8.31,56.34,1,workday,23:03,07:39,45-54,remote,0,0
user_116,2024-01-11,56.11,3,228,54,28,31,18,3.12,82.86,0,workday,23:06,06:36,45-54,remote,0,0
user_116,2024-01-12,31.7,2,254,60,28,28,21,7.33,83.99,0,workday,23:37,07:50,45-54,remote,0,0
user_116,2024-01-13,35.89,2,201,38,16,24,17,3.37,66.69,0,weekend,23:29,07:41,45-54,remote,0,0
user_116,2024-01-14,66.09,3,183,51,19,24,22,0.0,77.45,0,weekend,23:14,06:49,45-54,remote,0,0
user_116,2024-01-15,11.05,1,267,43,14,32,19,6.37,57.57,0,workday,23:54,07:27,45-54,remote,0,0
user_116,2024-01-16,37.1,2,212,32,19,25,15,5.49,68.74,0,workday,22:47,07:01,45-54,remote,0,0
user_116,2024-01-17,24.11,1,225,23,6,23,21,4.87,62.07,0,workday,22:59,06:44,45-54,remote,0,0
user_116,2024-01-18,41.07,2,290,40,14,41,19,6.11,67.45,0,workday,21:39,07:14,45-54,remote,0,0
user_116,2024-01-19,63.68,3,192,37,15,25,18,1.74,54.32,0,workday,22:04,07:19,45-54,remote,0,0
user_116,2024-01-20,27.54,2,258,60,9,38,27,6.84,52.23,0,weekend,00:08,07:37,45-54,remote,0,0
user_116,2024-01-21,48.45,2,260,35,6,34,17,3.23,68.43,0,weekend,23:40,07:48,45-54,remote,0,0
user_116,2024-01-22,12.63,1,300,51,12,29,23,5.18,33.92,1,workday,23:31,07:59,45-54,remote,0,0
user_116,2024-01-23,19.46,1,162,47,9,28,22,4.82,51.87,1,workday,22:58,06:15,45-54,remote,0,0
user_116,2024-01-24,35.83,2,207,43,12,33,16,7.39,49.47,0,workday,23:37,08:02,45-54,remote,0,0
user_116,2024-01-25,14.01,1,203,55,21,36,15,7.8,55.37,1,workday,23:46,07:39,45-54,remote,0,0
user_116,2024-01-26,44.23,2,226,18,8,15,2,2.22,61.88,1,workday,23:30,07:35,45-54,remote,0,0
user_116,2024-01-27,48.4,2,211,30,15,14,15,3.06,68.61,0,weekend,23:49,08:06,45-54,remote,0,0
user_116,2024-01-28,15.61,1,240,35,25,15,18,3.37,70.72,0,weekend,23:29,06:57,45-54,remote,0,0
user_117,2024-01-01,60.17,3,240,48,21,29,25,6.34,51.8,0,workday,22:03,06:30,35-44,remote,1,0
user_117,2024-01-02,73.33,3,289,29,16,21,8,5.44,60.1,0,workday,22:52,07:02,35-44,remote,1,0
user_117,2024-01-03,59.83,3,286,53,11,37,28,4.63,61.5,0,workday,23:16,07:44,35-44,remote,1,0
user_117,2024-01-04,52.59,3,240,54,27,30,21,4.18,61.94,0,workday,23:09,07:37,35-44,remote,1,0
user_117,2024-01-05,47.83,2,240,34,15,26,23,2.88,55.06,1,workday,22:57,07:07,35-44,remote,1,0
user_117,2024-01-06,72.75,3,250,33,16,22,13,4.24,43.34,0,weekend,22:55,07:56,35-44,remote,1,0
user_117,2024-01-07,64.27,3,193,40,9,37,13,4.85,48.86,0,weekend,23:50,07:41,35-44,remote,1,0
user_117,2024-01-08,38.77,2,175,60,18,24,23,5.5,33.48,1,workday,22:58,07:31,35-44,remote,1,0
user_117,2024-01-09,5.32,1,251,60,22,39,23,6.95,46.08,1,workday,23:08,06:48,35-44,remote,1,0
user_117,2024-01-10,24.81,1,208,49,28,30,18,6.53,47.84,1,workday,22:34,06:39,35-44,remote,1,0
user_117,2024-01-11,33.52,2,195,55,23,26,20,4.72,37.02,0,workday,22:49,07:48,35-44,remote,1,0
user_117,2024-01-12,36.06,2,195,39,7,31,20,4.76,56.35,1,workday,00:03,07:13,35-44,remote,1,0
user_117,2024-01-13,66.89,3,188,39,11,22,25,6.81,71.9,0,weekend,23:04,07:21,35-44,remote,1,0
user_117,2024-01-14,53.73,3,271,47,6,31,9,0.86,54.07,0,weekend,23:28,08:08,35-44,remote,1,0
user_117,2024-01-15,47.34,2,213,50,24,34,24,3.5,52.6,0,workday,22:40,06:46,35-44,remote,1,0
user_117,2024-01-16,62.71,3,221,34,18,22,14,4.43,63.08,0,workday,22:27,06:12,35-44,remote,1,0
user_117,2024-01-17,89.61,4,234,41,13,27,15,3.72,43.48,0,workday,23:35,06:42,35-44,remote,1,0
user_117,2024-01-18,37.23,2,220,41,24,35,21,5.77,40.46,1,workday,23:36,07:15,35-44,remote,1,0
user_117,2024-01-19,53.44,3,257,41,29,28,20,6.0,63.2,0,workday,22:06,07:50,35-44,remote,1,0
user_117,2024-01-20,58.27,3,239,41,15,25,23,4.66,66.86,0,weekend,23:51,08:02,35-44,remote,1,0
user_117,2024-01-21,35.35,2,181,38,24,24,8,3.88,59.6,0,weekend,00:27,07:57,35-44,remote,1,0
user_117,2024-01-22,38.58,2,224,58,17,43,23,6.1,41.37,0,workday,23:50,07:22,35-44,remote,1,0
user_117,2024-01-23,32.39,2,216,45,23,29,23,6.41,47.25,0,workday,22:53,07:01,35-44,remote,1,0
user_117,2024-01-24,34.83,2,222,40,19,28,14,4.13,65.5,0,workday,22:55,06:28,35-44,remote,1,0
user_117,2024-01-25,19.97,1,252,42,33,24,22,9.71,51.24,1,workday,22:28,07:43,35-44,remote,1,0
user_117,2024-01-26,54.34,3,211,60,19,33,25,5.27,54.97,0,workday,22:58,07:26,35-44,remote,1,0
user_117,2024-01-27,25.44,2,236,60,43,41,27,5.08,45.71,0,weekend,23:42,08:07,35-44,remote,1,0
user_117,2024-01-28,25.43,2,268,45,20,29,15,7.15,58.12,1,weekend,23:26,08:07,35-44,remote,1,0
user_118,2024-01-01,46.71,2,300,60,8,27,22,3.1,77.53,1,workday,23:38,06:46,35-44,hybrid,1,0
user_118,2024-01-02,47.51,2,221,43,20,28,23,5.77,51.24,0,workday,23:37,07:03,35-44,hybrid,1,0
user_118,2024-01-03,52.72,3,266,42,13,29,20,8.25,52.03,0,workday,23:16,06:24,35-44,hybrid,1,0
user_118,2024-01-04,15.31,1,226,42,23,36,16,7.59,33.33,1,workday,23:14,07:04,35-44,hybrid,1,0
user_118,2024-01-05,40.51,2,221,60,18,34,28,4.46,49.83,0,workday,22:37,07:31,35-44,hybrid,1,0
user_118,2024-01-06,45.82,2,235,54,15,31,15,3.54,50.31,0,weekend,23:13,08:26,35-44,hybrid,1,0
user_118,2024-01-07,23.25,1,240,31,9,29,17,3.72,63.11,0,weekend,23:50,07:31,35-44,hybrid,1,0
user_118,2024-01-08,55.74,3,191,37,10,35,18,0.0,60.48,0,workday,22:46,07:20,35-44,hybrid,1,0
user_118,2024-01-09,50.97,3,194,28,24,11,12,2.54,72.11,0,workday,23:03,06:52,35-44,hybrid,1,0
user_118,2024-01-10,49.35,2,228,34,16,15,15,4.1,71.74,1,workday,22:59,06:31,35-44,hybrid,1,0
user_118,2024-01-11,50.3,3,197,31,9,29,17,4.28,68.48,0,workday,23:11,06:33,35-44,hybrid,1,0
user_118,2024-01-12,58.06,3,260,56,24,21,14,5.99,50.05,0,workday,23:51,07:07,35-44,hybrid,1,0
user_118,2024-01-13,55.44,3,191,32,5,25,8,3.94,39.22,0,weekend,23:54,07:35,35-44,hybrid,1,0
user_118,2024-01-14,48.97,2,200,32,12,35,12,3.96,66.34,0,weekend,23:23,07:53,35-44,hybrid,1,0
user_118,2024-01-15,54.92,3,212,34,7,32,20,7.37,48.14,1,workday,00:30,07:00,35-44,hybrid,1,0
user_118,2024-01-16,63.94,3,167,37,6,21,9,5.6,51.95,0,workday,23:03,06:27,35-44,hybrid,1,0
user_118,2024-01-17,43.23,2,197,34,27,19,26,6.09,48.46,0,workday,22:27,07:00,35-44,hybrid,1,0
user_118,2024-01-18,27.82,2,173,33,10,30,12,4.02,49.21,0,workday,22:53,06:13,35-44,hybrid,1,0
user_118,2024-01-19,56.36,3,213,45,15,27,14,5.23,48.04,0,workday,23:46,07:00,35-44,hybrid,1,0
user_118,2024-01-20,52.76,3,262,35,29,33,19,6.06,60.61,0,weekend,22:43,07:39,35-44,hybrid,1,0
user_118,2024-01-21,0.74,1,213,42,15,22,20,5.12,62.08,0,weekend,00:01,07:42,35-44,hybrid,1,0
user_118,2024-01-22,94.94,4,252,22,6,9,15,3.71,72.64,0,workday,00:11,07:42,35-44,hybrid,1,0
user_118,2024-01-23,36.13,2,187,38,20,24,12,6.33,69.72,0,workday,22:41,06:24,35-44,hybrid,1,0
user_118,2024-01-24,27.78,2,252,60,28,29,22,5.78,56.14,1,workday,22:52,06:49,35-44,hybrid,1,0
user_118,2024-01-25,69.0,3,251,55,28,31,18,3.05,70.13,0,workday,23:16,06:39,35-44,hybrid,1,0
user_118,2024-01-26,31.02,2,194,37,13,18,18,5.65,57.36,0,workday,22:50,07:21,35-44,hybrid,1,0
user_118,2024-01-27,20.02,1,246,43,19,15,19,2.95,42.44,0,weekend,23:40,08:21,35-44,hybrid,1,0
user_118,2024-01-28,55.75,3,283,53,18,33,18,1.83,45.82,0,weekend,23:18,07:53,35-44,hybrid,1,0
user_119,2024-01-01,39.61,2,171,39,22,28,26,3.14,61.09,1,workday,22:12,07:31,25-34,remote,0,0
user_119,2024-01-02,54.83,3,247,19,9,21,9,4.11,57.65,1,workday,22:54,06:59,25-34,remote,0,0
user_119,2024-01-03,41.05,2,170,37,8,30,21,4.13,64.88,1,workday,22:20,06:33,25-34,remote,0,0
user_119,2024-01-04,62.54,3,283,60,50,31,23,6.16,65.25,0,workday,23:33,07:46,25-34,remote,0,0
user_119,2024-01-05,41.85,2,276,60,23,47,28,5.72,53.61,0,workday,00:01,06:46,25-34,remote,0,0
user_119,2024-01-06,38.01,2,205,25,7,8,16,5.41,46.74,0,weekend,23:49,08:07,25-34,remote,0,0
user_119,2024-01-07,51.06,3,238,32,13,31,17,5.59,61.4,0,weekend,23:50,07:56,25-34,remote,0,0
user_119,2024-01-08,24.24,1,230,42,24,23,22,5.56,56.76,1,workday,22:27,07:25,25-34,remote,0,0
user_119,2024-01-09,41.24,2,157,37,25,30,26,5.86,75.33,1,workday,22:49,07:14,25-34,remote,0,0
user_119,2024-01-10,21.94,1,244,31,14,18,13,6.01,37.92,1,workday,23:06,07:07,25-34,remote,0,0
user_119,2024-01-11,20.67,1,200,32,15,23,19,3.76,33.9,0,workday,22:21,07:49,25-34,remote,0,0
user_119,2024-01-12,34.95,2,192,47,5,29,19,4.99,69.47,0,workday,22:36,07:22,25-34,remote,0,0
user_119,2024-01-13,53.18,3,249,45,27,25,12,2.86,68.55,0,weekend,00:40,07:37,25-34,remote,0,0
user_119,2024-01-14,22.8,1,200,39,11,29,15,5.39,68.93,1,weekend,23:03,07:46,25-34,remote,0,0
user_119,2024-01-15,36.85,2,178,43,10,27,16,3.59,57.17,1,workday,22:07,06:45,25-34,remote,0,0
user_119,2024-01-16,9.71,1,230,46,18,27,24,6.45,41.91,0,workday,23:40,07:03,25-34,remote,0,0
user_119,2024-01-17,38.06,2,193,31,7,25,12,4.37,40.99,0,workday,22:28,06:13,25-34,remote,0,0
user_119,2024-01-18,40.28,2,240,38,16,16,18,6.26,64.16,0,workday,23:45,06:33,25-34,remote,0,0
user_119,2024-01-19,38.27,2,214,46,24,26,20,4.11,37.21,0,workday,23:47,07:48,25-34,remote,0,0
user_119,2024-01-20,23.92,1,242,38,21,23,19,4.29,59.7,0,weekend,00:13,07:35,25-34,remote,0,0
user_119,2024-01-21,60.64,3,256,30,11,25,18,2.56,69.21,0,weekend,22:40,07:26,25-34,remote,0,0
user_119,2024-01-22,45.01,2,240,43,7,28,27,6.32,62.91,1,workday,22:48,07:13,25-34,remote,0,0
user_119,2024-01-23,19.29,1,274,39,13,29,26,5.89,34.03,0,workday,22:50,06:08,25-34,remote,0,0
user_119,2024-01-24,53.41,3,154,15,3,22,5,1.83,66.11,0,workday,22:21,07:19,25-34,remote,0,0
user_119,2024-01-25,55.61,3,150,33,15,21,15,2.04,63.17,0,workday,22:28,06:45,25-34,remote,0,0
user_119,2024-01-26,45.4,2,265,36,33,19,25,6.02,40.58,0,workday,22:48,07:11,25-34,remote,0,0
user_119,2024-01-27,41.69,2,209,31,6,24,19,6.94,39.42,0,weekend,23:38,08:58,25-34,remote,0,0
user_119,2024-01-28,27.53,2,289,45,20,29,18,4.72,58.79,0,weekend,00:16,08:09,25-34,remote,0,0
user_120,2024-01-01,41.58,2,207,27,9,29,11,5.49,41.14,1,workday,23:34,06:17,35-44,on_site,1,0
user_120,2024-01-02,100.0,4,156,35,10,20,17,4.45,50.57,0,workday,22:16,07:11,35-44,on_site,1,0
user_120,2024-01-03,39.96,2,229,35,24,30,18,5.13,45.69,1,workday,22:23,06:42,35-44,on_site,1,0
user_120,2024-01-04,41.63,2,207,54,12,38,25,7.82,57.68,0,workday,21:57,07:42,35-44,on_site,1,0
user_120,2024-01-05,77.68,4,176,30,22,18,24,7.54,51.0,0,workday,22:53,07:36,35-44,on_site,1,0
user_120,2024-01-06,54.89,3,157,40,16,17,16,4.17,57.81,0,weekend,22:59,06:39,35-44,on_site,1,0
user_120,2024-01-07,86.67,4,178,34,19,21,12,5.03,68.65,0,weekend,23:58,07:58,35-44,on_site,1,0
user_120,2024-01-08,29.55,2,206,43,21,24,18,5.91,49.35,1,workday,22:23,07:42,35-44,on_site,1,0
user_120,2024-01-09,41.7,2,213,60,23,36,17,5.15,59.6,0,workday,22:37,06:47,35-44,on_site,1,0
user_120,2024-01-10,44.24,2,185,29,10,39,17,4.42,52.75,0,workday,22:35,07:03,35-44,on_site,1,0
user_120,2024-01-11,40.38,2,180,56,39,37,14,6.13,32.49,0,workday,22:51,07:34,35-44,on_site,1,0
user_120,2024-01-12,64.3,3,114,27,5,15,14,2.85,55.8,0,workday,22:51,06:56,35-44,on_site,1,0
user_120,2024-01-13,83.89,4,196,39,27,34,13,4.19,68.15,0,weekend,23:32,07:22,35-44,on_site,1,0
user_120,2024-01-14,51.38,3,161,51,35,39,30,5.5,58.0,0,weekend,23:47,07:21,35-44,on_site,1,0
user_120,2024-01-15,75.13,4,151,10,6,8,10,1.74,59.72,0,workday,22:41,06:34,35-44,on_site,1,0
user_120,2024-01-16,57.54,3,238,41,20,24,29,5.76,54.74,1,workday,23:27,06:55,35-44,on_site,1,0
user_120,2024-01-17,63.4,3,95,26,9,28,20,6.46,59.56,0,workday,22:45,08:11,35-44,on_site,1,0
user_120,2024-01-18,71.66,3,225,35,9,31,14,5.67,78.44,0,workday,22:27,07:47,35-44,on_site,1,0
user_120,2024-01-19,42.31,2,215,37,13,33,19,5.8,58.61,0,workday,22:43,06:01,35-44,on_site,1,0
user_120,2024-01-20,71.11,3,225,37,23,29,18,3.37,76.02,0,weekend,00:26,07:55,35-44,on_site,1,0
user_120,2024-01-21,55.79,3,187,29,10,18,16,1.65,63.29,0,weekend,23:26,07:32,35-44,on_site,1,0
user_120,2024-01-22,50.43,3,156,40,19,33,17,6.25,53.75,1,workday,22:59,07:52,35-44,on_site,1,0
user_120,2024-01-23,81.54,4,211,46,13,25,22,3.11,54.41,1,workday,22:36,08:07,35-44,on_site,1,0
user_120,2024-01-24,49.4,2,198,17,12,19,9,7.36,57.67,0,workday,23:07,06:57,35-44,on_site,1,0
user_120,2024-01-25,46.62,2,218,36,16,19,25,6.19,38.92,0,workday,23:16,07:21,35-44,on_site,1,0
user_120,2024-01-26,50.38,3,148,39,25,33,14,3.66,50.45,0,workday,23:17,06:33,35-44,on_site,1,0
user_120,2024-01-27,79.96,4,179,35,16,22,21,3.69,67.48,0,weekend,23:17,08:17,35-44,on_site,1,0
user_120,2024-01-28,64.68,3,164,35,22,25,22,2.91,62.78,0,weekend,00:15,07:20,35-44,on_site,1,0
user_121,2024-01-01,62.51,3,187,24,7,15,17,4.54,58.2,1,workday,23:24,06:59,35-44,on_site,1,0
user_121,2024-01-02,39.03,2,223,48,12,9,24,7.18,41.98,0,workday,22:48,06:18,35-44,on_site,1,0
user_121,2024-01-03,37.85,2,197,47,8,38,25,6.99,49.21,1,workday,23:15,07:10,35-44,on_site,1,0
user_121,2024-01-04,37.34,2,164,34,17,29,21,7.17,38.19,0,workday,22:40,06:56,35-44,on_site,1,0
user_121,2024-01-05,81.65,4,149,35,11,27,16,3.31,52.21,0,workday,21:59,07:44,35-44,on_site,1,0
user_121,2024-01-06,39.13,2,228,52,14,18,16,6.92,74.28,0,weekend,23:18,08:01,35-44,on_site,1,0
user_121,2024-01-07,33.64,2,167,46,8,26,14,6.51,62.53,0,weekend,23:04,07:18,35-44,on_site,1,0
user_121,2024-01-08,57.02,3,171,32,16,20,9,4.95,56.85,1,workday,22:24,06:58,35-44,on_site,1,0
user_121,2024-01-09,69.83,3,185,35,26,21,22,4.39,58.33,0,workday,22:06,06:59,35-44,on_site,1,0
user_121,2024-01-10,70.24,3,182,28,8,18,9,2.53,66.31,0,workday,23:23,07:05,35-44,on_site,1,0
user_121,2024-01-11,45.04,2,217,34,19,18,18,6.04,52.22,1,workday,22:18,06:03,35-44,on_site,1,0
user_121,2024-01-12,45.76,2,260,51,25,29,26,6.9,58.88,0,workday,22:32,07:23,35-44,on_site,1,0
user_121,2024-01-13,69.84,3,222,43,13,28,23,3.86,77.87,0,weekend,23:10,07:55,35-44,on_site,1,0
user_121,2024-01-14,71.59,3,219,31,11,27,13,1.83,86.99,0,weekend,23:19,07:16,35-44,on_site,1,0
user_121,2024-01-15,100.0,4,186,47,12,30,25,2.55,95.91,1,workday,22:23,06:41,35-44,on_site,1,0
user_121,2024-01-16,43.0,2,226,32,21,25,25,5.84,61.68,0,workday,22:56,07:09,35-44,on_site,1,0
user_121,2024-01-17,48.52,2,184,23,8,14,21,3.09,22.7,0,workday,23:31,08:06,35-44,on_site,1,0
user_121,2024-01-18,42.46,2,205,47,21,29,17,4.17,51.61,1,workday,23:09,06:33,35-44,on_site,1,0
user_121,2024-01-19,40.07,2,91,37,18,32,23,4.6,38.4,0,workday,23:54,07:28,35-44,on_site,1,0
user_121,2024-01-20,67.4,3,197,33,8,21,10,4.23,76.43,0,weekend,22:16,07:46,35-44,on_site,1,0
user_121,2024-01-21,85.35,4,245,49,27,37,20,1.41,62.45,0,weekend,00:07,08:28,35-44,on_site,1,0
user_121,2024-01-22,57.98,3,203,51,16,30,24,6.23,56.3,0,workday,21:47,06:25,35-44,on_site,1,0
user_121,2024-01-23,47.57,2,248,50,34,30,17,7.86,42.38,0,workday,22:13,06:42,35-44,on_site,1,0
user_121,2024-01-24,53.1,3,235,51,5,32,23,2.47,60.37,0,workday,23:06,07:06,35-44,on_site,1,0
user_121,2024-01-25,38.41,2,214,33,21,11,17,4.54,49.87,0,workday,22:11,07:06,35-44,on_site,1,0
user_121,2024-01-26,36.73,2,194,40,25,33,17,5.72,65.15,1,workday,23:19,06:33,35-44,on_site,1,0
user_121,2024-01-27,39.22,2,226,54,24,32,19,5.18,55.37,0,weekend,23:25,08:03,35-44,on_site,1,0
user_121,2024-01-28,58.61,3,222,42,22,17,20,2.82,67.3,0,weekend,23:33,07:40,35-44,on_site,1,0
user_122,2024-01-01,9.15,1,180,43,9,36,17,5.68,48.02,1,workday,22:56,07:19,35-44,hybrid,1,0
user_122,2024-01-02,0.0,1,245,57,3,32,30,7.02,47.04,1,workday,23:37,06:39,35-44,hybrid,1,0
user_122,2024-01-03,24.81,1,185,27,14,20,5,4.26,36.43,0,workday,00:05,07:22,35-44,hybrid,1,0
user_122,2024-01-04,37.53,2,181,29,19,18,21,3.33,68.56,0,workday,22:05,07:11,35-44,hybrid,1,0
user_122,2024-01-05,3.79,1,247,60,7,38,22,5.95,47.09,1,workday,23:49,06:48,35-44,hybrid,1,0
user_122,2024-01-06,57.35,3,228,51,14,32,20,1.93,76.34,0,weekend,23:48,07:59,35-44,hybrid,1,0
user_122,2024-01-07,33.86,2,159,38,21,31,11,2.85,47.38,0,weekend,23:11,07:39,35-44,hybrid,1,0
user_122,2024-01-08,49.33,2,237,37,21,25,15,4.98,76.26,0,workday,22:25,07:31,35-44,hybrid,1,0
user_122,2024-01-09,0.0,1,182,33,22,32,8,6.35,37.57,0,workday,22:03,07:26,35-44,hybrid,1,0
user_122,2024-01-10,30.13,2,209,44,10,22,21,5.28,53.15,1,workday,22:58,07:23,35-44,hybrid,1,0
user_122,2024-01-11,19.57,1,190,43,27,23,14,6.61,45.36,1,workday,22:48,07:28,35-44,hybrid,1,0
user_122,2024-01-12,30.06,2,156,25,24,29,16,5.39,51.92,1,workday,22:49,07:05,35-44,hybrid,1,0
user_122,2024-01-13,27.58,2,265,50,9,23,17,5.4,25.29,0,weekend,23:13,07:45,35-44,hybrid,1,0
user_122,2024-01-14,38.41,2,244,48,22,32,20,3.46,79.05,0,weekend,23:26,06:52,35-44,hybrid,1,0
user_122,2024-01-15,50.42,3,219,45,6,27,27,6.71,47.14,0,workday,23:13,06:34,35-44,hybrid,1,0
user_122,2024-01-16,15.2,1,182,38,27,27,13,4.8,50.89,0,workday,22:36,06:56,35-44,hybrid,1,0
user_122,2024-01-17,47.13,2,232,52,18,26,22,3.58,73.81,0,workday,22:57,06:33,35-44,hybrid,1,0
user_122,2024-01-18,53.49,3,159,51,23,36,30,3.4,63.75,0,workday,22:42,07:06,35-44,hybrid,1,0
user_122,2024-01-19,3.64,1,236,32,17,19,17,6.15,65.31,1,workday,23:00,07:02,35-44,hybrid,1,0
user_122,2024-01-20,14.73,1,216,51,16,21,22,5.22,45.82,0,weekend,22:36,07:29,35-44,hybrid,1,0
user_122,2024-01-21,28.82,2,234,49,36,34,23,9.23,57.03,0,weekend,23:59,07:11,35-44,hybrid,1,0
user_122,2024-01-22,46.07,2,231,56,11,40,22,6.03,56.46,0,workday,23:04,06:38,35-44,hybrid,1,0
user_122,2024-01-23,15.96,1,242,38,17,29,23,6.71,45.33,0,workday,23:21,06:19,35-44,hybrid,1,0
user_122,2024-01-24,27.33,2,208,40,26,37,11,5.78,61.99,0,workday,23:52,07:55,35-44,hybrid,1,0
user_122,2024-01-25,0.0,1,240,40,8,20,17,7.18,49.43,1,workday,23:22,06:46,35-44,hybrid,1,0
user_122,2024-01-26,10.69,1,250,60,33,35,26,8.22,58.78,1,workday,23:24,06:32,35-44,hybrid,1,0
user_122,2024-01-27,31.12,2,270,49,27,21,15,2.46,73.3,0,weekend,00:28,08:12,35-44,hybrid,1,0
user_122,2024-01-28,15.61,1,208,27,20,17,10,2.52,63.56,0,weekend,00:28,07:02,35-44,hybrid,1,0
user_123,2024-01-01,74.77,3,228,31,9,30,16,2.69,62.17,0,workday,23:06,07:21,18-24,remote,0,1
user_123,2024-01-02,50.04,3,230,39,6,34,18,6.23,64.41,1,workday,23:28,06:57,18-24,remote,0,1
user_123,2024-01-03,64.05,3,173,28,19,30,9,2.92,51.6,0,workday,23:44,07:26,18-24,remote,0,1
user_123,2024-01-04,55.51,3,215,43,13,16,28,6.39,40.75,1,workday,23:45,07:42,18-24,remote,0,1
user_123,2024-01-05,65.29,3,300,58,14,45,29,7.66,51.08,0,workday,22:41,07:40,18-24,remote,0,1
user_123,2024-01-06,16.63,1,256,60,36,50,30,7.65,40.4,0,weekend,23:14,07:22,18-24,remote,0,1
user_123,2024-01-07,62.78,3,265,50,42,48,30,5.13,60.22,0,weekend,22:56,07:37,18-24,remote,0,1
user_123,2024-01-08,64.48,3,240,17,8,10,12,2.32,78.58,0,workday,23:02,07:32,18-24,remote,0,1
user_123,2024-01-09,36.9,2,266,55,27,40,23,6.25,57.62,1,workday,22:38,06:11,18-24,remote,0,1
user_123,2024-01-10,51.26,3,247,35,21,31,24,3.65,63.42,0,workday,23:31,06:33,18-24,remote,0,1
user_123,2024-01-11,27.5,2,199,36,27,26,27,2.22,39.04,1,workday,23:06,06:59,18-24,remote,0,1
user_123,2024-01-12,54.2,3,239,60,24,26,22,4.94,70.15,0,workday,22:50,06:09,18-24,remote,0,1
user_123,2024-01-13,40.79,2,244,46,9,32,19,7.12,43.13,0,weekend,23:19,07:54,18-24,remote,0,1
user_123,2024-01-14,54.96,3,205,44,23,19,10,1.11,38.3,0,weekend,23:33,07:26,18-24,remote,0,1
user_123,2024-01-15,58.41,3,217,49,35,30,14,3.69,50.91,0,workday,23:26,07:30,18-24,remote,0,1
user_123,2024-01-16,54.02,3,271,57,35,39,30,6.01,50.88,1,workday,23:27,07:11,18-24,remote,0,1
user_123,2024-01-17,87.38,4,223,35,9,21,6,3.4,70.34,0,workday,22:09,07:07,18-24,remote,0,1
user_123,2024-01-18,56.8,3,221,30,17,20,23,3.89,57.89,1,workday,22:01,06:34,18-24,remote,0,1
user_123,2024-01-19,44.96,2,230,56,27,37,30,4.45,56.73,0,workday,22:59,06:15,18-24,remote,0,1
user_123,2024-01-20,35.31,2,269,50,38,39,24,4.55,58.87,0,weekend,23:51,07:56,18-24,remote,0,1
user_123,2024-01-21,54.74,3,261,58,46,38,30,4.84,50.86,0,weekend,00:37,07:26,18-24,remote,0,1
user_123,2024-01-22,44.73,2,207,47,29,35,24,5.27,39.37,1,workday,23:10,07:13,18-24,remote,0,1
user_123,2024-01-23,23.79,1,290,40,26,20,10,8.61,31.33,1,workday,22:58,07:00,18-24,remote,0,1
user_123,2024-01-24,48.94,2,171,21,16,31,19,5.26,63.37,0,workday,22:38,06:26,18-24,remote,0,1
user_123,2024-01-25,33.15,2,223,29,10,20,15,4.16,43.13,0,workday,22:11,07:04,18-24,remote,0,1
user_123,2024-01-26,29.65,2,217,51,22,30,24,6.82,48.32,1,workday,23:01,07:20,18-24,remote,0,1
user_123,2024-01-27,60.67,3,173,33,18,41,19,1.13,85.1,0,weekend,23:19,07:41,18-24,remote,0,1
user_123,2024-01-28,50.59,3,248,44,14,16,20,1.75,60.83,0,weekend,23:10,07:59,18-24,remote,0,1
user_124,2024-01-01,62.05,3,218,52,30,29,26,3.47,48.73,0,workday,23:04,06:36,25-34,hybrid,0,0
user_124,2024-01-02,69.8,3,211,55,19,26,23,5.71,52.87,0,workday,22:15,06:50,25-34,hybrid,0,0
user_124,2024-01-03,61.92,3,179,42,29,19,23,4.83,67.21,0,workday,22:19,06:25,25-34,hybrid,0,0
user_124,2024-01-04,30.89,2,206,52,29,30,18,6.86,49.36,1,workday,22:56,06:37,25-34,hybrid,0,0
user_124,2024-01-05,90.82,4,197,47,12,33,20,3.98,49.05,0,workday,22:10,06:36,25-34,hybrid,0,0
user_124,2024-01-06,65.79,3,233,42,18,27,15,2.43,82.47,1,weekend,23:46,07:51,25-34,hybrid,0,0
user_124,2024-01-07,70.12,3,218,31,20,27,17,2.3,67.88,0,weekend,23:30,07:40,25-34,hybrid,0,0
user_124,2024-01-08,62.19,3,223,45,22,29,21,5.15,28.71,0,workday,22:10,07:26,25-34,hybrid,0,0
user_124,2024-01-09,67.62,3,195,34,15,17,17,2.48,68.02,0,workday,23:11,06:31,25-34,hybrid,0,0
user_124,2024-01-10,48.13,2,124,27,8,13,12,3.59,40.7,1,workday,23:13,07:24,25-34,hybrid,0,0
user_124,2024-01-11,50.26,3,252,34,15,30,18,6.29,60.21,0,workday,23:04,07:44,25-34,hybrid,0,0
user_124,2024-01-12,78.35,4,171,23,8,26,8,4.65,45.49,1,workday,22:55,07:06,25-34,hybrid,0,0
user_124,2024-01-13,50.51,3,229,45,19,9,18,3.71,63.28,1,weekend,22:58,08:12,25-34,hybrid,0,0
user_124,2024-01-14,68.13,3,247,56,4,41,7,3.66,52.85,0,weekend,23:09,07:55,25-34,hybrid,0,0
user_124,2024-01-15,64.24,3,196,50,23,34,18,5.53,53.39,0,workday,23:11,06:09,25-34,hybrid,0,0
user_124,2024-01-16,58.42,3,228,48,32,32,22,3.72,59.18,0,workday,22:52,06:46,25-34,hybrid,0,0
user_124,2024-01-17,66.08,3,183,30,12,37,22,5.8,45.04,0,workday,22:43,06:24,25-34,hybrid,0,0
user_124,2024-01-18,59.03,3,195,51,36,23,20,5.73,45.19,0,workday,22:45,06:48,25-34,hybrid,0,0
user_124,2024-01-19,74.76,3,242,32,17,17,13,5.45,63.9,0,workday,22:49,06:34,25-34,hybrid,0,0
user_124,2024-01-20,40.34,2,206,40,20,31,11,3.36,47.18,0,weekend,00:09,07:26,25-34,hybrid,0,0
user_124,2024-01-21,61.9,3,235,38,25,13,17,3.93,61.32,0,weekend,23:35,07:48,25-34,hybrid,0,0
user_124,2024-01-22,67.17,3,178,47,34,22,20,5.59,51.34,1,workday,22:50,07:26,25-34,hybrid,0,0
user_124,2024-01-23,52.73,3,185,60,29,43,20,3.7,56.81,1,workday,22:40,06:37,25-34,hybrid,0,0
user_124,2024-01-24,66.03,3,164,28,14,15,18,3.49,69.31,1,workday,23:31,07:06,25-34,hybrid,0,0
user_124,2024-01-25,27.06,2,239,38,26,31,9,2.91,46.25,0,workday,22:53,07:22,25-34,hybrid,0,0
user_124,2024-01-26,35.66,2,215,38,12,41,21,6.0,51.43,1,workday,22:13,07:07,25-34,hybrid,0,0
user_124,2024-01-27,14.85,1,218,43,21,35,21,7.74,38.51,0,weekend,23:34,07:45,25-34,hybrid,0,0
user_124,2024-01-28,67.75,3,208,57,26,30,28,6.54,45.37,0,weekend,23:47,07:24,25-34,hybrid,0,0
user_125,2024-01-01,53.8,3,159,34,26,23,7,3.17,62.63,1,workday,22:17,06:06,18-24,on_site,0,1
user_125,2024-01-02,50.5,3,242,59,12,19,25,8.87,42.24,0,workday,23:47,06:20,18-24,on_site,0,1
user_125,2024-01-03,56.64,3,148,20,5,7,4,6.62,49.26,1,workday,22:23,07:01,18-24,on_site,0,1
user_125,2024-01-04,65.75,3,218,47,16,35,30,4.85,45.95,0,workday,23:45,07:13,18-24,on_site,0,1
user_125,2024-01-05,55.31,3,222,32,22,21,12,3.76,49.21,1,workday,22:13,07:00,18-24,on_site,0,1
user_125,2024-01-06,89.64,4,142,27,18,36,2,1.31,91.93,0,weekend,23:04,07:41,18-24,on_site,0,1
user_125,2024-01-07,55.62,3,272,29,20,9,13,3.55,45.71,1,weekend,23:56,07:43,18-24,on_site,0,1
user_125,2024-01-08,42.59,2,199,16,12,31,9,9.08,59.64,1,workday,22:58,06:16,18-24,on_site,0,1
user_125,2024-01-09,69.4,3,151,29,21,33,13,4.35,73.46,0,workday,22:42,07:30,18-24,on_site,0,1
user_125,2024-01-10,100.0,4,163,52,26,29,25,1.07,76.5,0,workday,22:42,06:54,18-24,on_site,0,1
user_125,2024-01-11,39.12,2,145,47,12,33,15,5.74,59.83,0,workday,22:53,06:54,18-24,on_site,0,1
user_125,2024-01-12,87.97,4,211,41,14,34,10,3.58,52.51,0,workday,22:42,06:33,18-24,on_site,0,1
user_125,2024-01-13,80.27,4,204,35,16,19,18,2.88,53.35,0,weekend,23:16,08:07,18-24,on_site,0,1
user_125,2024-01-14,61.94,3,226,41,25,27,13,5.43,42.3,0,weekend,22:51,07:50,18-24,on_site,0,1
user_125,2024-01-15,76.71,4,215,44,25,30,30,4.76,73.19,0,workday,22:44,07:07,18-24,on_site,0,1
user_125,2024-01-16,42.73,2,152,32,21,19,22,7.35,62.66,1,workday,22:35,06:31,18-24,on_site,0,1
user_125,2024-01-17,81.67,4,221,31,15,35,9,7.75,57.96,0,workday,23:08,07:32,18-24,on_site,0,1
user_125,2024-01-18,77.77,4,249,46,23,10,24,7.81,70.31,0,workday,22:53,07:32,18-24,on_site,0,1
user_125,2024-01-19,84.22,4,176,49,24,43,30,3.06,57.85,0,workday,23:12,07:05,18-24,on_site,0,1
user_125,2024-01-20,91.95,4,167,51,26,28,15,4.42,69.79,0,weekend,23:30,06:55,18-24,on_site,0,1
user_125,2024-01-21,93.21,4,192,22,15,30,28,0.74,64.49,0,weekend,23:14,06:49,18-24,on_site,0,1
user_125,2024-01-22,83.89,4,169,22,15,28,13,2.3,78.84,0,workday,22:17,07:06,18-24,on_site,0,1
user_125,2024-01-23,43.49,2,225,45,25,34,12,5.86,29.08,1,workday,22:24,07:20,18-24,on_site,0,1
user_125,2024-01-24,79.97,4,163,48,27,33,14,2.52,64.34,0,workday,23:47,07:00,18-24,on_site,0,1
user_125,2024-01-25,46.09,2,203,60,31,40,30,3.79,74.7,1,workday,23:32,07:38,18-24,on_site,0,1
user_125,2024-01-26,37.62,2,238,49,27,45,29,7.6,32.25,0,workday,23:18,06:48,18-24,on_site,0,1
user_125,2024-01-27,63.39,3,206,27,14,12,6,2.48,56.83,0,weekend,22:43,08:19,18-24,on_site,0,1
user_125,2024-01-28,61.61,3,178,30,8,14,24,4.31,48.73,0,weekend,23:49,08:05,18-24,on_site,0,1
user_126,2024-01-01,41.88,2,257,46,24,42,24,8.22,27.59,0,workday,22:26,06:13,25-34,hybrid,1,0
user_126,2024-01-02,67.27,3,238,36,13,29,24,6.34,64.84,0,workday,23:15,07:01,25-34,hybrid,1,0
user_126,2024-01-03,69.59,3,208,42,13,26,18,7.26,46.35,1,workday,22:40,07:25,25-34,hybrid,1,0
user_126,2024-01-04,81.85,4,214,48,11,40,19,4.77,53.33,0,workday,22:07,07:01,25-34,hybrid,1,0
user_126,2024-01-05,54.03,3,242,53,17,33,23,5.5,73.02,0,workday,22:29,06:08,25-34,hybrid,1,0
user_126,2024-01-06,88.31,4,194,55,22,30,19,2.33,48.46,0,weekend,00:15,07:17,25-34,hybrid,1,0
user_126,2024-01-07,50.76,3,164,11,0,10,0,2.9,75.87,0,weekend,23:26,07:07,25-34,hybrid,1,0
user_126,2024-01-08,78.85,4,198,33,8,29,23,3.76,74.73,0,workday,22:57,06:39,25-34,hybrid,1,0
user_126,2024-01-09,68.76,3,263,39,26,26,17,3.72,76.8,0,workday,22:43,06:45,25-34,hybrid,1,0
user_126,2024-01-10,80.68,4,140,42,22,26,22,4.81,70.85,0,workday,23:46,06:43,25-34,hybrid,1,0
user_126,2024-01-11,61.37,3,199,44,17,40,21,6.38,70.16,0,workday,23:02,06:32,25-34,hybrid,1,0
user_126,2024-01-12,91.23,4,243,39,25,43,22,5.04,71.15,1,workday,22:56,06:37,25-34,hybrid,1,0
user_126,2024-01-13,100.0,4,165,26,3,28,13,0.3,72.02,0,weekend,23:39,07:41,25-34,hybrid,1,0
user_126,2024-01-14,52.85,3,209,54,25,36,21,10.0,35.14,0,weekend,00:14,07:25,25-34,hybrid,1,0
user_126,2024-01-15,65.27,3,178,28,15,22,15,4.69,62.27,0,workday,22:04,07:31,25-34,hybrid,1,0
user_126,2024-01-16,88.79,4,178,45,27,23,17,3.88,67.69,0,workday,23:13,07:04,25-34,hybrid,1,0
user_126,2024-01-17,65.82,3,206,45,25,27,20,5.25,57.78,1,workday,22:20,06:46,25-34,hybrid,1,0
user_126,2024-01-18,40.69,2,254,60,39,34,30,6.74,43.34,1,workday,22:58,07:02,25-34,hybrid,1,0
user_126,2024-01-19,38.72,2,249,39,16,36,16,4.56,59.87,1,workday,22:42,06:28,25-34,hybrid,1,0
user_126,2024-01-20,59.14,3,226,45,23,26,16,3.75,49.74,1,weekend,23:19,07:13,25-34,hybrid,1,0
user_126,2024-01-21,72.02,3,214,25,13,23,17,4.23,47.46,0,weekend,23:10,07:42,25-34,hybrid,1,0
user_126,2024-01-22,44.02,2,300,60,31,43,28,9.19,55.7,1,workday,22:53,06:26,25-34,hybrid,1,0
user_126,2024-01-23,60.97,3,220,42,14,27,25,5.7,44.45,0,workday,23:52,07:14,25-34,hybrid,1,0
user_126,2024-01-24,57.98,3,214,60,26,29,27,6.48,52.35,0,workday,00:10,07:01,25-34,hybrid,1,0
user_126,2024-01-25,72.1,3,208,27,17,15,21,5.23,57.35,1,workday,21:30,07:24,25-34,hybrid,1,0
user_126,2024-01-26,73.24,3,250,49,28,37,25,3.27,72.97,0,workday,22:52,07:49,25-34,hybrid,1,0
user_126,2024-01-27,90.37,4,262,33,18,36,20,5.28,49.56,0,weekend,22:53,07:14,25-34,hybrid,1,0
user_126,2024-01-28,44.53,2,251,32,20,22,12,3.43,35.93,0,weekend,22:59,07:19,25-34,hybrid,1,0
user_127,2024-01-01,20.88,1,145,44,6,26,21,7.92,24.52,1,workday,23:10,07:46,25-34,on_site,1,0
user_127,2024-01-02,52.61,3,181,39,11,27,15,3.96,69.34,0,workday,22:25,06:46,25-34,on_site,1,0
user_127,2024-01-03,36.44,2,216,42,30,36,11,5.1,46.16,0,workday,23:22,06:39,25-34,on_site,1,0
user_127,2024-01-04,71.04,3,107,39,19,30,14,2.97,53.07,0,workday,23:21,07:30,25-34,on_site,1,0
user_127,2024-01-05,34.88,2,224,39,16,25,17,8.83,42.42,0,workday,23:05,07:00,25-34,on_site,1,0
user_127,2024-01-06,64.42,3,266,41,17,19,20,4.72,55.07,1,weekend,23:49,07:07,25-34,on_site,1,0
user_127,2024-01-07,51.5,3,245,39,18,19,13,3.37,67.1,0,weekend,23:40,07:23,25-34,on_site,1,0
user_127,2024-01-08,52.72,3,209,42,22,27,16,3.92,73.88,0,workday,22:42,07:06,25-34,on_site,1,0
user_127,2024-01-09,60.18,3,194,26,13,14,0,2.2,74.61,1,workday,22:47,07:04,25-34,on_site,1,0
user_127,2024-01-10,77.41,4,158,38,19,28,15,5.98,61.53,0,workday,22:58,07:10,25-34,on_site,1,0
user_127,2024-01-11,56.88,3,233,51,41,30,26,5.5,70.14,0,workday,22:31,07:05,25-34,on_site,1,0
user_127,2024-01-12,55.25,3,204,60,26,37,29,5.07,64.7,0,workday,22:36,07:26,25-34,on_site,1,0
user_127,2024-01-13,46.23,2,279,41,21,19,17,4.06,38.89,0,weekend,22:48,07:16,25-34,on_site,1,0
user_127,2024-01-14,54.73,3,300,60,13,40,28,7.53,42.31,0,weekend,23:16,07:06,25-34,on_site,1,0
user_127,2024-01-15,38.55,2,220,55,41,30,26,5.94,70.15,0,workday,23:03,06:39,25-34,on_site,1,0
user_127,2024-01-16,46.97,2,243,33,14,36,20,2.93,68.27,1,workday,23:09,07:21,25-34,on_site,1,0
user_127,2024-01-17,71.7,3,157,29,25,23,8,4.61,56.79,0,workday,22:44,07:09,25-34,on_site,1,0
user_127,2024-01-18,43.77,2,125,30,22,17,13,5.09,64.74,0,workday,22:35,07:14,25-34,on_site,1,0
user_127,2024-01-19,39.75,2,233,60,12,25,26,7.65,52.83,1,workday,22:56,05:24,25-34,on_site,1,0
user_127,2024-01-20,58.57,3,236,36,5,32,18,5.06,67.58,0,weekend,21:52,07:57,25-34,on_site,1,0
user_127,2024-01-21,48.75,2,215,35,21,36,18,3.28,59.08,0,weekend,22:33,08:04,25-34,on_site,1,0
user_127,2024-01-22,49.26,2,197,46,21,33,21,6.86,51.14,0,workday,21:42,06:13,25-34,on_site,1,0
user_127,2024-01-23,44.37,2,163,28,1,23,15,5.9,56.27,1,workday,23:00,06:57,25-34,on_site,1,0
user_127,2024-01-24,28.91,2,190,31,16,22,20,8.68,63.68,1,workday,22:23,07:46,25-34,on_site,1,0
user_127,2024-01-25,50.05,3,216,58,40,45,30,3.88,34.8,0,workday,22:50,06:38,25-34,on_site,1,0
user_127,2024-01-26,26.06,2,279,59,12,33,20,7.14,50.92,1,workday,23:31,06:22,25-34,on_site,1,0
user_127,2024-01-27,40.46,2,157,28,18,25,25,5.64,37.9,0,weekend,23:07,07:46,25-34,on_site,1,0
user_127,2024-01-28,41.3,2,234,60,34,28,25,4.15,46.24,0,weekend,00:07,06:35,25-34,on_site,1,0
user_128,2024-01-01,14.07,1,182,42,25,33,24,7.36,42.98,1,workday,22:30,07:20,18-24,hybrid,0,0
user_128,2024-01-02,87.41,4,203,34,21,11,18,1.99,75.7,0,workday,22:33,06:16,18-24,hybrid,0,0
user_128,2024-01-03,21.76,1,162,45,9,33,26,5.08,47.46,0,workday,22:40,06:16,18-24,hybrid,0,0
user_128,2024-01-04,5.72,1,245,60,22,34,23,7.56,32.92,1,workday,22:28,07:10,18-24,hybrid,0,0
user_128,2024-01-05,29.64,2,217,51,29,39,19,5.72,54.27,1,workday,23:10,07:09,18-24,hybrid,0,0
user_128,2024-01-06,57.89,3,211,58,33,24,25,3.97,69.07,0,weekend,23:18,08:28,18-24,hybrid,0,0
user_128,2024-01-07,39.23,2,204,42,19,32,23,4.11,60.21,0,weekend,23:02,07:10,18-24,hybrid,0,0
user_128,2024-01-08,22.93,1,229,52,28,33,23,10.0,43.25,1,workday,22:55,07:10,18-24,hybrid,0,0
user_128,2024-01-09,6.1,1,203,50,43,31,26,8.23,47.34,0,workday,22:31,07:53,18-24,hybrid,0,0
user_128,2024-01-10,59.45,3,183,43,25,30,27,4.69,60.53,0,workday,22:27,06:54,18-24,hybrid,0,0
user_128,2024-01-11,14.55,1,191,60,34,44,24,3.78,54.04,1,workday,23:43,06:40,18-24,hybrid,0,0
user_128,2024-01-12,0.0,1,192,51,27,37,28,5.23,54.86,0,workday,23:47,07:09,18-24,hybrid,0,0
user_128,2024-01-13,28.65,2,254,47,17,23,18,4.03,49.58,0,weekend,23:14,08:43,18-24,hybrid,0,0
user_128,2024-01-14,49.8,2,213,51,38,24,24,3.4,55.86,0,weekend,23:28,08:30,18-24,hybrid,0,0
user_128,2024-01-15,50.04,3,257,37,12,27,23,1.98,71.78,0,workday,22:59,06:40,18-24,hybrid,0,0
user_128,2024-01-16,23.33,1,217,44,14,24,24,4.44,77.31,0,workday,23:54,06:47,18-24,hybrid,0,0
user_128,2024-01-17,20.2,1,230,43,23,24,16,4.6,38.57,1,workday,23:17,07:19,18-24,hybrid,0,0
user_128,2024-01-18,0.0,1,300,47,18,23,18,4.76,51.18,1,workday,23:06,06:55,18-24,hybrid,0,0
user_128,2024-01-19,49.6,2,165,33,11,12,16,4.14,68.02,1,workday,23:31,07:51,18-24,hybrid,0,0
user_128,2024-01-20,56.51,3,250,40,19,18,19,3.11,65.68,0,weekend,23:20,07:18,18-24,hybrid,0,0
user_128,2024-01-21,33.27,2,244,35,12,28,17,6.85,65.02,1,weekend,23:16,07:41,18-24,hybrid,0,0
user_128,2024-01-22,36.76,2,253,51,18,32,28,2.79,61.84,0,workday,22:47,07:02,18-24,hybrid,0,0
user_128,2024-01-23,44.75,2,221,47,22,31,14,5.82,66.38,0,workday,22:54,06:51,18-24,hybrid,0,0
user_128,2024-01-24,22.39,1,249,46,17,25,16,8.72,45.54,1,workday,22:35,06:27,18-24,hybrid,0,0
user_128,2024-01-25,39.69,2,213,42,22,27,11,3.91,68.41,0,workday,22:19,06:05,18-24,hybrid,0,0
user_128,2024-01-26,47.85,2,216,45,43,30,23,3.99,67.58,0,workday,23:08,06:57,18-24,hybrid,0,0
user_128,2024-01-27,43.25,2,265,26,15,29,11,2.18,67.53,0,weekend,00:27,07:04,18-24,hybrid,0,0
user_128,2024-01-28,41.52,2,211,35,12,20,15,0.0,76.67,0,weekend,23:03,07:44,18-24,hybrid,0,0
user_129,2024-01-01,31.81,2,231,35,28,12,17,5.61,49.37,1,workday,23:25,06:53,18-24,hybrid,0,0
user_129,2024-01-02,29.96,2,235,43,27,30,18,3.9,53.84,1,workday,00:16,06:50,18-24,hybrid,0,0
user_129,2024-01-03,17.17,1,266,58,35,20,29,8.31,56.85,0,workday,23:16,06:13,18-24,hybrid,0,0
user_129,2024-01-04,64.96,3,139,29,12,35,20,4.68,54.76,0,workday,00:14,07:33,18-24,hybrid,0,0
user_129,2024-01-05,52.33,3,163,38,13,19,22,2.72,67.67,0,workday,23:33,07:17,18-24,hybrid,0,0
user_129,2024-01-06,60.92,3,202,44,28,19,20,3.22,80.67,0,weekend,23:16,08:09,18-24,hybrid,0,0
user_129,2024-01-07,29.63,2,237,41,24,24,14,2.89,46.89,0,weekend,00:26,07:54,18-24,hybrid,0,0
user_129,2024-01-08,0.0,1,165,44,15,36,29,8.23,29.99,1,workday,21:57,07:44,18-24,hybrid,0,0
user_129,2024-01-09,65.72,3,210,27,14,20,8,3.23,49.28,0,workday,23:01,06:36,18-24,hybrid,0,0
user_129,2024-01-10,52.59,3,228,31,13,20,12,5.22,77.01,0,workday,22:09,06:37,18-24,hybrid,0,0
user_129,2024-01-11,63.64,3,173,52,32,37,27,4.87,57.88,1,workday,22:20,06:08,18-24,hybrid,0,0
user_129,2024-01-12,29.29,2,244,31,22,21,23,6.84,43.37,1,workday,23:05,07:15,18-24,hybrid,0,0
user_129,2024-01-13,43.68,2,138,32,26,16,12,4.59,80.29,1,weekend,23:35,07:57,18-24,hybrid,0,0
user_129,2024-01-14,70.18,3,211,39,14,24,17,4.0,64.86,0,weekend,23:44,08:23,18-24,hybrid,0,0
user_129,2024-01-15,34.3,2,157,46,34,33,25,7.08,59.14,1,workday,22:56,06:28,18-24,hybrid,0,0
user_129,2024-01-16,26.68,2,292,51,47,33,18,7.49,60.58,0,workday,23:25,07:10,18-24,hybrid,0,0
user_129,2024-01-17,38.89,2,207,52,12,31,19,7.34,43.55,0,workday,21:43,06:15,18-24,hybrid,0,0
user_129,2024-01-18,29.31,2,221,38,21,20,9,3.71,59.5,0,workday,23:11,07:04,18-24,hybrid,0,0
user_129,2024-01-19,35.31,2,208,60,35,29,19,5.56,72.56,0,workday,22:41,06:50,18-24,hybrid,0,0
user_129,2024-01-20,72.4,3,192,49,36,27,19,1.86,85.18,0,weekend,23:45,07:45,18-24,hybrid,0,0
user_129,2024-01-21,63.97,3,170,30,16,2,15,2.52,71.96,0,weekend,00:12,08:02,18-24,hybrid,0,0
user_129,2024-01-22,26.78,2,218,57,15,36,23,6.18,62.33,1,workday,22:09,07:01,18-24,hybrid,0,0
user_129,2024-01-23,74.4,3,211,36,16,20,16,2.27,61.01,0,workday,22:52,07:58,18-24,hybrid,0,0
user_129,2024-01-24,8.45,1,239,49,25,28,19,5.42,76.34,0,workday,23:01,07:05,18-24,hybrid,0,0
user_129,2024-01-25,47.14,2,187,19,2,18,13,3.66,68.49,0,workday,00:16,06:25,18-24,hybrid,0,0
user_129,2024-01-26,49.92,2,234,39,5,15,23,5.8,31.76,0,workday,00:14,06:20,18-24,hybrid,0,0
user_129,2024-01-27,34.81,2,194,43,7,30,14,4.19,41.18,0,weekend,23:22,07:38,18-24,hybrid,0,0
user_129,2024-01-28,67.37,3,243,50,28,30,18,1.24,75.06,0,weekend,00:16,08:38,18-24,hybrid,0,0
user_130,2024-01-01,38.59,2,231,60,29,47,22,5.02,69.6,1,workday,22:48,08:00,35-44,remote,1,0
user_130,2024-01-02,79.51,4,157,33,15,24,14,5.74,70.65,0,workday,23:40,06:44,35-44,remote,1,0
user_130,2024-01-03,68.41,3,232,35,27,31,9,5.09,69.88,0,workday,23:11,07:00,35-44,remote,1,0
user_130,2024-01-04,56.85,3,205,42,22,35,20,2.7,71.03,0,workday,22:55,07:28,35-44,remote,1,0
user_130,2024-01-05,43.5,2,206,59,38,42,20,6.04,55.5,1,workday,22:53,07:49,35-44,remote,1,0
user_130,2024-01-06,72.75,3,215,30,4,34,21,2.51,81.5,0,weekend,00:48,08:11,35-44,remote,1,0
user_130,2024-01-07,43.75,2,194,60,8,32,30,2.8,63.14,0,weekend,23:01,07:56,35-44,remote,1,0
user_130,2024-01-08,54.72,3,210,35,23,22,18,5.2,59.32,0,workday,23:04,07:05,35-44,remote,1,0
user_130,2024-01-09,38.83,2,251,54,17,31,22,3.79,58.98,1,workday,23:18,06:37,35-44,remote,1,0
user_130,2024-01-10,75.32,4,208,39,14,17,15,6.51,45.42,1,workday,22:22,06:56,35-44,remote,1,0
user_130,2024-01-11,49.48,2,237,38,21,17,19,5.72,32.4,0,workday,22:07,07:47,35-44,remote,1,0
user_130,2024-01-12,47.4,2,205,59,54,30,26,6.28,51.9,0,workday,23:57,06:17,35-44,remote,1,0
user_130,2024-01-13,68.41,3,182,39,13,18,11,5.54,66.1,1,weekend,23:31,07:56,35-44,remote,1,0
user_130,2024-01-14,59.58,3,206,34,1,23,17,0.54,70.62,0,weekend,23:41,07:20,35-44,remote,1,0
user_130,2024-01-15,63.83,3,229,41,19,22,22,4.8,52.48,1,workday,22:33,06:52,35-44,remote,1,0
user_130,2024-01-16,50.0,2,255,55,18,30,22,6.58,57.93,1,workday,23:28,07:42,35-44,remote,1,0
user_130,2024-01-17,43.77,2,207,35,17,24,22,5.5,69.69,0,workday,00:51,07:03,35-44,remote,1,0
user_130,2024-01-18,43.22,2,277,56,11,26,30,4.41,59.86,0,workday,23:34,07:15,35-44,remote,1,0
user_130,2024-01-19,73.07,3,199,45,8,32,17,5.37,65.37,0,workday,23:29,07:10,35-44,remote,1,0
user_130,2024-01-20,100.0,4,176,8,8,6,9,1.99,69.04,0,weekend,22:38,07:14,35-44,remote,1,0
user_130,2024-01-21,59.73,3,237,36,28,25,15,4.22,51.53,0,weekend,23:52,08:15,35-44,remote,1,0
user_130,2024-01-22,36.63,2,234,39,11,21,16,5.69,32.55,0,workday,00:08,07:24,35-44,remote,1,0
user_130,2024-01-23,53.78,3,204,26,18,19,18,5.33,55.41,0,workday,21:40,06:49,35-44,remote,1,0
user_130,2024-01-24,36.51,2,204,45,18,21,22,7.76,44.62,0,workday,23:10,07:30,35-44,remote,1,0
user_130,2024-01-25,39.74,2,282,56,27,28,27,3.29,55.82,0,workday,23:28,06:49,35-44,remote,1,0
user_130,2024-01-26,43.74,2,258,54,30,13,24,4.61,56.35,0,workday,23:02,06:22,35-44,remote,1,0
user_130,2024-01-27,82.35,4,236,44,26,22,26,4.32,73.79,0,weekend,22:50,07:53,35-44,remote,1,0
user_130,2024-01-28,45.0,2,235,53,25,33,19,2.98,72.45,0,weekend,23:56,07:18,35-44,remote,1,0
user_131,2024-01-01,64.74,3,277,37,22,13,17,2.61,58.99,0,workday,23:19,07:09,18-24,hybrid,1,1
user_131,2024-01-02,51.54,3,226,59,23,33,13,4.51,41.19,0,workday,22:07,07:19,18-24,hybrid,1,1
user_131,2024-01-03,57.87,3,228,46,10,36,28,4.88,62.64,0,workday,22:43,07:29,18-24,hybrid,1,1
user_131,2024-01-04,100.0,4,227,36,18,18,16,1.76,85.58,0,workday,23:01,06:08,18-24,hybrid,1,1
user_131,2024-01-05,54.42,3,159,30,11,41,15,3.58,59.51,0,workday,22:07,07:15,18-24,hybrid,1,1
user_131,2024-01-06,91.89,4,194,43,32,34,9,7.44,53.26,0,weekend,00:11,07:14,18-24,hybrid,1,1
user_131,2024-01-07,49.31,2,237,45,15,24,20,4.72,63.22,0,weekend,00:07,07:33,18-24,hybrid,1,1
user_131,2024-01-08,54.77,3,205,60,18,32,17,5.44,52.74,1,workday,23:26,07:06,18-24,hybrid,1,1
user_131,2024-01-09,80.59,4,204,20,9,14,14,2.43,51.99,0,workday,21:45,06:43,18-24,hybrid,1,1
user_131,2024-01-10,64.44,3,129,38,16,30,21,2.82,55.81,0,workday,22:16,06:59,18-24,hybrid,1,1
user_131,2024-01-11,33.5,2,260,46,14,31,16,7.36,52.44,1,workday,22:42,06:04,18-24,hybrid,1,1
user_131,2024-01-12,65.27,3,230,46,29,31,12,3.42,42.48,0,workday,23:19,07:08,18-24,hybrid,1,1
user_131,2024-01-13,82.88,4,240,53,19,30,27,2.72,47.61,0,weekend,00:10,07:56,18-24,hybrid,1,1
user_131,2024-01-14,59.46,3,215,20,11,4,11,2.07,74.53,0,weekend,23:13,07:55,18-24,hybrid,1,1
user_131,2024-01-15,91.13,4,187,31,18,5,22,4.87,73.4,1,workday,22:11,07:22,18-24,hybrid,1,1
user_131,2024-01-16,30.89,2,237,53,38,33,22,7.92,46.36,1,workday,23:26,07:27,18-24,hybrid,1,1
user_131,2024-01-17,71.66,3,191,23,15,18,2,2.65,68.25,0,workday,23:25,07:33,18-24,hybrid,1,1
user_131,2024-01-18,48.74,2,285,60,20,36,25,10.0,75.58,0,workday,23:31,06:39,18-24,hybrid,1,1
user_131,2024-01-19,71.76,3,168,34,17,32,9,2.63,66.63,0,workday,22:34,07:02,18-24,hybrid,1,1
user_131,2024-01-20,100.0,4,211,25,8,21,20,1.6,91.79,0,weekend,23:54,07:24,18-24,hybrid,1,1
user_131,2024-01-21,53.76,3,235,41,32,30,15,5.01,74.91,0,weekend,22:45,07:55,18-24,hybrid,1,1
user_131,2024-01-22,54.89,3,244,53,24,31,25,6.23,53.16,0,workday,22:45,06:35,18-24,hybrid,1,1
user_131,2024-01-23,69.34,3,269,31,18,25,15,7.96,52.41,1,workday,23:04,07:06,18-24,hybrid,1,1
user_131,2024-01-24,87.62,4,267,46,15,30,16,4.19,67.54,0,workday,22:21,07:03,18-24,hybrid,1,1
user_131,2024-01-25,0.0,1,258,60,24,37,28,8.41,50.23,1,workday,23:39,07:30,18-24,hybrid,1,1
user_131,2024-01-26,18.0,1,184,32,18,29,0,4.39,48.04,1,workday,22:58,07:05,18-24,hybrid,1,1
user_131,2024-01-27,47.0,2,196,51,36,26,30,7.75,58.18,0,weekend,23:31,07:09,18-24,hybrid,1,1
user_131,2024-01-28,53.32,3,253,35,14,24,17,3.87,66.33,0,weekend,00:50,07:51,18-24,hybrid,1,1
user_132,2024-01-01,74.72,3,163,24,13,18,17,5.84,43.38,0,workday,23:03,06:57,55+,remote,1,1
user_132,2024-01-02,21.58,1,231,59,33,50,30,8.43,40.43,1,workday,22:51,06:41,55+,remote,1,1
user_132,2024-01-03,82.4,4,252,51,32,37,22,8.85,58.86,0,workday,23:21,06:21,55+,remote,1,1
user_132,2024-01-04,52.36,3,208,43,20,35,10,5.54,56.33,1,workday,00:06,06:51,55+,remote,1,1
user_132,2024-01-05,68.75,3,192,32,23,18,15,5.22,35.4,1,workday,22:31,08:26,55+,remote,1,1
user_132,2024-01-06,55.06,3,213,36,22,34,17,4.37,71.07,1,weekend,23:20,07:30,55+,remote,1,1
user_132,2024-01-07,79.43,4,245,34,16,23,15,5.7,54.71,0,weekend,23:05,07:19,55+,remote,1,1
user_132,2024-01-08,61.44,3,226,51,16,13,15,8.69,47.98,0,workday,22:38,06:44,55+,remote,1,1
user_132,2024-01-09,70.6,3,207,36,22,16,20,3.49,82.49,1,workday,21:53,07:11,55+,remote,1,1
user_132,2024-01-10,40.88,2,234,55,28,34,13,4.65,73.48,0,workday,23:45,07:39,55+,remote,1,1
user_132,2024-01-11,71.17,3,220,49,15,23,23,4.05,58.64,0,workday,23:00,07:37,55+,remote,1,1
user_132,2024-01-12,46.42,2,216,39,19,18,30,9.58,31.52,0,workday,22:48,07:54,55+,remote,1,1
user_132,2024-01-13,70.52,3,213,47,34,35,17,5.13,56.04,0,weekend,00:21,06:52,55+,remote,1,1
user_132,2024-01-14,90.92,4,221,41,19,28,23,3.93,50.56,0,weekend,22:47,08:35,55+,remote,1,1
user_132,2024-01-15,99.52,4,236,33,9,25,20,8.23,56.1,0,workday,23:38,07:08,55+,remote,1,1
user_132,2024-01-16,98.84,4,166,54,12,38,17,4.79,70.08,0,workday,22:54,07:27,55+,remote,1,1
user_132,2024-01-17,89.64,4,217,60,41,27,25,2.88,58.51,0,workday,22:57,06:34,55+,remote,1,1
user_132,2024-01-18,58.76,3,210,38,12,28,15,6.8,52.96,1,workday,22:09,07:05,55+,remote,1,1
user_132,2024-01-19,85.83,4,179,37,18,27,20,2.24,80.77,1,workday,22:39,06:34,55+,remote,1,1
user_132,2024-01-20,97.03,4,164,35,0,26,12,1.51,78.48,0,weekend,23:37,07:58,55+,remote,1,1
user_132,2024-01-21,82.08,4,224,41,19,36,21,4.14,59.88,0,weekend,22:57,07:35,55+,remote,1,1
user_132,2024-01-22,99.79,4,212,38,16,34,24,6.12,68.67,0,workday,23:27,07:29,55+,remote,1,1
user_132,2024-01-23,66.69,3,300,47,27,32,30,4.11,52.22,0,workday,22:38,07:15,55+,remote,1,1
user_132,2024-01-24,77.26,4,209,39,0,25,20,3.13,58.34,1,workday,22:49,06:48,55+,remote,1,1
user_132,2024-01-25,44.78,2,261,38,11,16,12,3.49,61.58,0,workday,23:11,06:47,55+,remote,1,1
user_132,2024-01-26,89.44,4,224,22,12,23,9,2.56,53.91,0,workday,22:45,06:17,55+,remote,1,1
user_132,2024-01-27,52.31,3,234,39,15,16,18,3.76,43.93,1,weekend,00:08,08:06,55+,remote,1,1
user_132,2024-01-28,98.77,4,198,32,2,29,14,3.26,51.72,0,weekend,22:48,06:59,55+,remote,1,1
user_133,2024-01-01,77.95,4,174,29,22,36,20,3.04,66.59,1,workday,23:35,06:06,35-44,hybrid,0,0
user_133,2024-01-02,69.13,3,153,44,29,31,13,4.19,82.05,0,workday,23:21,06:39,35-44,hybrid,0,0
user_133,2024-01-03,52.82,3,181,30,15,18,18,3.76,60.63,0,workday,23:14,07:06,35-44,hybrid,0,0
user_133,2024-01-04,63.05,3,207,44,28,18,12,8.15,50.97,1,workday,22:37,06:56,35-44,hybrid,0,0
user_133,2024-01-05,56.58,3,208,42,14,39,23,5.86,64.73,0,workday,22:23,06:58,35-44,hybrid,0,0
user_133,2024-01-06,56.56,3,226,38,19,18,30,6.65,41.82,0,weekend,00:08,08:03,35-44,hybrid,0,0
user_133,2024-01-07,78.15,4,212,34,27,34,9,3.96,82.8,0,weekend,22:21,08:32,35-44,hybrid,0,0
user_133,2024-01-08,43.14,2,189,48,36,22,20,9.09,67.18,1,workday,23:31,07:07,35-44,hybrid,0,0
user_133,2024-01-09,54.64,3,240,60,13,33,24,4.97,52.27,1,workday,00:14,07:36,35-44,hybrid,0,0
user_133,2024-01-10,52.87,3,258,36,20,19,26,5.85,54.26,1,workday,23:30,06:21,35-44,hybrid,0,0
user_133,2024-01-11,36.43,2,168,53,16,29,22,5.67,51.02,0,workday,23:37,06:45,35-44,hybrid,0,0
user_133,2024-01-12,97.96,4,194,39,17,34,14,3.92,69.4,0,workday,00:17,07:18,35-44,hybrid,0,0
user_133,2024-01-13,60.55,3,188,47,12,40,27,5.72,35.78,0,weekend,00:14,07:15,35-44,hybrid,0,0
user_133,2024-01-14,29.8,2,188,39,5,29,21,5.16,53.77,0,weekend,23:42,07:50,35-44,hybrid,0,0
user_133,2024-01-15,100.0,4,186,41,24,22,15,3.73,78.08,0,workday,22:45,06:58,35-44,hybrid,0,0
user_133,2024-01-16,43.76,2,236,53,16,23,26,3.67,51.31,1,workday,23:18,06:42,35-44,hybrid,0,0
user_133,2024-01-17,56.03,3,202,42,29,29,24,5.02,45.37,0,workday,22:26,07:00,35-44,hybrid,0,0
user_133,2024-01-18,83.5,4,231,46,29,37,17,4.68,41.07,0,workday,22:40,07:23,35-44,hybrid,0,0
user_133,2024-01-19,45.51,2,164,39,18,26,28,3.6,67.36,1,workday,23:13,06:56,35-44,hybrid,0,0
user_133,2024-01-20,46.58,2,248,59,15,34,18,6.9,44.08,0,weekend,23:20,07:39,35-44,hybrid,0,0
user_133,2024-01-21,63.49,3,242,35,26,25,11,4.49,64.89,0,weekend,23:21,07:31,35-44,hybrid,0,0
user_133,2024-01-22,69.16,3,131,47,19,28,23,5.37,51.42,1,workday,21:41,06:23,35-44,hybrid,0,0
user_133,2024-01-23,50.92,3,233,43,15,25,18,3.87,55.98,0,workday,22:44,06:16,35-44,hybrid,0,0
user_133,2024-01-24,61.47,3,221,29,15,7,16,3.51,52.54,1,workday,22:30,07:05,35-44,hybrid,0,0
user_133,2024-01-25,56.93,3,218,34,3,28,17,3.68,55.37,0,workday,23:16,07:31,35-44,hybrid,0,0
user_133,2024-01-26,72.6,3,238,36,36,10,21,5.55,44.39,0,workday,22:54,06:23,35-44,hybrid,0,0
user_133,2024-01-27,57.28,3,210,16,8,16,12,3.66,56.53,0,weekend,22:39,07:10,35-44,hybrid,0,0
user_133,2024-01-28,64.88,3,224,26,7,14,14,3.47,55.45,0,weekend,22:56,07:52,35-44,hybrid,0,0
user_134,2024-01-01,39.79,2,179,33,18,21,11,5.12,43.55,0,workday,23:26,07:42,25-34,on_site,1,0
user_134,2024-01-02,66.42,3,190,31,10,24,14,3.5,67.51,0,workday,21:57,06:46,25-34,on_site,1,0
user_134,2024-01-03,14.92,1,194,49,20,33,21,9.27,50.46,1,workday,22:51,07:41,25-34,on_site,1,0
user_134,2024-01-04,67.23,3,212,31,16,29,13,6.43,57.04,0,workday,23:22,06:50,25-34,on_site,1,0
user_134,2024-01-05,49.15,2,277,42,28,25,17,3.59,58.92,0,workday,22:03,06:58,25-34,on_site,1,0
user_134,2024-01-06,35.14,2,191,59,35,31,26,6.01,29.85,0,weekend,23:46,07:53,25-34,on_site,1,0
user_134,2024-01-07,86.62,4,200,26,19,15,12,3.66,86.22,0,weekend,23:22,08:04,25-34,on_site,1,0
user_134,2024-01-08,36.71,2,210,47,26,37,25,6.64,46.26,0,workday,23:09,07:40,25-34,on_site,1,0
user_134,2024-01-09,37.68,2,189,34,15,26,14,5.89,48.06,0,workday,22:15,06:10,25-34,on_site,1,0
user_134,2024-01-10,34.34,2,191,60,35,30,21,6.22,52.49,0,workday,23:21,07:02,25-34,on_site,1,0
user_134,2024-01-11,53.55,3,205,31,23,25,22,2.92,75.16,1,workday,21:24,06:29,25-34,on_site,1,0
user_134,2024-01-12,44.43,2,138,35,32,22,24,8.1,61.23,1,workday,22:08,07:13,25-34,on_site,1,0
user_134,2024-01-13,56.07,3,239,39,0,22,21,2.25,53.69,0,weekend,23:26,07:56,25-34,on_site,1,0
user_134,2024-01-14,66.43,3,192,28,14,28,13,4.57,68.11,0,weekend,23:22,07:09,25-34,on_site,1,0
user_134,2024-01-15,11.54,1,216,56,39,32,21,6.86,54.86,1,workday,23:40,06:31,25-34,on_site,1,0
user_134,2024-01-16,47.23,2,236,36,9,25,16,3.23,71.42,0,workday,23:58,06:35,25-34,on_site,1,0
user_134,2024-01-17,23.55,1,171,46,25,34,17,4.19,45.27,0,workday,22:43,07:41,25-34,on_site,1,0
user_134,2024-01-18,63.37,3,238,55,18,37,20,6.42,53.33,0,workday,23:06,07:06,25-34,on_site,1,0
user_134,2024-01-19,57.48,3,192,35,17,37,19,6.07,53.88,0,workday,23:11,06:55,25-34,on_site,1,0
user_134,2024-01-20,59.48,3,271,58,21,35,20,4.24,47.24,0,weekend,22:07,07:49,25-34,on_site,1,0
user_134,2024-01-21,44.1,2,194,39,14,30,12,7.08,49.52,0,weekend,23:50,08:21,25-34,on_site,1,0
user_134,2024-01-22,47.35,2,261,48,15,46,16,9.04,49.01,1,workday,22:38,06:52,25-34,on_site,1,0
user_134,2024-01-23,20.82,1,202,49,23,31,22,5.93,62.88,0,workday,23:35,07:48,25-34,on_site,1,0
user_134,2024-01-24,15.07,1,226,45,14,32,17,6.39,50.26,1,workday,23:55,06:59,25-34,on_site,1,0
user_134,2024-01-25,46.89,2,218,35,9,32,17,4.59,63.35,0,workday,22:31,07:00,25-34,on_site,1,0
user_134,2024-01-26,68.8,3,202,44,38,21,18,2.43,64.76,1,workday,22:14,07:09,25-34,on_site,1,0
user_134,2024-01-27,43.35,2,196,44,14,29,25,4.17,46.57,0,weekend,23:01,07:57,25-34,on_site,1,0
user_134,2024-01-28,62.38,3,202,31,10,15,16,5.14,46.69,0,weekend,23:23,07:15,25-34,on_site,1,0
user_135,2024-01-01,1.55,1,252,48,30,28,18,5.94,54.13,0,workday,22:12,06:58,35-44,remote,0,0
user_135,2024-01-02,44.82,2,218,32,26,22,14,4.08,72.03,0,workday,23:17,06:31,35-44,remote,0,0
user_135,2024-01-03,6.25,1,198,60,30,43,30,7.42,55.06,1,workday,00:23,07:04,35-44,remote,0,0
user_135,2024-01-04,35.92,2,230,47,26,26,12,5.74,56.18,0,workday,23:17,06:40,35-44,remote,0,0
user_135,2024-01-05,37.94,2,268,47,9,30,18,5.2,61.64,0,workday,22:41,07:26,35-44,remote,0,0
user_135,2024-01-06,80.39,4,217,17,7,15,11,1.14,80.18,0,weekend,23:08,07:21,35-44,remote,0,0
user_135,2024-01-07,23.19,1,249,51,30,33,14,4.52,58.18,1,weekend,23:58,07:35,35-44,remote,0,0
user_135,2024-01-08,10.58,1,252,51,8,27,22,6.05,66.78,1,workday,23:19,07:22,35-44,remote,0,0
user_135,2024-01-09,44.93,2,216,38,17,36,15,3.95,56.26,0,workday,23:26,07:36,35-44,remote,0,0
user_135,2024-01-10,19.07,1,248,49,16,28,13,5.26,59.14,1,workday,23:44,07:03,35-44,remote,0,0
user_135,2024-01-11,29.87,2,212,60,18,40,25,4.78,67.69,0,workday,23:41,06:28,35-44,remote,0,0
user_135,2024-01-12,9.92,1,258,60,25,37,16,5.17,44.18,0,workday,23:29,06:57,35-44,remote,0,0
user_135,2024-01-13,30.68,2,223,48,15,34,13,5.32,50.07,0,weekend,23:41,07:57,35-44,remote,0,0
user_135,2024-01-14,68.52,3,260,38,24,25,18,5.42,70.88,0,weekend,23:36,07:42,35-44,remote,0,0
user_135,2024-01-15,0.0,1,220,45,26,28,27,7.82,43.46,1,workday,23:44,06:26,35-44,remote,0,0
user_135,2024-01-16,11.19,1,169,46,16,33,20,4.46,51.35,0,workday,23:35,07:02,35-44,remote,0,0
user_135,2024-01-17,39.51,2,169,36,25,34,22,5.98,60.39,0,workday,21:54,06:58,35-44,remote,0,0
user_135,2024-01-18,14.45,1,246,38,20,27,17,4.64,57.61,1,workday,23:03,07:07,35-44,remote,0,0
user_135,2024-01-19,22.57,1,222,28,12,8,8,6.27,58.5,1,workday,22:54,06:04,35-44,remote,0,0
user_135,2024-01-20,25.22,2,181,46,17,36,20,4.5,38.53,0,weekend,01:23,07:37,35-44,remote,0,0
user_135,2024-01-21,41.58,2,300,49,24,46,24,3.55,64.04,0,weekend,23:45,08:52,35-44,remote,0,0
user_135,2024-01-22,57.04,3,235,56,23,27,30,3.79,67.4,0,workday,22:34,06:54,35-44,remote,0,0
user_135,2024-01-23,10.68,1,199,28,8,32,17,7.63,61.25,1,workday,22:14,07:14,35-44,remote,0,0
user_135,2024-01-24,23.5,1,220,57,15,30,19,3.63,65.13,1,workday,22:48,07:13,35-44,remote,0,0
user_135,2024-01-25,67.45,3,277,45,13,35,16,2.55,49.21,0,workday,22:42,07:54,35-44,remote,0,0
user_135,2024-01-26,4.49,1,246,49,15,41,20,6.0,62.83,1,workday,22:15,06:38,35-44,remote,0,0
user_135,2024-01-27,12.55,1,262,60,28,39,23,6.15,43.74,0,weekend,00:58,07:08,35-44,remote,0,0
user_135,2024-01-28,33.85,2,237,49,44,48,20,4.26,62.02,0,weekend,22:22,07:44,35-44,remote,0,0
user_136,2024-01-01,26.02,2,231,31,28,13,14,7.03,36.09,1,workday,23:20,07:02,18-24,hybrid,1,0
user_136,2024-01-02,16.13,1,234,48,22,32,22,8.11,38.15,1,workday,23:34,06:27,18-24,hybrid,1,0
user_136,2024-01-03,67.59,3,167,38,20,25,24,3.93,72.78,1,workday,22:51,06:50,18-24,hybrid,1,0
user_136,2024-01-04,44.7,2,183,32,17,35,18,4.46,46.4,0,workday,00:00,07:12,18-24,hybrid,1,0
user_136,2024-01-05,46.21,2,168,24,7,14,14,3.82,57.71,1,workday,22:04,06:17,18-24,hybrid,1,0
user_136,2024-01-06,32.0,2,229,42,36,39,23,4.08,71.34,0,weekend,23:39,08:23,18-24,hybrid,1,0
user_136,2024-01-07,29.02,2,193,25,20,22,21,6.35,44.36,0,weekend,23:41,08:33,18-24,hybrid,1,0
user_136,2024-01-08,27.65,2,253,39,33,24,16,4.75,63.42,1,workday,22:25,07:32,18-24,hybrid,1,0
user_136,2024-01-09,45.66,2,154,29,20,28,16,4.24,63.52,0,workday,22:43,06:23,18-24,hybrid,1,0
user_136,2024-01-10,41.17,2,246,37,9,18,14,5.3,47.38,1,workday,22:41,07:16,18-24,hybrid,1,0
user_136,2024-01-11,28.93,2,238,46,34,37,8,3.92,65.02,0,workday,22:45,07:11,18-24,hybrid,1,0
user_136,2024-01-12,54.29,3,230,47,35,31,22,4.57,45.95,0,workday,22:26,06:22,18-24,hybrid,1,0
user_136,2024-01-13,45.52,2,187,28,3,28,18,3.11,45.24,0,weekend,23:54,08:16,18-24,hybrid,1,0
user_136,2024-01-14,41.77,2,217,27,13,28,19,2.13,60.29,1,weekend,22:56,07:35,18-24,hybrid,1,0
user_136,2024-01-15,48.97,2,251,44,33,28,21,5.26,45.59,0,workday,22:26,07:22,18-24,hybrid,1,0
user_136,2024-01-16,52.24,3,208,21,4,13,20,2.62,75.15,0,workday,22:08,06:37,18-24,hybrid,1,0
user_136,2024-01-17,48.18,2,279,43,16,29,18,5.5,47.07,0,workday,22:53,06:55,18-24,hybrid,1,0
user_136,2024-01-18,1.53,1,256,33,18,30,17,4.36,59.12,1,workday,23:13,06:47,18-24,hybrid,1,0
user_136,2024-01-19,73.0,3,193,38,8,18,17,2.66,47.03,0,workday,23:56,07:16,18-24,hybrid,1,0
user_136,2024-01-20,32.74,2,230,34,21,12,24,4.55,54.56,0,weekend,23:43,08:00,18-24,hybrid,1,0
user_136,2024-01-21,67.27,3,264,55,24,37,25,4.98,64.22,0,weekend,23:51,07:29,18-24,hybrid,1,0
user_136,2024-01-22,52.7,3,203,44,15,29,24,6.44,63.85,0,workday,23:50,06:58,18-24,hybrid,1,0
user_136,2024-01-23,45.11,2,212,37,20,31,11,2.69,57.68,0,workday,22:34,07:55,18-24,hybrid,1,0
user_136,2024-01-24,41.49,2,211,46,36,29,22,5.25,43.3,1,workday,00:29,07:12,18-24,hybrid,1,0
user_136,2024-01-25,78.09,4,261,40,11,13,23,5.53,51.49,0,workday,00:06,07:21,18-24,hybrid,1,0
user_136,2024-01-26,26.7,2,199,53,24,41,18,4.21,48.45,1,workday,23:08,06:35,18-24,hybrid,1,0
user_136,2024-01-27,82.6,4,281,51,24,50,19,5.5,79.11,0,weekend,23:36,08:00,18-24,hybrid,1,0
user_136,2024-01-28,58.18,3,217,53,29,34,27,4.2,66.16,0,weekend,23:41,08:34,18-24,hybrid,1,0
user_137,2024-01-01,64.65,3,251,39,21,23,10,4.16,67.8,0,workday,23:24,06:45,55+,remote,0,0
user_137,2024-01-02,64.62,3,200,51,20,28,24,4.1,55.72,0,workday,23:26,06:20,55+,remote,0,0
user_137,2024-01-03,53.67,3,279,60,15,32,23,7.26,40.88,0,workday,23:17,06:52,55+,remote,0,0
user_137,2024-01-04,63.49,3,200,51,31,37,22,4.71,59.57,0,workday,22:59,07:04,55+,remote,0,0
user_137,2024-01-05,33.78,2,300,36,25,18,24,5.39,60.21,1,workday,23:46,06:42,55+,remote,0,0
user_137,2024-01-06,61.94,3,292,43,21,35,19,4.13,54.35,0,weekend,00:31,07:34,55+,remote,0,0
user_137,2024-01-07,66.76,3,221,50,31,36,25,3.14,51.86,0,weekend,23:35,08:27,55+,remote,0,0
user_137,2024-01-08,43.33,2,198,21,11,15,8,4.52,50.26,1,workday,22:26,06:54,55+,remote,0,0
user_137,2024-01-09,53.39,3,227,49,27,27,27,5.92,95.29,0,workday,23:16,06:24,55+,remote,0,0
user_137,2024-01-10,93.49,4,253,44,15,31,10,4.74,79.18,0,workday,23:05,06:25,55+,remote,0,0
user_137,2024-01-11,62.88,3,229,44,26,29,27,6.13,44.11,0,workday,22:56,06:39,55+,remote,0,0
user_137,2024-01-12,30.64,2,208,46,17,34,18,2.43,67.7,1,workday,23:05,06:16,55+,remote,0,0
user_137,2024-01-13,64.64,3,259,37,11,37,18,4.85,53.2,0,weekend,22:27,07:06,55+,remote,0,0
user_137,2024-01-14,32.75,2,265,51,23,36,19,3.79,49.19,1,weekend,23:20,08:08,55+,remote,0,0
user_137,2024-01-15,26.76,2,300,45,29,31,30,7.9,39.72,0,workday,22:58,06:47,55+,remote,0,0
user_137,2024-01-16,81.12,4,154,23,9,33,8,2.7,71.38,0,workday,22:31,07:24,55+,remote,0,0
user_137,2024-01-17,56.32,3,247,50,29,35,24,3.38,60.01,0,workday,23:50,06:43,55+,remote,0,0
user_137,2024-01-18,90.94,4,257,50,15,32,19,4.35,78.81,0,workday,22:13,05:53,55+,remote,0,0
user_137,2024-01-19,23.6,1,247,52,33,38,15,4.44,57.85,1,workday,22:35,06:19,55+,remote,0,0
user_137,2024-01-20,71.98,3,233,51,21,36,18,4.54,67.83,0,weekend,23:56,07:49,55+,remote,0,0
user_137,2024-01-21,87.17,4,210,23,12,17,16,2.69,50.58,0,weekend,21:56,07:44,55+,remote,0,0
user_137,2024-01-22,63.48,3,252,43,12,24,14,4.97,58.27,0,workday,22:56,06:38,55+,remote,0,0
user_137,2024-01-23,73.47,3,276,46,17,19,21,2.45,65.33,0,workday,23:40,07:37,55+,remote,0,0
user_137,2024-01-24,66.52,3,206,19,9,14,4,3.12,76.0,0,workday,23:34,05:27,55+,remote,0,0
user_137,2024-01-25,44.14,2,199,33,24,27,15,4.39,40.46,0,workday,22:32,06:44,55+,remote,0,0
user_137,2024-01-26,42.63,2,214,45,11,21,19,4.97,56.87,1,workday,22:51,06:19,55+,remote,0,0
user_137,2024-01-27,53.83,3,216,40,19,24,13,1.56,71.82,0,weekend,00:00,07:03,55+,remote,0,0
user_137,2024-01-28,42.59,2,242,55,13,26,20,3.54,54.47,0,weekend,00:12,07:11,55+,remote,0,0
user_138,2024-01-01,58.89,3,214,45,32,28,20,6.7,52.58,0,workday,23:14,07:22,25-34,hybrid,0,0
user_138,2024-01-02,60.92,3,209,47,11,39,13,2.76,52.41,0,workday,23:16,07:13,25-34,hybrid,0,0
user_138,2024-01-03,58.2,3,218,28,4,23,13,2.74,49.21,1,workday,22:58,07:05,25-34,hybrid,0,0
user_138,2024-01-04,66.94,3,203,29,20,21,23,5.91,63.81,0,workday,21:55,07:29,25-34,hybrid,0,0
user_138,2024-01-05,85.44,4,124,17,9,24,7,2.28,81.76,0,workday,23:47,06:48,25-34,hybrid,0,0
user_138,2024-01-06,64.5,3,233,54,38,25,23,3.72,45.89,0,weekend,23:20,08:01,25-34,hybrid,0,0
user_138,2024-01-07,10.35,1,252,54,32,31,30,6.63,55.68,1,weekend,00:07,07:53,25-34,hybrid,0,0
user_138,2024-01-08,29.7,2,190,32,5,25,12,6.18,73.1,0,workday,22:20,07:22,25-34,hybrid,0,0
user_138,2024-01-09,37.1,2,233,47,43,31,30,6.43,49.16,0,workday,22:57,06:28,25-34,hybrid,0,0
user_138,2024-01-10,76.69,4,197,13,3,15,4,2.75,63.4,0,workday,22:11,06:35,25-34,hybrid,0,0
user_138,2024-01-11,43.17,2,248,36,10,23,10,5.66,42.39,0,workday,23:05,07:05,25-34,hybrid,0,0
user_138,2024-01-12,40.39,2,192,60,37,38,23,9.4,40.09,0,workday,23:39,06:56,25-34,hybrid,0,0
user_138,2024-01-13,22.53,1,187,42,28,21,19,4.02,49.57,0,weekend,22:47,07:46,25-34,hybrid,0,0
user_138,2024-01-14,20.06,1,153,35,21,19,13,3.69,59.83,0,weekend,23:53,08:00,25-34,hybrid,0,0
user_138,2024-01-15,55.57,3,201,42,15,18,21,3.66,55.97,0,workday,23:14,07:36,25-34,hybrid,0,0
user_138,2024-01-16,21.32,1,178,38,12,22,20,5.08,72.86,0,workday,23:13,07:40,25-34,hybrid,0,0
user_138,2024-01-17,33.3,2,249,60,23,34,17,7.0,80.06,1,workday,23:08,07:19,25-34,hybrid,0,0
user_138,2024-01-18,13.08,1,164,27,11,20,12,2.37,50.86,1,workday,22:47,06:56,25-34,hybrid,0,0
user_138,2024-01-19,48.62,2,240,38,27,27,13,5.98,58.53,0,workday,23:16,06:39,25-34,hybrid,0,0
user_138,2024-01-20,58.81,3,279,45,26,28,20,5.2,40.25,0,weekend,23:58,06:46,25-34,hybrid,0,0
user_138,2024-01-21,27.75,2,188,29,14,25,17,4.67,62.48,0,weekend,23:37,07:43,25-34,hybrid,0,0
user_138,2024-01-22,27.61,2,199,52,28,24,20,6.77,27.49,0,workday,23:39,07:07,25-34,hybrid,0,0
user_138,2024-01-23,40.06,2,203,39,11,37,16,6.6,52.1,0,workday,22:00,07:16,25-34,hybrid,0,0
user_138,2024-01-24,62.77,3,168,37,4,29,17,2.62,59.88,0,workday,22:43,07:38,25-34,hybrid,0,0
user_138,2024-01-25,43.04,2,202,47,16,28,25,7.66,53.74,0,workday,22:58,06:34,25-34,hybrid,0,0
user_138,2024-01-26,68.76,3,227,26,7,23,11,3.73,60.99,1,workday,22:56,06:06,25-34,hybrid,0,0
user_138,2024-01-27,56.81,3,238,34,5,30,23,3.97,50.08,0,weekend,22:41,07:47,25-34,hybrid,0,0
user_138,2024-01-28,80.71,4,194,36,24,21,14,1.57,80.61,0,weekend,23:26,07:14,25-34,hybrid,0,0
user_139,2024-01-01,66.36,3,203,34,19,26,16,0.45,76.69,0,workday,22:28,06:28,45-54,remote,0,0
user_139,2024-01-02,0.0,1,252,33,11,35,12,5.15,45.35,1,workday,22:53,07:00,45-54,remote,0,0
user_139,2024-01-03,40.15,2,122,18,14,26,17,3.43,41.16,1,workday,22:28,06:59,45-54,remote,0,0
user_139,2024-01-04,34.32,2,241,53,43,34,30,4.93,64.73,0,workday,22:55,07:06,45-54,remote,0,0
user_139,2024-01-05,51.07,3,208,47,14,28,20,4.9,55.99,0,workday,22:52,07:36,45-54,remote,0,0
user_139,2024-01-06,50.55,3,251,55,11,19,30,6.35,61.07,0,weekend,00:06,07:47,45-54,remote,0,0
user_139,2024-01-07,31.01,2,263,39,29,21,10,5.12,52.1,0,weekend,23:12,08:29,45-54,remote,0,0
user_139,2024-01-08,38.42,2,255,44,32,23,22,4.81,68.9,0,workday,00:16,07:18,45-54,remote,0,0
user_139,2024-01-09,46.13,2,215,55,14,38,28,5.08,35.58,0,workday,23:23,07:36,45-54,remote,0,0
user_139,2024-01-10,0.0,1,285,51,12,35,18,4.6,47.37,1,workday,23:47,07:22,45-54,remote,0,0
user_139,2024-01-11,39.13,2,230,60,22,28,22,5.04,58.3,1,workday,23:43,06:57,45-54,remote,0,0
user_139,2024-01-12,32.15,2,259,60,24,46,29,6.16,52.41,1,workday,22:43,07:46,45-54,remote,0,0
user_139,2024-01-13,58.18,3,270,45,25,17,22,4.72,73.04,0,weekend,23:07,08:38,45-54,remote,0,0
user_139,2024-01-14,27.89,2,277,55,42,40,21,5.83,45.86,0,weekend,23:31,07:53,45-54,remote,0,0
user_139,2024-01-15,13.59,1,218,32,23,25,19,5.32,54.77,0,workday,22:57,07:29,45-54,remote,0,0
user_139,2024-01-16,51.27,3,249,33,9,18,17,4.31,69.55,0,workday,22:46,07:36,45-54,remote,0,0
user_139,2024-01-17,20.68,1,265,60,20,28,30,7.16,55.06,1,workday,23:54,06:45,45-54,remote,0,0
user_139,2024-01-18,41.85,2,264,45,22,26,25,7.28,44.33,0,workday,22:37,07:34,45-54,remote,0,0
user_139,2024-01-19,37.35,2,257,60,27,47,22,6.57,67.17,0,workday,23:22,06:55,45-54,remote,0,0
user_139,2024-01-20,71.7,3,178,22,21,15,17,2.77,80.84,0,weekend,23:28,07:44,45-54,remote,0,0
user_139,2024-01-21,43.57,2,297,51,36,33,29,4.09,64.01,0,weekend,23:25,08:05,45-54,remote,0,0
user_139,2024-01-22,39.28,2,300,43,24,27,27,2.75,76.29,0,workday,22:48,07:29,45-54,remote,0,0
user_139,2024-01-23,57.76,3,281,47,5,33,20,6.1,65.26,0,workday,23:08,06:57,45-54,remote,0,0
user_139,2024-01-24,42.66,2,201,26,18,37,20,4.06,60.25,1,workday,22:44,07:11,45-54,remote,0,0
user_139,2024-01-25,60.88,3,265,38,12,25,21,5.73,63.82,0,workday,22:31,06:51,45-54,remote,0,0
user_139,2024-01-26,43.33,2,250,45,37,23,16,2.03,67.0,0,workday,23:28,06:58,45-54,remote,0,0
user_139,2024-01-27,46.25,2,234,37,15,21,24,2.61,67.09,0,weekend,22:31,07:37,45-54,remote,0,0
user_139,2024-01-28,0.0,1,268,54,13,33,22,10.0,25.04,1,weekend,00:25,08:50,45-54,remote,0,0
user_140,2024-01-01,44.27,2,158,43,15,16,4,3.97,63.58,1,workday,22:39,07:32,18-24,on_site,1,1
user_140,2024-01-02,58.73,3,145,25,6,23,10,5.06,52.45,0,workday,23:26,07:11,18-24,on_site,1,1
user_140,2024-01-03,79.09,4,170,33,16,15,19,3.45,53.53,0,workday,22:34,05:32,18-24,on_site,1,1
user_140,2024-01-04,79.1,4,209,40,6,19,11,7.01,68.82,0,workday,23:35,06:39,18-24,on_site,1,1
user_140,2024-01-05,34.54,2,221,46,21,36,15,5.53,68.73,0,workday,22:49,06:59,18-24,on_site,1,1
user_140,2024-01-06,29.38,2,196,37,20,20,20,6.2,57.98,0,weekend,22:37,07:44,18-24,on_site,1,1
user_140,2024-01-07,47.37,2,229,39,11,35,15,5.52,72.45,0,weekend,23:16,07:49,18-24,on_site,1,1
user_140,2024-01-08,49.28,2,145,26,17,21,17,2.18,65.07,1,workday,21:52,06:35,18-24,on_site,1,1
user_140,2024-01-09,56.35,3,261,50,24,43,22,9.89,49.36,0,workday,23:16,08:15,18-24,on_site,1,1
user_140,2024-01-10,47.09,2,221,24,21,23,10,6.15,40.36,0,workday,23:12,06:37,18-24,on_site,1,1
user_140,2024-01-11,90.71,4,214,41,10,30,23,5.31,62.22,0,workday,23:09,06:52,18-24,on_site,1,1
user_140,2024-01-12,9.22,1,239,50,17,34,30,5.74,56.63,1,workday,00:08,07:24,18-24,on_site,1,1
user_140,2024-01-13,71.97,3,250,60,23,34,22,6.97,55.87,0,weekend,23:44,08:02,18-24,on_site,1,1
user_140,2024-01-14,36.46,2,250,27,13,35,16,3.57,31.23,1,weekend,22:32,08:24,18-24,on_site,1,1
user_140,2024-01-15,63.29,3,234,60,9,43,20,4.77,79.56,0,workday,22:48,08:13,18-24,on_site,1,1
user_140,2024-01-16,34.62,2,246,37,24,15,8,6.55,48.18,0,workday,22:58,07:16,18-24,on_site,1,1
user_140,2024-01-17,61.17,3,233,48,6,28,14,4.01,71.73,0,workday,22:27,07:55,18-24,on_site,1,1
user_140,2024-01-18,44.0,2,185,32,15,14,20,3.41,50.16,0,workday,23:43,06:22,18-24,on_site,1,1
user_140,2024-01-19,46.6,2,208,13,7,20,11,3.52,66.08,0,workday,22:59,06:57,18-24,on_site,1,1
user_140,2024-01-20,74.21,3,206,49,40,32,24,3.8,63.19,0,weekend,23:24,08:05,18-24,on_site,1,1
user_140,2024-01-21,11.31,1,210,36,24,25,12,4.3,48.71,1,weekend,00:37,06:31,18-24,on_site,1,1
user_140,2024-01-22,54.27,3,212,22,7,15,16,4.91,68.3,1,workday,22:49,06:43,18-24,on_site,1,1
user_140,2024-01-23,60.67,3,251,43,37,42,26,8.56,63.34,1,workday,23:06,06:35,18-24,on_site,1,1
user_140,2024-01-24,37.65,2,239,41,23,19,18,5.49,31.94,1,workday,22:14,06:14,18-24,on_site,1,1
user_140,2024-01-25,56.73,3,259,45,33,36,12,7.71,54.0,0,workday,23:23,06:49,18-24,on_site,1,1
user_140,2024-01-26,46.86,2,203,19,13,19,4,7.71,37.89,1,workday,21:52,07:36,18-24,on_site,1,1
user_140,2024-01-27,61.18,3,193,38,22,27,19,3.38,69.64,0,weekend,23:45,07:32,18-24,on_site,1,1
user_140,2024-01-28,51.56,3,195,43,10,36,23,2.22,43.95,0,weekend,23:12,07:53,18-24,on_site,1,1
user_141,2024-01-01,55.89,3,247,46,32,28,13,4.05,51.91,1,workday,22:27,07:16,25-34,remote,1,0
user_141,2024-01-02,15.49,1,279,54,28,41,17,4.93,70.33,1,workday,22:40,06:37,25-34,remote,1,0
user_141,2024-01-03,36.08,2,202,50,12,28,24,5.87,64.58,0,workday,22:29,06:50,25-34,remote,1,0
user_141,2024-01-04,61.45,3,202,51,24,32,30,2.73,48.86,0,workday,22:15,07:21,25-34,remote,1,0
user_141,2024-01-05,1.3,1,237,60,38,43,30,6.81,47.84,1,workday,23:12,07:12,25-34,remote,1,0
user_141,2024-01-06,59.22,3,210,30,12,28,11,3.5,59.71,0,weekend,00:36,07:43,25-34,remote,1,0
user_141,2024-01-07,55.13,3,176,28,16,34,4,4.18,72.43,0,weekend,00:22,08:08,25-34,remote,1,0
user_141,2024-01-08,30.38,2,240,49,5,50,20,6.82,56.51,0,workday,22:50,07:00,25-34,remote,1,0
user_141,2024-01-09,5.98,1,148,51,27,39,24,7.83,37.05,1,workday,00:23,07:12,25-34,remote,1,0
user_141,2024-01-10,21.6,1,243,48,20,25,20,5.62,61.93,1,workday,22:29,07:07,25-34,remote,1,0
user_141,2024-01-11,55.38,3,198,43,14,27,14,1.21,55.47,0,workday,21:55,07:38,25-34,remote,1,0
user_141,2024-01-12,30.83,2,274,42,22,33,19,5.92,52.47,1,workday,22:48,06:41,25-34,remote,1,0
user_141,2024-01-13,51.8,3,169,45,18,20,18,3.15,46.66,0,weekend,23:50,07:27,25-34,remote,1,0
user_141,2024-01-14,47.35,2,239,48,9,22,21,3.92,66.16,0,weekend,23:44,07:14,25-34,remote,1,0
user_141,2024-01-15,40.35,2,272,46,9,29,23,7.98,46.43,0,workday,22:53,07:39,25-34,remote,1,0
user_141,2024-01-16,30.13,2,236,45,16,26,17,6.75,58.58,1,workday,23:32,06:44,25-34,remote,1,0
user_141,2024-01-17,32.2,2,272,50,19,50,17,6.4,49.29,0,workday,23:55,07:01,25-34,remote,1,0
user_141,2024-01-18,20.83,1,189,27,20,25,19,6.55,39.27,0,workday,23:35,07:17,25-34,remote,1,0
user_141,2024-01-19,22.52,1,300,60,16,28,20,8.43,41.75,1,workday,23:52,06:26,25-34,remote,1,0
user_141,2024-01-20,36.62,2,229,52,29,36,22,6.58,69.74,0,weekend,23:49,07:14,25-34,remote,1,0
user_141,2024-01-21,66.52,3,229,34,12,30,13,5.8,64.63,0,weekend,23:46,07:49,25-34,remote,1,0
user_141,2024-01-22,18.96,1,243,37,23,33,20,6.58,15.02,1,workday,21:48,07:02,25-34,remote,1,0
user_141,2024-01-23,55.19,3,176,26,24,23,23,7.08,50.44,0,workday,23:03,06:59,25-34,remote,1,0
user_141,2024-01-24,62.47,3,263,37,13,37,26,8.29,71.56,0,workday,22:49,07:36,25-34,remote,1,0
user_141,2024-01-25,69.05,3,220,30,11,24,9,2.53,72.77,0,workday,23:57,07:07,25-34,remote,1,0
user_141,2024-01-26,53.99,3,157,19,9,12,12,2.55,51.22,1,workday,21:47,06:41,25-34,remote,1,0
user_141,2024-01-27,24.9,1,228,56,26,28,27,5.63,41.32,1,weekend,23:29,08:07,25-34,remote,1,0
user_141,2024-01-28,67.7,3,198,42,23,23,23,4.34,58.28,0,weekend,22:55,07:51,25-34,remote,1,0
user_142,2024-01-01,50.38,3,165,42,19,29,23,6.49,50.66,1,workday,22:09,07:19,25-34,on_site,0,0
user_142,2024-01-02,42.31,2,258,40,16,35,15,4.32,58.36,0,workday,22:32,06:34,25-34,on_site,0,0
user_142,2024-01-03,49.83,2,207,22,9,16,10,5.06,39.76,0,workday,22:46,07:14,25-34,on_site,0,0
user_142,2024-01-04,49.27,2,154,21,14,23,11,1.83,73.66,0,workday,22:56,06:13,25-34,on_site,0,0
user_142,2024-01-05,35.61,2,219,27,6,29,13,3.0,54.6,0,workday,22:33,08:07,25-34,on_site,0,0
user_142,2024-01-06,48.05,2,189,30,8,17,21,0.0,63.05,0,weekend,22:34,07:42,25-34,on_site,0,0
user_142,2024-01-07,41.25,2,185,48,25,38,14,2.08,46.5,0,weekend,23:12,07:27,25-34,on_site,0,0
user_142,2024-01-08,46.52,2,212,46,25,25,18,8.08,64.48,0,workday,23:27,07:27,25-34,on_site,0,0
user_142,2024-01-09,33.33,2,177,39,22,21,25,3.53,82.52,0,workday,23:10,06:52,25-34,on_site,0,0
user_142,2024-01-10,45.37,2,190,37,18,42,17,6.0,64.42,1,workday,22:57,06:05,25-34,on_site,0,0
user_142,2024-01-11,31.19,2,153,29,10,29,17,1.33,64.89,1,workday,22:47,06:45,25-34,on_site,0,0
user_142,2024-01-12,64.88,3,187,26,8,14,15,3.52,55.46,0,workday,22:58,06:50,25-34,on_site,0,0
user_142,2024-01-13,43.22,2,247,40,14,28,23,5.81,34.75,0,weekend,23:24,07:09,25-34,on_site,0,0
user_142,2024-01-14,12.81,1,213,44,20,28,25,5.2,46.13,1,weekend,00:16,07:48,25-34,on_site,0,0
user_142,2024-01-15,47.4,2,241,35,7,10,13,6.72,45.58,0,workday,21:53,06:55,25-34,on_site,0,0
user_142,2024-01-16,13.24,1,244,46,20,35,22,6.95,48.05,0,workday,22:38,07:20,25-34,on_site,0,0
user_142,2024-01-17,16.33,1,241,60,32,42,18,6.22,46.33,1,workday,23:18,07:29,25-34,on_site,0,0
user_142,2024-01-18,30.13,2,168,49,30,36,27,5.53,54.71,0,workday,23:21,07:35,25-34,on_site,0,0
user_142,2024-01-19,49.44,2,117,13,1,17,15,1.92,43.61,0,workday,22:28,07:39,25-34,on_site,0,0
user_142,2024-01-20,62.21,3,260,40,22,17,11,6.64,60.87,0,weekend,00:02,06:50,25-34,on_site,0,0
user_142,2024-01-21,34.05,2,268,34,22,25,18,5.75,64.77,0,weekend,23:45,08:13,25-34,on_site,0,0
user_142,2024-01-22,27.65,2,220,45,37,40,27,4.58,53.21,0,workday,22:54,06:41,25-34,on_site,0,0
user_142,2024-01-23,70.71,3,155,55,14,38,21,0.0,73.74,0,workday,22:44,06:56,25-34,on_site,0,0
user_142,2024-01-24,24.12,1,237,51,29,45,30,6.96,41.23,1,workday,22:58,07:09,25-34,on_site,0,0
user_142,2024-01-25,55.84,3,219,51,17,31,23,7.36,36.8,0,workday,22:25,07:35,25-34,on_site,0,0
user_142,2024-01-26,45.75,2,241,41,35,32,22,2.98,50.55,1,workday,23:31,08:02,25-34,on_site,0,0
user_142,2024-01-27,33.51,2,221,22,13,22,17,2.81,46.13,0,weekend,23:04,07:03,25-34,on_site,0,0
user_142,2024-01-28,58.33,3,183,39,28,27,16,4.36,63.25,0,weekend,23:09,07:26,25-34,on_site,0,0
user_143,2024-01-01,18.62,1,173,60,35,43,25,8.19,36.36,1,workday,21:42,06:49,55+,on_site,1,0
user_143,2024-01-02,83.62,4,235,23,16,24,16,6.18,56.67,0,workday,22:42,07:40,55+,on_site,1,0
user_143,2024-01-03,21.71,1,230,60,15,50,27,4.78,49.17,1,workday,23:02,07:02,55+,on_site,1,0
user_143,2024-01-04,49.53,2,178,60,32,38,21,6.59,40.08,1,workday,22:10,06:42,55+,on_site,1,0
user_143,2024-01-05,51.71,3,217,60,36,43,27,7.91,44.43,0,workday,22:36,06:29,55+,on_site,1,0
user_143,2024-01-06,56.11,3,203,36,15,20,13,3.39,57.98,0,weekend,22:36,07:25,55+,on_site,1,0
user_143,2024-01-07,79.23,4,226,33,23,9,19,1.81,65.56,0,weekend,23:31,07:57,55+,on_site,1,0
user_143,2024-01-08,63.07,3,241,60,53,36,21,8.71,38.55,0,workday,00:35,07:00,55+,on_site,1,0
user_143,2024-01-09,61.66,3,165,25,10,19,11,3.71,62.57,0,workday,23:07,07:08,55+,on_site,1,0
user_143,2024-01-10,55.55,3,140,30,17,21,5,4.31,67.26,1,workday,22:20,06:45,55+,on_site,1,0
user_143,2024-01-11,62.55,3,121,39,15,37,24,5.94,64.33,0,workday,22:17,08:00,55+,on_site,1,0
user_143,2024-01-12,49.11,2,231,44,16,25,22,5.55,61.44,0,workday,22:45,07:03,55+,on_site,1,0
user_143,2024-01-13,55.81,3,203,44,17,32,22,5.5,65.12,0,weekend,23:58,07:46,55+,on_site,1,0
user_143,2024-01-14,75.54,4,205,38,13,37,8,4.56,78.55,0,weekend,00:18,07:52,55+,on_site,1,0
user_143,2024-01-15,73.11,3,195,40,24,23,24,2.62,65.25,0,workday,22:54,07:24,55+,on_site,1,0
user_143,2024-01-16,21.57,1,162,45,22,17,17,5.82,64.26,1,workday,23:48,07:01,55+,on_site,1,0
user_143,2024-01-17,66.77,3,216,24,5,22,9,5.46,63.1,1,workday,22:48,06:50,55+,on_site,1,0
user_143,2024-01-18,50.77,3,196,47,22,14,17,4.58,59.06,1,workday,23:21,06:06,55+,on_site,1,0
user_143,2024-01-19,77.99,4,152,35,15,27,19,6.38,55.19,0,workday,22:42,07:56,55+,on_site,1,0
user_143,2024-01-20,38.04,2,273,56,31,26,24,3.56,41.5,0,weekend,23:16,08:00,55+,on_site,1,0
user_143,2024-01-21,56.34,3,215,35,19,24,19,5.51,67.45,0,weekend,23:40,07:30,55+,on_site,1,0
user_143,2024-01-22,69.44,3,160,39,4,24,19,3.79,60.02,0,workday,23:25,07:18,55+,on_site,1,0
user_143,2024-01-23,24.96,1,242,46,8,40,21,6.14,57.21,1,workday,23:17,06:50,55+,on_site,1,0
user_143,2024-01-24,65.59,3,212,58,4,29,14,5.46,56.52,0,workday,23:36,06:51,55+,on_site,1,0
user_143,2024-01-25,35.26,2,154,41,39,32,18,6.6,48.28,1,workday,23:47,07:34,55+,on_site,1,0
user_143,2024-01-26,63.23,3,236,45,37,23,17,4.73,59.43,1,workday,23:51,05:21,55+,on_site,1,0
user_143,2024-01-27,56.52,3,165,30,20,18,21,0.25,57.08,0,weekend,22:27,07:40,55+,on_site,1,0
user_143,2024-01-28,76.92,4,160,32,13,27,17,3.46,65.59,0,weekend,23:11,07:23,55+,on_site,1,0
user_144,2024-01-01,30.74,2,170,37,25,26,21,6.75,52.8,0,workday,22:58,06:52,35-44,hybrid,0,0
user_144,2024-01-02,5.94,1,149,26,11,31,11,6.45,41.4,1,workday,23:56,06:19,35-44,hybrid,0,0
user_144,2024-01-03,44.14,2,146,19,10,25,8,5.62,58.75,0,workday,23:34,06:38,35-44,hybrid,0,0
user_144,2024-01-04,58.43,3,204,39,25,26,19,5.45,38.73,0,workday,23:07,07:43,35-44,hybrid,0,0
user_144,2024-01-05,46.33,2,183,36,12,26,15,5.26,50.59,0,workday,23:11,07:41,35-44,hybrid,0,0
user_144,2024-01-06,56.19,3,176,38,16,25,18,5.7,73.35,0,weekend,23:17,07:33,35-44,hybrid,0,0
user_144,2024-01-07,43.63,2,272,60,4,27,16,6.07,58.53,1,weekend,00:04,07:39,35-44,hybrid,0,0
user_144,2024-01-08,14.23,1,216,50,36,31,14,7.04,44.39,1,workday,23:03,06:58,35-44,hybrid,0,0
user_144,2024-01-09,30.76,2,229,57,40,35,21,3.23,48.16,1,workday,22:55,06:41,35-44,hybrid,0,0
user_144,2024-01-10,27.31,2,235,52,21,34,24,5.35,46.75,0,workday,22:36,06:52,35-44,hybrid,0,0
user_144,2024-01-11,58.49,3,148,28,11,16,18,5.62,52.36,0,workday,23:18,06:44,35-44,hybrid,0,0
user_144,2024-01-12,39.97,2,252,22,6,21,12,7.92,45.15,0,workday,23:31,06:41,35-44,hybrid,0,0
user_144,2024-01-13,86.02,4,234,38,11,29,16,1.17,75.88,0,weekend,23:03,07:50,35-44,hybrid,0,0
user_144,2024-01-14,23.42,1,278,57,25,29,30,6.59,45.6,1,weekend,00:42,07:43,35-44,hybrid,0,0
user_144,2024-01-15,52.7,3,210,45,15,32,15,3.8,55.96,0,workday,22:25,07:28,35-44,hybrid,0,0
user_144,2024-01-16,44.94,2,202,22,13,23,7,7.22,60.63,0,workday,22:07,06:42,35-44,hybrid,0,0
user_144,2024-01-17,31.02,2,241,32,20,25,13,5.33,48.85,1,workday,22:03,06:29,35-44,hybrid,0,0
user_144,2024-01-18,49.4,2,166,40,6,25,29,6.59,31.53,1,workday,22:41,06:45,35-44,hybrid,0,0
user_144,2024-01-19,21.33,1,204,40,9,33,20,6.22,59.26,1,workday,22:29,06:26,35-44,hybrid,0,0
user_144,2024-01-20,39.87,2,237,39,25,26,12,6.05,47.12,0,weekend,23:29,08:08,35-44,hybrid,0,0
user_144,2024-01-21,92.99,4,167,28,4,23,11,3.37,75.6,0,weekend,00:04,08:06,35-44,hybrid,0,0
user_144,2024-01-22,54.58,3,185,29,5,14,15,0.8,47.05,1,workday,00:15,07:02,35-44,hybrid,0,0
user_144,2024-01-23,37.76,2,206,42,20,28,10,4.75,53.95,0,workday,00:18,07:05,35-44,hybrid,0,0
user_144,2024-01-24,33.52,2,154,36,14,23,18,6.01,41.0,0,workday,23:23,07:14,35-44,hybrid,0,0
user_144,2024-01-25,12.22,1,300,60,37,31,20,7.06,65.74,1,workday,23:09,07:33,35-44,hybrid,0,0
user_144,2024-01-26,45.09,2,219,60,20,35,27,6.82,56.66,0,workday,23:08,07:51,35-44,hybrid,0,0
user_144,2024-01-27,68.4,3,180,34,6,28,22,3.73,46.73,0,weekend,23:57,07:39,35-44,hybrid,0,0
user_144,2024-01-28,33.2,2,210,42,27,23,20,2.91,51.73,0,weekend,23:06,08:04,35-44,hybrid,0,0
user_145,2024-01-01,45.96,2,247,45,25,28,19,3.04,63.69,0,workday,22:45,06:46,25-34,hybrid,0,0
user_145,2024-01-02,47.26,2,254,52,8,30,21,8.33,42.72,1,workday,22:03,07:21,25-34,hybrid,0,0
user_145,2024-01-03,54.15,3,184,38,30,19,13,2.43,58.43,1,workday,23:16,06:44,25-34,hybrid,0,0
user_145,2024-01-04,78.29,4,213,47,15,26,19,3.16,45.67,0,workday,22:22,05:40,25-34,hybrid,0,0
user_145,2024-01-05,35.0,2,278,33,22,32,17,8.2,28.78,0,workday,00:02,06:40,25-34,hybrid,0,0
user_145,2024-01-06,54.89,3,275,49,23,32,20,5.58,48.27,0,weekend,23:26,07:40,25-34,hybrid,0,0
user_145,2024-01-07,60.64,3,183,47,14,33,21,3.82,64.25,0,weekend,23:23,08:28,25-34,hybrid,0,0
user_145,2024-01-08,55.73,3,177,56,28,29,19,4.06,66.53,0,workday,23:15,07:12,25-34,hybrid,0,0
user_145,2024-01-09,43.31,2,198,53,19,34,22,4.4,67.25,0,workday,22:59,08:03,25-34,hybrid,0,0
user_145,2024-01-10,43.09,2,170,24,7,6,8,4.34,44.59,1,workday,22:34,07:07,25-34,hybrid,0,0
user_145,2024-01-11,15.77,1,166,37,25,23,16,7.99,58.49,0,workday,22:43,07:06,25-34,hybrid,0,0
user_145,2024-01-12,65.74,3,284,45,22,30,20,5.33,63.93,0,workday,23:00,06:36,25-34,hybrid,0,0
user_145,2024-01-13,57.03,3,246,60,15,42,23,7.45,52.37,0,weekend,23:56,07:53,25-34,hybrid,0,0
user_145,2024-01-14,55.76,3,265,36,20,23,9,3.62,70.83,0,weekend,23:17,07:41,25-34,hybrid,0,0
user_145,2024-01-15,49.16,2,217,34,18,19,15,6.54,41.82,1,workday,22:42,06:43,25-34,hybrid,0,0
user_145,2024-01-16,59.74,3,232,53,41,42,21,6.08,56.24,0,workday,00:32,06:28,25-34,hybrid,0,0
user_145,2024-01-17,54.82,3,300,54,36,31,20,6.01,43.31,0,workday,23:19,07:21,25-34,hybrid,0,0
user_145,2024-01-18,51.23,3,225,43,13,10,26,4.08,51.53,0,workday,23:33,07:24,25-34,hybrid,0,0
user_145,2024-01-19,59.94,3,256,41,10,26,21,6.07,33.02,1,workday,22:13,07:28,25-34,hybrid,0,0
user_145,2024-01-20,71.69,3,192,36,9,30,16,4.46,51.12,0,weekend,23:25,07:46,25-34,hybrid,0,0
user_145,2024-01-21,40.14,2,246,51,27,20,25,5.04,35.92,0,weekend,00:18,08:34,25-34,hybrid,0,0
user_145,2024-01-22,59.75,3,143,25,11,6,17,4.7,56.3,0,workday,23:01,06:58,25-34,hybrid,0,0
user_145,2024-01-23,27.83,2,183,60,26,35,23,5.58,50.92,0,workday,22:42,06:30,25-34,hybrid,0,0
user_145,2024-01-24,47.19,2,214,30,22,29,15,4.75,49.21,0,workday,23:09,07:13,25-34,hybrid,0,0
user_145,2024-01-25,14.69,1,247,59,21,34,29,5.59,53.76,1,workday,23:37,06:51,25-34,hybrid,0,0
user_145,2024-01-26,54.7,3,219,36,12,29,17,3.59,65.47,0,workday,23:42,07:07,25-34,hybrid,0,0
user_145,2024-01-27,44.63,2,193,30,15,16,12,2.7,55.84,0,weekend,23:32,08:27,25-34,hybrid,0,0
user_145,2024-01-28,47.27,2,206,52,8,33,24,4.61,55.33,0,weekend,23:35,07:58,25-34,hybrid,0,0
user_146,2024-01-01,46.07,2,221,42,20,27,15,5.1,77.44,0,workday,22:46,07:28,25-34,hybrid,0,1
user_146,2024-01-02,42.55,2,240,45,19,24,21,5.79,62.97,1,workday,23:28,06:41,25-34,hybrid,0,1
user_146,2024-01-03,52.26,3,155,32,12,23,17,2.24,66.9,1,workday,22:50,07:48,25-34,hybrid,0,1
user_146,2024-01-04,76.42,4,181,30,14,25,10,6.36,42.97,0,workday,23:05,06:33,25-34,hybrid,0,1
user_146,2024-01-05,100.0,4,224,31,6,27,12,2.65,72.66,0,workday,22:18,06:43,25-34,hybrid,0,1
user_146,2024-01-06,65.24,3,300,53,21,17,19,3.46,52.43,0,weekend,23:46,07:36,25-34,hybrid,0,1
user_146,2024-01-07,68.63,3,209,47,24,27,24,4.42,69.42,0,weekend,23:25,08:03,25-34,hybrid,0,1
user_146,2024-01-08,96.12,4,238,22,19,13,11,5.28,68.54,0,workday,23:02,07:08,25-34,hybrid,0,1
user_146,2024-01-09,65.05,3,161,51,28,21,23,4.12,43.39,0,workday,22:35,07:38,25-34,hybrid,0,1
user_146,2024-01-10,50.56,3,206,47,24,3,20,4.13,60.96,1,workday,23:51,07:45,25-34,hybrid,0,1
user_146,2024-01-11,55.77,3,179,33,13,20,21,6.4,69.29,0,workday,23:49,06:46,25-34,hybrid,0,1
user_146,2024-01-12,50.22,3,261,37,31,38,14,6.95,36.02,1,workday,23:17,07:22,25-34,hybrid,0,1
user_146,2024-01-13,79.17,4,220,50,19,30,4,4.69,63.13,1,weekend,23:19,07:13,25-34,hybrid,0,1
user_146,2024-01-14,0.69,1,239,27,18,11,0,6.04,53.63,0,weekend,23:27,07:27,25-34,hybrid,0,1
user_146,2024-01-15,4.45,1,213,33,7,28,17,4.26,49.8,1,workday,23:31,06:53,25-34,hybrid,0,1
user_146,2024-01-16,40.23,2,199,50,38,42,15,4.74,66.4,1,workday,22:48,06:37,25-34,hybrid,0,1
user_146,2024-01-17,86.73,4,246,34,11,36,22,4.13,58.63,0,workday,22:27,06:18,25-34,hybrid,0,1
user_146,2024-01-18,54.77,3,209,35,20,31,25,7.15,46.86,0,workday,22:38,07:14,25-34,hybrid,0,1
user_146,2024-01-19,84.0,4,230,54,19,25,16,4.88,67.34,0,workday,22:20,08:15,25-34,hybrid,0,1
user_146,2024-01-20,42.1,2,198,41,15,13,18,6.74,48.6,0,weekend,23:38,07:26,25-34,hybrid,0,1
user_146,2024-01-21,57.56,3,238,35,3,22,18,2.74,55.15,1,weekend,22:33,08:09,25-34,hybrid,0,1
user_146,2024-01-22,53.33,3,225,42,17,17,25,8.71,60.81,0,workday,23:09,07:06,25-34,hybrid,0,1
user_146,2024-01-23,37.97,2,222,56,25,23,30,8.93,47.68,1,workday,23:29,07:36,25-34,hybrid,0,1
user_146,2024-01-24,33.81,2,207,38,4,23,15,7.84,42.27,1,workday,22:47,07:01,25-34,hybrid,0,1
user_146,2024-01-25,46.5,2,210,42,29,18,12,2.24,71.92,1,workday,22:54,06:41,25-34,hybrid,0,1
user_146,2024-01-26,40.59,2,296,33,26,12,17,6.29,52.08,0,workday,23:13,08:15,25-34,hybrid,0,1
user_146,2024-01-27,65.83,3,227,49,25,40,27,5.38,52.23,0,weekend,23:07,07:15,25-34,hybrid,0,1
user_146,2024-01-28,73.24,3,222,39,5,12,13,1.55,85.38,0,weekend,23:31,06:54,25-34,hybrid,0,1
user_147,2024-01-01,31.18,2,213,43,12,43,22,6.39,58.49,0,workday,23:11,06:40,25-34,on_site,1,0
user_147,2024-01-02,24.59,1,155,39,20,26,17,2.34,80.81,1,workday,23:27,07:55,25-34,on_site,1,0
user_147,2024-01-03,17.63,1,214,44,24,33,26,5.36,58.16,1,workday,23:16,06:36,25-34,on_site,1,0
user_147,2024-01-04,41.58,2,227,36,12,29,15,8.78,53.26,1,workday,22:54,07:14,25-34,on_site,1,0
user_147,2024-01-05,41.9,2,193,35,16,17,12,3.24,65.95,1,workday,23:04,07:13,25-34,on_site,1,0
user_147,2024-01-06,50.37,3,181,38,11,36,22,3.96,64.1,0,weekend,23:30,07:51,25-34,on_site,1,0
user_147,2024-01-07,31.84,2,213,46,24,39,17,5.22,62.1,0,weekend,22:47,07:00,25-34,on_site,1,0
user_147,2024-01-08,37.41,2,177,49,12,26,26,5.98,68.96,0,workday,22:41,06:50,25-34,on_site,1,0
user_147,2024-01-09,23.99,1,198,36,11,47,23,7.6,20.74,1,workday,22:30,06:55,25-34,on_site,1,0
user_147,2024-01-10,0.0,1,194,32,10,26,18,4.54,38.07,1,workday,23:15,06:22,25-34,on_site,1,0
user_147,2024-01-11,34.85,2,216,44,22,42,22,5.01,40.07,0,workday,22:21,07:28,25-34,on_site,1,0
user_147,2024-01-12,4.3,1,218,42,31,29,18,7.11,51.29,1,workday,23:19,06:47,25-34,on_site,1,0
user_147,2024-01-13,23.67,1,228,53,31,22,19,3.9,49.46,0,weekend,23:49,07:36,25-34,on_site,1,0
user_147,2024-01-14,27.65,2,223,40,13,25,22,6.51,64.51,1,weekend,23:02,06:43,25-34,on_site,1,0
user_147,2024-01-15,15.94,1,166,35,18,34,20,5.94,43.79,0,workday,00:24,07:11,25-34,on_site,1,0
user_147,2024-01-16,19.18,1,214,56,25,35,20,9.87,50.25,1,workday,22:57,07:35,25-34,on_site,1,0
user_147,2024-01-17,52.13,3,169,39,16,20,19,5.14,43.59,0,workday,23:22,07:33,25-34,on_site,1,0
user_147,2024-01-18,8.19,1,290,60,9,30,26,8.0,53.55,0,workday,23:29,07:55,25-34,on_site,1,0
user_147,2024-01-19,30.0,2,181,42,13,29,23,9.23,36.45,0,workday,21:40,07:01,25-34,on_site,1,0
user_147,2024-01-20,60.36,3,187,60,14,30,29,4.03,73.46,0,weekend,23:29,07:28,25-34,on_site,1,0
user_147,2024-01-21,11.54,1,240,45,40,29,15,5.87,52.09,0,weekend,23:42,07:38,25-34,on_site,1,0
user_147,2024-01-22,8.78,1,181,39,19,18,20,5.03,53.27,1,workday,00:15,06:41,25-34,on_site,1,0
user_147,2024-01-23,26.53,2,150,37,16,33,10,3.99,60.97,0,workday,22:56,07:02,25-34,on_site,1,0
user_147,2024-01-24,0.0,1,204,49,16,39,24,6.25,44.04,1,workday,22:44,07:27,25-34,on_site,1,0
user_147,2024-01-25,31.11,2,237,51,36,31,19,7.55,40.98,1,workday,22:38,06:39,25-34,on_site,1,0
user_147,2024-01-26,23.93,1,214,50,34,28,26,6.56,47.69,0,workday,23:05,07:11,25-34,on_site,1,0
user_147,2024-01-27,10.49,1,230,36,9,24,18,3.7,58.95,1,weekend,00:23,07:11,25-34,on_site,1,0
user_147,2024-01-28,39.7,2,183,37,21,9,19,4.0,42.29,0,weekend,23:27,07:57,25-34,on_site,1,0
user_148,2024-01-01,53.84,3,269,54,18,43,21,4.25,51.12,0,workday,23:05,07:16,25-34,remote,0,0
user_148,2024-01-02,0.0,1,270,44,21,32,14,6.98,36.65,1,workday,22:17,08:10,25-34,remote,0,0
user_148,2024-01-03,58.51,3,196,30,10,27,16,5.42,64.87,0,workday,22:48,07:17,25-34,remote,0,0
user_148,2024-01-04,35.9,2,240,47,24,49,26,7.89,38.7,0,workday,23:39,06:52,25-34,remote,0,0
user_148,2024-01-05,78.37,4,226,46,17,37,23,4.16,59.57,0,workday,22:02,06:50,25-34,remote,0,0
user_148,2024-01-06,35.35,2,247,37,29,16,18,3.78,62.34,0,weekend,23:42,07:56,25-34,remote,0,0
user_148,2024-01-07,60.2,3,226,53,39,30,18,3.58,67.82,0,weekend,23:14,08:07,25-34,remote,0,0
user_148,2024-01-08,33.02,2,276,44,14,24,18,3.69,68.63,1,workday,23:23,07:13,25-34,remote,0,0
user_148,2024-01-09,0.0,1,262,59,45,35,25,6.74,49.37,1,workday,22:39,06:22,25-34,remote,0,0
user_148,2024-01-10,29.41,2,266,56,22,41,19,4.96,63.86,0,workday,23:58,07:07,25-34,remote,0,0
user_148,2024-01-11,63.52,3,220,40,11,32,19,4.4,52.21,0,workday,22:50,06:53,25-34,remote,0,0
user_148,2024-01-12,42.04,2,248,37,33,33,16,6.79,48.08,0,workday,23:02,07:18,25-34,remote,0,0
user_148,2024-01-13,58.35,3,245,52,34,27,25,5.73,53.38,0,weekend,22:57,07:52,25-34,remote,0,0
user_148,2024-01-14,71.25,3,220,35,13,17,19,3.8,74.47,0,weekend,23:21,07:37,25-34,remote,0,0
user_148,2024-01-15,41.73,2,244,59,37,41,30,8.51,53.56,0,workday,22:29,07:38,25-34,remote,0,0
user_148,2024-01-16,55.69,3,271,54,31,22,29,5.22,49.75,0,workday,23:02,06:49,25-34,remote,0,0
user_148,2024-01-17,28.55,2,229,35,26,24,22,3.97,41.59,1,workday,22:36,07:14,25-34,remote,0,0
user_148,2024-01-18,28.98,2,194,39,30,29,18,6.33,45.14,0,workday,23:40,07:30,25-34,remote,0,0
user_148,2024-01-19,55.43,3,248,42,7,38,22,6.12,57.07,0,workday,22:30,07:25,25-34,remote,0,0
user_148,2024-01-20,59.8,3,226,60,42,20,18,2.15,58.38,0,weekend,00:24,07:46,25-34,remote,0,0
user_148,2024-01-21,44.83,2,192,44,9,25,22,4.37,78.13,0,weekend,23:36,07:40,25-34,remote,0,0
user_148,2024-01-22,59.16,3,226,19,14,17,12,2.98,60.52,0,workday,23:35,07:07,25-34,remote,0,0
user_148,2024-01-23,22.99,1,240,54,17,39,21,7.12,46.77,1,workday,23:08,07:20,25-34,remote,0,0
user_148,2024-01-24,34.42,2,234,52,19,37,14,5.01,55.91,1,workday,22:38,07:00,25-34,remote,0,0
user_148,2024-01-25,70.99,3,262,26,12,14,19,2.39,72.37,0,workday,22:04,07:04,25-34,remote,0,0
user_148,2024-01-26,43.98,2,176,37,17,18,23,5.19,62.05,0,workday,23:10,06:54,25-34,remote,0,0
user_148,2024-01-27,49.59,2,248,43,13,46,11,5.02,72.25,0,weekend,22:44,07:27,25-34,remote,0,0
user_148,2024-01-28,68.25,3,234,47,37,23,12,1.98,82.78,0,weekend,23:02,07:50,25-34,remote,0,0
user_149,2024-01-01,56.63,3,156,47,17,29,18,3.67,36.05,0,workday,22:41,07:00,25-34,hybrid,1,0
user_149,2024-01-02,69.24,3,236,39,19,42,17,6.89,48.95,0,workday,21:59,06:38,25-34,hybrid,1,0
user_149,2024-01-03,74.58,3,207,40,27,29,20,4.87,66.31,0,workday,23:09,06:17,25-34,hybrid,1,0
user_149,2024-01-04,48.57,2,203,39,9,29,13,3.4,49.27,0,workday,22:50,07:00,25-34,hybrid,1,0
user_149,2024-01-05,92.97,4,208,47,9,38,17,2.91,76.94,0,workday,23:13,07:29,25-34,hybrid,1,0
user_149,2024-01-06,72.52,3,258,60,37,25,26,3.68,63.57,0,weekend,00:54,09:00,25-34,hybrid,1,0
user_149,2024-01-07,47.52,2,292,19,17,23,7,3.21,53.49,0,weekend,23:47,07:27,25-34,hybrid,1,0
user_149,2024-01-08,62.84,3,248,37,20,27,11,4.93,53.28,1,workday,22:47,06:51,25-34,hybrid,1,0
user_149,2024-01-09,48.73,2,233,52,33,26,19,6.25,56.99,0,workday,23:20,07:01,25-34,hybrid,1,0
user_149,2024-01-10,71.04,3,196,60,16,38,30,6.76,66.78,1,workday,22:12,06:59,25-34,hybrid,1,0
user_149,2024-01-11,41.65,2,242,58,15,32,27,5.22,51.05,0,workday,22:29,06:39,25-34,hybrid,1,0
user_149,2024-01-12,70.51,3,180,40,19,18,18,5.39,66.48,0,workday,23:09,07:21,25-34,hybrid,1,0
user_149,2024-01-13,70.84,3,223,60,30,37,23,6.38,42.11,0,weekend,00:20,07:26,25-34,hybrid,1,0
user_149,2024-01-14,95.24,4,179,37,13,20,18,3.81,48.58,0,weekend,23:28,08:23,25-34,hybrid,1,0
user_149,2024-01-15,65.4,3,190,52,11,44,30,4.24,69.7,1,workday,23:03,06:55,25-34,hybrid,1,0
user_149,2024-01-16,49.61,2,215,45,22,30,23,8.06,38.04,1,workday,23:02,07:30,25-34,hybrid,1,0
user_149,2024-01-17,64.83,3,245,52,12,37,21,7.47,48.42,1,workday,22:22,07:08,25-34,hybrid,1,0
user_149,2024-01-18,100.0,4,156,34,16,19,15,2.65,74.35,1,workday,22:06,07:27,25-34,hybrid,1,0
user_149,2024-01-19,62.37,3,232,31,22,13,26,8.2,58.27,0,workday,23:04,07:23,25-34,hybrid,1,0
user_149,2024-01-20,31.05,2,222,58,44,37,22,4.68,29.92,0,weekend,22:38,07:46,25-34,hybrid,1,0
user_149,2024-01-21,89.01,4,227,34,24,24,19,5.11,46.44,0,weekend,23:29,07:34,25-34,hybrid,1,0
user_149,2024-01-22,64.47,3,237,41,15,19,11,4.23,43.87,1,workday,23:20,07:02,25-34,hybrid,1,0
user_149,2024-01-23,82.93,4,213,42,26,21,15,2.41,71.52,1,workday,22:24,06:57,25-34,hybrid,1,0
user_149,2024-01-24,58.3,3,122,49,17,24,25,3.41,68.35,1,workday,23:27,07:06,25-34,hybrid,1,0
user_149,2024-01-25,84.07,4,207,32,10,20,12,7.1,50.03,0,workday,22:50,08:06,25-34,hybrid,1,0
user_149,2024-01-26,48.57,2,181,25,9,20,12,5.42,56.68,0,workday,23:07,06:13,25-34,hybrid,1,0
user_149,2024-01-27,54.16,3,155,32,25,21,9,5.48,49.86,0,weekend,23:05,07:47,25-34,hybrid,1,0
user_149,2024-01-28,63.08,3,242,60,34,47,27,6.32,53.01,0,weekend,23:41,08:03,25-34,hybrid,1,0
user_150,2024-01-01,44.26,2,248,52,18,44,20,6.6,46.96,1,workday,00:00,06:31,18-24,remote,0,0
user_150,2024-01-02,0.0,1,284,60,37,26,24,6.95,24.25,1,workday,22:30,07:19,18-24,remote,0,0
user_150,2024-01-03,35.92,2,151,33,12,20,19,4.69,58.62,1,workday,23:08,06:56,18-24,remote,0,0
user_150,2024-01-04,40.14,2,249,52,25,22,29,5.49,58.83,0,workday,23:15,06:50,18-24,remote,0,0
user_150,2024-01-05,12.0,1,296,49,25,33,25,8.23,57.88,1,workday,23:11,06:56,18-24,remote,0,0
user_150,2024-01-06,0.0,1,208,43,23,32,25,6.43,42.6,0,weekend,23:13,07:46,18-24,remote,0,0
user_150,2024-01-07,37.32,2,221,42,16,22,14,6.95,65.97,0,weekend,22:52,06:55,18-24,remote,0,0
user_150,2024-01-08,16.92,1,239,42,13,22,16,4.85,48.4,1,workday,22:33,07:19,18-24,remote,0,0
user_150,2024-01-09,37.96,2,230,42,13,31,21,5.0,68.43,0,workday,22:54,07:09,18-24,remote,0,0
user_150,2024-01-10,17.71,1,238,60,35,34,30,8.38,41.86,0,workday,22:34,07:19,18-24,remote,0,0
user_150,2024-01-11,38.75,2,269,58,40,32,24,6.19,52.92,0,workday,22:56,06:05,18-24,remote,0,0
user_150,2024-01-12,15.66,1,245,59,9,34,22,5.69,39.74,1,workday,22:55,06:53,18-24,remote,0,0
user_150,2024-01-13,62.17,3,176,48,36,36,21,1.49,94.22,0,weekend,23:14,07:48,18-24,remote,0,0
user_150,2024-01-14,18.09,1,300,52,21,36,18,4.44,59.17,0,weekend,00:36,07:06,18-24,remote,0,0
user_150,2024-01-15,55.48,3,229,52,11,31,22,2.98,79.64,1,workday,00:14,07:57,18-24,remote,0,0
user_150,2024-01-16,34.37,2,177,39,12,36,16,7.19,54.12,0,workday,00:05,06:48,18-24,remote,0,0
user_150,2024-01-17,23.2,1,300,50,29,37,30,7.3,38.77,0,workday,23:45,07:22,18-24,remote,0,0
user_150,2024-01-18,49.15,2,210,41,10,27,23,4.04,63.91,0,workday,22:26,06:45,18-24,remote,0,0
user_150,2024-01-19,20.68,1,294,50,13,32,23,7.43,58.53,1,workday,22:39,07:04,18-24,remote,0,0
user_150,2024-01-20,34.3,2,280,39,23,31,24,3.58,67.35,0,weekend,23:34,08:04,18-24,remote,0,0
user_150,2024-01-21,19.59,1,229,31,15,10,13,1.62,64.33,0,weekend,23:14,07:48,18-24,remote,0,0
user_150,2024-01-22,50.0,2,225,40,17,36,25,7.28,57.77,1,workday,23:33,06:53,18-24,remote,0,0
user_150,2024-01-23,57.03,3,246,26,11,16,16,4.03,55.43,1,workday,22:49,06:31,18-24,remote,0,0
user_150,2024-01-24,1.26,1,226,54,19,30,30,7.25,62.68,1,workday,22:45,07:04,18-24,remote,0,0
user_150,2024-01-25,39.46,2,239,60,24,33,25,4.63,65.17,0,workday,23:41,07:02,18-24,remote,0,0
user_150,2024-01-26,20.4,1,245,52,33,27,27,8.46,41.41,1,workday,23:12,07:13,18-24,remote,0,0
user_150,2024-01-27,32.62,2,230,52,40,36,22,4.16,50.15,0,weekend,23:30,08:04,18-24,remote,0,0
user_150,2024-01-28,35.03,2,206,39,2,28,20,3.14,72.12,1,weekend,23:26,06:43,18-24,remote,0,0
user_151,2024-01-01,18.39,1,231,60,26,31,23,4.39,51.74,1,workday,00:22,07:42,45-54,hybrid,0,0
user_151,2024-01-02,36.81,2,269,38,9,22,18,5.67,65.01,1,workday,23:54,07:05,45-54,hybrid,0,0
user_151,2024-01-03,42.53,2,180,29,6,31,20,5.1,46.02,0,workday,23:01,07:12,45-54,hybrid,0,0
user_151,2024-01-04,23.32,1,187,33,18,31,18,5.35,43.9,0,workday,23:09,07:47,45-54,hybrid,0,0
user_151,2024-01-05,42.49,2,165,10,4,17,10,3.22,52.96,0,workday,23:53,06:32,45-54,hybrid,0,0
user_151,2024-01-06,21.23,1,206,25,16,25,9,2.87,68.04,0,weekend,22:58,07:50,45-54,hybrid,0,0
user_151,2024-01-07,23.49,1,227,44,23,25,16,3.15,79.37,0,weekend,23:26,07:37,45-54,hybrid,0,0
user_151,2024-01-08,25.16,2,164,52,38,33,21,4.63,44.92,0,workday,22:30,07:18,45-54,hybrid,0,0
user_151,2024-01-09,29.34,2,159,27,10,28,17,2.97,64.97,0,workday,22:03,07:31,45-54,hybrid,0,0
user_151,2024-01-10,40.66,2,228,35,7,15,21,5.06,72.87,0,workday,22:30,06:58,45-54,hybrid,0,0
user_151,2024-01-11,19.38,1,218,23,6,3,15,4.54,55.08,1,workday,22:05,06:57,45-54,hybrid,0,0
user_151,2024-01-12,28.61,2,273,60,25,23,21,6.38,67.84,1,workday,23:22,07:17,45-54,hybrid,0,0
user_151,2024-01-13,25.08,2,194,29,12,31,18,2.56,71.87,0,weekend,23:51,07:42,45-54,hybrid,0,0
user_151,2024-01-14,21.3,1,235,34,12,14,13,4.39,78.88,0,weekend,23:39,07:55,45-54,hybrid,0,0
user_151,2024-01-15,14.89,1,187,37,27,36,23,3.22,65.58,0,workday,22:32,07:19,45-54,hybrid,0,0
user_151,2024-01-16,29.87,2,144,35,20,25,27,5.67,48.87,1,workday,23:08,06:47,45-54,hybrid,0,0
user_151,2024-01-17,48.09,2,193,36,13,25,21,4.57,83.93,0,workday,22:49,07:02,45-54,hybrid,0,0
user_151,2024-01-18,12.56,1,200,21,11,31,12,4.67,55.16,1,workday,23:03,06:49,45-54,hybrid,0,0
user_151,2024-01-19,41.86,2,205,41,25,15,17,5.27,73.84,0,workday,22:32,06:31,45-54,hybrid,0,0
user_151,2024-01-20,10.29,1,239,27,12,28,14,3.83,63.77,0,weekend,23:33,08:29,45-54,hybrid,0,0
user_151,2024-01-21,30.87,2,272,51,30,33,23,3.26,91.16,1,weekend,23:00,07:54,45-54,hybrid,0,0
user_151,2024-01-22,41.34,2,186,43,28,33,16,4.37,76.31,0,workday,23:17,07:25,45-54,hybrid,0,0
user_151,2024-01-23,32.1,2,255,25,9,17,16,3.91,56.64,0,workday,23:17,07:30,45-54,hybrid,0,0
user_151,2024-01-24,28.39,2,208,25,15,30,15,4.55,54.16,0,workday,22:50,07:06,45-54,hybrid,0,0
user_151,2024-01-25,50.85,3,197,52,19,29,24,4.0,68.19,0,workday,23:30,07:04,45-54,hybrid,0,0
user_151,2024-01-26,19.78,1,145,46,20,30,11,5.01,65.02,1,workday,23:25,07:30,45-54,hybrid,0,0
user_151,2024-01-27,11.54,1,191,35,9,16,4,5.19,54.62,0,weekend,23:27,06:41,45-54,hybrid,0,0
user_151,2024-01-28,27.21,2,223,46,35,36,19,7.72,25.46,0,weekend,23:23,07:18,45-54,hybrid,0,0
user_152,2024-01-01,4.63,1,254,60,28,45,23,7.77,42.2,0,workday,22:47,08:05,45-54,remote,0,1
user_152,2024-01-02,5.87,1,232,59,44,17,25,4.14,45.8,1,workday,23:18,06:53,45-54,remote,0,1
user_152,2024-01-03,35.34,2,153,16,3,0,28,0.0,71.62,1,workday,23:15,05:53,45-54,remote,0,1
user_152,2024-01-04,18.43,1,215,36,22,24,26,4.4,64.26,1,workday,23:11,06:11,45-54,remote,0,1
user_152,2024-01-05,45.92,2,277,47,32,25,16,9.07,51.95,0,workday,23:36,06:32,45-54,remote,0,1
user_152,2024-01-06,0.0,1,229,59,44,47,29,7.2,52.49,0,weekend,23:14,06:47,45-54,remote,0,1
user_152,2024-01-07,0.0,1,256,51,30,22,23,3.56,56.23,1,weekend,23:40,07:56,45-54,remote,0,1
user_152,2024-01-08,30.62,2,263,37,29,16,26,7.12,51.49,0,workday,23:17,07:53,45-54,remote,0,1
user_152,2024-01-09,25.07,2,227,40,28,28,18,5.76,40.36,0,workday,23:17,07:33,45-54,remote,0,1
user_152,2024-01-10,37.72,2,216,56,30,22,27,4.02,66.95,0,workday,22:54,06:42,45-54,remote,0,1
user_152,2024-01-11,25.86,2,297,42,21,41,20,5.81,47.14,0,workday,23:06,06:35,45-54,remote,0,1
user_152,2024-01-12,25.68,2,177,43,23,32,16,1.68,47.53,0,workday,22:19,06:37,45-54,remote,0,1
user_152,2024-01-13,32.67,2,166,26,17,21,17,3.55,62.21,0,weekend,00:04,07:34,45-54,remote,0,1
user_152,2024-01-14,25.49,2,255,37,10,33,14,4.63,76.78,0,weekend,23:08,09:00,45-54,remote,0,1
user_152,2024-01-15,0.0,1,235,49,16,28,22,6.53,77.62,1,workday,23:12,07:31,45-54,remote,0,1
user_152,2024-01-16,0.0,1,144,41,27,15,26,8.38,47.84,1,workday,23:39,06:26,45-54,remote,0,1
user_152,2024-01-17,36.3,2,204,41,13,22,23,5.47,67.23,0,workday,22:44,06:29,45-54,remote,0,1
user_152,2024-01-18,13.46,1,245,45,37,25,24,9.29,44.96,1,workday,00:15,06:53,45-54,remote,0,1
user_152,2024-01-19,30.77,2,243,27,13,0,15,1.9,61.9,0,workday,22:39,06:16,45-54,remote,0,1
user_152,2024-01-20,25.9,2,186,34,16,26,15,5.02,64.58,0,weekend,00:44,07:33,45-54,remote,0,1
user_152,2024-01-21,37.76,2,217,25,7,13,13,1.07,68.32,1,weekend,23:38,07:18,45-54,remote,0,1
user_152,2024-01-22,30.75,2,209,27,15,17,23,3.06,76.14,0,workday,21:55,07:08,45-54,remote,0,1
user_152,2024-01-23,31.6,2,250,51,16,39,29,3.12,66.8,0,workday,23:01,07:23,45-54,remote,0,1
user_152,2024-01-24,12.68,1,201,39,18,32,22,5.42,49.71,1,workday,22:26,07:37,45-54,remote,0,1
user_152,2024-01-25,0.0,1,275,52,20,33,26,6.55,43.72,1,workday,22:32,07:12,45-54,remote,0,1
user_152,2024-01-26,19.13,1,209,53,18,50,13,7.47,34.15,0,workday,23:05,06:38,45-54,remote,0,1
user_152,2024-01-27,3.82,1,226,31,7,26,22,2.09,48.9,0,weekend,00:14,07:58,45-54,remote,0,1
user_152,2024-01-28,47.48,2,278,36,24,25,17,4.86,67.17,0,weekend,00:09,08:27,45-54,remote,0,1
user_153,2024-01-01,83.7,4,235,37,6,28,16,2.43,78.01,0,workday,22:52,07:13,18-24,hybrid,1,0
user_153,2024-01-02,34.75,2,268,60,32,38,15,4.48,55.35,1,workday,22:05,07:53,18-24,hybrid,1,0
user_153,2024-01-03,21.26,1,219,31,19,15,7,3.0,67.43,1,workday,23:30,06:41,18-24,hybrid,1,0
user_153,2024-01-04,70.96,3,216,16,7,31,9,5.92,45.02,0,workday,23:15,07:29,18-24,hybrid,1,0
user_153,2024-01-05,79.46,4,183,24,13,18,12,4.9,41.3,1,workday,22:55,07:32,18-24,hybrid,1,0
user_153,2024-01-06,86.62,4,196,32,16,35,15,2.72,61.39,0,weekend,23:53,07:26,18-24,hybrid,1,0
user_153,2024-01-07,41.46,2,220,42,23,24,17,2.82,55.84,0,weekend,22:58,07:12,18-24,hybrid,1,0
user_153,2024-01-08,17.5,1,246,36,28,13,23,6.93,42.7,1,workday,23:43,07:24,18-24,hybrid,1,0
user_153,2024-01-09,57.81,3,224,46,17,26,26,4.31,70.94,1,workday,23:07,07:31,18-24,hybrid,1,0
user_153,2024-01-10,41.41,2,203,40,9,20,24,5.26,47.54,0,workday,22:20,06:19,18-24,hybrid,1,0
user_153,2024-01-11,30.52,2,227,30,17,17,19,8.35,46.67,1,workday,22:36,06:49,18-24,hybrid,1,0
user_153,2024-01-12,44.56,2,219,34,5,11,16,5.47,53.39,0,workday,23:05,06:20,18-24,hybrid,1,0
user_153,2024-01-13,55.38,3,158,32,31,20,17,3.36,55.14,0,weekend,23:53,07:11,18-24,hybrid,1,0
user_153,2024-01-14,45.88,2,221,30,13,16,2,2.35,81.82,0,weekend,00:33,06:23,18-24,hybrid,1,0
user_153,2024-01-15,46.8,2,230,33,21,26,13,8.26,38.39,1,workday,00:00,07:04,18-24,hybrid,1,0
user_153,2024-01-16,69.15,3,199,23,17,22,13,4.42,22.44,0,workday,22:23,06:34,18-24,hybrid,1,0
user_153,2024-01-17,78.15,4,206,28,17,26,19,4.63,59.61,0,workday,23:02,06:46,18-24,hybrid,1,0
user_153,2024-01-18,48.59,2,190,41,15,21,29,5.72,53.57,0,workday,22:29,06:36,18-24,hybrid,1,0
user_153,2024-01-19,48.88,2,148,29,7,24,17,6.86,41.97,0,workday,23:22,07:48,18-24,hybrid,1,0
user_153,2024-01-20,68.52,3,176,33,19,21,16,3.39,73.67,1,weekend,23:14,07:08,18-24,hybrid,1,0
user_153,2024-01-21,59.73,3,234,44,41,21,30,3.55,80.34,1,weekend,23:49,08:15,18-24,hybrid,1,0
user_153,2024-01-22,72.56,3,210,30,14,12,12,5.12,56.72,0,workday,22:52,06:53,18-24,hybrid,1,0
user_153,2024-01-23,44.13,2,205,28,22,31,11,5.37,45.34,0,workday,23:00,06:46,18-24,hybrid,1,0
user_153,2024-01-24,65.52,3,207,38,18,24,13,4.53,72.39,0,workday,22:15,06:49,18-24,hybrid,1,0
user_153,2024-01-25,82.29,4,180,15,7,9,5,0.83,66.99,1,workday,22:51,07:23,18-24,hybrid,1,0
user_153,2024-01-26,27.49,2,246,60,28,42,26,5.22,51.98,1,workday,22:49,07:39,18-24,hybrid,1,0
user_153,2024-01-27,54.83,3,165,37,12,44,16,6.09,47.95,0,weekend,22:40,07:53,18-24,hybrid,1,0
user_153,2024-01-28,49.68,2,243,49,25,30,30,9.43,46.48,0,weekend,00:02,07:40,18-24,hybrid,1,0
user_154,2024-01-01,54.27,3,179,35,27,25,17,5.0,43.75,0,workday,22:41,06:54,35-44,hybrid,0,0
user_154,2024-01-02,44.6,2,188,28,3,32,12,4.11,56.04,1,workday,22:49,07:07,35-44,hybrid,0,0
user_154,2024-01-03,73.54,3,242,45,19,33,10,4.79,62.74,0,workday,22:13,07:05,35-44,hybrid,0,0
user_154,2024-01-04,61.35,3,187,31,10,19,10,3.8,74.47,1,workday,22:45,07:02,35-44,hybrid,0,0
user_154,2024-01-05,40.5,2,217,38,17,31,22,5.7,79.77,0,workday,22:49,06:46,35-44,hybrid,0,0
user_154,2024-01-06,45.94,2,221,32,11,32,15,3.09,44.92,0,weekend,22:32,07:20,35-44,hybrid,0,0
user_154,2024-01-07,53.08,3,233,53,18,39,27,5.53,54.53,0,weekend,22:57,07:00,35-44,hybrid,0,0
user_154,2024-01-08,44.26,2,245,44,6,22,24,5.41,73.38,0,workday,23:19,07:12,35-44,hybrid,0,0
user_154,2024-01-09,40.31,2,185,55,23,28,25,6.83,49.63,1,workday,22:17,07:31,35-44,hybrid,0,0
user_154,2024-01-10,47.06,2,254,39,22,41,8,8.51,50.12,0,workday,22:18,07:32,35-44,hybrid,0,0
user_154,2024-01-11,26.04,2,221,41,17,18,11,7.79,34.82,1,workday,22:33,07:40,35-44,hybrid,0,0
user_154,2024-01-12,38.76,2,198,42,19,18,19,5.53,69.04,1,workday,22:27,06:52,35-44,hybrid,0,0
user_154,2024-01-13,87.97,4,247,60,40,31,25,3.36,70.33,0,weekend,00:35,07:37,35-44,hybrid,0,0
user_154,2024-01-14,76.81,4,189,44,5,27,21,3.25,50.62,0,weekend,23:45,07:18,35-44,hybrid,0,0
user_154,2024-01-15,37.56,2,158,49,12,34,20,6.85,45.5,0,workday,23:27,06:36,35-44,hybrid,0,0
user_154,2024-01-16,68.92,3,216,25,10,20,10,4.53,71.14,0,workday,22:40,06:20,35-44,hybrid,0,0
user_154,2024-01-17,67.3,3,193,9,7,29,1,3.2,61.76,0,workday,23:07,06:48,35-44,hybrid,0,0
user_154,2024-01-18,12.47,1,260,60,21,36,23,9.69,57.25,0,workday,00:33,07:09,35-44,hybrid,0,0
user_154,2024-01-19,24.65,1,189,60,17,27,30,5.21,28.59,1,workday,22:52,07:25,35-44,hybrid,0,0
user_154,2024-01-20,72.1,3,221,30,7,27,14,7.05,38.93,0,weekend,23:49,07:55,35-44,hybrid,0,0
user_154,2024-01-21,59.86,3,217,50,42,21,24,4.94,32.99,0,weekend,23:56,08:25,35-44,hybrid,0,0
user_154,2024-01-22,50.46,3,212,60,26,31,20,6.16,49.3,0,workday,22:27,07:25,35-44,hybrid,0,0
user_154,2024-01-23,44.68,2,263,60,45,32,21,7.45,42.49,1,workday,23:15,06:59,35-44,hybrid,0,0
user_154,2024-01-24,37.07,2,222,46,18,28,25,7.35,58.72,0,workday,22:44,07:28,35-44,hybrid,0,0
user_154,2024-01-25,65.31,3,216,36,15,24,16,6.04,63.51,0,workday,22:59,06:43,35-44,hybrid,0,0
user_154,2024-01-26,62.65,3,213,41,22,31,19,5.78,64.46,0,workday,22:56,07:00,35-44,hybrid,0,0
user_154,2024-01-27,38.57,2,240,46,24,28,17,5.56,50.94,0,weekend,22:27,07:23,35-44,hybrid,0,0
user_154,2024-01-28,57.29,3,227,49,25,32,27,4.1,67.33,0,weekend,00:11,07:45,35-44,hybrid,0,0
user_155,2024-01-01,43.67,2,172,47,39,31,20,6.77,55.66,0,workday,23:33,08:11,18-24,hybrid,1,1
user_155,2024-01-02,25.25,2,200,44,24,30,20,7.58,39.66,0,workday,22:42,06:37,18-24,hybrid,1,1
user_155,2024-01-03,35.0,2,242,48,25,9,24,4.37,64.43,0,workday,23:41,07:27,18-24,hybrid,1,1
user_155,2024-01-04,25.3,2,280,43,32,18,2,8.65,41.27,0,workday,22:30,06:33,18-24,hybrid,1,1
user_155,2024-01-05,93.1,4,219,25,13,18,0,0.0,71.5,0,workday,23:54,07:20,18-24,hybrid,1,1
user_155,2024-01-06,78.79,4,218,31,14,26,2,4.2,71.59,0,weekend,23:16,07:08,18-24,hybrid,1,1
user_155,2024-01-07,37.42,2,266,40,8,41,20,4.82,46.8,1,weekend,00:23,07:50,18-24,hybrid,1,1
user_155,2024-01-08,23.12,1,236,60,40,35,21,5.78,50.62,1,workday,23:25,07:02,18-24,hybrid,1,1
user_155,2024-01-09,34.84,2,212,53,27,31,25,6.74,56.05,1,workday,23:14,06:36,18-24,hybrid,1,1
user_155,2024-01-10,61.61,3,239,51,25,46,22,10.0,29.03,0,workday,21:57,06:59,18-24,hybrid,1,1
user_155,2024-01-11,54.36,3,214,50,25,22,23,7.06,51.15,0,workday,23:17,07:09,18-24,hybrid,1,1
user_155,2024-01-12,51.3,3,231,51,11,43,25,9.89,26.27,0,workday,22:39,07:32,18-24,hybrid,1,1
user_155,2024-01-13,51.16,3,257,47,25,16,25,5.25,49.85,0,weekend,22:32,08:00,18-24,hybrid,1,1
user_155,2024-01-14,42.35,2,197,46,7,20,21,2.81,61.18,0,weekend,23:36,07:18,18-24,hybrid,1,1
user_155,2024-01-15,20.35,1,226,56,24,33,25,6.2,25.91,1,workday,00:03,06:58,18-24,hybrid,1,1
user_155,2024-01-16,44.48,2,161,58,31,34,28,5.69,69.15,0,workday,23:51,07:45,18-24,hybrid,1,1
user_155,2024-01-17,55.18,3,187,50,26,42,17,0.7,65.12,0,workday,22:11,07:57,18-24,hybrid,1,1
user_155,2024-01-18,54.27,3,228,50,21,29,14,5.94,46.37,0,workday,23:18,07:11,18-24,hybrid,1,1
user_155,2024-01-19,0.0,1,223,60,45,30,22,8.54,21.15,0,workday,23:46,07:23,18-24,hybrid,1,1
user_155,2024-01-20,17.51,1,223,51,26,28,20,6.04,60.16,0,weekend,23:56,08:38,18-24,hybrid,1,1
user_155,2024-01-21,85.25,4,210,28,23,13,18,3.64,70.0,0,weekend,23:43,08:19,18-24,hybrid,1,1
user_155,2024-01-22,56.69,3,205,7,5,25,9,4.2,50.16,0,workday,23:01,07:20,18-24,hybrid,1,1
user_155,2024-01-23,34.22,2,222,50,24,30,18,5.17,73.53,1,workday,22:54,07:12,18-24,hybrid,1,1
user_155,2024-01-24,27.79,2,229,54,29,20,23,7.78,63.02,1,workday,23:21,06:31,18-24,hybrid,1,1
user_155,2024-01-25,45.27,2,220,31,20,18,4,3.52,57.19,1,workday,21:47,07:46,18-24,hybrid,1,1
user_155,2024-01-26,64.03,3,196,56,11,41,22,3.01,82.9,0,workday,22:58,06:41,18-24,hybrid,1,1
user_155,2024-01-27,37.19,2,240,50,26,8,18,5.27,60.73,0,weekend,23:58,07:18,18-24,hybrid,1,1
user_155,2024-01-28,26.18,2,250,54,21,38,18,4.31,40.26,0,weekend,23:26,08:18,18-24,hybrid,1,1
user_156,2024-01-01,78.65,4,208,38,26,28,8,3.36,59.46,0,workday,23:05,07:51,35-44,hybrid,1,0
user_156,2024-01-02,71.25,3,212,47,29,38,23,6.23,50.59,0,workday,22:57,06:36,35-44,hybrid,1,0
user_156,2024-01-03,62.76,3,196,49,31,41,22,6.71,55.99,0,workday,23:54,06:43,35-44,hybrid,1,0
user_156,2024-01-04,62.79,3,214,19,12,26,13,3.83,55.8,0,workday,23:16,06:27,35-44,hybrid,1,0
user_156,2024-01-05,90.95,4,138,22,7,13,4,3.58,57.5,0,workday,22:39,07:03,35-44,hybrid,1,0
user_156,2024-01-06,75.64,4,176,31,7,14,17,5.34,52.46,0,weekend,23:18,08:11,35-44,hybrid,1,0
user_156,2024-01-07,97.29,4,185,37,23,11,12,5.68,50.15,0,weekend,22:25,07:02,35-44,hybrid,1,0
user_156,2024-01-08,62.65,3,288,38,21,17,17,6.26,49.5,0,workday,22:19,06:54,35-44,hybrid,1,0
user_156,2024-01-09,70.87,3,224,41,8,26,25,6.07,39.88,0,workday,23:40,07:02,35-44,hybrid,1,0
user_156,2024-01-10,59.36,3,224,55,35,36,24,6.43,37.13,1,workday,23:43,07:35,35-44,hybrid,1,0
user_156,2024-01-11,30.2,2,197,53,34,38,21,6.56,47.67,0,workday,22:13,06:43,35-44,hybrid,1,0
user_156,2024-01-12,73.56,3,245,38,14,28,8,3.84,35.82,0,workday,23:18,07:34,35-44,hybrid,1,0
user_156,2024-01-13,35.13,2,252,60,41,40,25,7.75,37.83,0,weekend,00:47,07:59,35-44,hybrid,1,0
user_156,2024-01-14,59.15,3,171,25,20,9,21,3.65,67.11,0,weekend,23:50,07:45,35-44,hybrid,1,0
user_156,2024-01-15,71.58,3,205,36,16,23,13,3.87,59.06,0,workday,22:44,06:35,35-44,hybrid,1,0
user_156,2024-01-16,86.68,4,183,14,11,17,4,3.49,66.63,0,workday,21:53,06:44,35-44,hybrid,1,0
user_156,2024-01-17,57.67,3,183,43,20,29,21,3.76,48.75,0,workday,00:26,07:41,35-44,hybrid,1,0
user_156,2024-01-18,34.28,2,155,42,17,40,19,7.49,41.98,1,workday,22:58,06:21,35-44,hybrid,1,0
user_156,2024-01-19,100.0,4,196,34,17,12,17,0.47,81.31,0,workday,22:35,06:54,35-44,hybrid,1,0
user_156,2024-01-20,77.72,4,205,32,25,24,21,2.91,48.68,0,weekend,23:34,07:38,35-44,hybrid,1,0
user_156,2024-01-21,71.05,3,184,33,11,27,18,2.48,73.38,0,weekend,23:37,08:09,35-44,hybrid,1,0
user_156,2024-01-22,27.46,2,249,39,14,26,20,6.59,58.72,1,workday,23:54,06:35,35-44,hybrid,1,0
user_156,2024-01-23,61.2,3,193,39,24,19,25,2.78,64.51,0,workday,23:20,07:23,35-44,hybrid,1,0
user_156,2024-01-24,58.32,3,209,43,25,44,24,5.8,52.9,0,workday,23:32,07:09,35-44,hybrid,1,0
user_156,2024-01-25,67.53,3,264,59,16,44,22,8.62,43.33,1,workday,23:50,06:02,35-44,hybrid,1,0
user_156,2024-01-26,61.19,3,244,43,21,29,18,5.01,78.28,1,workday,21:57,07:52,35-44,hybrid,1,0
user_156,2024-01-27,75.01,4,209,51,41,28,19,2.58,81.22,0,weekend,22:53,08:15,35-44,hybrid,1,0
user_156,2024-01-28,73.41,3,260,50,32,26,17,2.77,64.23,0,weekend,22:58,07:47,35-44,hybrid,1,0
user_157,2024-01-01,8.92,1,207,42,13,16,19,6.6,23.46,1,workday,22:49,06:44,25-34,hybrid,0,1
user_157,2024-01-02,0.0,1,257,55,33,25,29,7.98,39.26,1,workday,22:24,06:34,25-34,hybrid,0,1
user_157,2024-01-03,6.75,1,218,41,19,40,16,7.63,25.94,0,workday,22:46,07:18,25-34,hybrid,0,1
user_157,2024-01-04,0.0,1,159,41,30,25,10,5.58,54.91,1,workday,23:11,07:05,25-34,hybrid,0,1
user_157,2024-01-05,27.59,2,209,45,23,34,28,6.04,48.37,0,workday,00:07,07:29,25-34,hybrid,0,1
user_157,2024-01-06,18.66,1,204,10,3,3,0,1.5,79.79,0,weekend,23:28,07:30,25-34,hybrid,0,1
user_157,2024-01-07,38.53,2,199,22,10,22,16,2.25,56.7,0,weekend,23:40,06:42,25-34,hybrid,0,1
user_157,2024-01-08,14.09,1,244,26,18,23,24,5.21,34.37,1,workday,22:16,06:42,25-34,hybrid,0,1
user_157,2024-01-09,0.0,1,232,60,16,16,24,6.78,36.73,1,workday,22:43,07:40,25-34,hybrid,0,1
user_157,2024-01-10,18.29,1,272,43,28,26,29,4.93,48.25,0,workday,23:00,06:22,25-34,hybrid,0,1
user_157,2024-01-11,25.8,2,165,37,27,25,9,4.14,61.15,0,workday,22:44,06:58,25-34,hybrid,0,1
user_157,2024-01-12,0.0,1,215,54,22,38,14,4.46,61.63,1,workday,23:24,07:09,25-34,hybrid,0,1
user_157,2024-01-13,42.98,2,165,30,9,33,16,1.62,65.45,0,weekend,23:52,07:36,25-34,hybrid,0,1
user_157,2024-01-14,23.87,1,222,29,14,25,26,1.29,91.21,0,weekend,23:45,06:46,25-34,hybrid,0,1
user_157,2024-01-15,0.0,1,262,58,28,24,17,7.15,43.67,1,workday,23:12,07:21,25-34,hybrid,0,1
user_157,2024-01-16,41.57,2,221,27,14,6,10,2.57,42.53,0,workday,22:20,07:09,25-34,hybrid,0,1
user_157,2024-01-17,24.46,1,230,45,21,41,30,7.21,63.83,0,workday,23:00,06:36,25-34,hybrid,0,1
user_157,2024-01-18,0.0,1,211,44,18,22,13,7.89,44.8,0,workday,23:13,06:45,25-34,hybrid,0,1
user_157,2024-01-19,42.1,2,160,20,13,0,10,4.23,61.83,1,workday,22:39,06:16,25-34,hybrid,0,1
user_157,2024-01-20,1.98,1,214,37,17,28,26,4.21,69.18,1,weekend,22:40,08:02,25-34,hybrid,0,1
user_157,2024-01-21,12.25,1,240,31,25,10,30,5.59,41.65,0,weekend,23:04,08:04,25-34,hybrid,0,1
user_157,2024-01-22,21.07,1,181,46,22,20,16,3.43,52.92,0,workday,22:42,06:45,25-34,hybrid,0,1
user_157,2024-01-23,7.96,1,237,30,30,28,13,5.01,39.71,1,workday,22:37,06:40,25-34,hybrid,0,1
user_157,2024-01-24,9.06,1,217,57,29,38,24,4.85,48.01,1,workday,22:28,07:42,25-34,hybrid,0,1
user_157,2024-01-25,0.0,1,294,57,30,35,24,10.0,50.12,0,workday,22:57,06:44,25-34,hybrid,0,1
user_157,2024-01-26,0.0,1,223,60,47,37,27,7.77,54.66,0,workday,23:47,06:35,25-34,hybrid,0,1
user_157,2024-01-27,29.7,2,188,46,27,32,14,3.79,83.58,0,weekend,00:07,07:47,25-34,hybrid,0,1
user_157,2024-01-28,44.89,2,240,36,13,12,16,3.09,64.7,0,weekend,23:35,07:32,25-34,hybrid,0,1
user_158,2024-01-01,50.09,3,235,47,25,30,16,3.72,43.22,0,workday,00:11,06:42,35-44,hybrid,1,0
user_158,2024-01-02,54.25,3,186,52,30,36,21,7.19,37.8,0,workday,23:24,07:24,35-44,hybrid,1,0
user_158,2024-01-03,38.45,2,193,44,9,33,25,6.57,48.78,1,workday,23:04,07:09,35-44,hybrid,1,0
user_158,2024-01-04,43.68,2,278,56,29,25,25,6.17,48.73,0,workday,22:48,07:25,35-44,hybrid,1,0
user_158,2024-01-05,56.5,3,190,47,29,28,19,4.2,47.32,1,workday,22:46,07:58,35-44,hybrid,1,0
user_158,2024-01-06,57.24,3,213,33,12,23,25,2.32,62.15,0,weekend,00:51,08:04,35-44,hybrid,1,0
user_158,2024-01-07,33.18,2,209,28,15,29,14,6.31,67.92,0,weekend,23:10,07:21,35-44,hybrid,1,0
user_158,2024-01-08,50.4,3,263,38,11,27,15,3.09,65.83,0,workday,22:31,06:47,35-44,hybrid,1,0
user_158,2024-01-09,74.47,3,173,28,11,22,18,5.08,46.59,0,workday,22:35,06:54,35-44,hybrid,1,0
user_158,2024-01-10,45.37,2,180,19,13,7,12,7.24,69.38,1,workday,22:14,06:43,35-44,hybrid,1,0
user_158,2024-01-11,54.42,3,220,16,0,22,12,4.5,65.99,0,workday,21:59,06:54,35-44,hybrid,1,0
user_158,2024-01-12,57.88,3,211,40,15,28,22,3.54,46.28,0,workday,22:36,07:02,35-44,hybrid,1,0
user_158,2024-01-13,81.61,4,252,33,22,19,13,1.78,84.85,0,weekend,23:21,06:18,35-44,hybrid,1,0
user_158,2024-01-14,44.8,2,152,40,4,28,20,2.84,68.0,0,weekend,23:48,09:00,35-44,hybrid,1,0
user_158,2024-01-15,57.52,3,205,41,13,16,19,1.49,61.31,1,workday,22:56,07:27,35-44,hybrid,1,0
user_158,2024-01-16,48.74,2,183,34,8,39,16,5.87,40.89,0,workday,22:38,06:54,35-44,hybrid,1,0
user_158,2024-01-17,64.4,3,228,27,19,33,16,3.01,56.13,1,workday,22:19,06:10,35-44,hybrid,1,0
user_158,2024-01-18,54.76,3,188,46,40,37,22,4.87,53.46,0,workday,23:37,07:03,35-44,hybrid,1,0
user_158,2024-01-19,43.68,2,263,42,12,28,18,5.97,53.91,1,workday,22:35,06:26,35-44,hybrid,1,0
user_158,2024-01-20,72.09,3,277,39,24,13,10,3.43,53.1,0,weekend,22:20,08:04,35-44,hybrid,1,0
user_158,2024-01-21,56.99,3,186,29,12,18,17,2.84,63.19,0,weekend,22:17,07:53,35-44,hybrid,1,0
user_158,2024-01-22,55.48,3,202,47,17,25,17,4.55,61.13,1,workday,22:56,07:04,35-44,hybrid,1,0
user_158,2024-01-23,100.0,4,96,8,3,14,9,0.6,87.62,0,workday,23:12,07:04,35-44,hybrid,1,0
user_158,2024-01-24,47.17,2,228,57,19,36,19,5.79,50.95,0,workday,23:07,08:08,35-44,hybrid,1,0
user_158,2024-01-25,64.58,3,212,41,17,32,30,1.71,78.08,0,workday,23:16,05:52,35-44,hybrid,1,0
user_158,2024-01-26,39.94,2,300,60,38,33,18,7.9,47.71,0,workday,23:34,07:51,35-44,hybrid,1,0
user_158,2024-01-27,78.82,4,209,39,14,45,11,3.61,57.51,0,weekend,22:46,07:51,35-44,hybrid,1,0
user_158,2024-01-28,60.68,3,162,51,16,24,21,4.0,49.82,0,weekend,23:16,07:07,35-44,hybrid,1,0
user_159,2024-01-01,51.96,3,285,42,16,28,19,7.55,50.54,1,workday,22:51,07:07,35-44,hybrid,1,0
user_159,2024-01-02,90.97,4,201,33,27,12,12,5.92,39.3,0,workday,22:01,06:56,35-44,hybrid,1,0
user_159,2024-01-03,85.88,4,179,35,24,8,23,4.24,38.53,0,workday,23:32,07:07,35-44,hybrid,1,0
user_159,2024-01-04,97.97,4,243,45,32,33,21,2.68,69.39,0,workday,23:17,06:54,35-44,hybrid,1,0
user_159,2024-01-05,80.47,4,166,23,10,3,14,3.18,51.52,0,workday,21:54,07:06,35-44,hybrid,1,0
user_159,2024-01-06,69.33,3,189,38,13,18,10,4.45,55.3,0,weekend,23:18,08:11,35-44,hybrid,1,0
user_159,2024-01-07,68.63,3,244,56,22,30,15,3.38,60.7,0,weekend,22:57,07:30,35-44,hybrid,1,0
user_159,2024-01-08,66.87,3,247,54,32,42,17,2.94,51.11,0,workday,22:06,06:46,35-44,hybrid,1,0
user_159,2024-01-09,66.84,3,167,46,35,28,27,5.69,70.07,0,workday,22:51,08:05,35-44,hybrid,1,0
user_159,2024-01-10,69.71,3,210,53,38,34,23,6.59,38.18,1,workday,22:40,07:05,35-44,hybrid,1,0
user_159,2024-01-11,57.48,3,199,51,17,30,25,6.27,43.99,1,workday,22:25,06:54,35-44,hybrid,1,0
user_159,2024-01-12,87.25,4,176,50,24,26,19,6.34,60.49,1,workday,23:06,06:20,35-44,hybrid,1,0
user_159,2024-01-13,85.78,4,215,50,35,35,18,7.18,44.55,0,weekend,23:26,07:51,35-44,hybrid,1,0
user_159,2024-01-14,87.77,4,202,21,10,16,10,2.37,69.53,0,weekend,23:55,07:46,35-44,hybrid,1,0
user_159,2024-01-15,64.1,3,226,33,13,24,12,4.81,51.65,0,workday,22:50,07:27,35-44,hybrid,1,0
user_159,2024-01-16,61.89,3,286,55,40,35,21,6.19,55.16,0,workday,23:41,06:30,35-44,hybrid,1,0
user_159,2024-01-17,79.98,4,150,41,13,28,16,5.37,63.88,0,workday,22:57,06:49,35-44,hybrid,1,0
user_159,2024-01-18,65.78,3,240,39,29,23,15,4.57,65.77,1,workday,22:26,07:18,35-44,hybrid,1,0
user_159,2024-01-19,84.12,4,267,48,18,31,20,5.39,62.52,0,workday,23:20,07:12,35-44,hybrid,1,0
user_159,2024-01-20,94.83,4,193,48,24,30,30,3.0,70.8,0,weekend,23:16,08:21,35-44,hybrid,1,0
user_159,2024-01-21,64.07,3,213,42,20,29,23,5.5,51.08,0,weekend,23:03,07:18,35-44,hybrid,1,0
user_159,2024-01-22,76.49,4,293,42,17,36,24,3.38,76.24,0,workday,22:56,07:40,35-44,hybrid,1,0
user_159,2024-01-23,57.42,3,239,43,8,24,14,5.82,71.32,0,workday,23:12,07:03,35-44,hybrid,1,0
user_159,2024-01-24,60.9,3,156,31,22,22,16,0.56,41.14,0,workday,23:33,08:08,35-44,hybrid,1,0
user_159,2024-01-25,72.88,3,200,40,7,28,20,6.88,76.38,1,workday,23:26,06:47,35-44,hybrid,1,0
user_159,2024-01-26,85.66,4,147,39,24,38,13,3.09,68.44,1,workday,22:43,06:43,35-44,hybrid,1,0
user_159,2024-01-27,87.22,4,190,30,15,21,16,4.59,42.62,0,weekend,23:31,08:02,35-44,hybrid,1,0
user_159,2024-01-28,66.87,3,240,45,18,19,24,3.78,51.98,0,weekend,00:16,07:55,35-44,hybrid,1,0
user_160,2024-01-01,30.65,2,193,36,11,17,16,6.64,29.29,0,workday,21:55,06:58,35-44,hybrid,0,0
user_160,2024-01-02,16.54,1,262,32,19,22,11,6.59,44.12,0,workday,22:59,07:28,35-44,hybrid,0,0
user_160,2024-01-03,41.67,2,210,40,4,18,15,4.63,55.6,0,workday,23:18,06:44,35-44,hybrid,0,0
user_160,2024-01-04,23.21,1,204,36,36,26,17,5.64,62.08,1,workday,22:51,06:30,35-44,hybrid,0,0
user_160,2024-01-05,15.83,1,220,40,19,37,17,4.06,60.3,0,workday,22:58,06:44,35-44,hybrid,0,0
user_160,2024-01-06,18.85,1,253,51,38,29,19,3.68,64.64,0,weekend,23:13,06:50,35-44,hybrid,0,0
user_160,2024-01-07,31.81,2,212,54,19,25,23,7.0,57.09,0,weekend,23:22,08:02,35-44,hybrid,0,0
user_160,2024-01-08,10.76,1,169,48,35,25,22,5.3,64.78,0,workday,22:05,06:59,35-44,hybrid,0,0
user_160,2024-01-09,40.26,2,276,60,30,29,26,5.27,53.02,0,workday,22:34,07:20,35-44,hybrid,0,0
user_160,2024-01-10,22.92,1,296,54,43,31,24,7.21,58.26,1,workday,22:20,07:32,35-44,hybrid,0,0
user_160,2024-01-11,36.68,2,207,31,0,27,14,5.4,52.09,1,workday,23:15,06:46,35-44,hybrid,0,0
user_160,2024-01-12,29.34,2,186,24,6,21,14,5.24,41.2,0,workday,23:14,07:10,35-44,hybrid,0,0
user_160,2024-01-13,52.68,3,223,27,14,23,18,3.05,41.0,0,weekend,23:44,08:04,35-44,hybrid,0,0
user_160,2024-01-14,28.18,2,251,41,22,29,18,3.24,67.04,0,weekend,23:28,08:20,35-44,hybrid,0,0
user_160,2024-01-15,15.51,1,189,41,14,31,22,5.65,40.82,0,workday,23:55,06:29,35-44,hybrid,0,0
user_160,2024-01-16,0.0,1,241,42,20,15,23,5.24,57.02,1,workday,22:17,07:26,35-44,hybrid,0,0
user_160,2024-01-17,62.76,3,264,40,6,32,15,3.55,69.56,0,workday,23:19,06:31,35-44,hybrid,0,0
user_160,2024-01-18,21.56,1,202,49,36,32,23,6.2,55.69,0,workday,23:27,07:21,35-44,hybrid,0,0
user_160,2024-01-19,50.88,3,238,54,5,37,19,4.41,55.96,0,workday,23:32,06:45,35-44,hybrid,0,0
user_160,2024-01-20,26.26,2,269,56,41,27,20,5.46,50.52,0,weekend,22:35,06:46,35-44,hybrid,0,0
user_160,2024-01-21,16.44,1,259,58,40,39,30,8.71,42.67,0,weekend,22:50,07:36,35-44,hybrid,0,0
user_160,2024-01-22,5.44,1,206,47,16,26,15,6.14,44.49,1,workday,22:29,06:29,35-44,hybrid,0,0
user_160,2024-01-23,27.13,2,252,60,33,37,19,6.81,37.53,0,workday,23:07,06:54,35-44,hybrid,0,0
user_160,2024-01-24,0.0,1,222,46,32,34,14,7.07,31.67,1,workday,22:34,07:16,35-44,hybrid,0,0
user_160,2024-01-25,59.76,3,185,30,17,20,13,5.4,75.55,0,workday,22:34,06:43,35-44,hybrid,0,0
user_160,2024-01-26,38.77,2,197,43,21,35,26,2.86,67.44,0,workday,23:01,07:08,35-44,hybrid,0,0
user_160,2024-01-27,10.21,1,245,50,17,25,28,4.46,47.54,0,weekend,23:04,07:43,35-44,hybrid,0,0
user_160,2024-01-28,70.06,3,243,37,27,27,22,2.73,57.66,0,weekend,23:36,07:23,35-44,hybrid,0,0
user_161,2024-01-01,64.29,3,217,48,3,38,22,4.53,59.43,0,workday,23:25,07:15,18-24,on_site,0,0
user_161,2024-01-02,62.68,3,210,27,9,11,9,1.64,54.42,1,workday,22:16,07:04,18-24,on_site,0,0
user_161,2024-01-03,61.23,3,199,21,16,23,11,7.0,41.37,0,workday,22:12,07:42,18-24,on_site,0,0
user_161,2024-01-04,47.27,2,140,51,18,33,20,3.44,46.59,0,workday,23:42,06:43,18-24,on_site,0,0
user_161,2024-01-05,55.8,3,177,33,27,19,22,2.52,62.0,0,workday,22:52,07:40,18-24,on_site,0,0
user_161,2024-01-06,72.06,3,235,35,35,22,23,2.59,80.87,0,weekend,22:42,08:14,18-24,on_site,0,0
user_161,2024-01-07,65.09,3,168,40,20,19,19,4.16,57.95,0,weekend,23:38,07:43,18-24,on_site,0,0
user_161,2024-01-08,48.37,2,177,31,16,27,21,5.83,40.98,1,workday,23:45,07:40,18-24,on_site,0,0
user_161,2024-01-09,37.06,2,214,49,12,15,15,7.45,39.78,0,workday,23:24,06:20,18-24,on_site,0,0
user_161,2024-01-10,22.97,1,157,46,18,27,23,6.51,45.94,1,workday,22:35,06:34,18-24,on_site,0,0
user_161,2024-01-11,40.27,2,211,37,25,29,19,8.8,47.22,0,workday,22:13,07:24,18-24,on_site,0,0
user_161,2024-01-12,5.8,1,212,58,15,39,23,6.68,63.09,0,workday,22:08,07:22,18-24,on_site,0,0
user_161,2024-01-13,47.95,2,187,48,25,42,26,6.76,43.52,1,weekend,23:14,07:05,18-24,on_site,0,0
user_161,2024-01-14,36.03,2,195,18,9,15,11,1.86,59.8,0,weekend,23:02,08:01,18-24,on_site,0,0
user_161,2024-01-15,36.89,2,220,35,19,30,6,5.42,58.89,1,workday,22:56,07:24,18-24,on_site,0,0
user_161,2024-01-16,39.77,2,217,27,5,33,15,4.92,71.78,0,workday,22:33,07:34,18-24,on_site,0,0
user_161,2024-01-17,57.1,3,234,51,12,27,24,2.03,63.89,1,workday,23:17,07:31,18-24,on_site,0,0
user_161,2024-01-18,70.81,3,257,41,32,30,20,4.65,62.68,0,workday,22:15,06:47,18-24,on_site,0,0
user_161,2024-01-19,44.79,2,170,26,20,29,14,3.3,71.69,0,workday,23:02,06:53,18-24,on_site,0,0
user_161,2024-01-20,23.86,1,239,40,19,30,19,3.85,55.53,0,weekend,22:34,08:09,18-24,on_site,0,0
user_161,2024-01-21,62.21,3,205,34,4,31,13,2.51,54.44,0,weekend,23:22,08:33,18-24,on_site,0,0
user_161,2024-01-22,43.38,2,177,21,14,13,11,2.73,66.44,0,workday,23:00,07:19,18-24,on_site,0,0
user_161,2024-01-23,56.29,3,177,38,33,13,19,4.1,65.42,0,workday,23:29,06:29,18-24,on_site,0,0
user_161,2024-01-24,37.87,2,239,48,30,28,14,6.24,69.19,0,workday,22:41,06:16,18-24,on_site,0,0
user_161,2024-01-25,32.96,2,156,37,31,36,20,6.84,49.03,0,workday,23:29,06:49,18-24,on_site,0,0
user_161,2024-01-26,32.55,2,168,41,23,32,23,3.64,73.35,1,workday,22:44,07:14,18-24,on_site,0,0
user_161,2024-01-27,44.27,2,203,41,13,24,15,6.34,63.66,0,weekend,23:41,08:20,18-24,on_site,0,0
user_161,2024-01-28,48.9,2,251,36,9,19,20,2.69,73.05,0,weekend,23:32,07:31,18-24,on_site,0,0
user_162,2024-01-01,50.39,3,256,35,2,32,0,4.17,68.79,0,workday,23:16,07:16,45-54,remote,0,1
user_162,2024-01-02,67.92,3,261,50,19,15,28,0.23,54.48,0,workday,22:46,07:09,45-54,remote,0,1
user_162,2024-01-03,36.61,2,212,32,8,40,10,6.08,70.85,1,workday,22:30,07:30,45-54,remote,0,1
user_162,2024-01-04,26.87,2,239,45,40,19,17,8.92,39.94,0,workday,21:48,07:06,45-54,remote,0,1
user_162,2024-01-05,32.71,2,189,31,16,9,13,4.74,55.7,0,workday,22:58,07:09,45-54,remote,0,1
user_162,2024-01-06,29.1,2,212,23,22,23,23,1.77,66.12,1,weekend,23:09,08:10,45-54,remote,0,1
user_162,2024-01-07,14.82,1,193,49,33,42,4,6.75,43.94,1,weekend,23:13,07:47,45-54,remote,0,1
user_162,2024-01-08,22.92,1,163,48,10,33,19,6.28,35.67,1,workday,22:26,07:10,45-54,remote,0,1
user_162,2024-01-09,19.11,1,243,52,30,39,10,6.96,44.58,1,workday,23:36,06:48,45-54,remote,0,1
user_162,2024-01-10,15.67,1,200,53,33,18,19,5.88,45.5,1,workday,23:08,07:18,45-54,remote,0,1
user_162,2024-01-11,31.2,2,261,60,43,44,30,7.85,37.16,0,workday,22:36,05:59,45-54,remote,0,1
user_162,2024-01-12,30.5,2,262,15,6,27,10,6.29,47.08,0,workday,21:51,07:15,45-54,remote,0,1
user_162,2024-01-13,39.06,2,248,37,21,23,18,2.05,58.16,0,weekend,22:33,07:47,45-54,remote,0,1
user_162,2024-01-14,28.79,2,259,48,39,37,17,6.38,30.31,1,weekend,23:30,08:00,45-54,remote,0,1
user_162,2024-01-15,49.28,2,211,14,9,19,1,0.66,64.45,0,workday,22:03,06:26,45-54,remote,0,1
user_162,2024-01-16,67.97,3,260,36,14,23,21,5.19,66.32,1,workday,22:30,06:51,45-54,remote,0,1
user_162,2024-01-17,34.34,2,253,45,15,26,15,7.24,46.75,0,workday,23:02,06:50,45-54,remote,0,1
user_162,2024-01-18,30.93,2,232,54,21,19,22,0.93,40.67,1,workday,23:34,07:21,45-54,remote,0,1
user_162,2024-01-19,33.31,2,287,60,53,28,24,6.79,30.82,0,workday,23:12,06:49,45-54,remote,0,1
user_162,2024-01-20,58.15,3,172,32,20,8,20,3.15,40.79,1,weekend,23:35,07:11,45-54,remote,0,1
user_162,2024-01-21,42.91,2,216,57,36,30,29,3.26,48.29,1,weekend,23:24,08:04,45-54,remote,0,1
user_162,2024-01-22,9.35,1,239,37,15,30,22,4.67,38.23,1,workday,22:37,06:31,45-54,remote,0,1
user_162,2024-01-23,40.44,2,280,53,30,36,25,5.19,69.35,1,workday,22:42,07:02,45-54,remote,0,1
user_162,2024-01-24,36.42,2,204,32,6,34,22,6.92,48.32,0,workday,21:33,08:03,45-54,remote,0,1
user_162,2024-01-25,30.78,2,300,40,22,38,21,4.83,66.4,0,workday,22:04,06:15,45-54,remote,0,1
user_162,2024-01-26,29.01,2,258,60,24,45,21,4.43,61.36,0,workday,22:22,07:20,45-54,remote,0,1
user_162,2024-01-27,20.82,1,217,31,6,27,5,4.69,56.05,0,weekend,23:48,07:14,45-54,remote,0,1
user_162,2024-01-28,40.5,2,249,52,13,25,30,2.3,60.05,0,weekend,23:20,08:08,45-54,remote,0,1
user_163,2024-01-01,15.84,1,300,47,38,14,28,4.79,46.13,1,workday,22:50,06:38,25-34,remote,1,0
user_163,2024-01-02,5.57,1,277,32,21,22,10,7.26,41.79,1,workday,23:07,06:59,25-34,remote,1,0
user_163,2024-01-03,25.89,2,190,41,13,34,30,4.47,64.5,0,workday,22:30,07:32,25-34,remote,1,0
user_163,2024-01-04,63.32,3,220,30,20,36,17,5.08,58.46,0,workday,23:02,06:59,25-34,remote,1,0
user_163,2024-01-05,53.27,3,244,52,11,21,30,6.62,55.4,0,workday,23:20,07:06,25-34,remote,1,0
user_163,2024-01-06,37.69,2,237,38,19,33,13,7.04,50.46,0,weekend,00:18,07:06,25-34,remote,1,0
user_163,2024-01-07,72.0,3,279,50,10,37,24,4.97,69.96,0,weekend,23:32,07:39,25-34,remote,1,0
user_163,2024-01-08,26.52,2,229,51,21,16,29,8.65,58.76,0,workday,23:52,07:27,25-34,remote,1,0
user_163,2024-01-09,24.9,1,245,35,16,14,13,8.06,44.44,0,workday,23:35,07:05,25-34,remote,1,0
user_163,2024-01-10,18.28,1,276,59,28,31,23,7.85,34.15,0,workday,22:46,06:57,25-34,remote,1,0
user_163,2024-01-11,44.05,2,191,40,12,24,14,5.21,50.48,0,workday,23:21,06:26,25-34,remote,1,0
user_163,2024-01-12,20.12,1,260,47,30,23,16,6.77,50.43,1,workday,22:59,06:27,25-34,remote,1,0
user_163,2024-01-13,33.56,2,254,40,16,21,20,3.8,55.05,0,weekend,22:36,08:03,25-34,remote,1,0
user_163,2024-01-14,36.55,2,196,29,17,22,6,0.68,78.94,0,weekend,23:09,07:56,25-34,remote,1,0
user_163,2024-01-15,17.55,1,269,55,42,31,8,6.89,51.43,0,workday,22:06,07:15,25-34,remote,1,0
user_163,2024-01-16,40.02,2,177,40,21,31,21,6.12,48.67,0,workday,22:19,06:57,25-34,remote,1,0
user_163,2024-01-17,29.91,2,226,24,20,20,15,8.39,43.14,0,workday,22:15,06:28,25-34,remote,1,0
user_163,2024-01-18,67.43,3,201,37,12,19,23,5.32,59.02,0,workday,22:31,07:05,25-34,remote,1,0
user_163,2024-01-19,37.61,2,224,49,27,38,17,3.73,59.22,1,workday,23:08,07:33,25-34,remote,1,0
user_163,2024-01-20,51.46,3,220,33,16,17,14,3.94,58.85,0,weekend,23:49,07:47,25-34,remote,1,0
user_163,2024-01-21,14.35,1,300,33,14,17,12,5.7,51.39,1,weekend,22:56,07:22,25-34,remote,1,0
user_163,2024-01-22,26.26,2,235,51,16,26,21,7.06,51.23,1,workday,23:21,06:42,25-34,remote,1,0
user_163,2024-01-23,12.76,1,277,56,25,39,17,4.99,55.61,0,workday,23:18,07:17,25-34,remote,1,0
user_163,2024-01-24,52.86,3,239,42,26,27,18,2.81,45.53,0,workday,23:36,07:32,25-34,remote,1,0
user_163,2024-01-25,69.48,3,189,34,18,24,10,5.45,43.63,0,workday,23:48,06:38,25-34,remote,1,0
user_163,2024-01-26,34.29,2,221,24,14,14,16,4.1,63.41,0,workday,23:40,07:29,25-34,remote,1,0
user_163,2024-01-27,40.97,2,241,43,30,21,22,6.29,60.47,0,weekend,23:10,07:33,25-34,remote,1,0
user_163,2024-01-28,53.64,3,225,42,24,18,20,2.96,62.3,0,weekend,23:17,08:10,25-34,remote,1,0
user_164,2024-01-01,42.44,2,260,34,10,27,17,5.96,49.93,0,workday,23:22,07:34,18-24,remote,0,0
user_164,2024-01-02,51.86,3,178,52,26,35,20,5.96,40.73,1,workday,22:17,07:48,18-24,remote,0,0
user_164,2024-01-03,58.59,3,213,31,1,17,22,2.89,66.38,0,workday,22:07,06:42,18-24,remote,0,0
user_164,2024-01-04,47.58,2,247,26,17,24,13,6.91,64.54,1,workday,23:27,07:03,18-24,remote,0,0
user_164,2024-01-05,41.02,2,213,53,33,31,22,4.32,66.43,0,workday,23:04,06:45,18-24,remote,0,0
user_164,2024-01-06,43.92,2,247,56,38,40,22,3.7,64.07,0,weekend,23:48,07:04,18-24,remote,0,0
user_164,2024-01-07,33.55,2,247,60,15,48,28,7.53,47.6,1,weekend,22:57,07:24,18-24,remote,0,0
user_164,2024-01-08,70.88,3,270,54,13,32,25,5.08,51.38,0,workday,22:53,07:20,18-24,remote,0,0
user_164,2024-01-09,43.37,2,210,49,30,25,18,3.02,44.46,1,workday,23:17,07:18,18-24,remote,0,0
user_164,2024-01-10,55.41,3,274,46,20,49,25,6.61,47.51,1,workday,22:30,07:14,18-24,remote,0,0
user_164,2024-01-11,15.28,1,227,46,17,25,28,5.91,54.07,0,workday,23:26,06:56,18-24,remote,0,0
user_164,2024-01-12,21.12,1,235,25,16,25,13,6.73,55.44,1,workday,23:07,07:24,18-24,remote,0,0
user_164,2024-01-13,33.53,2,257,46,17,20,30,3.78,43.73,1,weekend,23:44,07:36,18-24,remote,0,0
user_164,2024-01-14,76.46,4,217,46,26,26,16,4.84,73.55,0,weekend,23:36,07:36,18-24,remote,0,0
user_164,2024-01-15,86.12,4,150,36,17,31,18,4.43,61.08,1,workday,23:19,07:08,18-24,remote,0,0
user_164,2024-01-16,50.71,3,216,25,17,25,14,7.04,31.04,1,workday,23:32,07:26,18-24,remote,0,0
user_164,2024-01-17,28.01,2,179,49,21,38,22,5.89,38.45,0,workday,23:50,07:13,18-24,remote,0,0
user_164,2024-01-18,46.59,2,225,35,7,22,18,3.3,53.97,0,workday,22:38,07:14,18-24,remote,0,0
user_164,2024-01-19,56.69,3,256,49,21,20,17,4.67,63.81,0,workday,22:55,07:45,18-24,remote,0,0
user_164,2024-01-20,39.91,2,230,41,31,27,20,4.15,48.01,0,weekend,23:26,07:36,18-24,remote,0,0
user_164,2024-01-21,38.15,2,221,38,27,25,22,5.14,57.22,0,weekend,23:05,07:47,18-24,remote,0,0
user_164,2024-01-22,23.64,1,243,40,21,31,19,6.8,41.41,0,workday,23:22,07:08,18-24,remote,0,0
user_164,2024-01-23,42.01,2,211,39,4,34,28,4.68,48.99,0,workday,23:14,07:28,18-24,remote,0,0
user_164,2024-01-24,26.1,2,288,60,28,42,24,6.92,59.88,1,workday,23:12,06:30,18-24,remote,0,0
user_164,2024-01-25,59.33,3,221,49,22,34,24,4.21,71.0,0,workday,21:57,06:49,18-24,remote,0,0
user_164,2024-01-26,42.94,2,261,53,24,29,16,6.72,43.0,1,workday,23:02,06:19,18-24,remote,0,0
user_164,2024-01-27,57.83,3,244,60,53,23,24,6.12,46.43,0,weekend,23:39,07:48,18-24,remote,0,0
user_164,2024-01-28,48.9,2,255,45,22,26,25,3.98,71.63,0,weekend,00:01,06:30,18-24,remote,0,0
user_165,2024-01-01,59.17,3,256,46,25,25,26,7.81,40.39,0,workday,23:05,07:27,35-44,hybrid,1,0
user_165,2024-01-02,100.0,4,221,40,16,20,15,5.76,85.46,1,workday,23:09,06:59,35-44,hybrid,1,0
user_165,2024-01-03,90.14,4,189,31,13,36,19,5.5,44.28,0,workday,23:08,07:04,35-44,hybrid,1,0
user_165,2024-01-04,46.54,2,240,53,29,20,22,6.7,69.74,1,workday,23:06,07:28,35-44,hybrid,1,0
user_165,2024-01-05,71.9,3,162,33,16,38,14,2.62,47.8,0,workday,21:40,06:58,35-44,hybrid,1,0
user_165,2024-01-06,62.96,3,258,60,26,36,18,3.75,55.74,0,weekend,23:31,07:38,35-44,hybrid,1,0
user_165,2024-01-07,100.0,4,175,40,22,23,17,0.0,71.01,0,weekend,23:36,08:07,35-44,hybrid,1,0
user_165,2024-01-08,71.58,3,208,34,12,18,16,3.72,44.73,0,workday,22:42,06:44,35-44,hybrid,1,0
user_165,2024-01-09,71.64,3,232,54,16,19,19,3.17,74.09,0,workday,23:23,06:57,35-44,hybrid,1,0
user_165,2024-01-10,45.23,2,206,42,22,23,15,5.88,59.36,0,workday,22:36,07:21,35-44,hybrid,1,0
user_165,2024-01-11,53.86,3,158,37,9,12,26,5.57,44.25,0,workday,22:28,07:06,35-44,hybrid,1,0
user_165,2024-01-12,92.97,4,194,32,7,29,14,1.17,70.71,0,workday,23:42,07:30,35-44,hybrid,1,0
user_165,2024-01-13,60.69,3,234,56,23,32,21,2.48,62.03,0,weekend,23:47,06:47,35-44,hybrid,1,0
user_165,2024-01-14,52.65,3,223,38,30,32,22,6.08,50.2,0,weekend,23:34,07:43,35-44,hybrid,1,0
user_165,2024-01-15,82.36,4,211,33,27,17,8,6.64,46.58,0,workday,22:48,06:54,35-44,hybrid,1,0
user_165,2024-01-16,86.44,4,182,29,16,22,16,4.7,54.63,1,workday,22:09,06:57,35-44,hybrid,1,0
user_165,2024-01-17,32.23,2,239,56,48,24,27,6.86,49.86,1,workday,22:27,07:14,35-44,hybrid,1,0
user_165,2024-01-18,44.35,2,265,60,44,21,20,6.1,35.59,0,workday,23:58,06:33,35-44,hybrid,1,0
user_165,2024-01-19,100.0,4,155,38,10,26,10,3.12,70.6,1,workday,22:38,06:42,35-44,hybrid,1,0
user_165,2024-01-20,45.86,2,247,60,22,41,25,6.59,68.04,1,weekend,23:59,07:07,35-44,hybrid,1,0
user_165,2024-01-21,68.82,3,237,25,10,30,10,5.44,56.17,1,weekend,23:03,08:15,35-44,hybrid,1,0
user_165,2024-01-22,78.23,4,210,42,30,40,18,3.25,66.77,0,workday,23:16,07:08,35-44,hybrid,1,0
user_165,2024-01-23,56.82,3,223,53,34,28,30,6.77,50.62,0,workday,22:43,07:22,35-44,hybrid,1,0
user_165,2024-01-24,49.61,2,178,37,20,26,14,4.08,48.37,0,workday,21:58,07:04,35-44,hybrid,1,0
user_165,2024-01-25,62.12,3,255,45,18,34,16,3.95,38.68,0,workday,23:41,07:11,35-44,hybrid,1,0
user_165,2024-01-26,48.76,2,217,37,8,30,13,4.03,55.2,1,workday,22:47,06:40,35-44,hybrid,1,0
user_165,2024-01-27,100.0,4,248,37,18,30,20,4.11,49.06,1,weekend,00:05,07:49,35-44,hybrid,1,0
user_165,2024-01-28,66.94,3,216,44,16,30,18,5.7,56.65,1,weekend,22:40,06:59,35-44,hybrid,1,0
user_166,2024-01-01,56.93,3,185,54,39,28,20,5.18,36.63,0,workday,22:17,07:33,25-34,hybrid,1,0
user_166,2024-01-02,41.91,2,175,42,22,27,19,4.45,58.61,1,workday,23:16,07:44,25-34,hybrid,1,0
user_166,2024-01-03,53.23,3,266,60,38,40,28,8.86,45.71,0,workday,23:51,07:03,25-34,hybrid,1,0
user_166,2024-01-04,81.39,4,214,47,33,31,10,3.77,68.85,0,workday,23:04,07:13,25-34,hybrid,1,0
user_166,2024-01-05,64.89,3,217,50,18,30,23,4.76,71.69,1,workday,23:50,06:53,25-34,hybrid,1,0
user_166,2024-01-06,86.46,4,152,23,9,3,12,1.98,53.04,0,weekend,23:06,07:51,25-34,hybrid,1,0
user_166,2024-01-07,94.94,4,199,40,8,19,12,2.33,68.14,0,weekend,23:49,07:29,25-34,hybrid,1,0
user_166,2024-01-08,84.02,4,233,40,28,17,7,5.68,57.27,0,workday,23:35,07:41,25-34,hybrid,1,0
user_166,2024-01-09,72.18,3,228,47,10,33,15,4.6,51.17,0,workday,23:11,07:17,25-34,hybrid,1,0
user_166,2024-01-10,82.08,4,220,34,11,25,13,3.58,69.97,0,workday,23:05,06:56,25-34,hybrid,1,0
user_166,2024-01-11,96.49,4,192,41,12,43,17,4.66,73.6,0,workday,23:38,07:35,25-34,hybrid,1,0
user_166,2024-01-12,72.62,3,269,36,9,20,15,3.46,41.69,1,workday,23:42,07:00,25-34,hybrid,1,0
user_166,2024-01-13,91.93,4,237,46,3,37,27,3.84,67.76,0,weekend,00:15,08:18,25-34,hybrid,1,0
user_166,2024-01-14,89.17,4,225,35,19,23,21,5.79,58.11,0,weekend,23:14,07:51,25-34,hybrid,1,0
user_166,2024-01-15,73.61,3,257,54,9,41,23,2.52,64.1,0,workday,23:58,07:20,25-34,hybrid,1,0
user_166,2024-01-16,100.0,4,178,27,20,25,20,5.81,70.18,0,workday,22:42,06:41,25-34,hybrid,1,0
user_166,2024-01-17,58.37,3,261,35,29,17,21,7.46,47.8,0,workday,21:43,07:16,25-34,hybrid,1,0
user_166,2024-01-18,47.04,2,207,39,6,22,24,7.22,47.29,0,workday,23:00,07:41,25-34,hybrid,1,0
user_166,2024-01-19,66.84,3,159,33,23,30,19,2.0,66.14,1,workday,23:11,06:45,25-34,hybrid,1,0
user_166,2024-01-20,81.39,4,248,39,29,20,20,3.67,65.13,0,weekend,22:48,07:54,25-34,hybrid,1,0
user_166,2024-01-21,66.15,3,235,34,34,26,13,4.16,57.32,0,weekend,22:15,07:50,25-34,hybrid,1,0
user_166,2024-01-22,67.39,3,128,28,9,20,14,5.37,44.93,0,workday,22:46,07:52,25-34,hybrid,1,0
user_166,2024-01-23,75.45,4,191,47,19,34,14,3.36,52.11,0,workday,23:05,07:23,25-34,hybrid,1,0
user_166,2024-01-24,70.66,3,227,46,19,22,21,6.17,44.23,0,workday,23:01,06:49,25-34,hybrid,1,0
user_166,2024-01-25,88.74,4,202,39,11,26,20,1.92,65.66,0,workday,22:22,07:27,25-34,hybrid,1,0
user_166,2024-01-26,65.51,3,245,48,18,24,20,8.29,45.77,0,workday,23:05,07:13,25-34,hybrid,1,0
user_166,2024-01-27,52.21,3,241,32,12,40,11,5.68,75.71,0,weekend,00:16,07:35,25-34,hybrid,1,0
user_166,2024-01-28,59.19,3,249,46,12,16,25,5.27,54.2,0,weekend,23:38,08:07,25-34,hybrid,1,0
user_167,2024-01-01,43.42,2,222,32,25,17,19,4.68,55.15,0,workday,22:02,05:52,45-54,hybrid,1,0
user_167,2024-01-02,30.58,2,188,56,25,30,14,4.07,56.51,1,workday,23:04,06:47,45-54,hybrid,1,0
user_167,2024-01-03,12.28,1,199,41,25,40,18,5.94,57.47,1,workday,22:28,07:04,45-54,hybrid,1,0
user_167,2024-01-04,29.62,2,245,40,27,29,17,9.14,42.56,1,workday,23:13,06:38,45-54,hybrid,1,0
user_167,2024-01-05,42.61,2,140,25,9,18,21,2.07,60.16,0,workday,00:14,07:57,45-54,hybrid,1,0
user_167,2024-01-06,30.3,2,179,40,28,36,17,5.88,53.68,1,weekend,23:39,08:19,45-54,hybrid,1,0
user_167,2024-01-07,28.87,2,286,50,38,29,23,8.21,33.89,0,weekend,23:59,07:00,45-54,hybrid,1,0
user_167,2024-01-08,60.83,3,158,41,12,32,17,4.87,66.45,1,workday,23:39,07:18,45-54,hybrid,1,0
user_167,2024-01-09,70.34,3,158,33,15,42,17,1.24,86.75,0,workday,23:19,06:53,45-54,hybrid,1,0
user_167,2024-01-10,37.11,2,228,52,25,43,30,6.15,53.4,0,workday,23:25,07:01,45-54,hybrid,1,0
user_167,2024-01-11,61.39,3,193,46,22,23,28,4.72,56.7,0,workday,23:47,07:34,45-54,hybrid,1,0
user_167,2024-01-12,5.29,1,288,60,38,34,26,6.72,43.54,1,workday,00:22,07:45,45-54,hybrid,1,0
user_167,2024-01-13,56.65,3,243,38,15,24,19,3.06,70.37,0,weekend,22:28,07:57,45-54,hybrid,1,0
user_167,2024-01-14,32.47,2,300,56,19,32,26,6.44,58.99,0,weekend,23:55,07:39,45-54,hybrid,1,0
user_167,2024-01-15,27.78,2,191,37,23,33,20,5.85,35.96,1,workday,22:35,07:22,45-54,hybrid,1,0
user_167,2024-01-16,49.3,2,275,49,11,31,18,7.9,41.25,0,workday,23:01,07:28,45-54,hybrid,1,0
user_167,2024-01-17,85.11,4,182,45,17,29,18,4.42,78.3,0,workday,22:56,06:40,45-54,hybrid,1,0
user_167,2024-01-18,57.41,3,194,36,22,27,11,0.91,78.4,0,workday,22:37,06:35,45-54,hybrid,1,0
user_167,2024-01-19,51.29,3,237,39,24,27,20,3.47,54.05,1,workday,22:33,06:59,45-54,hybrid,1,0
user_167,2024-01-20,72.37,3,265,38,14,21,10,5.26,62.41,0,weekend,23:26,08:21,45-54,hybrid,1,0
user_167,2024-01-21,38.4,2,186,44,4,33,21,2.32,77.52,0,weekend,00:00,07:57,45-54,hybrid,1,0
user_167,2024-01-22,30.61,2,228,56,40,31,25,6.2,55.82,0,workday,23:09,07:49,45-54,hybrid,1,0
user_167,2024-01-23,30.35,2,149,35,9,18,19,6.23,56.63,1,workday,22:59,07:01,45-54,hybrid,1,0
user_167,2024-01-24,53.06,3,245,55,15,21,15,5.91,62.36,0,workday,23:11,07:22,45-54,hybrid,1,0
user_167,2024-01-25,22.78,1,256,60,32,47,25,7.06,65.91,0,workday,22:29,06:38,45-54,hybrid,1,0
user_167,2024-01-26,33.11,2,199,29,6,29,18,6.21,46.26,0,workday,22:43,07:11,45-54,hybrid,1,0
user_167,2024-01-27,77.82,4,294,38,6,33,16,1.57,65.18,0,weekend,23:27,07:13,45-54,hybrid,1,0
user_167,2024-01-28,65.89,3,208,43,32,22,28,4.79,74.96,0,weekend,23:08,07:26,45-54,hybrid,1,0
user_168,2024-01-01,100.0,4,236,40,18,12,16,4.53,65.42,0,workday,23:17,06:43,45-54,hybrid,0,1
user_168,2024-01-02,62.03,3,241,40,17,2,30,2.94,60.64,0,workday,22:48,07:38,45-54,hybrid,0,1
user_168,2024-01-03,65.65,3,181,32,6,18,19,3.3,53.04,0,workday,23:31,07:14,45-54,hybrid,0,1
user_168,2024-01-04,69.53,3,214,60,29,50,25,5.18,33.13,0,workday,22:29,07:29,45-54,hybrid,0,1
user_168,2024-01-05,61.11,3,234,40,10,22,14,7.88,62.04,0,workday,22:11,06:44,45-54,hybrid,0,1
user_168,2024-01-06,90.25,4,250,24,16,12,20,3.66,78.24,0,weekend,23:36,06:52,45-54,hybrid,0,1
user_168,2024-01-07,83.22,4,218,38,15,22,23,6.03,53.32,0,weekend,22:50,07:50,45-54,hybrid,0,1
user_168,2024-01-08,61.05,3,151,42,25,29,13,3.52,39.52,1,workday,23:32,07:02,45-54,hybrid,0,1
user_168,2024-01-09,79.62,4,181,37,12,23,30,5.99,70.43,0,workday,22:51,06:18,45-54,hybrid,0,1
user_168,2024-01-10,85.67,4,232,21,4,23,0,2.16,57.72,0,workday,22:46,07:05,45-54,hybrid,0,1
user_168,2024-01-11,71.08,3,240,28,19,24,20,5.82,76.02,0,workday,22:37,06:46,45-54,hybrid,0,1
user_168,2024-01-12,95.93,4,216,34,18,23,19,1.92,57.7,0,workday,23:02,06:58,45-54,hybrid,0,1
user_168,2024-01-13,96.28,4,232,32,14,33,11,2.79,51.45,0,weekend,23:59,07:14,45-54,hybrid,0,1
user_168,2024-01-14,69.5,3,227,26,7,9,25,7.43,67.75,0,weekend,23:52,07:14,45-54,hybrid,0,1
user_168,2024-01-15,88.82,4,185,34,13,45,23,2.96,70.56,0,workday,22:57,07:38,45-54,hybrid,0,1
user_168,2024-01-16,62.16,3,152,41,37,15,9,6.62,64.78,1,workday,23:36,06:03,45-54,hybrid,0,1
user_168,2024-01-17,75.72,4,224,32,12,29,16,6.39,38.02,0,workday,23:00,07:28,45-54,hybrid,0,1
user_168,2024-01-18,62.69,3,132,18,9,19,21,6.19,39.54,1,workday,22:25,06:43,45-54,hybrid,0,1
user_168,2024-01-19,42.32,2,211,47,23,34,20,10.0,32.56,1,workday,22:47,06:58,45-54,hybrid,0,1
user_168,2024-01-20,50.51,3,194,52,26,29,29,5.32,58.93,1,weekend,23:08,07:39,45-54,hybrid,0,1
user_168,2024-01-21,73.11,3,184,33,23,23,15,4.47,43.41,0,weekend,00:14,08:02,45-54,hybrid,0,1
user_168,2024-01-22,28.46,2,250,43,10,27,22,7.96,49.93,1,workday,22:59,06:56,45-54,hybrid,0,1
user_168,2024-01-23,89.76,4,235,39,23,42,17,6.75,58.2,0,workday,22:55,07:50,45-54,hybrid,0,1
user_168,2024-01-24,83.24,4,228,54,34,48,17,3.79,51.15,0,workday,22:29,07:30,45-54,hybrid,0,1
user_168,2024-01-25,50.24,3,228,60,17,46,26,6.28,42.9,0,workday,23:26,07:33,45-54,hybrid,0,1
user_168,2024-01-26,64.73,3,265,42,10,21,17,5.0,43.32,1,workday,22:36,07:38,45-54,hybrid,0,1
user_168,2024-01-27,87.46,4,222,23,8,21,11,4.98,52.96,0,weekend,22:38,07:40,45-54,hybrid,0,1
user_168,2024-01-28,76.52,4,195,31,21,29,3,4.8,39.33,0,weekend,23:18,08:08,45-54,hybrid,0,1
user_169,2024-01-01,74.8,3,192,38,20,21,16,3.11,41.08,0,workday,22:17,07:32,25-34,remote,1,0
user_169,2024-01-02,36.42,2,271,10,5,0,6,5.65,48.72,1,workday,23:21,06:50,25-34,remote,1,0
user_169,2024-01-03,56.18,3,261,40,14,31,25,4.78,70.49,0,workday,23:00,07:44,25-34,remote,1,0
user_169,2024-01-04,52.4,3,286,44,14,32,24,5.15,69.31,0,workday,23:03,07:46,25-34,remote,1,0
user_169,2024-01-05,62.27,3,215,34,17,30,11,2.96,70.01,0,workday,22:46,07:18,25-34,remote,1,0
user_169,2024-01-06,58.06,3,222,55,41,25,23,1.0,50.63,0,weekend,23:27,07:29,25-34,remote,1,0
user_169,2024-01-07,10.51,1,251,58,22,28,22,5.13,65.84,0,weekend,23:33,07:48,25-34,remote,1,0
user_169,2024-01-08,49.56,2,269,43,11,22,22,6.05,55.25,0,workday,23:21,07:05,25-34,remote,1,0
user_169,2024-01-09,40.93,2,192,24,19,15,21,6.3,58.78,0,workday,22:58,07:45,25-34,remote,1,0
user_169,2024-01-10,51.49,3,187,49,16,27,23,5.52,38.71,1,workday,23:29,06:51,25-34,remote,1,0
user_169,2024-01-11,72.56,3,158,30,17,2,14,4.42,84.03,0,workday,22:40,07:40,25-34,remote,1,0
user_169,2024-01-12,58.97,3,229,47,40,33,14,3.77,79.43,1,workday,23:34,07:34,25-34,remote,1,0
user_169,2024-01-13,61.57,3,271,39,13,22,25,4.67,53.25,0,weekend,23:51,07:33,25-34,remote,1,0
user_169,2024-01-14,40.8,2,203,33,12,29,17,3.35,69.87,1,weekend,00:15,07:09,25-34,remote,1,0
user_169,2024-01-15,64.48,3,300,41,22,39,18,6.46,51.31,0,workday,22:39,07:21,25-34,remote,1,0
user_169,2024-01-16,68.7,3,229,48,31,20,23,5.01,59.4,0,workday,22:42,07:50,25-34,remote,1,0
user_169,2024-01-17,33.18,2,216,25,9,20,14,2.6,50.38,1,workday,23:22,06:46,25-34,remote,1,0
user_169,2024-01-18,30.68,2,272,42,28,24,21,5.42,65.02,0,workday,23:14,07:08,25-34,remote,1,0
user_169,2024-01-19,53.95,3,250,40,17,19,28,6.32,52.49,0,workday,22:57,07:43,25-34,remote,1,0
user_169,2024-01-20,8.94,1,275,49,17,31,23,4.06,28.91,0,weekend,23:26,07:28,25-34,remote,1,0
user_169,2024-01-21,84.05,4,196,27,6,19,20,2.89,68.66,0,weekend,22:34,08:50,25-34,remote,1,0
user_169,2024-01-22,60.39,3,219,53,16,32,19,2.77,85.76,0,workday,23:14,07:00,25-34,remote,1,0
user_169,2024-01-23,44.03,2,249,54,13,44,26,4.42,65.67,0,workday,23:16,06:54,25-34,remote,1,0
user_169,2024-01-24,77.81,4,246,44,21,20,17,1.2,73.36,0,workday,23:23,06:17,25-34,remote,1,0
user_169,2024-01-25,51.08,3,175,41,28,29,23,5.54,64.03,0,workday,22:43,06:53,25-34,remote,1,0
user_169,2024-01-26,56.4,3,245,45,24,35,21,6.66,64.89,0,workday,22:52,06:56,25-34,remote,1,0
user_169,2024-01-27,78.3,4,222,40,31,22,18,2.87,64.57,0,weekend,00:19,07:30,25-34,remote,1,0
user_169,2024-01-28,58.24,3,280,60,26,34,25,5.17,45.81,0,weekend,23:30,07:27,25-34,remote,1,0
user_170,2024-01-01,84.16,4,152,27,21,19,17,5.72,64.78,1,workday,22:49,06:37,55+,on_site,0,0
user_170,2024-01-02,49.86,2,194,36,25,29,22,6.14,50.76,0,workday,23:12,07:03,55+,on_site,0,0
user_170,2024-01-03,59.5,3,179,44,22,22,25,3.53,62.09,1,workday,22:43,07:17,55+,on_site,0,0
user_170,2024-01-04,87.88,4,201,32,12,28,19,4.0,68.84,0,workday,22:53,06:49,55+,on_site,0,0
user_170,2024-01-05,78.62,4,225,57,21,36,30,6.02,74.94,1,workday,23:23,07:02,55+,on_site,0,0
user_170,2024-01-06,73.39,3,231,53,25,36,25,5.28,65.51,0,weekend,00:21,07:14,55+,on_site,0,0
user_170,2024-01-07,90.52,4,146,26,21,26,12,3.5,49.97,0,weekend,00:09,07:37,55+,on_site,0,0
user_170,2024-01-08,49.93,2,168,52,29,38,23,4.65,42.26,1,workday,23:36,06:31,55+,on_site,0,0
user_170,2024-01-09,68.54,3,212,56,29,32,17,2.93,60.56,0,workday,23:10,06:59,55+,on_site,0,0
user_170,2024-01-10,33.88,2,199,42,4,35,20,8.82,27.66,0,workday,23:35,06:44,55+,on_site,0,0
user_170,2024-01-11,68.23,3,142,28,10,30,13,6.66,50.57,1,workday,22:51,07:24,55+,on_site,0,0
user_170,2024-01-12,38.41,2,202,49,31,27,17,6.37,44.76,1,workday,22:21,06:44,55+,on_site,0,0
user_170,2024-01-13,69.29,3,211,34,14,22,15,2.22,49.41,0,weekend,23:02,08:03,55+,on_site,0,0
user_170,2024-01-14,81.84,4,203,36,21,29,17,3.77,66.04,0,weekend,23:48,07:34,55+,on_site,0,0
user_170,2024-01-15,59.11,3,237,30,15,18,11,5.73,44.9,1,workday,23:27,07:34,55+,on_site,0,0
user_170,2024-01-16,43.8,2,179,49,13,30,25,5.61,60.53,1,workday,23:34,07:41,55+,on_site,0,0
user_170,2024-01-17,100.0,4,145,42,13,21,18,3.02,49.69,0,workday,00:06,07:18,55+,on_site,0,0
user_170,2024-01-18,59.2,3,213,48,24,31,20,5.94,53.16,1,workday,23:48,07:54,55+,on_site,0,0
user_170,2024-01-19,44.88,2,231,42,19,25,17,5.69,48.5,1,workday,23:44,07:04,55+,on_site,0,0
user_170,2024-01-20,90.39,4,158,21,10,20,1,2.88,46.07,0,weekend,00:00,08:42,55+,on_site,0,0
user_170,2024-01-21,54.46,3,201,37,25,36,20,4.3,67.44,0,weekend,23:33,08:22,55+,on_site,0,0
user_170,2024-01-22,64.87,3,191,39,16,32,17,5.66,52.24,1,workday,23:29,06:48,55+,on_site,0,0
user_170,2024-01-23,58.24,3,159,36,15,21,25,6.6,38.69,0,workday,22:50,07:04,55+,on_site,0,0
user_170,2024-01-24,77.26,4,164,18,8,5,3,1.01,56.97,0,workday,23:20,08:01,55+,on_site,0,0
user_170,2024-01-25,100.0,4,187,38,9,19,17,3.56,64.07,0,workday,23:13,06:38,55+,on_site,0,0
user_170,2024-01-26,54.3,3,191,21,9,22,20,5.39,51.06,1,workday,00:03,07:03,55+,on_site,0,0
user_170,2024-01-27,89.3,4,152,36,28,17,8,1.43,69.19,0,weekend,22:59,06:50,55+,on_site,0,0
user_170,2024-01-28,100.0,4,239,60,21,18,25,1.96,67.21,0,weekend,23:59,07:07,55+,on_site,0,0
user_171,2024-01-01,65.38,3,216,34,23,24,14,5.75,70.23,1,workday,22:39,06:35,25-34,hybrid,0,0
user_171,2024-01-02,56.99,3,190,39,20,19,14,3.11,83.62,1,workday,22:17,07:15,25-34,hybrid,0,0
user_171,2024-01-03,36.84,2,200,36,13,18,13,4.59,52.31,1,workday,22:23,06:24,25-34,hybrid,0,0
user_171,2024-01-04,23.86,1,242,60,32,33,30,8.48,44.85,1,workday,23:02,06:52,25-34,hybrid,0,0
user_171,2024-01-05,74.02,3,261,37,22,21,24,5.19,62.35,0,workday,23:20,06:28,25-34,hybrid,0,0
user_171,2024-01-06,43.48,2,188,49,31,16,21,3.46,65.07,0,weekend,00:14,09:00,25-34,hybrid,0,0
user_171,2024-01-07,68.07,3,239,54,24,29,25,6.17,73.61,0,weekend,23:07,07:11,25-34,hybrid,0,0
user_171,2024-01-08,86.77,4,209,28,4,26,18,6.2,53.29,0,workday,23:11,07:05,25-34,hybrid,0,0
user_171,2024-01-09,18.04,1,237,46,15,27,18,8.68,50.02,1,workday,22:51,06:31,25-34,hybrid,0,0
user_171,2024-01-10,20.17,1,172,55,43,26,16,8.3,57.49,1,workday,22:28,07:22,25-34,hybrid,0,0
user_171,2024-01-11,58.57,3,189,42,12,27,17,5.04,63.61,1,workday,23:09,06:56,25-34,hybrid,0,0
user_171,2024-01-12,37.87,2,242,49,35,37,23,7.1,62.59,0,workday,22:30,07:26,25-34,hybrid,0,0
user_171,2024-01-13,25.91,2,240,48,13,32,22,4.7,65.51,0,weekend,23:40,07:20,25-34,hybrid,0,0
user_171,2024-01-14,65.73,3,250,48,35,36,19,4.87,64.25,0,weekend,23:46,07:29,25-34,hybrid,0,0
user_171,2024-01-15,43.51,2,248,51,40,28,19,7.52,40.79,0,workday,23:13,07:10,25-34,hybrid,0,0
user_171,2024-01-16,68.98,3,235,52,15,38,24,5.69,41.44,0,workday,23:04,06:43,25-34,hybrid,0,0
user_171,2024-01-17,58.58,3,237,50,35,34,29,8.36,51.02,0,workday,23:17,06:55,25-34,hybrid,0,0
user_171,2024-01-18,62.84,3,258,50,28,36,18,6.85,52.65,0,workday,23:56,06:37,25-34,hybrid,0,0
user_171,2024-01-19,39.19,2,218,40,23,24,17,5.36,51.7,0,workday,22:57,07:09,25-34,hybrid,0,0
user_171,2024-01-20,60.86,3,161,30,12,32,19,3.81,51.79,0,weekend,23:54,06:31,25-34,hybrid,0,0
user_171,2024-01-21,73.06,3,210,47,12,38,22,5.75,58.04,0,weekend,23:16,07:59,25-34,hybrid,0,0
user_171,2024-01-22,32.24,2,183,41,19,22,17,8.14,37.2,1,workday,22:54,07:06,25-34,hybrid,0,0
user_171,2024-01-23,69.02,3,210,25,14,24,12,4.33,61.72,0,workday,22:31,06:33,25-34,hybrid,0,0
user_171,2024-01-24,57.06,3,247,35,11,16,13,4.89,79.61,0,workday,23:01,07:24,25-34,hybrid,0,0
user_171,2024-01-25,54.29,3,224,58,6,49,20,4.08,49.95,0,workday,22:36,06:21,25-34,hybrid,0,0
user_171,2024-01-26,65.33,3,218,29,8,12,18,2.55,58.31,0,workday,23:21,06:42,25-34,hybrid,0,0
user_171,2024-01-27,34.85,2,223,27,17,6,16,2.92,55.96,0,weekend,22:56,07:18,25-34,hybrid,0,0
user_171,2024-01-28,55.61,3,228,33,9,17,19,2.57,65.22,0,weekend,00:07,06:55,25-34,hybrid,0,0
user_172,2024-01-01,75.09,4,223,53,30,39,24,5.05,46.48,0,workday,23:11,07:34,25-34,remote,0,0
user_172,2024-01-02,68.68,3,278,57,29,28,23,5.44,60.07,0,workday,22:59,07:07,25-34,remote,0,0
user_172,2024-01-03,37.69,2,185,30,23,33,20,4.58,49.55,0,workday,23:34,06:52,25-34,remote,0,0
user_172,2024-01-04,9.51,1,264,41,15,16,27,6.18,57.71,1,workday,23:16,07:16,25-34,remote,0,0
user_172,2024-01-05,67.6,3,224,57,40,31,29,4.82,68.93,1,workday,22:46,07:27,25-34,remote,0,0
user_172,2024-01-06,38.01,2,299,54,32,36,13,5.47,64.22,0,weekend,23:20,07:02,25-34,remote,0,0
user_172,2024-01-07,66.1,3,274,59,34,40,24,5.5,67.68,0,weekend,23:40,07:01,25-34,remote,0,0
user_172,2024-01-08,63.85,3,192,60,16,35,21,4.56,38.62,1,workday,22:44,07:34,25-34,remote,0,0
user_172,2024-01-09,44.56,2,220,40,21,21,18,7.09,48.47,0,workday,23:12,07:25,25-34,remote,0,0
user_172,2024-01-10,26.12,2,245,48,22,43,18,5.6,57.29,0,workday,22:45,05:57,25-34,remote,0,0
user_172,2024-01-11,34.41,2,232,45,27,29,22,5.47,32.62,0,workday,22:46,07:40,25-34,remote,0,0
user_172,2024-01-12,24.12,1,249,43,21,29,18,6.15,48.38,0,workday,00:24,07:20,25-34,remote,0,0
user_172,2024-01-13,27.05,2,249,60,31,30,26,4.63,94.66,0,weekend,23:44,07:07,25-34,remote,0,0
user_172,2024-01-14,55.61,3,251,39,5,31,18,6.38,56.17,0,weekend,23:27,08:36,25-34,remote,0,0
user_172,2024-01-15,17.95,1,261,46,26,33,24,7.0,57.12,1,workday,23:40,07:38,25-34,remote,0,0
user_172,2024-01-16,31.24,2,206,48,20,40,27,7.54,41.53,1,workday,22:54,06:40,25-34,remote,0,0
user_172,2024-01-17,51.82,3,247,56,21,36,15,4.47,49.47,0,workday,22:16,06:54,25-34,remote,0,0
user_172,2024-01-18,55.19,3,170,33,16,21,15,2.39,68.68,1,workday,22:47,06:04,25-34,remote,0,0
user_172,2024-01-19,73.41,3,253,38,24,37,19,3.65,70.9,0,workday,22:35,08:26,25-34,remote,0,0
user_172,2024-01-20,70.74,3,300,48,19,25,23,2.88,69.17,0,weekend,23:13,07:05,25-34,remote,0,0
user_172,2024-01-21,55.45,3,220,54,43,36,19,6.94,40.58,0,weekend,22:42,08:14,25-34,remote,0,0
user_172,2024-01-22,31.44,2,244,42,32,34,27,2.55,52.44,0,workday,22:36,07:07,25-34,remote,0,0
user_172,2024-01-23,37.88,2,222,51,29,22,25,4.96,53.56,0,workday,23:10,06:31,25-34,remote,0,0
user_172,2024-01-24,43.67,2,236,42,11,15,18,3.56,69.21,0,workday,22:53,07:34,25-34,remote,0,0
user_172,2024-01-25,49.56,2,256,45,14,23,10,5.23,51.06,1,workday,22:47,07:14,25-34,remote,0,0
user_172,2024-01-26,72.15,3,266,53,26,31,30,6.35,60.43,0,workday,22:38,07:00,25-34,remote,0,0
user_172,2024-01-27,62.86,3,211,17,1,0,13,2.69,84.5,1,weekend,23:55,07:24,25-34,remote,0,0
user_172,2024-01-28,72.48,3,215,22,12,17,8,3.27,62.87,0,weekend,22:27,07:47,25-34,remote,0,0
user_173,2024-01-01,59.95,3,169,33,14,24,22,2.39,51.11,0,workday,22:37,06:37,25-34,remote,0,1
user_173,2024-01-02,63.97,3,216,52,22,35,30,2.92,74.38,0,workday,22:46,06:50,25-34,remote,0,1
user_173,2024-01-03,38.73,2,258,60,40,13,25,7.68,60.32,0,workday,23:10,05:41,25-34,remote,0,1
user_173,2024-01-04,96.42,4,235,52,44,22,18,6.45,63.93,0,workday,22:30,06:45,25-34,remote,0,1
user_173,2024-01-05,21.38,1,241,41,28,20,22,6.49,59.11,1,workday,22:49,05:43,25-34,remote,0,1
user_173,2024-01-06,22.35,1,222,46,27,18,20,1.55,60.05,0,weekend,22:51,06:52,25-34,remote,0,1
user_173,2024-01-07,73.85,3,194,31,10,15,4,3.64,50.17,0,weekend,22:16,07:26,25-34,remote,0,1
user_173,2024-01-08,21.29,1,300,60,32,20,17,8.03,41.37,0,workday,23:49,07:05,25-34,remote,0,1
user_173,2024-01-09,15.1,1,281,60,18,24,24,5.74,37.6,1,workday,23:41,06:57,25-34,remote,0,1
user_173,2024-01-10,57.92,3,166,21,8,39,14,3.67,55.36,0,workday,23:05,07:05,25-34,remote,0,1
user_173,2024-01-11,57.11,3,200,32,24,14,18,2.76,40.35,0,workday,23:00,06:47,25-34,remote,0,1
user_173,2024-01-12,52.34,3,274,40,19,30,26,5.75,65.99,0,workday,22:52,06:41,25-34,remote,0,1
user_173,2024-01-13,57.26,3,215,25,21,26,7,0.0,65.87,0,weekend,23:56,07:53,25-34,remote,0,1
user_173,2024-01-14,98.08,4,214,19,8,3,7,2.35,73.62,0,weekend,22:50,07:41,25-34,remote,0,1
user_173,2024-01-15,47.94,2,199,21,9,28,9,5.03,52.1,1,workday,22:49,06:21,25-34,remote,0,1
user_173,2024-01-16,59.12,3,217,32,9,21,15,3.45,58.87,0,workday,22:41,07:07,25-34,remote,0,1
user_173,2024-01-17,47.12,2,292,40,25,8,23,7.41,69.67,1,workday,22:41,07:37,25-34,remote,0,1
user_173,2024-01-18,62.08,3,214,49,14,27,9,3.27,79.24,0,workday,22:12,06:17,25-34,remote,0,1
user_173,2024-01-19,67.15,3,214,51,7,28,23,4.19,66.14,1,workday,23:40,06:33,25-34,remote,0,1
user_173,2024-01-20,53.81,3,273,37,18,26,19,4.84,56.59,0,weekend,23:39,08:12,25-34,remote,0,1
user_173,2024-01-21,48.18,2,250,52,23,19,15,4.06,60.92,0,weekend,23:06,07:28,25-34,remote,0,1
user_173,2024-01-22,38.05,2,268,60,24,19,27,6.17,46.51,0,workday,22:23,06:35,25-34,remote,0,1
user_173,2024-01-23,41.9,2,292,52,28,37,25,4.68,67.02,1,workday,23:25,07:04,25-34,remote,0,1
user_173,2024-01-24,50.65,3,250,39,25,20,20,7.22,68.94,0,workday,22:05,07:14,25-34,remote,0,1
user_173,2024-01-25,33.64,2,240,53,28,31,30,6.02,60.01,0,workday,22:49,07:10,25-34,remote,0,1
user_173,2024-01-26,58.99,3,204,47,8,24,1,6.81,50.8,0,workday,23:10,06:35,25-34,remote,0,1
user_173,2024-01-27,12.5,1,255,54,23,30,20,6.17,58.73,1,weekend,23:56,07:59,25-34,remote,0,1
user_173,2024-01-28,86.95,4,228,33,15,18,16,4.93,58.51,0,weekend,23:20,07:48,25-34,remote,0,1
user_174,2024-01-01,78.29,4,161,39,4,11,19,3.25,60.54,0,workday,22:22,07:30,55+,remote,0,0
user_174,2024-01-02,69.39,3,250,28,7,21,13,5.36,42.6,0,workday,22:44,07:04,55+,remote,0,0
user_174,2024-01-03,89.19,4,242,40,14,24,21,5.09,74.91,1,workday,23:44,07:05,55+,remote,0,0
user_174,2024-01-04,74.19,3,203,32,26,21,12,5.05,40.83,0,workday,23:26,07:11,55+,remote,0,0
user_174,2024-01-05,78.1,4,262,25,3,24,24,5.93,43.18,0,workday,22:00,06:45,55+,remote,0,0
user_174,2024-01-06,63.82,3,243,60,21,34,21,4.27,58.44,0,weekend,23:33,08:22,55+,remote,0,0
user_174,2024-01-07,77.84,4,165,45,9,32,20,3.0,59.22,0,weekend,00:19,07:19,55+,remote,0,0
user_174,2024-01-08,66.11,3,208,32,13,27,22,1.8,68.43,0,workday,22:29,07:24,55+,remote,0,0
user_174,2024-01-09,50.62,3,210,29,24,25,7,4.42,56.05,0,workday,23:48,06:46,55+,remote,0,0
user_174,2024-01-10,81.29,4,204,32,18,38,16,3.37,58.93,1,workday,22:51,07:29,55+,remote,0,0
user_174,2024-01-11,88.84,4,220,37,23,23,17,2.02,64.5,0,workday,22:10,07:27,55+,remote,0,0
user_174,2024-01-12,67.31,3,229,44,24,20,22,4.07,53.79,0,workday,22:58,07:02,55+,remote,0,0
user_174,2024-01-13,73.62,3,225,58,44,25,26,4.02,57.25,0,weekend,23:37,07:10,55+,remote,0,0
user_174,2024-01-14,55.12,3,275,32,19,13,20,6.39,64.59,0,weekend,22:54,07:44,55+,remote,0,0
user_174,2024-01-15,63.04,3,263,51,21,32,17,5.66,50.18,1,workday,22:53,06:50,55+,remote,0,0
user_174,2024-01-16,62.22,3,222,33,15,33,23,3.55,39.94,1,workday,23:19,07:21,55+,remote,0,0
user_174,2024-01-17,61.03,3,281,46,11,27,18,7.06,36.12,0,workday,23:30,08:04,55+,remote,0,0
user_174,2024-01-18,100.0,4,216,33,20,20,15,2.28,51.58,0,workday,22:55,06:44,55+,remote,0,0
user_174,2024-01-19,61.83,3,184,27,10,41,17,5.97,55.3,1,workday,22:38,07:20,55+,remote,0,0
user_174,2024-01-20,45.67,2,197,52,22,27,18,5.82,50.25,0,weekend,23:50,08:02,55+,remote,0,0
user_174,2024-01-21,100.0,4,192,38,10,28,23,2.47,61.85,0,weekend,22:55,08:16,55+,remote,0,0
user_174,2024-01-22,53.8,3,210,55,23,31,24,7.48,43.93,0,workday,23:23,06:52,55+,remote,0,0
user_174,2024-01-23,71.89,3,181,25,20,21,10,0.22,70.71,0,workday,23:49,06:21,55+,remote,0,0
user_174,2024-01-24,46.67,2,288,41,13,27,13,5.87,45.13,0,workday,22:19,07:19,55+,remote,0,0
user_174,2024-01-25,70.15,3,233,37,20,30,21,6.04,57.11,0,workday,23:04,07:12,55+,remote,0,0
user_174,2024-01-26,62.67,3,269,55,27,21,20,4.34,52.45,0,workday,22:43,07:51,55+,remote,0,0
user_174,2024-01-27,66.91,3,224,37,7,31,23,4.52,63.53,0,weekend,23:17,07:42,55+,remote,0,0
user_174,2024-01-28,100.0,4,300,39,10,17,19,3.36,57.98,1,weekend,23:29,07:43,55+,remote,0,0
user_175,2024-01-01,58.83,3,258,32,22,14,12,4.44,59.81,1,workday,23:14,06:33,18-24,remote,0,0
user_175,2024-01-02,90.93,4,196,41,9,31,23,2.17,71.75,0,workday,22:58,06:21,18-24,remote,0,0
user_175,2024-01-03,50.71,3,143,52,44,30,29,4.81,37.03,0,workday,22:26,06:21,18-24,remote,0,0
user_175,2024-01-04,49.64,2,212,40,31,26,18,6.78,49.08,0,workday,22:44,07:06,18-24,remote,0,0
user_175,2024-01-05,17.73,1,221,55,36,26,28,6.95,48.79,1,workday,22:53,07:45,18-24,remote,0,0
user_175,2024-01-06,34.72,2,204,24,13,23,10,4.99,54.87,1,weekend,23:25,08:10,18-24,remote,0,0
user_175,2024-01-07,75.36,4,214,44,15,24,21,2.86,61.2,0,weekend,23:46,07:32,18-24,remote,0,0
user_175,2024-01-08,76.43,4,186,31,16,21,13,4.21,61.87,0,workday,23:40,08:05,18-24,remote,0,0
user_175,2024-01-09,61.82,3,217,53,17,26,19,4.71,45.63,0,workday,23:03,07:30,18-24,remote,0,0
user_175,2024-01-10,58.94,3,198,32,20,17,18,6.28,49.68,0,workday,21:58,08:05,18-24,remote,0,0
user_175,2024-01-11,77.81,4,234,60,35,44,21,4.59,86.15,0,workday,23:21,06:52,18-24,remote,0,0
user_175,2024-01-12,64.58,3,245,45,27,32,18,3.93,62.91,0,workday,23:19,06:55,18-24,remote,0,0
user_175,2024-01-13,70.47,3,269,48,32,29,23,4.98,78.45,0,weekend,23:54,07:16,18-24,remote,0,0
user_175,2024-01-14,36.33,2,292,60,23,45,28,4.96,43.17,0,weekend,00:05,07:43,18-24,remote,0,0
user_175,2024-01-15,61.45,3,162,30,3,20,11,4.49,60.08,1,workday,23:18,07:03,18-24,remote,0,0
user_175,2024-01-16,64.13,3,235,60,39,32,30,8.01,54.95,0,workday,22:31,06:18,18-24,remote,0,0
user_175,2024-01-17,67.17,3,130,32,14,26,16,4.73,59.59,0,workday,22:35,07:36,18-24,remote,0,0
user_175,2024-01-18,39.17,2,264,48,17,25,22,6.04,42.52,1,workday,21:09,06:33,18-24,remote,0,0
user_175,2024-01-19,50.95,3,219,28,10,18,17,5.75,30.03,0,workday,22:49,06:28,18-24,remote,0,0
user_175,2024-01-20,42.43,2,225,60,36,23,25,4.53,52.41,0,weekend,23:45,07:39,18-24,remote,0,0
user_175,2024-01-21,68.46,3,235,44,40,33,20,2.91,84.82,0,weekend,22:39,07:51,18-24,remote,0,0
user_175,2024-01-22,74.66,3,208,54,12,35,25,5.14,48.88,0,workday,23:47,07:07,18-24,remote,0,0
user_175,2024-01-23,46.81,2,287,42,23,25,24,6.06,57.6,1,workday,22:41,06:41,18-24,remote,0,0
user_175,2024-01-24,58.18,3,188,31,19,26,11,5.44,63.46,0,workday,22:39,07:52,18-24,remote,0,0
user_175,2024-01-25,58.54,3,240,44,23,15,21,4.46,46.09,1,workday,21:44,06:27,18-24,remote,0,0
user_175,2024-01-26,60.4,3,283,47,16,36,29,6.95,56.38,0,workday,22:21,06:38,18-24,remote,0,0
user_175,2024-01-27,49.58,2,227,43,26,30,16,6.67,46.36,1,weekend,00:30,07:48,18-24,remote,0,0
user_175,2024-01-28,61.72,3,258,59,16,31,22,1.87,64.29,0,weekend,23:55,08:51,18-24,remote,0,0
user_176,2024-01-01,59.8,3,217,31,10,42,20,2.85,58.75,0,workday,00:33,06:11,18-24,remote,0,0
user_176,2024-01-02,27.2,2,225,45,27,28,15,8.42,44.68,0,workday,23:31,07:03,18-24,remote,0,0
user_176,2024-01-03,62.28,3,200,50,22,34,22,4.55,55.14,0,workday,23:52,06:35,18-24,remote,0,0
user_176,2024-01-04,22.71,1,254,51,23,24,20,4.79,55.4,0,workday,22:42,07:20,18-24,remote,0,0
user_176,2024-01-05,56.56,3,202,40,22,23,17,5.86,54.42,0,workday,22:02,06:07,18-24,remote,0,0
user_176,2024-01-06,55.59,3,216,34,16,30,21,3.59,48.11,0,weekend,22:21,07:51,18-24,remote,0,0
user_176,2024-01-07,49.36,2,221,52,18,27,26,3.15,75.23,0,weekend,23:23,07:18,18-24,remote,0,0
user_176,2024-01-08,39.01,2,219,36,23,38,24,6.2,75.71,0,workday,22:55,06:32,18-24,remote,0,0
user_176,2024-01-09,47.74,2,230,25,11,24,2,3.47,58.87,0,workday,23:04,06:41,18-24,remote,0,0
user_176,2024-01-10,33.43,2,281,42,16,30,30,9.17,31.56,0,workday,22:52,06:58,18-24,remote,0,0
user_176,2024-01-11,23.67,1,196,38,12,38,23,4.66,46.14,1,workday,23:21,06:28,18-24,remote,0,0
user_176,2024-01-12,26.37,2,300,51,39,37,23,4.5,47.63,0,workday,23:11,07:23,18-24,remote,0,0
user_176,2024-01-13,56.28,3,240,53,18,44,22,1.71,71.71,0,weekend,23:03,07:49,18-24,remote,0,0
user_176,2024-01-14,77.97,4,153,26,14,12,8,2.61,65.31,0,weekend,22:38,07:29,18-24,remote,0,0
user_176,2024-01-15,50.76,3,270,28,15,19,17,4.78,52.73,1,workday,22:25,06:30,18-24,remote,0,0
user_176,2024-01-16,21.68,1,225,46,20,31,16,5.38,56.54,1,workday,22:46,07:17,18-24,remote,0,0
user_176,2024-01-17,33.77,2,198,55,37,24,17,2.04,79.36,1,workday,23:00,06:55,18-24,remote,0,0
user_176,2024-01-18,23.59,1,224,41,16,29,22,7.03,45.21,0,workday,23:04,06:57,18-24,remote,0,0
user_176,2024-01-19,35.77,2,190,51,24,22,19,3.75,56.38,0,workday,23:20,06:25,18-24,remote,0,0
user_176,2024-01-20,61.03,3,272,26,19,27,4,2.59,66.56,0,weekend,22:51,07:29,18-24,remote,0,0
user_176,2024-01-21,23.59,1,219,37,18,28,18,4.31,42.85,0,weekend,23:04,07:19,18-24,remote,0,0
user_176,2024-01-22,20.54,1,204,49,25,32,15,4.73,59.23,0,workday,23:02,06:58,18-24,remote,0,0
user_176,2024-01-23,16.0,1,212,40,15,21,14,5.82,50.68,0,workday,22:43,07:14,18-24,remote,0,0
user_176,2024-01-24,35.02,2,195,42,20,24,13,4.01,56.52,1,workday,22:26,06:46,18-24,remote,0,0
user_176,2024-01-25,58.32,3,228,57,29,24,26,5.31,52.75,0,workday,23:09,06:33,18-24,remote,0,0
user_176,2024-01-26,28.02,2,282,49,15,42,20,6.65,63.09,0,workday,22:35,07:03,18-24,remote,0,0
user_176,2024-01-27,32.14,2,225,54,13,25,22,3.81,34.29,0,weekend,23:13,07:49,18-24,remote,0,0
user_176,2024-01-28,89.18,4,220,27,12,26,14,2.94,63.95,0,weekend,00:14,07:44,18-24,remote,0,0
user_177,2024-01-01,71.82,3,197,53,18,14,22,3.49,69.32,0,workday,22:36,07:14,25-34,on_site,0,1
user_177,2024-01-02,48.13,2,229,56,43,31,19,8.22,57.89,1,workday,23:23,07:00,25-34,on_site,0,1
user_177,2024-01-03,60.48,3,194,37,30,22,15,9.2,32.86,0,workday,22:47,06:58,25-34,on_site,0,1
user_177,2024-01-04,59.35,3,208,38,22,21,18,7.11,59.67,0,workday,23:05,07:43,25-34,on_site,0,1
user_177,2024-01-05,51.81,3,265,44,4,44,19,7.03,63.06,0,workday,22:51,07:35,25-34,on_site,0,1
user_177,2024-01-06,67.99,3,246,53,35,44,30,7.02,67.42,0,weekend,00:08,07:56,25-34,on_site,0,1
user_177,2024-01-07,66.19,3,210,41,19,29,13,2.81,69.3,1,weekend,23:13,07:03,25-34,on_site,0,1
user_177,2024-01-08,84.14,4,227,60,22,28,27,3.38,78.33,0,workday,23:30,06:53,25-34,on_site,0,1
user_177,2024-01-09,48.4,2,165,23,9,22,17,7.79,40.71,1,workday,22:35,07:10,25-34,on_site,0,1
user_177,2024-01-10,41.74,2,225,60,44,34,24,4.99,51.61,0,workday,22:53,06:58,25-34,on_site,0,1
user_177,2024-01-11,58.58,3,175,48,29,23,14,5.52,70.21,0,workday,22:55,07:42,25-34,on_site,0,1
user_177,2024-01-12,38.53,2,208,52,36,36,22,9.93,41.68,1,workday,22:46,06:19,25-34,on_site,0,1
user_177,2024-01-13,80.08,4,239,60,20,26,30,5.91,70.04,0,weekend,22:53,07:45,25-34,on_site,0,1
user_177,2024-01-14,93.73,4,195,37,30,26,23,3.92,69.83,0,weekend,00:07,07:34,25-34,on_site,0,1
user_177,2024-01-15,82.01,4,199,26,7,20,17,4.86,62.88,0,workday,22:45,07:15,25-34,on_site,0,1
user_177,2024-01-16,41.7,2,230,60,26,42,19,7.65,33.58,0,workday,23:02,07:19,25-34,on_site,0,1
user_177,2024-01-17,77.14,4,265,57,35,40,30,5.56,65.37,0,workday,22:44,07:00,25-34,on_site,0,1
user_177,2024-01-18,54.43,3,173,41,25,30,18,5.44,57.16,1,workday,22:15,06:35,25-34,on_site,0,1
user_177,2024-01-19,54.01,3,204,47,24,41,24,6.63,52.7,0,workday,22:37,07:11,25-34,on_site,0,1
user_177,2024-01-20,57.75,3,197,56,43,21,23,5.39,54.02,0,weekend,23:17,07:45,25-34,on_site,0,1
user_177,2024-01-21,41.43,2,202,31,14,16,11,3.41,66.09,0,weekend,22:55,06:44,25-34,on_site,0,1
user_177,2024-01-22,65.7,3,187,44,16,20,15,5.66,59.12,0,workday,22:46,07:05,25-34,on_site,0,1
user_177,2024-01-23,65.51,3,247,48,20,17,25,2.56,64.46,0,workday,22:06,06:43,25-34,on_site,0,1
user_177,2024-01-24,37.13,2,219,60,16,41,27,6.05,53.86,1,workday,22:56,06:50,25-34,on_site,0,1
user_177,2024-01-25,84.59,4,185,45,34,42,26,10.0,43.64,0,workday,23:33,07:27,25-34,on_site,0,1
user_177,2024-01-26,78.85,4,227,28,9,27,11,4.82,52.67,1,workday,23:53,07:16,25-34,on_site,0,1
user_177,2024-01-27,39.63,2,195,33,13,31,21,5.8,47.97,1,weekend,23:38,07:30,25-34,on_site,0,1
user_177,2024-01-28,93.74,4,167,42,24,18,18,3.22,60.36,0,weekend,00:32,08:34,25-34,on_site,0,1
user_178,2024-01-01,32.75,2,204,41,35,23,23,4.96,51.89,0,workday,23:00,06:56,55+,hybrid,1,0
user_178,2024-01-02,42.42,2,207,56,13,29,14,3.17,82.45,0,workday,22:36,06:48,55+,hybrid,1,0
user_178,2024-01-03,35.58,2,177,40,20,39,15,5.0,34.73,0,workday,22:59,07:36,55+,hybrid,1,0
user_178,2024-01-04,44.62,2,188,54,54,24,26,7.59,42.67,1,workday,22:35,06:40,55+,hybrid,1,0
user_178,2024-01-05,63.89,3,163,33,23,31,14,6.82,72.95,0,workday,22:07,07:47,55+,hybrid,1,0
user_178,2024-01-06,60.98,3,234,22,5,5,11,3.04,72.61,0,weekend,23:18,07:54,55+,hybrid,1,0
user_178,2024-01-07,53.71,3,241,49,15,34,16,4.38,44.43,0,weekend,23:52,07:13,55+,hybrid,1,0
user_178,2024-01-08,70.03,3,227,34,27,36,14,4.43,74.29,1,workday,23:44,07:59,55+,hybrid,1,0
user_178,2024-01-09,44.29,2,247,39,15,44,21,4.7,52.02,0,workday,22:25,06:51,55+,hybrid,1,0
user_178,2024-01-10,43.25,2,242,59,40,43,26,4.84,46.78,1,workday,22:45,06:46,55+,hybrid,1,0
user_178,2024-01-11,57.7,3,202,48,44,21,15,7.51,58.6,0,workday,22:51,06:56,55+,hybrid,1,0
user_178,2024-01-12,39.09,2,238,52,25,38,14,3.92,49.11,1,workday,23:14,08:06,55+,hybrid,1,0
user_178,2024-01-13,72.17,3,189,37,11,38,16,4.37,50.87,0,weekend,00:09,07:08,55+,hybrid,1,0
user_178,2024-01-14,53.16,3,231,38,9,26,20,5.63,66.08,0,weekend,23:58,07:37,55+,hybrid,1,0
user_178,2024-01-15,41.56,2,156,41,31,26,21,7.92,35.8,0,workday,23:02,07:09,55+,hybrid,1,0
user_178,2024-01-16,43.01,2,200,47,31,10,22,2.1,52.9,0,workday,23:10,07:14,55+,hybrid,1,0
user_178,2024-01-17,27.14,2,180,60,42,34,22,5.69,61.7,1,workday,22:08,07:07,55+,hybrid,1,0
user_178,2024-01-18,26.1,2,230,33,26,30,17,1.6,64.69,1,workday,22:10,07:34,55+,hybrid,1,0
user_178,2024-01-19,32.74,2,213,26,16,17,16,5.04,52.47,1,workday,22:39,06:28,55+,hybrid,1,0
user_178,2024-01-20,50.07,3,283,53,16,34,21,0.86,92.08,0,weekend,23:54,07:55,55+,hybrid,1,0
user_178,2024-01-21,27.03,2,239,38,27,31,8,5.87,52.17,0,weekend,00:21,07:38,55+,hybrid,1,0
user_178,2024-01-22,29.4,2,179,36,19,19,22,5.21,56.27,0,workday,22:15,07:39,55+,hybrid,1,0
user_178,2024-01-23,55.05,3,189,25,17,17,11,2.82,51.28,0,workday,23:31,07:02,55+,hybrid,1,0
user_178,2024-01-24,25.18,2,210,48,27,31,25,4.94,50.14,0,workday,23:17,06:30,55+,hybrid,1,0
user_178,2024-01-25,53.02,3,217,46,19,25,25,4.86,66.24,1,workday,22:58,06:29,55+,hybrid,1,0
user_178,2024-01-26,23.54,1,253,47,22,27,17,6.73,26.26,0,workday,22:19,07:26,55+,hybrid,1,0
user_178,2024-01-27,38.27,2,264,55,14,44,19,5.07,61.16,1,weekend,23:32,07:03,55+,hybrid,1,0
user_178,2024-01-28,73.67,3,257,45,14,30,21,5.44,49.27,0,weekend,23:12,07:07,55+,hybrid,1,0
user_179,2024-01-01,47.17,2,180,42,29,15,9,3.29,85.63,0,workday,22:55,07:04,45-54,hybrid,0,0
user_179,2024-01-02,40.01,2,178,51,37,36,28,6.63,57.98,0,workday,22:35,06:24,45-54,hybrid,0,0
user_179,2024-01-03,47.68,2,160,49,14,26,30,5.77,73.07,1,workday,22:32,08:02,45-54,hybrid,0,0
user_179,2024-01-04,26.24,2,239,39,20,15,19,5.27,21.25,1,workday,21:53,06:26,45-54,hybrid,0,0
user_179,2024-01-05,55.27,3,230,37,9,27,17,5.54,74.09,1,workday,22:49,06:48,45-54,hybrid,0,0
user_179,2024-01-06,34.96,2,179,27,9,19,11,2.32,70.66,0,weekend,23:10,07:08,45-54,hybrid,0,0
user_179,2024-01-07,65.2,3,176,52,14,21,13,3.99,56.28,0,weekend,00:31,07:44,45-54,hybrid,0,0
user_179,2024-01-08,28.47,2,209,48,20,23,12,3.65,75.06,0,workday,22:23,07:29,45-54,hybrid,0,0
user_179,2024-01-09,39.95,2,220,31,6,18,19,4.32,71.48,1,workday,22:47,06:26,45-54,hybrid,0,0
user_179,2024-01-10,17.18,1,259,60,45,31,22,6.17,60.12,0,workday,22:25,07:00,45-54,hybrid,0,0
user_179,2024-01-11,35.8,2,197,25,16,30,17,5.13,61.03,1,workday,23:33,06:43,45-54,hybrid,0,0
user_179,2024-01-12,6.89,1,234,60,40,29,23,6.46,57.27,1,workday,22:37,07:38,45-54,hybrid,0,0
user_179,2024-01-13,76.04,4,176,30,17,12,11,1.77,76.71,0,weekend,23:10,08:17,45-54,hybrid,0,0
user_179,2024-01-14,75.57,4,178,30,11,28,10,4.05,85.02,0,weekend,23:02,07:02,45-54,hybrid,0,0
user_179,2024-01-15,20.35,1,288,52,26,38,20,6.09,58.4,0,workday,22:38,06:57,45-54,hybrid,0,0
user_179,2024-01-16,52.6,3,183,41,23,26,20,3.48,76.17,0,workday,21:48,07:05,45-54,hybrid,0,0
user_179,2024-01-17,66.54,3,212,21,12,26,15,4.73,59.6,0,workday,22:26,05:48,45-54,hybrid,0,0
user_179,2024-01-18,48.84,2,192,39,22,31,16,6.91,66.43,0,workday,23:08,06:14,45-54,hybrid,0,0
user_179,2024-01-19,0.0,1,192,60,47,48,20,6.69,43.33,0,workday,22:36,07:44,45-54,hybrid,0,0
user_179,2024-01-20,44.15,2,250,52,40,43,23,6.04,61.46,0,weekend,23:05,07:52,45-54,hybrid,0,0
user_179,2024-01-21,36.1,2,267,47,13,24,19,5.97,76.38,0,weekend,23:33,08:26,45-54,hybrid,0,0
user_179,2024-01-22,84.26,4,179,37,20,19,15,3.67,54.89,0,workday,23:55,07:25,45-54,hybrid,0,0
user_179,2024-01-23,38.47,2,230,40,13,30,11,5.47,45.24,1,workday,23:59,06:59,45-54,hybrid,0,0
user_179,2024-01-24,19.93,1,177,31,22,18,9,6.66,39.47,0,workday,23:43,06:23,45-54,hybrid,0,0
user_179,2024-01-25,40.5,2,221,44,40,17,16,1.27,59.47,0,workday,22:59,07:08,45-54,hybrid,0,0
user_179,2024-01-26,64.82,3,275,35,15,19,8,3.71,61.34,0,workday,23:25,07:26,45-54,hybrid,0,0
user_179,2024-01-27,45.05,2,207,51,25,38,20,4.37,52.88,1,weekend,22:39,06:56,45-54,hybrid,0,0
user_179,2024-01-28,80.12,4,174,26,13,20,11,2.1,94.49,0,weekend,22:57,07:55,45-54,hybrid,0,0
user_180,2024-01-01,58.11,3,185,47,31,20,23,5.32,54.68,1,workday,22:32,06:40,35-44,hybrid,1,0
user_180,2024-01-02,28.28,2,244,60,26,28,30,5.06,59.42,1,workday,23:38,07:21,35-44,hybrid,1,0
user_180,2024-01-03,75.28,4,214,45,27,29,14,5.76,37.7,0,workday,22:33,07:39,35-44,hybrid,1,0
user_180,2024-01-04,50.04,3,212,42,9,37,15,7.42,56.81,0,workday,23:17,07:43,35-44,hybrid,1,0
user_180,2024-01-05,39.75,2,191,44,22,31,17,7.77,49.08,1,workday,23:28,07:47,35-44,hybrid,1,0
user_180,2024-01-06,45.89,2,220,42,19,29,16,4.13,46.71,0,weekend,22:56,07:31,35-44,hybrid,1,0
user_180,2024-01-07,88.99,4,161,31,18,21,16,3.77,69.44,0,weekend,23:25,07:47,35-44,hybrid,1,0
user_180,2024-01-08,55.89,3,240,50,18,42,29,6.1,49.66,1,workday,23:21,06:54,35-44,hybrid,1,0
user_180,2024-01-09,49.28,2,275,38,34,17,21,5.51,46.88,0,workday,23:58,06:21,35-44,hybrid,1,0
user_180,2024-01-10,60.36,3,231,58,30,44,28,6.75,41.95,0,workday,22:50,07:22,35-44,hybrid,1,0
user_180,2024-01-11,59.66,3,200,52,36,29,23,5.18,55.6,1,workday,23:11,06:22,35-44,hybrid,1,0
user_180,2024-01-12,85.16,4,222,45,26,41,20,3.05,61.13,0,workday,22:48,06:37,35-44,hybrid,1,0
user_180,2024-01-13,55.81,3,226,33,22,23,27,3.01,42.65,0,weekend,22:45,08:03,35-44,hybrid,1,0
user_180,2024-01-14,81.22,4,242,34,4,31,19,3.77,49.14,0,weekend,22:40,07:40,35-44,hybrid,1,0
user_180,2024-01-15,51.33,3,178,31,5,17,18,4.36,41.66,0,workday,22:25,07:03,35-44,hybrid,1,0
user_180,2024-01-16,65.22,3,259,38,16,39,27,8.15,51.28,1,workday,22:18,06:27,35-44,hybrid,1,0
user_180,2024-01-17,45.09,2,208,45,25,27,27,6.58,61.15,0,workday,22:19,05:59,35-44,hybrid,1,0
user_180,2024-01-18,30.69,2,234,45,40,31,19,5.5,55.46,0,workday,23:16,07:19,35-44,hybrid,1,0
user_180,2024-01-19,29.6,2,194,47,18,30,23,8.24,43.0,1,workday,23:23,07:30,35-44,hybrid,1,0
user_180,2024-01-20,89.95,4,166,40,20,29,22,4.14,52.69,0,weekend,23:04,07:48,35-44,hybrid,1,0
user_180,2024-01-21,69.79,3,149,23,9,21,11,1.56,84.31,0,weekend,23:20,08:03,35-44,hybrid,1,0
user_180,2024-01-22,45.32,2,268,42,25,31,23,5.92,46.66,1,workday,22:27,07:23,35-44,hybrid,1,0
user_180,2024-01-23,64.67,3,196,45,10,33,15,6.29,27.55,0,workday,22:45,06:54,35-44,hybrid,1,0
user_180,2024-01-24,76.26,4,182,34,8,33,6,4.34,65.5,0,workday,22:53,07:07,35-44,hybrid,1,0
user_180,2024-01-25,66.19,3,221,15,12,17,12,4.9,60.23,0,workday,22:41,07:14,35-44,hybrid,1,0
user_180,2024-01-26,60.7,3,226,27,17,24,11,4.64,64.22,0,workday,23:01,05:55,35-44,hybrid,1,0
user_180,2024-01-27,89.9,4,185,40,21,16,28,4.67,67.7,0,weekend,23:33,07:28,35-44,hybrid,1,0
user_180,2024-01-28,33.54,2,197,37,23,20,29,5.72,51.06,0,weekend,22:47,06:49,35-44,hybrid,1,0
user_181,2024-01-01,18.56,1,213,32,8,17,6,7.24,47.4,1,workday,23:24,06:16,45-54,hybrid,1,0
user_181,2024-01-02,14.67,1,263,42,16,23,14,6.35,27.07,1,workday,22:26,06:41,45-54,hybrid,1,0
user_181,2024-01-03,59.3,3,162,49,33,22,21,2.84,69.47,0,workday,22:32,06:56,45-54,hybrid,1,0
user_181,2024-01-04,60.36,3,183,53,9,16,23,3.92,62.38,0,workday,23:09,06:44,45-54,hybrid,1,0
user_181,2024-01-05,39.61,2,266,52,18,41,28,6.29,31.04,0,workday,00:06,07:08,45-54,hybrid,1,0
user_181,2024-01-06,38.59,2,160,42,20,20,11,6.24,63.38,1,weekend,00:13,07:27,45-54,hybrid,1,0
user_181,2024-01-07,97.07,4,197,36,23,36,17,3.7,82.84,0,weekend,23:27,07:44,45-54,hybrid,1,0
user_181,2024-01-08,39.89,2,249,38,25,23,27,6.04,56.0,1,workday,23:08,07:18,45-54,hybrid,1,0
user_181,2024-01-09,64.81,3,240,43,23,39,14,4.54,80.8,0,workday,23:20,06:38,45-54,hybrid,1,0
user_181,2024-01-10,24.07,1,216,38,17,33,16,7.92,66.53,1,workday,22:47,06:57,45-54,hybrid,1,0
user_181,2024-01-11,53.49,3,210,35,18,19,20,5.98,41.9,0,workday,23:03,06:10,45-54,hybrid,1,0
user_181,2024-01-12,15.85,1,199,46,20,17,23,5.48,47.19,1,workday,22:29,06:48,45-54,hybrid,1,0
user_181,2024-01-13,39.2,2,222,42,22,34,27,4.99,64.33,0,weekend,23:04,08:13,45-54,hybrid,1,0
user_181,2024-01-14,28.18,2,223,46,21,23,22,6.95,47.14,0,weekend,22:43,08:04,45-54,hybrid,1,0
user_181,2024-01-15,44.67,2,213,44,23,29,25,4.6,66.65,1,workday,23:47,06:46,45-54,hybrid,1,0
user_181,2024-01-16,85.41,4,216,33,15,25,12,2.71,55.31,0,workday,23:19,07:13,45-54,hybrid,1,0
user_181,2024-01-17,45.14,2,203,32,20,19,18,5.58,68.63,0,workday,23:22,07:42,45-54,hybrid,1,0
user_181,2024-01-18,56.56,3,168,40,5,34,26,5.54,60.93,1,workday,23:44,07:49,45-54,hybrid,1,0
user_181,2024-01-19,44.25,2,141,34,8,24,16,5.54,67.48,0,workday,23:46,07:18,45-54,hybrid,1,0
user_181,2024-01-20,38.18,2,233,41,16,20,20,3.45,62.39,0,weekend,23:33,07:52,45-54,hybrid,1,0
user_181,2024-01-21,48.64,2,183,29,11,13,10,0.5,59.77,0,weekend,23:27,08:07,45-54,hybrid,1,0
user_181,2024-01-22,0.0,1,279,60,34,36,26,6.55,45.76,1,workday,23:29,06:32,45-54,hybrid,1,0
user_181,2024-01-23,69.57,3,226,46,12,25,21,4.77,50.35,0,workday,23:00,06:52,45-54,hybrid,1,0
user_181,2024-01-24,55.13,3,231,53,21,31,30,5.08,62.45,0,workday,22:05,08:16,45-54,hybrid,1,0
user_181,2024-01-25,62.55,3,234,50,40,28,11,3.98,56.6,0,workday,21:34,06:48,45-54,hybrid,1,0
user_181,2024-01-26,45.33,2,269,58,35,32,28,6.69,53.63,0,workday,23:03,05:58,45-54,hybrid,1,0
user_181,2024-01-27,72.87,3,191,41,8,23,19,0.0,87.1,1,weekend,22:48,08:13,45-54,hybrid,1,0
user_181,2024-01-28,77.13,4,188,37,13,27,8,2.58,65.33,0,weekend,23:20,07:38,45-54,hybrid,1,0
user_182,2024-01-01,74.02,3,175,27,8,36,15,2.9,61.01,0,workday,22:42,07:03,45-54,on_site,1,0
user_182,2024-01-02,37.76,2,191,39,15,33,22,5.09,59.69,1,workday,22:54,06:15,45-54,on_site,1,0
user_182,2024-01-03,53.62,3,214,40,22,33,19,5.44,59.07,1,workday,23:29,07:51,45-54,on_site,1,0
user_182,2024-01-04,32.9,2,207,56,23,33,21,5.53,57.57,0,workday,22:47,06:37,45-54,on_site,1,0
user_182,2024-01-05,47.74,2,249,25,21,25,14,1.62,73.52,0,workday,23:27,07:03,45-54,on_site,1,0
user_182,2024-01-06,47.57,2,210,47,21,38,23,6.4,37.0,0,weekend,23:08,07:47,45-54,on_site,1,0
user_182,2024-01-07,78.32,4,202,32,13,25,15,4.4,58.46,0,weekend,00:00,07:48,45-54,on_site,1,0
user_182,2024-01-08,52.89,3,97,31,4,23,19,5.22,47.41,1,workday,22:23,06:07,45-54,on_site,1,0
user_182,2024-01-09,53.64,3,194,39,19,30,19,5.27,58.86,0,workday,22:14,06:58,45-54,on_site,1,0
user_182,2024-01-10,49.07,2,232,33,18,14,16,4.45,71.89,0,workday,23:50,07:33,45-54,on_site,1,0
user_182,2024-01-11,67.4,3,148,44,11,36,23,5.31,76.3,0,workday,00:10,07:06,45-54,on_site,1,0
user_182,2024-01-12,63.61,3,225,38,30,15,21,4.77,38.72,0,workday,23:04,07:06,45-54,on_site,1,0
user_182,2024-01-13,45.21,2,166,60,41,29,15,5.02,67.16,0,weekend,23:53,07:14,45-54,on_site,1,0
user_182,2024-01-14,87.16,4,208,27,15,19,12,3.38,79.07,0,weekend,23:02,07:41,45-54,on_site,1,0
user_182,2024-01-15,59.41,3,133,4,2,7,12,3.05,46.89,1,workday,22:34,06:32,45-54,on_site,1,0
user_182,2024-01-16,48.99,2,220,48,25,34,25,5.62,54.35,1,workday,23:18,06:31,45-54,on_site,1,0
user_182,2024-01-17,10.88,1,269,50,20,39,20,7.37,56.91,1,workday,22:08,07:23,45-54,on_site,1,0
user_182,2024-01-18,56.04,3,193,32,20,25,18,4.45,40.62,0,workday,23:22,07:12,45-54,on_site,1,0
user_182,2024-01-19,42.21,2,240,59,20,28,23,7.18,47.15,0,workday,22:30,06:01,45-54,on_site,1,0
user_182,2024-01-20,46.75,2,160,39,34,28,21,4.21,83.01,0,weekend,23:41,07:57,45-54,on_site,1,0
user_182,2024-01-21,56.27,3,231,60,21,27,21,5.87,73.3,0,weekend,22:28,07:22,45-54,on_site,1,0
user_182,2024-01-22,13.95,1,172,29,18,24,12,4.78,26.62,1,workday,22:45,06:51,45-54,on_site,1,0
user_182,2024-01-23,17.62,1,230,46,33,31,27,8.65,37.63,1,workday,00:22,06:56,45-54,on_site,1,0
user_182,2024-01-24,59.98,3,243,41,21,23,26,4.07,48.06,0,workday,23:25,06:36,45-54,on_site,1,0
user_182,2024-01-25,41.51,2,220,51,33,44,25,8.64,33.99,1,workday,23:04,06:27,45-54,on_site,1,0
user_182,2024-01-26,67.88,3,236,60,13,28,30,3.21,62.07,0,workday,22:40,07:13,45-54,on_site,1,0
user_182,2024-01-27,60.49,3,147,43,17,27,17,3.85,46.45,0,weekend,23:14,07:48,45-54,on_site,1,0
user_182,2024-01-28,70.87,3,214,36,18,25,23,4.38,65.27,0,weekend,23:22,07:38,45-54,on_site,1,0
user_183,2024-01-01,54.93,3,215,35,2,22,13,4.3,66.72,0,workday,23:36,07:07,25-34,hybrid,1,0
user_183,2024-01-02,51.46,3,285,32,17,20,19,7.25,49.19,1,workday,23:05,06:57,25-34,hybrid,1,0
user_183,2024-01-03,29.33,2,219,40,15,27,22,6.93,31.66,0,workday,23:49,06:42,25-34,hybrid,1,0
user_183,2024-01-04,15.66,1,248,44,17,21,25,2.95,69.07,0,workday,23:40,06:46,25-34,hybrid,1,0
user_183,2024-01-05,57.8,3,211,33,16,20,22,2.24,60.73,1,workday,22:30,06:48,25-34,hybrid,1,0
user_183,2024-01-06,43.7,2,217,55,41,26,17,5.9,64.34,0,weekend,23:42,07:56,25-34,hybrid,1,0
user_183,2024-01-07,61.17,3,247,35,11,27,16,4.27,47.36,1,weekend,23:22,07:48,25-34,hybrid,1,0
user_183,2024-01-08,35.07,2,222,39,13,27,20,5.8,48.74,0,workday,23:27,07:50,25-34,hybrid,1,0
user_183,2024-01-09,36.51,2,237,34,10,26,18,6.59,56.51,1,workday,22:28,06:56,25-34,hybrid,1,0
user_183,2024-01-10,57.23,3,157,20,8,22,19,5.2,71.16,1,workday,23:29,06:23,25-34,hybrid,1,0
user_183,2024-01-11,73.73,3,200,55,11,34,25,6.39,55.5,0,workday,23:05,06:14,25-34,hybrid,1,0
user_183,2024-01-12,18.71,1,242,32,9,22,17,7.62,49.12,0,workday,23:15,07:19,25-34,hybrid,1,0
user_183,2024-01-13,36.82,2,286,35,19,13,12,5.09,51.0,0,weekend,22:53,07:35,25-34,hybrid,1,0
user_183,2024-01-14,50.03,3,229,25,17,17,8,4.32,49.23,0,weekend,22:49,07:39,25-34,hybrid,1,0
user_183,2024-01-15,37.77,2,228,57,33,41,21,6.97,55.64,1,workday,23:09,06:43,25-34,hybrid,1,0
user_183,2024-01-16,51.86,3,176,39,15,28,13,4.69,55.32,0,workday,22:27,07:14,25-34,hybrid,1,0
user_183,2024-01-17,32.5,2,229,46,40,26,21,7.26,45.59,1,workday,23:32,07:21,25-34,hybrid,1,0
user_183,2024-01-18,37.86,2,186,24,12,18,8,4.57,60.58,1,workday,21:56,06:38,25-34,hybrid,1,0
user_183,2024-01-19,0.47,1,177,21,18,21,10,5.31,53.78,1,workday,22:03,06:57,25-34,hybrid,1,0
user_183,2024-01-20,61.0,3,263,39,15,26,20,4.73,53.41,0,weekend,23:39,07:38,25-34,hybrid,1,0
user_183,2024-01-21,38.91,2,193,45,14,25,23,5.3,83.92,0,weekend,22:54,07:33,25-34,hybrid,1,0
user_183,2024-01-22,37.93,2,220,33,14,22,16,4.0,64.21,0,workday,22:31,06:35,25-34,hybrid,1,0
user_183,2024-01-23,50.89,3,201,45,13,32,22,4.3,37.84,0,workday,23:02,07:43,25-34,hybrid,1,0
user_183,2024-01-24,60.5,3,238,46,27,23,24,6.74,32.52,0,workday,22:56,06:35,25-34,hybrid,1,0
user_183,2024-01-25,26.64,2,220,45,8,17,19,6.13,48.69,1,workday,00:13,06:22,25-34,hybrid,1,0
user_183,2024-01-26,49.3,2,235,53,30,38,30,8.99,32.14,0,workday,23:56,06:44,25-34,hybrid,1,0
user_183,2024-01-27,13.46,1,244,51,30,44,26,7.36,27.32,0,weekend,23:35,07:37,25-34,hybrid,1,0
user_183,2024-01-28,41.1,2,236,60,36,31,30,6.89,79.96,0,weekend,23:17,07:18,25-34,hybrid,1,0
user_184,2024-01-01,57.4,3,165,37,13,24,14,2.05,80.5,1,workday,22:26,07:25,25-34,hybrid,1,0
user_184,2024-01-02,65.05,3,186,20,9,20,15,3.17,60.65,0,workday,23:18,06:58,25-34,hybrid,1,0
user_184,2024-01-03,50.74,3,227,26,16,22,12,3.18,68.04,0,workday,22:35,06:56,25-34,hybrid,1,0
user_184,2024-01-04,50.01,3,293,44,13,19,13,1.88,80.01,1,workday,23:05,07:03,25-34,hybrid,1,0
user_184,2024-01-05,26.93,2,221,49,1,21,13,3.22,69.87,1,workday,23:08,06:24,25-34,hybrid,1,0
user_184,2024-01-06,67.14,3,153,30,6,17,12,2.69,57.03,0,weekend,23:51,07:33,25-34,hybrid,1,0
user_184,2024-01-07,41.07,2,188,23,19,28,13,2.74,33.36,0,weekend,23:13,06:31,25-34,hybrid,1,0
user_184,2024-01-08,81.81,4,207,23,5,2,21,1.55,69.1,1,workday,22:27,06:37,25-34,hybrid,1,0
user_184,2024-01-09,47.59,2,237,39,18,27,14,3.74,56.61,1,workday,22:47,07:00,25-34,hybrid,1,0
user_184,2024-01-10,63.35,3,200,30,10,22,21,3.0,40.74,0,workday,23:50,06:32,25-34,hybrid,1,0
user_184,2024-01-11,39.26,2,225,48,25,34,22,6.8,51.17,1,workday,23:19,07:29,25-34,hybrid,1,0
user_184,2024-01-12,28.29,2,219,42,23,24,25,6.52,40.61,1,workday,00:00,06:53,25-34,hybrid,1,0
user_184,2024-01-13,74.69,3,225,52,13,40,15,0.54,86.68,0,weekend,00:00,06:45,25-34,hybrid,1,0
user_184,2024-01-14,59.61,3,246,53,43,30,19,4.6,69.33,0,weekend,23:53,08:25,25-34,hybrid,1,0
user_184,2024-01-15,64.57,3,201,35,8,21,17,6.21,29.96,1,workday,23:05,07:16,25-34,hybrid,1,0
user_184,2024-01-16,68.96,3,198,44,12,31,19,4.32,69.2,0,workday,22:40,06:39,25-34,hybrid,1,0
user_184,2024-01-17,52.63,3,227,36,10,25,20,3.81,61.15,1,workday,22:53,06:48,25-34,hybrid,1,0
user_184,2024-01-18,63.37,3,180,30,11,16,13,2.23,61.62,0,workday,23:10,07:18,25-34,hybrid,1,0
user_184,2024-01-19,36.01,2,215,54,33,37,24,7.01,46.81,1,workday,22:51,07:26,25-34,hybrid,1,0
user_184,2024-01-20,45.2,2,207,46,32,21,18,4.2,72.27,0,weekend,23:54,08:21,25-34,hybrid,1,0
user_184,2024-01-21,57.18,3,220,44,18,21,23,1.51,72.64,0,weekend,22:27,07:57,25-34,hybrid,1,0
user_184,2024-01-22,59.39,3,185,32,17,16,18,5.3,63.45,0,workday,22:18,07:00,25-34,hybrid,1,0
user_184,2024-01-23,37.23,2,284,27,19,18,14,5.77,59.86,1,workday,23:14,06:48,25-34,hybrid,1,0
user_184,2024-01-24,69.04,3,227,31,17,33,19,5.33,43.65,0,workday,23:05,06:52,25-34,hybrid,1,0
user_184,2024-01-25,25.89,2,294,56,21,31,23,7.32,47.81,0,workday,22:38,06:57,25-34,hybrid,1,0
user_184,2024-01-26,49.71,2,237,48,25,28,19,1.87,75.53,1,workday,23:28,07:26,25-34,hybrid,1,0
user_184,2024-01-27,53.55,3,255,44,44,13,17,5.79,66.94,0,weekend,22:07,07:35,25-34,hybrid,1,0
user_184,2024-01-28,68.5,3,226,37,10,29,13,1.58,66.59,1,weekend,23:42,07:49,25-34,hybrid,1,0
user_185,2024-01-01,22.75,1,213,49,24,27,25,7.75,33.37,1,workday,23:41,06:34,45-54,remote,1,0
user_185,2024-01-02,71.87,3,268,49,18,28,24,2.68,70.93,0,workday,23:45,06:36,45-54,remote,1,0
user_185,2024-01-03,80.57,4,256,42,13,31,22,2.77,61.34,0,workday,23:17,06:24,45-54,remote,1,0
user_185,2024-01-04,37.02,2,275,54,20,33,14,6.74,50.23,0,workday,22:45,07:04,45-54,remote,1,0
user_185,2024-01-05,65.82,3,244,36,17,18,22,3.91,58.92,0,workday,22:45,07:02,45-54,remote,1,0
user_185,2024-01-06,49.45,2,210,56,32,26,29,4.68,53.05,0,weekend,22:56,09:00,45-54,remote,1,0
user_185,2024-01-07,59.72,3,204,45,28,17,16,2.73,54.3,0,weekend,22:52,07:38,45-54,remote,1,0
user_185,2024-01-08,51.66,3,300,60,28,35,29,6.02,63.51,0,workday,23:52,07:14,45-54,remote,1,0
user_185,2024-01-09,49.83,2,166,59,31,35,17,7.03,29.22,1,workday,22:26,06:36,45-54,remote,1,0
user_185,2024-01-10,20.45,1,300,55,14,33,27,9.62,17.16,0,workday,22:45,06:06,45-54,remote,1,0
user_185,2024-01-11,42.31,2,232,56,29,28,29,5.73,52.65,0,workday,22:31,06:29,45-54,remote,1,0
user_185,2024-01-12,72.02,3,228,53,32,32,21,4.85,67.26,0,workday,23:41,06:52,45-54,remote,1,0
user_185,2024-01-13,56.13,3,215,42,16,27,23,3.93,43.29,0,weekend,22:20,07:14,45-54,remote,1,0
user_185,2024-01-14,22.88,1,235,54,26,14,30,6.49,48.32,0,weekend,22:29,07:36,45-54,remote,1,0
user_185,2024-01-15,75.14,4,208,51,20,37,15,1.68,89.14,1,workday,23:33,06:50,45-54,remote,1,0
user_185,2024-01-16,55.04,3,249,57,32,27,26,3.9,67.26,0,workday,00:09,07:00,45-54,remote,1,0
user_185,2024-01-17,66.13,3,191,35,12,16,21,7.47,41.49,1,workday,22:41,06:56,45-54,remote,1,0
user_185,2024-01-18,38.19,2,256,58,34,33,19,7.12,45.95,0,workday,23:20,07:33,45-54,remote,1,0
user_185,2024-01-19,35.6,2,248,51,19,36,22,5.8,23.06,0,workday,23:28,07:43,45-54,remote,1,0
user_185,2024-01-20,38.84,2,202,44,19,31,17,6.28,41.2,0,weekend,23:18,08:11,45-54,remote,1,0
user_185,2024-01-21,53.66,3,300,53,34,42,23,5.27,66.84,0,weekend,23:12,08:35,45-54,remote,1,0
user_185,2024-01-22,48.22,2,211,48,32,32,21,5.04,77.5,0,workday,23:37,07:09,45-54,remote,1,0
user_185,2024-01-23,73.64,3,225,51,19,33,24,4.71,44.07,0,workday,22:41,06:23,45-54,remote,1,0
user_185,2024-01-24,43.99,2,234,33,16,24,17,5.42,49.95,1,workday,23:10,07:00,45-54,remote,1,0
user_185,2024-01-25,14.51,1,225,43,19,22,17,3.9,39.89,1,workday,23:37,07:10,45-54,remote,1,0
user_185,2024-01-26,41.94,2,199,40,7,25,18,4.74,71.71,1,workday,22:17,06:39,45-54,remote,1,0
user_185,2024-01-27,51.01,3,284,60,11,26,20,7.07,65.93,0,weekend,23:27,07:54,45-54,remote,1,0
user_185,2024-01-28,41.34,2,261,48,21,40,17,6.27,53.18,0,weekend,00:15,07:39,45-54,remote,1,0
user_186,2024-01-01,21.28,1,193,25,17,29,12,8.07,45.73,0,workday,22:39,06:25,35-44,on_site,1,0
user_186,2024-01-02,0.0,1,140,34,27,29,14,6.77,48.31,1,workday,21:51,07:23,35-44,on_site,1,0
user_186,2024-01-03,0.0,1,197,59,19,36,24,6.38,59.23,1,workday,22:28,06:55,35-44,on_site,1,0
user_186,2024-01-04,29.0,2,210,31,17,21,12,4.32,74.17,0,workday,00:09,06:47,35-44,on_site,1,0
user_186,2024-01-05,25.9,2,167,48,29,29,26,6.56,55.73,1,workday,22:59,07:42,35-44,on_site,1,0
user_186,2024-01-06,45.96,2,256,44,18,33,29,1.96,79.88,0,weekend,00:12,08:02,35-44,on_site,1,0
user_186,2024-01-07,0.0,1,166,40,26,23,19,5.66,63.89,0,weekend,23:14,08:29,35-44,on_site,1,0
user_186,2024-01-08,53.27,3,189,23,6,24,11,5.77,53.82,0,workday,23:55,06:50,35-44,on_site,1,0
user_186,2024-01-09,0.0,1,201,47,23,29,23,8.31,48.44,1,workday,22:56,07:12,35-44,on_site,1,0
user_186,2024-01-10,32.84,2,210,39,10,29,17,6.79,47.73,1,workday,23:33,08:01,35-44,on_site,1,0
user_186,2024-01-11,24.87,1,182,45,6,25,15,6.25,64.13,1,workday,22:47,06:53,35-44,on_site,1,0
user_186,2024-01-12,0.0,1,200,49,16,34,17,5.88,36.92,0,workday,22:53,07:47,35-44,on_site,1,0
user_186,2024-01-13,41.54,2,197,33,12,17,14,1.32,77.63,0,weekend,23:52,08:16,35-44,on_site,1,0
user_186,2024-01-14,17.88,1,249,34,12,23,16,5.13,63.2,0,weekend,22:59,06:43,35-44,on_site,1,0
user_186,2024-01-15,18.42,1,191,52,22,23,24,7.18,48.84,0,workday,22:44,07:03,35-44,on_site,1,0
user_186,2024-01-16,37.99,2,269,30,15,14,21,6.2,55.47,1,workday,22:54,06:57,35-44,on_site,1,0
user_186,2024-01-17,41.2,2,202,35,24,24,20,2.41,53.82,0,workday,23:16,06:36,35-44,on_site,1,0
user_186,2024-01-18,25.37,2,209,32,18,28,17,6.59,61.06,1,workday,23:08,08:01,35-44,on_site,1,0
user_186,2024-01-19,19.69,1,263,45,14,37,10,4.62,55.33,0,workday,22:19,06:54,35-44,on_site,1,0
user_186,2024-01-20,19.15,1,150,22,16,8,15,6.09,45.18,0,weekend,22:57,07:26,35-44,on_site,1,0
user_186,2024-01-21,20.74,1,234,42,22,33,20,4.05,49.18,0,weekend,23:10,08:14,35-44,on_site,1,0
user_186,2024-01-22,43.4,2,196,36,28,28,18,5.15,75.01,0,workday,22:34,07:31,35-44,on_site,1,0
user_186,2024-01-23,28.53,2,145,19,6,12,11,6.07,47.04,0,workday,22:36,06:51,35-44,on_site,1,0
user_186,2024-01-24,35.72,2,174,35,9,25,15,2.92,78.94,0,workday,21:56,06:37,35-44,on_site,1,0
user_186,2024-01-25,0.0,1,245,34,23,33,12,5.38,56.47,1,workday,23:15,06:38,35-44,on_site,1,0
user_186,2024-01-26,9.54,1,190,53,37,28,17,6.4,57.75,0,workday,23:56,07:07,35-44,on_site,1,0
user_186,2024-01-27,20.96,1,198,38,11,21,15,4.45,52.54,1,weekend,23:17,08:12,35-44,on_site,1,0
user_186,2024-01-28,31.63,2,189,35,13,19,26,4.96,62.87,0,weekend,23:23,08:02,35-44,on_site,1,0
user_187,2024-01-01,43.61,2,222,44,16,32,21,7.13,49.87,0,workday,23:26,06:48,25-34,hybrid,1,0
user_187,2024-01-02,28.44,2,245,50,32,50,15,7.62,59.09,1,workday,22:32,06:51,25-34,hybrid,1,0
user_187,2024-01-03,61.94,3,204,53,19,40,21,6.34,41.46,1,workday,22:49,07:07,25-34,hybrid,1,0
user_187,2024-01-04,51.87,3,245,51,20,44,22,5.62,40.16,0,workday,22:46,06:44,25-34,hybrid,1,0
user_187,2024-01-05,30.36,2,234,34,8,14,15,8.11,51.87,1,workday,23:01,07:07,25-34,hybrid,1,0
user_187,2024-01-06,46.61,2,257,59,18,41,20,5.67,52.63,1,weekend,23:19,07:54,25-34,hybrid,1,0
user_187,2024-01-07,56.71,3,219,28,12,13,10,2.68,50.88,0,weekend,23:19,08:13,25-34,hybrid,1,0
user_187,2024-01-08,56.84,3,261,52,12,46,22,4.77,49.97,0,workday,00:18,06:30,25-34,hybrid,1,0
user_187,2024-01-09,56.24,3,199,46,9,31,23,6.02,34.59,0,workday,23:19,07:22,25-34,hybrid,1,0
user_187,2024-01-10,34.75,2,260,60,34,44,16,5.14,34.58,1,workday,22:41,06:28,25-34,hybrid,1,0
user_187,2024-01-11,66.38,3,187,41,26,27,20,3.17,39.6,0,workday,23:14,06:49,25-34,hybrid,1,0
user_187,2024-01-12,50.0,2,147,33,18,30,14,4.23,63.41,0,workday,21:42,06:39,25-34,hybrid,1,0
user_187,2024-01-13,41.5,2,171,46,6,36,19,1.67,51.71,0,weekend,00:10,07:37,25-34,hybrid,1,0
user_187,2024-01-14,77.71,4,213,45,41,21,14,5.05,65.2,0,weekend,23:23,07:23,25-34,hybrid,1,0
user_187,2024-01-15,58.62,3,201,48,31,35,21,4.16,69.71,0,workday,21:59,07:15,25-34,hybrid,1,0
user_187,2024-01-16,45.59,2,231,44,29,23,17,5.68,79.81,0,workday,23:58,06:22,25-34,hybrid,1,0
user_187,2024-01-17,63.95,3,218,36,25,31,18,1.42,61.36,0,workday,23:15,06:23,25-34,hybrid,1,0
user_187,2024-01-18,40.64,2,239,40,30,32,18,7.7,41.32,1,workday,22:50,07:08,25-34,hybrid,1,0
user_187,2024-01-19,42.3,2,254,55,31,30,22,4.87,53.06,0,workday,23:51,06:32,25-34,hybrid,1,0
user_187,2024-01-20,40.37,2,206,47,16,39,27,3.84,48.46,0,weekend,23:43,08:00,25-34,hybrid,1,0
user_187,2024-01-21,55.39,3,260,46,11,29,22,3.8,73.35,0,weekend,23:27,07:38,25-34,hybrid,1,0
user_187,2024-01-22,34.0,2,202,36,14,26,21,6.77,25.12,0,workday,23:18,07:37,25-34,hybrid,1,0
user_187,2024-01-23,78.04,4,190,46,17,36,10,5.8,67.18,1,workday,23:20,07:42,25-34,hybrid,1,0
user_187,2024-01-24,40.81,2,228,57,35,39,13,7.21,42.03,1,workday,22:27,07:21,25-34,hybrid,1,0
user_187,2024-01-25,41.68,2,239,60,22,44,30,8.18,48.91,0,workday,23:14,07:37,25-34,hybrid,1,0
user_187,2024-01-26,35.21,2,232,46,22,33,13,6.2,65.79,0,workday,23:14,07:00,25-34,hybrid,1,0
user_187,2024-01-27,66.77,3,159,24,23,21,12,1.09,49.57,0,weekend,23:30,07:44,25-34,hybrid,1,0
user_187,2024-01-28,49.59,2,267,60,41,41,16,4.94,64.67,0,weekend,23:08,07:52,25-34,hybrid,1,0
user_188,2024-01-01,60.81,3,215,35,20,21,12,2.74,58.91,0,workday,23:30,06:38,18-24,on_site,0,1
user_188,2024-01-02,38.42,2,215,44,16,38,19,6.16,47.36,0,workday,22:37,07:41,18-24,on_site,0,1
user_188,2024-01-03,29.15,2,233,47,10,28,19,5.02,54.56,1,workday,22:50,06:47,18-24,on_site,0,1
user_188,2024-01-04,39.93,2,217,60,17,45,30,7.43,49.78,0,workday,22:51,06:41,18-24,on_site,0,1
user_188,2024-01-05,23.07,1,283,55,21,36,21,7.28,46.39,0,workday,23:07,07:44,18-24,on_site,0,1
user_188,2024-01-06,19.75,1,201,24,13,29,14,6.52,31.73,0,weekend,23:16,07:31,18-24,on_site,0,1
user_188,2024-01-07,55.62,3,223,40,10,34,16,0.53,75.33,0,weekend,23:07,07:34,18-24,on_site,0,1
user_188,2024-01-08,9.46,1,168,35,24,29,18,7.83,55.83,1,workday,23:40,06:47,18-24,on_site,0,1
user_188,2024-01-09,22.41,1,212,56,17,34,18,6.48,55.02,1,workday,23:39,06:26,18-24,on_site,0,1
user_188,2024-01-10,7.73,1,208,49,32,34,17,6.62,65.81,0,workday,00:19,07:00,18-24,on_site,0,1
user_188,2024-01-11,27.69,2,208,56,19,43,17,7.02,58.21,1,workday,23:13,06:55,18-24,on_site,0,1
user_188,2024-01-12,32.6,2,207,40,8,26,16,5.83,37.42,0,workday,22:43,07:18,18-24,on_site,0,1
user_188,2024-01-13,25.32,2,165,31,12,21,26,4.98,65.1,0,weekend,22:51,07:28,18-24,on_site,0,1
user_188,2024-01-14,39.92,2,241,54,18,30,23,6.07,53.54,0,weekend,00:03,07:35,18-24,on_site,0,1
user_188,2024-01-15,32.73,2,178,19,13,24,15,5.87,47.83,1,workday,21:53,06:45,18-24,on_site,0,1
user_188,2024-01-16,49.13,2,177,60,38,28,21,1.79,75.78,0,workday,22:46,07:23,18-24,on_site,0,1
user_188,2024-01-17,32.74,2,204,43,7,28,28,3.95,38.11,1,workday,23:19,06:47,18-24,on_site,0,1
user_188,2024-01-18,51.78,3,206,26,17,9,12,4.37,46.02,1,workday,22:33,07:32,18-24,on_site,0,1
user_188,2024-01-19,19.39,1,217,39,21,23,20,10.0,29.65,1,workday,22:34,07:00,18-24,on_site,0,1
user_188,2024-01-20,21.08,1,166,34,19,13,30,2.35,65.42,0,weekend,23:40,07:47,18-24,on_site,0,1
user_188,2024-01-21,16.77,1,190,38,25,28,17,2.27,54.07,1,weekend,23:06,07:32,18-24,on_site,0,1
user_188,2024-01-22,23.73,1,233,39,35,25,18,6.17,31.27,0,workday,23:04,06:51,18-24,on_site,0,1
user_188,2024-01-23,14.7,1,222,51,25,31,26,9.64,38.37,0,workday,22:39,07:04,18-24,on_site,0,1
user_188,2024-01-24,54.49,3,188,56,33,34,30,6.99,46.11,1,workday,22:16,06:54,18-24,on_site,0,1
user_188,2024-01-25,20.7,1,193,56,16,21,25,6.1,48.15,1,workday,23:48,06:55,18-24,on_site,0,1
user_188,2024-01-26,43.95,2,211,22,4,5,9,5.65,39.45,1,workday,21:56,05:33,18-24,on_site,0,1
user_188,2024-01-27,8.22,1,241,56,26,43,21,6.09,55.26,1,weekend,23:34,07:19,18-24,on_site,0,1
user_188,2024-01-28,14.05,1,199,56,10,38,23,4.34,66.84,1,weekend,23:32,07:24,18-24,on_site,0,1
user_189,2024-01-01,19.99,1,211,22,17,7,16,4.9,44.4,0,workday,23:52,06:26,35-44,remote,0,0
user_189,2024-01-02,20.58,1,210,42,21,26,17,4.03,44.98,1,workday,00:03,07:11,35-44,remote,0,0
user_189,2024-01-03,53.04,3,211,46,13,26,24,6.17,57.06,0,workday,22:49,06:33,35-44,remote,0,0
user_189,2024-01-04,0.0,1,224,55,18,19,30,7.41,33.99,1,workday,21:47,07:08,35-44,remote,0,0
user_189,2024-01-05,15.73,1,204,50,34,31,20,7.46,53.26,0,workday,23:58,06:53,35-44,remote,0,0
user_189,2024-01-06,11.91,1,199,40,15,44,20,4.53,58.96,1,weekend,23:48,07:39,35-44,remote,0,0
user_189,2024-01-07,20.57,1,300,57,20,42,19,3.83,40.51,0,weekend,23:38,07:49,35-44,remote,0,0
user_189,2024-01-08,42.74,2,189,28,24,19,7,3.32,61.12,0,workday,22:32,07:33,35-44,remote,0,0
user_189,2024-01-09,54.3,3,244,39,10,38,17,3.2,69.04,1,workday,22:25,07:25,35-44,remote,0,0
user_189,2024-01-10,30.82,2,196,21,19,26,15,4.22,62.15,1,workday,23:08,06:14,35-44,remote,0,0
user_189,2024-01-11,20.87,1,300,45,29,25,21,4.4,40.69,0,workday,23:19,07:11,35-44,remote,0,0
user_189,2024-01-12,31.26,2,208,30,17,16,12,4.44,64.21,0,workday,22:49,06:42,35-44,remote,0,0
user_189,2024-01-13,28.95,2,244,39,22,25,15,5.74,62.39,0,weekend,23:02,07:34,35-44,remote,0,0
user_189,2024-01-14,62.52,3,255,24,14,19,18,3.23,74.99,0,weekend,23:33,07:24,35-44,remote,0,0
user_189,2024-01-15,17.86,1,244,44,12,37,22,5.21,66.32,1,workday,23:23,07:40,35-44,remote,0,0
user_189,2024-01-16,18.97,1,296,60,14,41,17,4.91,57.53,1,workday,23:33,07:09,35-44,remote,0,0
user_189,2024-01-17,27.01,2,205,40,13,21,27,7.64,75.32,1,workday,23:05,06:32,35-44,remote,0,0
user_189,2024-01-18,36.17,2,198,50,41,43,25,3.84,57.8,1,workday,22:39,06:17,35-44,remote,0,0
user_189,2024-01-19,37.06,2,171,47,14,22,21,1.45,74.11,1,workday,23:34,06:56,35-44,remote,0,0
user_189,2024-01-20,52.95,3,246,51,38,45,22,2.7,60.55,0,weekend,23:01,08:26,35-44,remote,0,0
user_189,2024-01-21,30.8,2,216,23,9,16,4,1.95,66.88,0,weekend,22:37,07:54,35-44,remote,0,0
user_189,2024-01-22,56.54,3,268,48,23,35,20,4.43,47.31,0,workday,22:48,06:58,35-44,remote,0,0
user_189,2024-01-23,41.96,2,215,48,27,24,23,5.82,42.4,1,workday,22:58,07:18,35-44,remote,0,0
user_189,2024-01-24,31.39,2,208,39,26,8,18,4.22,75.5,0,workday,23:03,07:00,35-44,remote,0,0
user_189,2024-01-25,0.0,1,300,60,17,42,28,8.44,38.4,1,workday,23:14,06:08,35-44,remote,0,0
user_189,2024-01-26,0.0,1,234,57,24,45,14,4.47,53.12,1,workday,23:22,07:07,35-44,remote,0,0
user_189,2024-01-27,40.71,2,228,60,32,25,27,4.2,46.94,1,weekend,23:27,08:11,35-44,remote,0,0
user_189,2024-01-28,44.93,2,234,29,12,31,12,0.23,64.28,0,weekend,23:20,07:22,35-44,remote,0,0
user_190,2024-01-01,67.05,3,187,51,17,36,23,2.35,51.99,0,workday,23:36,07:25,25-34,on_site,1,0
user_190,2024-01-02,35.48,2,209,41,17,29,24,6.87,42.93,1,workday,23:18,07:18,25-34,on_site,1,0
user_190,2024-01-03,52.67,3,154,59,32,41,20,4.23,67.3,0,workday,22:47,06:37,25-34,on_site,1,0
user_190,2024-01-04,33.01,2,150,37,10,30,21,7.07,52.73,0,workday,23:28,05:52,25-34,on_site,1,0
user_190,2024-01-05,18.23,1,218,51,30,24,20,6.05,45.27,1,workday,23:34,06:49,25-34,on_site,1,0
user_190,2024-01-06,0.0,1,242,42,34,24,9,6.72,42.32,1,weekend,22:22,07:38,25-34,on_site,1,0
user_190,2024-01-07,43.68,2,169,38,3,8,16,2.34,74.72,0,weekend,23:39,07:46,25-34,on_site,1,0
user_190,2024-01-08,53.66,3,220,46,25,30,21,5.52,65.32,0,workday,23:07,07:52,25-34,on_site,1,0
user_190,2024-01-09,28.29,2,219,58,15,31,18,6.14,50.09,0,workday,22:50,06:46,25-34,on_site,1,0
user_190,2024-01-10,55.4,3,211,40,15,30,26,6.86,52.44,1,workday,22:26,07:52,25-34,on_site,1,0
user_190,2024-01-11,73.23,3,174,20,7,18,20,2.14,74.95,0,workday,23:35,06:56,25-34,on_site,1,0
user_190,2024-01-12,39.32,2,164,44,20,15,30,4.56,61.39,1,workday,22:04,06:11,25-34,on_site,1,0
user_190,2024-01-13,54.1,3,163,27,13,27,20,0.89,51.09,0,weekend,22:36,07:25,25-34,on_site,1,0
user_190,2024-01-14,49.9,2,161,32,18,19,13,3.8,58.21,0,weekend,23:38,08:00,25-34,on_site,1,0
user_190,2024-01-15,68.97,3,177,37,27,19,21,6.1,59.36,1,workday,22:04,07:23,25-34,on_site,1,0
user_190,2024-01-16,58.42,3,188,48,9,27,12,3.72,44.96,0,workday,00:03,07:20,25-34,on_site,1,0
user_190,2024-01-17,22.06,1,202,47,34,37,19,6.34,51.82,1,workday,23:12,08:01,25-34,on_site,1,0
user_190,2024-01-18,58.48,3,197,35,15,19,26,5.65,68.2,0,workday,22:59,06:28,25-34,on_site,1,0
user_190,2024-01-19,43.68,2,179,26,26,31,1,2.12,70.42,0,workday,22:38,07:05,25-34,on_site,1,0
user_190,2024-01-20,43.35,2,209,50,17,26,24,5.14,52.37,0,weekend,23:33,08:10,25-34,on_site,1,0
user_190,2024-01-21,52.22,3,174,55,34,39,25,4.04,64.07,1,weekend,23:56,07:17,25-34,on_site,1,0
user_190,2024-01-22,27.7,2,209,53,9,28,21,6.21,67.77,1,workday,22:31,06:54,25-34,on_site,1,0
user_190,2024-01-23,49.86,2,190,39,28,32,14,5.68,43.74,0,workday,23:11,07:25,25-34,on_site,1,0
user_190,2024-01-24,53.37,3,151,32,19,18,21,6.0,56.62,0,workday,23:03,08:07,25-34,on_site,1,0
user_190,2024-01-25,64.66,3,128,44,7,36,21,4.02,75.09,0,workday,23:17,06:28,25-34,on_site,1,0
user_190,2024-01-26,71.15,3,186,34,17,26,14,5.79,69.13,0,workday,23:05,06:23,25-34,on_site,1,0
user_190,2024-01-27,52.47,3,237,34,7,20,14,8.12,46.7,0,weekend,22:23,07:17,25-34,on_site,1,0
user_190,2024-01-28,69.01,3,166,39,10,30,14,3.82,66.85,0,weekend,23:19,07:56,25-34,on_site,1,0
user_191,2024-01-01,37.73,2,155,36,21,20,23,4.0,55.03,1,workday,22:58,06:16,55+,hybrid,0,0
user_191,2024-01-02,44.41,2,256,60,31,38,21,6.19,45.85,0,workday,00:21,06:39,55+,hybrid,0,0
user_191,2024-01-03,32.1,2,195,27,8,26,11,2.54,52.13,1,workday,23:03,07:02,55+,hybrid,0,0
user_191,2024-01-04,31.76,2,240,59,28,42,20,1.79,64.69,1,workday,23:19,05:54,55+,hybrid,0,0
user_191,2024-01-05,35.25,2,239,35,18,25,10,5.85,62.32,1,workday,22:40,07:27,55+,hybrid,0,0
user_191,2024-01-06,61.87,3,187,34,14,32,25,6.33,60.19,0,weekend,23:30,07:21,55+,hybrid,0,0
user_191,2024-01-07,78.44,4,253,44,13,36,20,4.79,72.67,1,weekend,23:17,07:35,55+,hybrid,0,0
user_191,2024-01-08,59.24,3,181,46,12,35,18,3.95,66.42,1,workday,22:56,06:57,55+,hybrid,0,0
user_191,2024-01-09,23.75,1,183,49,23,29,27,7.4,14.85,1,workday,23:55,07:14,55+,hybrid,0,0
user_191,2024-01-10,35.88,2,272,46,20,47,13,7.06,56.72,0,workday,22:53,06:40,55+,hybrid,0,0
user_191,2024-01-11,50.06,3,288,52,21,38,26,5.47,60.27,0,workday,22:16,06:35,55+,hybrid,0,0
user_191,2024-01-12,46.85,2,248,56,29,31,26,7.3,37.45,0,workday,22:33,06:42,55+,hybrid,0,0
user_191,2024-01-13,45.75,2,228,56,41,22,22,4.02,63.65,0,weekend,23:06,07:29,55+,hybrid,0,0
user_191,2024-01-14,25.83,2,205,55,24,45,26,6.04,49.62,0,weekend,00:27,07:25,55+,hybrid,0,0
user_191,2024-01-15,57.35,3,177,37,27,32,21,7.22,56.07,0,workday,23:07,06:49,55+,hybrid,0,0
user_191,2024-01-16,69.3,3,170,12,1,12,13,2.6,60.09,0,workday,23:06,07:49,55+,hybrid,0,0
user_191,2024-01-17,36.95,2,176,34,18,26,17,6.5,43.58,1,workday,22:47,07:28,55+,hybrid,0,0
user_191,2024-01-18,23.28,1,225,56,43,25,23,9.14,54.32,0,workday,22:55,06:58,55+,hybrid,0,0
user_191,2024-01-19,44.93,2,213,38,15,30,23,6.88,53.98,0,workday,22:33,06:38,55+,hybrid,0,0
user_191,2024-01-20,62.85,3,178,38,37,30,22,5.14,56.45,0,weekend,23:49,07:26,55+,hybrid,0,0
user_191,2024-01-21,70.35,3,248,42,16,30,17,0.4,79.16,0,weekend,23:59,07:27,55+,hybrid,0,0
user_191,2024-01-22,47.01,2,237,52,12,25,26,5.42,36.17,0,workday,23:32,07:06,55+,hybrid,0,0
user_191,2024-01-23,62.66,3,175,49,34,23,20,3.54,53.51,0,workday,21:40,07:07,55+,hybrid,0,0
user_191,2024-01-24,67.33,3,234,38,13,27,22,6.14,37.75,0,workday,22:34,07:41,55+,hybrid,0,0
user_191,2024-01-25,51.25,3,210,35,10,24,18,2.3,71.87,1,workday,22:54,06:24,55+,hybrid,0,0
user_191,2024-01-26,66.86,3,274,57,39,27,18,4.75,68.62,0,workday,23:22,07:33,55+,hybrid,0,0
user_191,2024-01-27,46.17,2,175,28,12,29,7,5.51,56.5,0,weekend,22:43,07:26,55+,hybrid,0,0
user_191,2024-01-28,77.91,4,176,24,13,21,10,0.52,87.35,0,weekend,22:09,07:34,55+,hybrid,0,0
user_192,2024-01-01,58.61,3,265,46,29,38,16,4.38,68.4,0,workday,00:07,07:52,25-34,remote,1,1
user_192,2024-01-02,73.78,3,149,1,1,0,11,1.03,90.7,0,workday,23:18,07:11,25-34,remote,1,1
user_192,2024-01-03,30.93,2,193,52,37,32,13,6.8,46.44,0,workday,23:06,07:58,25-34,remote,1,1
user_192,2024-01-04,41.46,2,194,60,21,45,11,2.31,76.56,0,workday,23:12,07:04,25-34,remote,1,1
user_192,2024-01-05,53.86,3,152,43,23,47,19,4.37,59.02,1,workday,22:30,06:56,25-34,remote,1,1
user_192,2024-01-06,13.3,1,234,31,13,19,26,3.83,61.13,0,weekend,23:01,07:31,25-34,remote,1,1
user_192,2024-01-07,50.05,3,273,29,22,14,10,0.36,67.6,0,weekend,00:46,08:20,25-34,remote,1,1
user_192,2024-01-08,23.83,1,251,33,23,12,16,3.15,46.81,1,workday,21:34,06:52,25-34,remote,1,1
user_192,2024-01-09,84.01,4,229,18,5,28,10,4.26,72.84,0,workday,23:12,07:22,25-34,remote,1,1
user_192,2024-01-10,48.81,2,187,24,8,35,25,8.52,30.65,1,workday,22:46,07:19,25-34,remote,1,1
user_192,2024-01-11,30.73,2,201,40,14,16,25,6.62,38.85,0,workday,23:36,06:57,25-34,remote,1,1
user_192,2024-01-12,55.15,3,185,36,27,17,18,6.68,58.19,0,workday,23:10,06:38,25-34,remote,1,1
user_192,2024-01-13,56.62,3,225,60,42,36,18,5.52,60.67,0,weekend,23:42,08:30,25-34,remote,1,1
user_192,2024-01-14,8.25,1,255,51,8,34,23,5.66,36.38,0,weekend,00:07,07:49,25-34,remote,1,1
user_192,2024-01-15,34.97,2,233,41,28,12,17,2.62,48.45,0,workday,22:17,06:24,25-34,remote,1,1
user_192,2024-01-16,44.21,2,257,49,25,46,27,3.83,72.54,1,workday,22:29,07:01,25-34,remote,1,1
user_192,2024-01-17,31.06,2,298,56,11,46,30,7.7,45.1,0,workday,22:50,06:56,25-34,remote,1,1
user_192,2024-01-18,30.03,2,228,60,22,43,30,10.0,43.87,0,workday,23:46,07:41,25-34,remote,1,1
user_192,2024-01-19,31.83,2,220,35,17,23,10,4.45,55.66,1,workday,23:07,06:09,25-34,remote,1,1
user_192,2024-01-20,48.17,2,196,51,18,36,24,5.04,43.49,0,weekend,00:17,06:15,25-34,remote,1,1
user_192,2024-01-21,57.27,3,222,17,5,19,6,2.41,57.47,0,weekend,23:00,08:07,25-34,remote,1,1
user_192,2024-01-22,39.45,2,213,50,28,32,24,3.59,84.43,0,workday,22:21,07:11,25-34,remote,1,1
user_192,2024-01-23,17.63,1,180,17,10,18,9,1.61,60.27,1,workday,21:55,07:39,25-34,remote,1,1
user_192,2024-01-24,51.55,3,239,55,5,31,30,7.05,71.2,0,workday,22:22,06:46,25-34,remote,1,1
user_192,2024-01-25,60.27,3,286,48,15,15,24,4.97,35.42,1,workday,23:18,06:01,25-34,remote,1,1
user_192,2024-01-26,38.82,2,268,58,20,27,30,4.11,44.68,1,workday,22:22,07:04,25-34,remote,1,1
user_192,2024-01-27,62.23,3,224,43,26,27,21,6.64,68.99,0,weekend,22:36,08:16,25-34,remote,1,1
user_192,2024-01-28,24.75,1,264,50,28,42,24,4.66,71.72,0,weekend,23:02,07:03,25-34,remote,1,1
user_193,2024-01-01,24.0,1,219,45,27,22,23,4.24,54.1,1,workday,22:22,06:19,18-24,hybrid,0,0
user_193,2024-01-02,50.83,3,270,44,17,30,23,5.73,52.88,0,workday,22:48,07:34,18-24,hybrid,0,0
user_193,2024-01-03,65.55,3,201,44,27,27,17,6.89,48.43,1,workday,23:33,07:00,18-24,hybrid,0,0
user_193,2024-01-04,72.03,3,230,57,9,35,18,4.89,61.96,0,workday,22:29,07:32,18-24,hybrid,0,0
user_193,2024-01-05,63.64,3,300,44,17,20,19,7.45,57.59,1,workday,23:28,07:14,18-24,hybrid,0,0
user_193,2024-01-06,50.89,3,212,46,33,29,15,6.18,54.59,0,weekend,23:48,07:34,18-24,hybrid,0,0
user_193,2024-01-07,90.68,4,185,21,6,24,14,2.55,79.72,0,weekend,23:19,08:05,18-24,hybrid,0,0
user_193,2024-01-08,41.69,2,176,33,22,16,7,6.23,52.6,1,workday,23:13,07:39,18-24,hybrid,0,0
user_193,2024-01-09,48.23,2,222,46,32,34,15,3.87,82.46,1,workday,22:58,06:54,18-24,hybrid,0,0
user_193,2024-01-10,77.49,4,234,54,30,28,21,5.9,47.02,0,workday,23:11,07:42,18-24,hybrid,0,0
user_193,2024-01-11,84.99,4,186,43,24,40,23,4.31,79.2,0,workday,22:08,07:29,18-24,hybrid,0,0
user_193,2024-01-12,30.03,2,199,42,15,15,20,6.83,73.66,1,workday,22:44,07:28,18-24,hybrid,0,0
user_193,2024-01-13,83.36,4,262,39,23,21,14,4.36,59.45,0,weekend,23:29,07:47,18-24,hybrid,0,0
user_193,2024-01-14,73.89,3,262,48,13,36,23,3.56,72.59,0,weekend,23:17,08:21,18-24,hybrid,0,0
user_193,2024-01-15,52.86,3,207,53,27,33,15,4.99,56.32,0,workday,22:48,06:59,18-24,hybrid,0,0
user_193,2024-01-16,53.11,3,270,39,21,24,18,6.18,58.75,0,workday,22:21,07:22,18-24,hybrid,0,0
user_193,2024-01-17,67.39,3,252,33,3,36,23,6.14,50.16,0,workday,22:32,07:11,18-24,hybrid,0,0
user_193,2024-01-18,59.6,3,206,39,18,22,24,3.92,57.71,1,workday,23:03,07:30,18-24,hybrid,0,0
user_193,2024-01-19,50.97,3,215,53,24,40,14,6.67,51.5,0,workday,23:05,06:27,18-24,hybrid,0,0
user_193,2024-01-20,75.68,4,246,45,17,30,22,4.54,73.54,0,weekend,22:48,07:30,18-24,hybrid,0,0
user_193,2024-01-21,75.96,4,224,24,16,5,15,1.29,57.11,0,weekend,23:13,08:40,18-24,hybrid,0,0
user_193,2024-01-22,53.6,3,217,60,20,32,26,4.71,46.59,0,workday,22:53,05:55,18-24,hybrid,0,0
user_193,2024-01-23,67.75,3,246,43,22,36,30,4.94,53.9,0,workday,23:02,06:52,18-24,hybrid,0,0
user_193,2024-01-24,74.13,3,247,25,16,21,18,2.56,76.31,0,workday,23:52,07:32,18-24,hybrid,0,0
user_193,2024-01-25,57.12,3,205,50,31,37,21,5.43,52.81,0,workday,23:31,06:46,18-24,hybrid,0,0
user_193,2024-01-26,70.22,3,300,37,31,30,18,6.52,52.08,0,workday,22:52,06:09,18-24,hybrid,0,0
user_193,2024-01-27,53.55,3,234,24,16,20,6,3.54,57.21,1,weekend,23:09,08:10,18-24,hybrid,0,0
user_193,2024-01-28,54.01,3,214,38,20,27,17,2.45,70.16,0,weekend,23:58,07:04,18-24,hybrid,0,0
user_194,2024-01-01,44.93,2,237,52,3,35,26,3.52,58.17,0,workday,22:39,06:00,45-54,hybrid,0,0
user_194,2024-01-02,64.39,3,220,37,22,31,15,5.09,36.87,0,workday,22:27,07:18,45-54,hybrid,0,0
user_194,2024-01-03,28.26,2,214,40,17,20,18,3.45,43.91,1,workday,00:00,07:12,45-54,hybrid,0,0
user_194,2024-01-04,37.71,2,198,42,13,24,22,5.5,50.26,0,workday,00:11,06:52,45-54,hybrid,0,0
user_194,2024-01-05,31.77,2,208,47,23,24,18,4.19,61.39,0,workday,23:40,07:10,45-54,hybrid,0,0
user_194,2024-01-06,14.01,1,227,48,35,28,27,2.16,63.74,0,weekend,23:55,07:52,45-54,hybrid,0,0
user_194,2024-01-07,61.88,3,255,35,27,4,17,2.61,79.84,0,weekend,23:37,08:34,45-54,hybrid,0,0
user_194,2024-01-08,18.67,1,238,42,25,19,25,6.24,43.9,0,workday,22:52,06:57,45-54,hybrid,0,0
user_194,2024-01-09,15.2,1,245,60,28,40,30,9.75,39.87,1,workday,23:39,07:28,45-54,hybrid,0,0
user_194,2024-01-10,10.44,1,221,28,20,21,14,5.19,59.0,0,workday,22:51,07:46,45-54,hybrid,0,0
user_194,2024-01-11,2.42,1,244,55,27,34,26,9.58,51.39,1,workday,22:10,07:01,45-54,hybrid,0,0
user_194,2024-01-12,40.26,2,201,33,16,23,21,4.58,41.37,1,workday,23:13,06:51,45-54,hybrid,0,0
user_194,2024-01-13,46.24,2,211,19,9,11,3,0.91,82.01,0,weekend,00:09,07:53,45-54,hybrid,0,0
user_194,2024-01-14,36.7,2,205,46,11,31,18,4.76,61.52,0,weekend,00:03,07:41,45-54,hybrid,0,0
user_194,2024-01-15,36.66,2,230,35,13,26,22,4.79,62.95,0,workday,22:31,06:57,45-54,hybrid,0,0
user_194,2024-01-16,15.81,1,215,38,13,24,18,6.87,54.33,0,workday,22:40,06:19,45-54,hybrid,0,0
user_194,2024-01-17,40.34,2,184,26,14,12,10,5.84,50.93,1,workday,22:24,07:05,45-54,hybrid,0,0
user_194,2024-01-18,23.37,1,201,46,11,23,17,4.95,50.31,1,workday,22:53,07:05,45-54,hybrid,0,0
user_194,2024-01-19,57.65,3,177,29,21,31,22,3.13,53.88,0,workday,23:29,06:51,45-54,hybrid,0,0
user_194,2024-01-20,53.25,3,184,41,19,33,16,3.8,50.67,0,weekend,23:11,08:15,45-54,hybrid,0,0
user_194,2024-01-21,56.24,3,145,24,15,22,13,2.19,50.53,0,weekend,23:36,07:34,45-54,hybrid,0,0
user_194,2024-01-22,26.56,2,208,39,23,28,17,2.98,72.5,0,workday,22:49,07:33,45-54,hybrid,0,0
user_194,2024-01-23,75.8,4,190,39,6,20,22,4.88,77.37,0,workday,23:12,06:39,45-54,hybrid,0,0
user_194,2024-01-24,0.0,1,211,55,16,35,24,8.38,76.61,1,workday,22:31,06:41,45-54,hybrid,0,0
user_194,2024-01-25,53.88,3,219,37,17,24,19,6.45,65.58,1,workday,22:55,06:53,45-54,hybrid,0,0
user_194,2024-01-26,0.0,1,212,55,27,31,27,4.88,39.81,0,workday,22:40,06:44,45-54,hybrid,0,0
user_194,2024-01-27,37.27,2,210,47,36,16,28,5.96,51.24,0,weekend,22:58,07:36,45-54,hybrid,0,0
user_194,2024-01-28,75.42,4,189,37,8,29,11,3.73,61.82,0,weekend,23:44,08:37,45-54,hybrid,0,0
user_195,2024-01-01,6.3,1,229,41,26,29,30,6.27,30.44,1,workday,23:04,06:48,18-24,remote,1,1
user_195,2024-01-02,46.1,2,253,60,54,28,30,5.58,59.54,0,workday,23:17,07:22,18-24,remote,1,1
user_195,2024-01-03,41.55,2,183,43,22,37,29,5.75,66.65,0,workday,23:18,07:08,18-24,remote,1,1
user_195,2024-01-04,0.0,1,231,47,26,23,15,7.91,36.45,1,workday,22:57,06:45,18-24,remote,1,1
user_195,2024-01-05,76.24,4,209,56,30,22,27,2.43,59.96,0,workday,22:37,06:35,18-24,remote,1,1
user_195,2024-01-06,65.41,3,242,29,2,43,11,1.61,64.2,0,weekend,23:28,07:53,18-24,remote,1,1
user_195,2024-01-07,9.37,1,283,23,8,25,9,6.32,43.79,1,weekend,22:40,08:14,18-24,remote,1,1
user_195,2024-01-08,67.83,3,221,60,21,25,30,5.02,80.93,0,workday,22:26,06:51,18-24,remote,1,1
user_195,2024-01-09,28.81,2,148,60,14,49,19,4.97,55.09,1,workday,22:44,05:36,18-24,remote,1,1
user_195,2024-01-10,29.84,2,208,48,45,24,19,5.12,57.35,1,workday,22:33,06:43,18-24,remote,1,1
user_195,2024-01-11,47.62,2,142,40,15,29,24,2.12,60.12,0,workday,23:13,06:46,18-24,remote,1,1
user_195,2024-01-12,54.04,3,180,24,15,17,14,3.32,47.99,0,workday,22:36,06:40,18-24,remote,1,1
user_195,2024-01-13,41.17,2,201,36,15,15,13,1.72,47.65,0,weekend,22:37,07:59,18-24,remote,1,1
user_195,2024-01-14,30.19,2,276,60,26,34,30,6.47,59.04,0,weekend,23:11,07:58,18-24,remote,1,1
user_195,2024-01-15,59.16,3,269,29,4,1,15,6.17,43.65,0,workday,22:51,07:38,18-24,remote,1,1
user_195,2024-01-16,60.86,3,188,37,21,31,6,4.41,62.34,1,workday,23:43,07:15,18-24,remote,1,1
user_195,2024-01-17,57.54,3,289,60,33,28,18,6.39,40.62,0,workday,22:40,06:40,18-24,remote,1,1
user_195,2024-01-18,42.76,2,243,47,29,35,21,8.87,56.63,0,workday,23:06,07:22,18-24,remote,1,1
user_195,2024-01-19,16.33,1,216,50,33,32,11,6.64,33.03,1,workday,23:43,07:32,18-24,remote,1,1
user_195,2024-01-20,68.81,3,250,36,17,11,7,3.63,66.32,0,weekend,23:40,07:49,18-24,remote,1,1
user_195,2024-01-21,55.8,3,229,39,4,27,12,3.19,58.37,0,weekend,23:16,07:13,18-24,remote,1,1
user_195,2024-01-22,29.37,2,268,40,22,12,19,5.21,45.33,1,workday,22:43,07:22,18-24,remote,1,1
user_195,2024-01-23,56.94,3,283,44,25,21,21,4.84,65.57,1,workday,23:04,06:11,18-24,remote,1,1
user_195,2024-01-24,86.78,4,230,53,29,10,18,5.96,71.34,0,workday,22:15,06:40,18-24,remote,1,1
user_195,2024-01-25,31.58,2,225,47,18,35,18,2.73,47.51,0,workday,22:25,06:22,18-24,remote,1,1
user_195,2024-01-26,9.64,1,160,44,24,32,18,3.99,56.04,1,workday,23:02,06:43,18-24,remote,1,1
user_195,2024-01-27,20.89,1,235,52,16,33,27,7.2,66.19,1,weekend,23:39,07:54,18-24,remote,1,1
user_195,2024-01-28,83.15,4,188,27,20,17,6,0.82,60.74,0,weekend,22:27,07:12,18-24,remote,1,1
user_196,2024-01-01,34.33,2,263,59,46,37,23,3.31,65.21,1,workday,23:53,06:43,18-24,hybrid,1,0
user_196,2024-01-02,55.24,3,223,46,28,18,22,4.9,51.09,0,workday,23:35,06:49,18-24,hybrid,1,0
user_196,2024-01-03,57.44,3,214,35,14,12,19,2.77,91.22,0,workday,23:28,07:19,18-24,hybrid,1,0
user_196,2024-01-04,3.76,1,255,56,44,28,23,5.88,53.15,1,workday,22:28,06:02,18-24,hybrid,1,0
user_196,2024-01-05,59.25,3,198,23,10,17,13,4.51,65.61,0,workday,23:15,06:38,18-24,hybrid,1,0
user_196,2024-01-06,62.4,3,244,40,5,30,15,6.12,55.32,0,weekend,23:53,07:53,18-24,hybrid,1,0
user_196,2024-01-07,61.25,3,239,37,15,27,22,4.01,73.57,0,weekend,23:28,07:08,18-24,hybrid,1,0
user_196,2024-01-08,49.39,2,193,42,26,25,18,5.39,69.04,0,workday,22:43,06:38,18-24,hybrid,1,0
user_196,2024-01-09,29.32,2,185,32,17,24,20,6.5,48.56,0,workday,23:28,06:31,18-24,hybrid,1,0
user_196,2024-01-10,30.62,2,221,45,26,19,24,5.03,55.18,1,workday,22:34,07:12,18-24,hybrid,1,0
user_196,2024-01-11,46.41,2,211,54,26,28,30,6.92,61.85,0,workday,21:53,07:06,18-24,hybrid,1,0
user_196,2024-01-12,56.63,3,201,37,9,38,13,1.9,72.0,0,workday,23:34,07:04,18-24,hybrid,1,0
user_196,2024-01-13,16.7,1,175,27,13,28,11,4.81,68.36,0,weekend,23:29,08:01,18-24,hybrid,1,0
user_196,2024-01-14,68.04,3,177,20,13,18,11,1.14,74.28,0,weekend,23:26,06:26,18-24,hybrid,1,0
user_196,2024-01-15,38.29,2,227,60,47,17,22,3.14,80.11,1,workday,23:22,07:12,18-24,hybrid,1,0
user_196,2024-01-16,39.43,2,127,60,36,31,21,4.07,75.13,0,workday,22:40,07:01,18-24,hybrid,1,0
user_196,2024-01-17,24.6,1,275,58,48,49,21,8.6,44.0,1,workday,22:27,08:01,18-24,hybrid,1,0
user_196,2024-01-18,53.63,3,222,40,21,19,24,4.4,83.64,0,workday,22:38,07:13,18-24,hybrid,1,0
user_196,2024-01-19,79.54,4,138,23,11,23,11,2.17,49.4,0,workday,23:15,06:16,18-24,hybrid,1,0
user_196,2024-01-20,31.08,2,259,41,13,26,19,6.27,41.78,0,weekend,23:07,07:23,18-24,hybrid,1,0
user_196,2024-01-21,45.54,2,258,60,39,34,25,7.39,47.72,0,weekend,23:17,07:53,18-24,hybrid,1,0
user_196,2024-01-22,81.17,4,211,31,18,21,17,2.2,80.66,0,workday,22:57,06:36,18-24,hybrid,1,0
user_196,2024-01-23,18.41,1,267,60,12,43,20,5.7,64.17,0,workday,22:46,07:01,18-24,hybrid,1,0
user_196,2024-01-24,62.89,3,157,43,11,40,27,3.54,79.02,1,workday,22:03,06:38,18-24,hybrid,1,0
user_196,2024-01-25,55.86,3,174,28,7,25,9,1.87,69.83,0,workday,22:24,07:13,18-24,hybrid,1,0
user_196,2024-01-26,59.03,3,191,31,21,17,15,5.31,68.69,0,workday,21:55,06:46,18-24,hybrid,1,0
user_196,2024-01-27,16.16,1,226,46,31,33,23,3.54,50.92,0,weekend,22:54,07:26,18-24,hybrid,1,0
user_196,2024-01-28,33.61,2,203,56,37,41,25,7.36,55.1,0,weekend,00:19,07:37,18-24,hybrid,1,0
user_197,2024-01-01,36.79,2,199,53,44,22,24,4.77,58.53,0,workday,23:54,07:20,35-44,on_site,1,0
user_197,2024-01-02,0.0,1,143,47,25,40,24,8.36,44.15,1,workday,21:48,07:55,35-44,on_site,1,0
user_197,2024-01-03,58.62,3,191,51,24,22,19,7.22,50.82,0,workday,23:06,07:08,35-44,on_site,1,0
user_197,2024-01-04,55.0,3,267,41,9,25,14,5.25,56.62,0,workday,22:36,07:37,35-44,on_site,1,0
user_197,2024-01-05,80.59,4,251,40,25,28,26,4.45,86.21,0,workday,22:40,06:57,35-44,on_site,1,0
user_197,2024-01-06,38.09,2,161,11,0,4,7,0.0,71.7,0,weekend,23:17,08:29,35-44,on_site,1,0
user_197,2024-01-07,80.29,4,242,37,13,35,17,2.99,60.22,0,weekend,00:03,07:41,35-44,on_site,1,0
user_197,2024-01-08,42.93,2,175,40,13,28,17,6.7,48.93,0,workday,22:31,07:06,35-44,on_site,1,0
user_197,2024-01-09,43.75,2,226,31,12,22,17,5.47,55.27,1,workday,22:11,07:01,35-44,on_site,1,0
user_197,2024-01-10,41.56,2,164,29,15,21,18,4.92,55.98,1,workday,22:36,07:13,35-44,on_site,1,0
user_197,2024-01-11,62.4,3,163,46,12,19,27,3.69,66.88,0,workday,00:03,06:46,35-44,on_site,1,0
user_197,2024-01-12,59.13,3,243,44,22,38,20,3.2,53.04,0,workday,22:50,07:19,35-44,on_site,1,0
user_197,2024-01-13,65.96,3,217,30,12,21,14,3.65,57.24,0,weekend,23:08,07:35,35-44,on_site,1,0
user_197,2024-01-14,42.51,2,254,59,17,32,24,5.13,61.96,0,weekend,23:06,07:13,35-44,on_site,1,0
user_197,2024-01-15,66.21,3,228,48,11,30,21,4.31,58.01,0,workday,22:43,06:39,35-44,on_site,1,0
user_197,2024-01-16,24.63,1,135,36,8,40,7,6.46,35.95,0,workday,22:23,07:14,35-44,on_site,1,0
user_197,2024-01-17,36.22,2,126,34,19,23,21,6.42,58.38,0,workday,23:04,06:44,35-44,on_site,1,0
user_197,2024-01-18,38.1,2,271,42,14,33,16,6.11,64.56,0,workday,21:58,06:13,35-44,on_site,1,0
user_197,2024-01-19,75.58,4,211,39,27,24,12,4.73,67.96,1,workday,23:46,07:05,35-44,on_site,1,0
user_197,2024-01-20,58.66,3,266,49,8,40,24,6.62,33.28,1,weekend,00:10,07:36,35-44,on_site,1,0
user_197,2024-01-21,33.82,2,226,60,41,30,14,3.62,49.16,0,weekend,23:49,07:32,35-44,on_site,1,0
user_197,2024-01-22,36.5,2,219,36,11,28,15,6.24,41.35,0,workday,22:37,06:57,35-44,on_site,1,0
user_197,2024-01-23,72.43,3,191,23,7,23,13,2.22,77.54,1,workday,23:45,07:36,35-44,on_site,1,0
user_197,2024-01-24,57.52,3,182,39,18,34,24,5.5,63.24,1,workday,22:09,07:17,35-44,on_site,1,0
user_197,2024-01-25,66.15,3,143,44,20,33,22,4.75,70.98,0,workday,22:47,06:51,35-44,on_site,1,0
user_197,2024-01-26,0.0,1,198,49,26,37,11,7.64,43.52,1,workday,23:16,07:02,35-44,on_site,1,0
user_197,2024-01-27,67.22,3,198,39,23,19,24,5.81,61.9,0,weekend,23:14,08:31,35-44,on_site,1,0
user_197,2024-01-28,63.24,3,184,52,20,28,13,4.21,65.5,0,weekend,01:05,07:57,35-44,on_site,1,0
user_198,2024-01-01,42.9,2,233,44,17,32,10,6.09,53.81,1,workday,23:28,06:36,45-54,remote,0,0
user_198,2024-01-02,50.13,3,169,27,4,32,19,4.73,58.41,0,workday,23:19,07:09,45-54,remote,0,0
user_198,2024-01-03,19.89,1,227,51,18,33,21,5.85,37.41,0,workday,23:34,07:23,45-54,remote,0,0
user_198,2024-01-04,41.73,2,209,37,22,15,15,6.6,40.69,1,workday,22:56,07:17,45-54,remote,0,0
user_198,2024-01-05,41.89,2,208,37,27,24,16,4.17,50.71,0,workday,23:18,06:59,45-54,remote,0,0
user_198,2024-01-06,77.97,4,186,43,13,32,25,1.51,74.52,0,weekend,23:16,06:54,45-54,remote,0,0
user_198,2024-01-07,62.75,3,285,57,33,38,22,4.29,50.04,0,weekend,23:56,08:09,45-54,remote,0,0
user_198,2024-01-08,57.64,3,236,41,7,37,13,4.68,66.73,0,workday,22:28,06:27,45-54,remote,0,0
user_198,2024-01-09,41.25,2,193,49,13,34,23,7.63,43.86,0,workday,23:09,06:55,45-54,remote,0,0
user_198,2024-01-10,29.99,2,235,60,10,34,21,6.52,39.57,1,workday,23:30,07:11,45-54,remote,0,0
user_198,2024-01-11,22.82,1,255,50,24,33,23,6.82,55.77,1,workday,23:05,07:38,45-54,remote,0,0
user_198,2024-01-12,45.69,2,226,45,8,23,22,6.1,58.51,1,workday,22:54,05:44,45-54,remote,0,0
user_198,2024-01-13,45.23,2,214,48,15,40,22,4.47,49.46,0,weekend,23:44,07:48,45-54,remote,0,0
user_198,2024-01-14,38.53,2,267,52,42,30,22,7.62,40.45,0,weekend,23:19,08:06,45-54,remote,0,0
user_198,2024-01-15,54.33,3,223,30,10,23,13,3.93,56.9,0,workday,22:44,06:56,45-54,remote,0,0
user_198,2024-01-16,44.35,2,225,56,33,42,20,5.74,66.99,1,workday,23:37,07:03,45-54,remote,0,0
user_198,2024-01-17,32.97,2,207,41,7,31,22,6.79,56.44,0,workday,23:35,07:16,45-54,remote,0,0
user_198,2024-01-18,42.29,2,202,30,22,20,16,8.06,35.84,1,workday,23:52,07:05,45-54,remote,0,0
user_198,2024-01-19,38.53,2,212,52,23,33,14,6.73,37.62,1,workday,22:22,07:16,45-54,remote,0,0
user_198,2024-01-20,35.24,2,240,32,26,27,17,3.27,66.8,0,weekend,22:48,07:31,45-54,remote,0,0
user_198,2024-01-21,40.96,2,289,37,17,19,19,4.68,58.05,0,weekend,23:55,07:12,45-54,remote,0,0
user_198,2024-01-22,51.49,3,260,37,19,21,15,4.51,62.0,1,workday,23:07,07:30,45-54,remote,0,0
user_198,2024-01-23,59.62,3,251,30,9,22,21,4.95,69.19,0,workday,23:08,06:51,45-54,remote,0,0
user_198,2024-01-24,65.25,3,253,43,16,30,22,5.41,66.13,1,workday,23:18,06:55,45-54,remote,0,0
user_198,2024-01-25,40.3,2,273,59,23,40,28,7.78,56.74,0,workday,22:59,07:00,45-54,remote,0,0
user_198,2024-01-26,62.04,3,245,50,15,32,22,7.24,60.01,1,workday,00:13,07:03,45-54,remote,0,0
user_198,2024-01-27,61.35,3,234,47,30,30,22,3.02,66.42,0,weekend,22:41,08:25,45-54,remote,0,0
user_198,2024-01-28,6.18,1,243,44,15,35,16,6.9,42.2,0,weekend,23:22,07:30,45-54,remote,0,0
user_199,2024-01-01,12.45,1,226,49,15,29,25,5.75,48.74,1,workday,23:28,07:34,18-24,hybrid,1,0
user_199,2024-01-02,47.72,2,157,32,6,34,16,3.98,72.01,0,workday,23:14,07:03,18-24,hybrid,1,0
user_199,2024-01-03,19.35,1,233,60,25,29,27,7.09,46.24,1,workday,23:36,07:38,18-24,hybrid,1,0
user_199,2024-01-04,40.9,2,216,35,12,24,18,3.68,58.95,1,workday,23:08,07:38,18-24,hybrid,1,0
user_199,2024-01-05,8.27,1,150,44,29,32,17,6.01,52.92,1,workday,22:52,05:43,18-24,hybrid,1,0
user_199,2024-01-06,54.65,3,196,42,4,29,18,4.04,66.77,0,weekend,23:26,07:47,18-24,hybrid,1,0
user_199,2024-01-07,18.44,1,174,18,10,18,16,3.56,49.0,0,weekend,23:11,07:37,18-24,hybrid,1,0
user_199,2024-01-08,63.6,3,238,22,22,13,18,2.82,71.97,1,workday,23:29,07:19,18-24,hybrid,1,0
user_199,2024-01-09,37.21,2,294,58,14,31,16,4.49,61.06,0,workday,21:27,07:02,18-24,hybrid,1,0
user_199,2024-01-10,37.69,2,157,23,6,18,4,5.19,51.04,1,workday,23:08,07:37,18-24,hybrid,1,0
user_199,2024-01-11,69.12,3,180,24,6,29,15,3.38,56.55,0,workday,22:47,05:51,18-24,hybrid,1,0
user_199,2024-01-12,52.44,3,218,40,22,31,11,5.82,70.14,0,workday,22:17,07:25,18-24,hybrid,1,0
user_199,2024-01-13,56.81,3,227,33,13,18,12,0.95,81.74,0,weekend,23:29,08:03,18-24,hybrid,1,0
user_199,2024-01-14,45.98,2,217,42,15,18,16,3.33,63.64,0,weekend,23:07,07:58,18-24,hybrid,1,0
user_199,2024-01-15,57.77,3,209,50,19,50,16,3.77,71.9,0,workday,22:55,07:12,18-24,hybrid,1,0
user_199,2024-01-16,23.53,1,270,44,32,36,18,5.7,53.16,1,workday,23:36,07:09,18-24,hybrid,1,0
user_199,2024-01-17,22.23,1,231,47,21,42,20,4.92,41.93,0,workday,22:58,07:44,18-24,hybrid,1,0
user_199,2024-01-18,46.93,2,256,50,21,24,19,5.47,54.44,0,workday,23:20,07:04,18-24,hybrid,1,0
user_199,2024-01-19,60.08,3,195,37,18,17,13,1.32,96.65,0,workday,23:02,06:54,18-24,hybrid,1,0
user_199,2024-01-20,48.55,2,193,27,5,8,6,2.37,75.99,0,weekend,23:10,07:32,18-24,hybrid,1,0
user_199,2024-01-21,35.27,2,300,39,8,19,22,4.75,68.82,0,weekend,00:15,08:06,18-24,hybrid,1,0
user_199,2024-01-22,53.34,3,232,29,9,16,12,7.95,48.88,0,workday,22:33,07:04,18-24,hybrid,1,0
user_199,2024-01-23,18.73,1,206,30,19,35,12,6.37,63.26,1,workday,22:01,06:37,18-24,hybrid,1,0
user_199,2024-01-24,31.98,2,214,25,19,18,20,4.27,50.04,1,workday,22:19,06:54,18-24,hybrid,1,0
user_199,2024-01-25,14.22,1,196,48,23,34,21,6.55,50.98,1,workday,22:39,07:01,18-24,hybrid,1,0
user_199,2024-01-26,20.81,1,209,32,17,30,14,4.32,62.47,1,workday,23:40,06:50,18-24,hybrid,1,0
user_199,2024-01-27,46.19,2,268,58,6,41,30,1.11,58.43,0,weekend,23:03,08:05,18-24,hybrid,1,0
user_199,2024-01-28,29.91,2,184,59,36,28,26,5.35,63.05,0,weekend,23:52,07:37,18-24,hybrid,1,0
user_200,2024-01-01,53.2,3,207,27,16,22,18,5.91,51.93,0,workday,23:25,07:32,25-34,hybrid,1,0
user_200,2024-01-02,65.6,3,245,35,7,21,13,4.35,78.83,1,workday,23:14,06:43,25-34,hybrid,1,0
user_200,2024-01-03,58.25,3,201,33,17,21,16,5.83,27.93,1,workday,22:20,07:19,25-34,hybrid,1,0
user_200,2024-01-04,54.96,3,235,48,22,37,16,6.11,58.16,0,workday,23:07,07:56,25-34,hybrid,1,0
user_200,2024-01-05,54.69,3,237,50,12,19,14,4.36,75.59,1,workday,21:57,07:45,25-34,hybrid,1,0
user_200,2024-01-06,56.55,3,243,34,15,24,24,4.83,56.8,0,weekend,23:45,08:03,25-34,hybrid,1,0
user_200,2024-01-07,63.0,3,224,48,32,29,17,4.56,52.15,0,weekend,23:16,07:01,25-34,hybrid,1,0
user_200,2024-01-08,81.29,4,173,34,26,38,20,5.82,56.9,0,workday,22:24,06:16,25-34,hybrid,1,0
user_200,2024-01-09,49.39,2,253,52,34,31,22,5.89,74.71,0,workday,23:11,07:43,25-34,hybrid,1,0
user_200,2024-01-10,64.63,3,188,38,26,22,16,2.86,49.22,1,workday,23:00,07:47,25-34,hybrid,1,0
user_200,2024-01-11,40.74,2,243,30,13,24,9,4.55,50.99,1,workday,23:25,06:53,25-34,hybrid,1,0
user_200,2024-01-12,78.54,4,198,33,30,33,19,6.68,62.39,1,workday,21:33,06:55,25-34,hybrid,1,0
user_200,2024-01-13,62.01,3,193,32,7,20,6,2.68,71.35,0,weekend,23:40,08:17,25-34,hybrid,1,0
user_200,2024-01-14,73.87,3,202,28,12,26,18,4.65,47.28,0,weekend,23:04,07:08,25-34,hybrid,1,0
user_200,2024-01-15,61.19,3,208,34,13,25,18,6.96,60.53,0,workday,23:14,06:41,25-34,hybrid,1,0
user_200,2024-01-16,86.31,4,228,47,9,20,21,6.61,50.97,0,workday,22:55,07:07,25-34,hybrid,1,0
user_200,2024-01-17,50.34,3,247,53,28,34,28,6.4,39.63,0,workday,23:40,07:01,25-34,hybrid,1,0
user_200,2024-01-18,43.22,2,215,49,31,42,26,6.97,34.74,0,workday,22:57,06:50,25-34,hybrid,1,0
user_200,2024-01-19,48.27,2,200,54,15,37,21,5.77,44.93,0,workday,23:09,06:51,25-34,hybrid,1,0
user_200,2024-01-20,54.25,3,150,38,14,23,24,2.71,56.99,0,weekend,23:25,07:48,25-34,hybrid,1,0
user_200,2024-01-21,58.66,3,238,33,18,11,16,3.33,62.97,0,weekend,23:54,07:55,25-34,hybrid,1,0
user_200,2024-01-22,53.47,3,263,56,43,19,25,8.44,37.72,0,workday,23:08,07:13,25-34,hybrid,1,0
user_200,2024-01-23,25.57,2,209,60,26,38,18,7.84,47.13,0,workday,22:08,07:51,25-34,hybrid,1,0
user_200,2024-01-24,33.36,2,170,44,30,27,20,5.8,66.94,1,workday,23:11,06:15,25-34,hybrid,1,0
user_200,2024-01-25,60.52,3,214,51,18,28,21,4.61,53.99,0,workday,23:14,06:01,25-34,hybrid,1,0
user_200,2024-01-26,46.33,2,175,42,29,21,13,5.0,47.3,1,workday,22:30,07:19,25-34,hybrid,1,0
user_200,2024-01-27,49.52,2,230,30,7,20,20,5.86,56.96,0,weekend,23:13,07:58,25-34,hybrid,1,0
user_200,2024-01-28,75.07,4,240,47,30,42,27,7.24,53.85,0,weekend,23:05,07:30,25-34,hybrid,1,0
