user_id,date,screen_time_evening_min,screen_time_last_hour_min,social_media_last_hour_min,notifications_night,unlocks_last_hour,stress_0_10,mental_wellness_0_100,caffeine_after_14,day_type,bedtime_clock,wake_time_clock,age_band,work_mode,medication,sleep_disorder_flag,sleep_class,sleep_quality_0_100
user_001,2024-01-01,236,53,44,24,26,8.03,59.45,0,workday,23:43,05:53,45-54,hybrid,0,0,2,36.44
user_001,2024-01-02,197,34,21,26,18,2.46,62.71,0,workday,00:02,06:58,45-54,hybrid,0,0,4,79.74
user_001,2024-01-03,181,37,25,25,14,4.14,41.55,0,workday,23:03,06:19,45-54,hybrid,0,0,3,65.41
user_001,2024-01-04,172,53,28,31,18,5.97,50.89,1,workday,00:11,06:27,45-54,hybrid,0,0,1,23.59
user_001,2024-01-05,229,60,16,38,16,5.92,49.47,0,workday,22:50,07:36,45-54,hybrid,0,0,2,43.91
user_001,2024-01-06,236,24,14,14,7,3.05,72.87,0,weekend,23:27,07:25,45-54,hybrid,0,0,4,99.81
user_001,2024-01-07,202,43,4,39,30,3.41,64.29,0,weekend,22:26,07:33,45-54,hybrid,0,0,4,76.0
user_001,2024-01-08,235,30,17,28,8,5.16,56.24,0,workday,22:40,07:52,45-54,hybrid,0,0,3,70.99
user_001,2024-01-09,245,43,24,24,19,8.5,46.0,0,workday,22:03,06:15,45-54,hybrid,0,0,3,64.11
user_001,2024-01-10,223,35,9,28,19,4.56,52.89,0,workday,23:22,07:18,45-54,hybrid,0,0,4,93.49
user_001,2024-01-11,241,59,22,20,20,4.56,50.89,1,workday,21:52,06:33,45-54,hybrid,0,0,1,25.0
user_001,2024-01-12,182,39,28,32,18,5.14,59.19,1,workday,22:23,07:00,45-54,hybrid,0,0,3,51.0
user_001,2024-01-13,204,26,19,30,14,2.01,64.8,0,weekend,22:43,07:11,45-54,hybrid,0,0,4,90.29
user_001,2024-01-14,237,45,39,38,15,4.3,59.52,0,weekend,23:34,08:08,45-54,hybrid,0,0,4,95.16
user_001,2024-01-15,224,43,6,36,23,6.43,41.28,0,workday,23:41,07:18,45-54,hybrid,0,0,3,73.24
user_001,2024-01-16,227,41,8,38,20,6.65,35.26,1,workday,22:22,07:11,45-54,hybrid,0,0,2,39.83
user_001,2024-01-17,268,53,21,31,18,3.16,61.17,0,workday,23:22,07:11,45-54,hybrid,0,0,2,36.3
user_001,2024-01-18,252,47,17,38,20,5.28,71.21,0,workday,22:51,07:06,45-54,hybrid,0,0,3,73.94
user_001,2024-01-19,192,42,14,38,14,4.46,54.4,0,workday,21:58,07:01,45-54,hybrid,0,0,3,73.21
user_001,2024-01-20,239,59,20,45,30,3.99,38.98,1,weekend,00:41,07:43,45-54,hybrid,0,0,4,76.0
user_001,2024-01-21,300,58,24,35,24,4.03,63.81,0,weekend,23:49,07:54,45-54,hybrid,0,0,2,29.51
user_002,2024-01-01,223,47,25,31,22,6.7,31.9,0,workday,23:26,07:02,25-34,hybrid,1,0,1,4.62
user_002,2024-01-02,197,35,20,26,21,1.97,63.61,0,workday,21:33,06:12,25-34,hybrid,1,0,2,49.58
user_002,2024-01-03,203,51,16,33,21,4.5,56.41,1,workday,22:44,07:58,25-34,hybrid,1,0,2,26.28
user_002,2024-01-04,181,40,20,30,24,3.2,51.66,1,workday,22:48,06:36,25-34,hybrid,1,0,2,39.43
user_002,2024-01-05,207,45,22,41,21,4.47,76.13,0,workday,22:23,06:58,25-34,hybrid,1,0,4,80.78
user_002,2024-01-06,252,60,28,11,17,5.76,64.07,1,weekend,23:55,07:09,25-34,hybrid,1,0,1,15.11
user_002,2024-01-07,240,52,42,24,21,6.67,71.34,1,weekend,00:05,07:43,25-34,hybrid,1,0,1,22.67
user_002,2024-01-08,184,30,26,13,17,5.31,62.83,0,workday,23:05,07:18,25-34,hybrid,1,0,2,26.66
user_002,2024-01-09,251,60,44,37,25,6.1,46.76,0,workday,23:07,06:40,25-34,hybrid,1,0,1,18.68
user_002,2024-01-10,247,45,33,19,16,6.64,54.83,0,workday,23:02,06:52,25-34,hybrid,1,0,2,33.12
user_002,2024-01-11,238,54,11,36,21,6.62,56.35,1,workday,22:48,07:00,25-34,hybrid,1,0,2,48.47
user_002,2024-01-12,181,48,31,34,16,4.5,68.86,0,workday,22:21,06:54,25-34,hybrid,1,0,3,57.98
user_002,2024-01-13,255,57,28,45,22,8.6,53.17,1,weekend,23:02,07:55,25-34,hybrid,1,0,2,47.57
user_002,2024-01-14,218,25,4,31,15,4.06,47.28,0,weekend,23:34,07:44,25-34,hybrid,1,0,3,65.18
user_002,2024-01-15,237,42,10,37,26,4.77,34.8,0,workday,23:31,07:35,25-34,hybrid,1,0,3,67.96
user_002,2024-01-16,187,50,12,31,17,6.61,59.71,0,workday,23:07,07:02,25-34,hybrid,1,0,3,73.45
user_002,2024-01-17,231,44,20,28,18,4.85,48.84,0,workday,22:31,06:53,25-34,hybrid,1,0,2,33.75
user_002,2024-01-18,234,50,10,30,23,7.99,59.3,1,workday,23:19,06:49,25-34,hybrid,1,0,2,49.74
user_002,2024-01-19,238,43,19,20,15,7.35,59.75,0,workday,22:51,06:18,25-34,hybrid,1,0,1,21.1
user_002,2024-01-20,205,34,9,13,12,2.65,94.09,0,weekend,23:37,07:54,25-34,hybrid,1,0,3,56.79
user_002,2024-01-21,234,32,16,32,15,5.74,56.54,1,weekend,00:27,08:37,25-34,hybrid,1,0,1,13.9
user_003,2024-01-01,180,32,18,17,26,3.83,56.96,1,workday,23:23,06:46,45-54,remote,0,0,2,41.74
user_003,2024-01-02,165,14,6,22,7,4.22,31.89,0,workday,23:08,06:44,45-54,remote,0,0,3,70.21
user_003,2024-01-03,199,44,24,41,26,6.52,37.82,0,workday,23:56,06:45,45-54,remote,0,0,3,61.48
user_003,2024-01-04,228,29,20,19,19,5.62,34.43,1,workday,23:49,06:46,45-54,remote,0,0,3,51.0
user_003,2024-01-05,233,44,16,40,18,5.68,53.91,0,workday,22:40,07:01,45-54,remote,0,0,2,39.33
user_003,2024-01-06,298,33,3,26,26,7.12,49.58,0,weekend,23:30,07:30,45-54,remote,0,0,2,42.61
user_003,2024-01-07,168,23,0,22,15,0.37,80.6,0,weekend,21:57,07:14,45-54,remote,0,0,4,97.17
user_003,2024-01-08,235,30,10,10,19,0.5,56.91,1,workday,22:34,06:59,45-54,remote,0,0,2,27.48
user_003,2024-01-09,182,40,30,31,27,5.91,61.44,1,workday,23:20,08:16,45-54,remote,0,0,2,32.71
user_003,2024-01-10,208,30,25,21,18,4.06,65.93,0,workday,23:04,07:54,45-54,remote,0,0,4,77.98
user_003,2024-01-11,221,39,20,19,24,4.82,50.41,0,workday,23:29,06:18,45-54,remote,0,0,3,70.95
user_003,2024-01-12,250,54,10,32,22,6.23,44.42,1,workday,23:09,07:35,45-54,remote,0,0,1,9.17
user_003,2024-01-13,295,45,14,34,13,4.81,45.8,0,weekend,23:20,07:36,45-54,remote,0,0,2,37.9
user_003,2024-01-14,259,43,16,37,15,3.15,68.25,0,weekend,00:03,08:09,45-54,remote,0,0,3,70.17
user_003,2024-01-15,279,51,14,30,17,5.11,59.02,1,workday,22:10,07:07,45-54,remote,0,0,2,33.17
user_003,2024-01-16,268,41,15,44,25,4.71,30.15,0,workday,22:39,06:51,45-54,remote,0,0,3,54.19
user_003,2024-01-17,229,60,24,30,26,5.31,68.23,0,workday,23:10,06:24,45-54,remote,0,0,1,23.8
user_003,2024-01-18,258,43,32,31,21,2.93,55.17,0,workday,23:11,07:22,45-54,remote,0,0,2,39.51
user_003,2024-01-19,248,43,25,32,15,7.08,46.47,0,workday,22:21,06:44,45-54,remote,0,0,2,28.74
user_003,2024-01-20,271,30,16,30,7,6.59,51.12,0,weekend,23:29,07:22,45-54,remote,0,0,4,79.17
user_003,2024-01-21,145,31,9,8,18,3.63,38.39,0,weekend,23:33,08:09,45-54,remote,0,0,2,30.71
user_004,2024-01-01,180,37,22,38,18,9.12,46.44,1,workday,22:30,07:15,35-44,hybrid,1,0,3,54.45
user_004,2024-01-02,192,22,6,16,13,2.68,54.26,0,workday,22:10,06:34,35-44,hybrid,1,0,4,79.93
user_004,2024-01-03,154,34,11,24,21,3.41,69.55,0,workday,23:06,07:33,35-44,hybrid,1,0,4,87.84
user_004,2024-01-04,169,17,9,17,9,6.49,47.17,0,workday,23:00,07:09,35-44,hybrid,1,0,4,82.96
user_004,2024-01-05,272,60,10,36,24,8.34,40.26,1,workday,23:01,06:59,35-44,hybrid,1,0,2,35.86
user_004,2024-01-06,160,37,15,27,22,2.98,94.57,0,weekend,00:19,07:53,35-44,hybrid,1,0,4,98.38
user_004,2024-01-07,215,40,18,16,19,2.0,63.09,0,weekend,23:13,08:00,35-44,hybrid,1,0,3,60.49
user_004,2024-01-08,213,36,12,15,19,5.6,65.75,0,workday,23:21,07:04,35-44,hybrid,1,0,4,100.0
user_004,2024-01-09,249,36,16,14,17,3.52,78.56,1,workday,22:48,06:15,35-44,hybrid,1,0,4,92.47
user_004,2024-01-10,171,30,14,26,16,6.16,46.48,0,workday,22:35,06:16,35-44,hybrid,1,0,2,42.94
user_004,2024-01-11,198,60,18,19,25,4.54,55.77,0,workday,22:54,07:07,35-44,hybrid,1,0,4,90.45
user_004,2024-01-12,239,44,18,20,24,5.2,30.2,1,workday,22:38,07:54,35-44,hybrid,1,0,3,69.1
user_004,2024-01-13,230,43,19,35,13,4.38,48.44,0,weekend,23:03,07:45,35-44,hybrid,1,0,3,69.0
user_004,2024-01-14,263,43,17,25,17,6.86,40.15,0,weekend,00:06,08:00,35-44,hybrid,1,0,4,90.27
user_004,2024-01-15,200,41,20,36,17,9.58,37.85,0,workday,22:44,07:02,35-44,hybrid,1,0,1,21.3
user_004,2024-01-16,189,48,5,26,25,8.57,54.0,1,workday,23:39,06:15,35-44,hybrid,1,0,3,56.84
user_004,2024-01-17,237,46,9,28,21,7.33,40.91,1,workday,22:51,06:49,35-44,hybrid,1,0,2,46.82
user_004,2024-01-18,202,45,6,25,22,2.04,68.05,0,workday,23:17,06:53,35-44,hybrid,1,0,2,47.19
user_004,2024-01-19,196,51,38,34,17,6.88,63.21,0,workday,23:23,07:02,35-44,hybrid,1,0,3,71.98
user_004,2024-01-20,204,39,30,19,16,3.73,58.81,0,weekend,23:06,07:48,35-44,hybrid,1,0,3,74.55
user_004,2024-01-21,227,55,27,41,24,5.41,50.69,1,weekend,23:29,08:01,35-44,hybrid,1,0,2,38.24
user_005,2024-01-01,216,30,11,9,21,6.07,51.94,1,workday,22:37,07:03,18-24,remote,0,1,1,0.39
user_005,2024-01-02,184,48,36,26,12,6.14,49.64,1,workday,22:48,06:30,18-24,remote,0,1,1,0.75
user_005,2024-01-03,268,39,20,33,23,8.07,48.69,0,workday,23:37,05:35,18-24,remote,0,1,1,6.59
user_005,2024-01-04,209,60,9,28,30,7.96,31.07,1,workday,22:12,06:49,18-24,remote,0,1,1,0.46
user_005,2024-01-05,249,38,19,9,17,8.6,54.62,1,workday,22:32,06:35,18-24,remote,0,1,1,0.73
user_005,2024-01-06,206,41,17,25,22,9.0,46.83,0,weekend,23:20,07:35,18-24,remote,0,1,1,2.72
user_005,2024-01-07,233,55,19,41,11,5.36,55.68,1,weekend,00:28,07:56,18-24,remote,0,1,1,8.95
user_005,2024-01-08,200,36,23,30,18,4.15,56.75,0,workday,22:59,07:11,18-24,remote,0,1,1,22.14
user_005,2024-01-09,217,35,22,31,9,5.28,75.12,0,workday,23:17,07:00,18-24,remote,0,1,3,62.57
user_005,2024-01-10,255,54,21,21,26,5.88,47.02,0,workday,23:12,06:47,18-24,remote,0,1,2,29.32
user_005,2024-01-11,231,52,30,38,30,4.32,57.95,0,workday,22:19,06:32,18-24,remote,0,1,1,22.93
user_005,2024-01-12,266,36,21,11,14,6.7,40.53,0,workday,22:08,07:48,18-24,remote,0,1,1,12.61
user_005,2024-01-13,279,49,24,29,21,5.11,52.88,0,weekend,23:32,07:44,18-24,remote,0,1,1,0.76
user_005,2024-01-14,191,37,21,29,17,2.0,71.7,0,weekend,23:31,08:05,18-24,remote,0,1,2,32.3
user_005,2024-01-15,182,60,36,33,30,7.38,45.42,0,workday,22:43,07:06,18-24,remote,0,1,1,5.87
user_005,2024-01-16,256,46,22,31,16,6.69,57.8,1,workday,23:00,07:05,18-24,remote,0,1,2,40.39
user_005,2024-01-17,230,60,31,43,26,4.24,71.64,0,workday,23:06,06:51,18-24,remote,0,1,4,78.56
user_005,2024-01-18,206,56,21,25,25,6.45,41.48,1,workday,23:18,06:37,18-24,remote,0,1,1,4.94
user_005,2024-01-19,269,53,32,23,20,3.71,48.44,1,workday,23:16,07:01,18-24,remote,0,1,1,7.74
user_005,2024-01-20,300,55,16,39,27,5.42,54.48,1,weekend,23:03,07:43,18-24,remote,0,1,1,4.94
user_005,2024-01-21,213,23,10,15,9,0.0,71.24,0,weekend,23:39,07:30,18-24,remote,0,1,3,65.63
user_006,2024-01-01,198,45,26,26,21,7.26,73.73,0,workday,22:24,07:07,55+,hybrid,0,0,2,29.11
user_006,2024-01-02,241,37,14,27,14,6.54,65.42,1,workday,23:37,06:37,55+,hybrid,0,0,1,2.69
user_006,2024-01-03,174,35,24,10,23,7.2,45.95,1,workday,23:06,07:07,55+,hybrid,0,0,1,22.84
user_006,2024-01-04,228,45,16,27,22,6.49,32.14,1,workday,23:22,07:25,55+,hybrid,0,0,1,8.24
user_006,2024-01-05,171,9,5,14,11,0.0,84.47,0,workday,23:13,06:16,55+,hybrid,0,0,4,81.75
user_006,2024-01-06,277,60,48,30,12,6.25,54.36,0,weekend,23:51,07:28,55+,hybrid,0,0,2,49.7
user_006,2024-01-07,255,48,27,33,30,4.22,67.97,0,weekend,23:46,08:17,55+,hybrid,0,0,3,57.32
user_006,2024-01-08,143,51,32,32,20,5.52,48.13,0,workday,00:35,07:23,55+,hybrid,0,0,2,37.98
user_006,2024-01-09,157,38,28,33,22,7.02,55.74,0,workday,22:56,07:06,55+,hybrid,0,0,1,4.32
user_006,2024-01-10,239,54,44,42,26,1.56,71.14,0,workday,22:37,07:22,55+,hybrid,0,0,1,15.42
user_006,2024-01-11,204,17,9,23,5,5.07,71.64,1,workday,23:08,06:43,55+,hybrid,0,0,1,10.6
user_006,2024-01-12,158,47,13,30,18,6.7,56.38,0,workday,22:47,07:27,55+,hybrid,0,0,2,26.0
user_006,2024-01-13,230,37,2,15,22,2.94,42.07,0,weekend,23:02,07:24,55+,hybrid,0,0,2,44.07
user_006,2024-01-14,258,33,7,35,7,0.01,59.85,0,weekend,22:51,07:45,55+,hybrid,0,0,2,45.41
user_006,2024-01-15,243,42,28,46,17,3.78,58.14,0,workday,23:24,07:23,55+,hybrid,0,0,1,18.78
user_006,2024-01-16,201,42,33,19,18,4.77,51.63,1,workday,22:36,06:38,55+,hybrid,0,0,1,6.03
user_006,2024-01-17,215,43,24,32,24,7.88,51.04,1,workday,00:00,06:35,55+,hybrid,0,0,1,9.62
user_006,2024-01-18,222,52,34,28,25,5.44,53.51,1,workday,23:41,08:02,55+,hybrid,0,0,1,10.45
user_006,2024-01-19,217,39,21,28,21,1.55,76.76,0,workday,22:38,07:48,55+,hybrid,0,0,3,56.51
user_006,2024-01-20,235,60,34,24,30,5.65,49.24,0,weekend,23:37,07:32,55+,hybrid,0,0,2,31.0
user_006,2024-01-21,230,42,19,32,21,3.22,73.17,0,weekend,23:43,07:33,55+,hybrid,0,0,3,61.09
user_007,2024-01-01,300,34,14,28,15,5.42,49.65,0,workday,23:22,07:40,35-44,remote,0,0,3,53.54
user_007,2024-01-02,294,60,17,50,27,6.15,66.46,0,workday,23:15,06:58,35-44,remote,0,0,2,26.0
user_007,2024-01-03,273,37,23,26,24,4.03,67.35,0,workday,23:17,06:37,35-44,remote,0,0,4,78.3
user_007,2024-01-04,210,57,25,35,25,6.35,39.81,1,workday,22:38,06:32,35-44,remote,0,0,1,6.08
user_007,2024-01-05,269,45,25,25,28,6.99,27.0,1,workday,22:38,07:43,35-44,remote,0,0,1,5.88
user_007,2024-01-06,287,38,23,34,23,3.21,74.82,1,weekend,23:20,08:01,35-44,remote,0,0,1,14.4
user_007,2024-01-07,215,57,35,27,15,5.26,45.56,0,weekend,23:10,07:41,35-44,remote,0,0,1,7.62
user_007,2024-01-08,251,38,22,24,17,5.98,46.9,1,workday,22:35,07:19,35-44,remote,0,0,2,28.34
user_007,2024-01-09,242,60,27,43,21,4.66,57.57,1,workday,23:14,06:11,35-44,remote,0,0,1,6.26
user_007,2024-01-10,211,47,15,35,18,7.82,25.43,1,workday,22:25,07:23,35-44,remote,0,0,1,11.27
user_007,2024-01-11,138,39,12,27,19,5.88,56.9,1,workday,23:03,07:29,35-44,remote,0,0,1,4.61
user_007,2024-01-12,241,41,15,20,13,5.82,43.07,0,workday,22:43,06:59,35-44,remote,0,0,1,12.75
user_007,2024-01-13,280,36,32,32,14,2.5,87.66,1,weekend,23:51,07:53,35-44,remote,0,0,1,22.67
user_007,2024-01-14,186,39,11,21,20,1.29,79.37,0,weekend,23:05,06:51,35-44,remote,0,0,4,83.86
user_007,2024-01-15,261,48,9,35,17,6.99,63.87,1,workday,22:41,07:14,35-44,remote,0,0,2,28.18
user_007,2024-01-16,235,41,16,36,22,6.19,53.38,1,workday,22:50,07:16,35-44,remote,0,0,1,7.69
user_007,2024-01-17,198,32,22,20,15,5.03,69.99,0,workday,22:36,07:00,35-44,remote,0,0,1,21.41
user_007,2024-01-18,249,27,17,34,23,2.87,74.54,0,workday,00:13,06:34,35-44,remote,0,0,3,70.01
user_007,2024-01-19,239,54,29,39,27,7.25,49.49,0,workday,22:31,06:44,35-44,remote,0,0,1,8.9
user_007,2024-01-20,298,60,19,34,20,5.62,57.92,0,weekend,00:00,07:20,35-44,remote,0,0,4,76.77
user_007,2024-01-21,284,45,23,29,9,2.25,63.85,0,weekend,23:13,07:19,35-44,remote,0,0,2,42.71
user_008,2024-01-01,275,50,24,27,24,6.05,65.24,1,workday,22:42,06:41,45-54,remote,1,0,1,1.46
user_008,2024-01-02,270,46,14,39,21,7.26,41.25,0,workday,23:19,06:46,45-54,remote,1,0,2,29.05
user_008,2024-01-03,300,60,36,27,21,5.5,47.35,0,workday,23:39,07:22,45-54,remote,1,0,1,5.8
user_008,2024-01-04,251,54,54,30,18,3.07,53.47,1,workday,23:47,07:01,45-54,remote,1,0,1,1.26
user_008,2024-01-05,247,53,27,16,13,5.26,72.82,0,workday,23:23,07:03,45-54,remote,1,0,1,14.5
user_008,2024-01-06,270,46,20,31,26,7.71,41.47,0,weekend,23:30,07:26,45-54,remote,1,0,1,2.96
user_008,2024-01-07,224,60,24,33,25,4.77,52.03,0,weekend,23:46,08:21,45-54,remote,1,0,1,11.95
user_008,2024-01-08,232,43,13,36,30,8.43,69.48,0,workday,22:51,06:47,45-54,remote,1,0,1,0.0
user_008,2024-01-09,300,52,14,41,25,7.41,55.08,0,workday,22:47,06:03,45-54,remote,1,0,1,1.52
user_008,2024-01-10,242,51,36,38,17,8.2,40.96,0,workday,23:40,07:14,45-54,remote,1,0,1,3.15
user_008,2024-01-11,276,48,16,35,25,5.33,50.59,0,workday,23:35,06:34,45-54,remote,1,0,1,2.63
user_008,2024-01-12,218,39,16,29,17,5.36,41.73,1,workday,23:06,07:12,45-54,remote,1,0,1,23.08
user_008,2024-01-13,181,43,24,35,16,2.68,70.07,0,weekend,23:37,07:27,45-54,remote,1,0,1,10.67
user_008,2024-01-14,254,57,34,27,29,5.53,39.99,0,weekend,00:44,07:59,45-54,remote,1,0,1,0.79
user_008,2024-01-15,226,43,33,37,26,4.56,72.3,0,workday,23:09,07:21,45-54,remote,1,0,1,8.51
user_008,2024-01-16,244,48,25,34,18,5.22,39.2,0,workday,23:24,06:41,45-54,remote,1,0,1,6.8
user_008,2024-01-17,271,58,30,33,24,4.38,44.55,1,workday,23:20,07:23,45-54,remote,1,0,1,0.9
user_008,2024-01-18,219,54,30,25,21,8.7,48.94,1,workday,23:24,07:16,45-54,remote,1,0,1,3.75
user_008,2024-01-19,206,31,7,29,8,4.34,51.49,0,workday,22:59,07:18,45-54,remote,1,0,1,18.66
user_008,2024-01-20,252,48,11,20,16,2.42,49.88,0,weekend,22:53,07:39,45-54,remote,1,0,2,30.19
user_008,2024-01-21,215,31,14,25,16,1.86,75.46,0,weekend,23:05,07:43,45-54,remote,1,0,2,28.46
user_009,2024-01-01,256,37,20,16,10,6.77,56.06,1,workday,22:37,06:34,18-24,remote,1,0,1,20.08
user_009,2024-01-02,291,42,24,36,15,6.61,39.76,1,workday,22:31,07:07,18-24,remote,1,0,1,17.12
user_009,2024-01-03,192,51,28,30,24,6.37,45.49,1,workday,23:58,06:35,18-24,remote,1,0,1,10.9
user_009,2024-01-04,289,46,22,38,19,5.69,52.19,1,workday,22:49,06:06,18-24,remote,1,0,1,7.48
user_009,2024-01-05,229,60,28,28,30,7.23,31.37,1,workday,22:35,06:54,18-24,remote,1,0,1,8.81
user_009,2024-01-06,258,48,25,37,24,3.31,58.68,0,weekend,23:49,07:56,18-24,remote,1,0,3,62.3
user_009,2024-01-07,254,40,13,34,21,2.38,57.33,0,weekend,23:18,07:47,18-24,remote,1,0,3,70.44
user_009,2024-01-08,244,43,18,30,19,7.14,57.14,1,workday,23:16,06:30,18-24,remote,1,0,1,4.9
user_009,2024-01-09,257,32,11,25,18,4.87,77.59,0,workday,22:27,06:50,18-24,remote,1,0,1,10.63
user_009,2024-01-10,233,43,5,29,18,4.38,45.6,0,workday,23:04,06:53,18-24,remote,1,0,1,10.64
user_009,2024-01-11,199,43,20,41,15,2.84,60.19,1,workday,23:14,06:59,18-24,remote,1,0,1,21.96
user_009,2024-01-12,160,25,5,7,11,2.71,50.3,0,workday,23:17,06:40,18-24,remote,1,0,4,79.08
user_009,2024-01-13,284,48,35,21,19,1.47,68.3,0,weekend,00:04,07:46,18-24,remote,1,0,4,80.83
user_009,2024-01-14,209,60,28,24,30,4.21,69.0,0,weekend,23:43,07:06,18-24,remote,1,0,3,56.8
user_009,2024-01-15,293,60,30,33,28,4.33,56.24,1,workday,23:08,06:16,18-24,remote,1,0,2,33.35
user_009,2024-01-16,223,53,10,26,18,8.99,62.34,1,workday,00:13,07:38,18-24,remote,1,0,1,1.76
user_009,2024-01-17,237,60,28,46,26,8.06,36.25,0,workday,23:38,07:27,18-24,remote,1,0,2,42.71
user_009,2024-01-18,251,51,30,43,22,7.07,62.81,0,workday,23:40,06:54,18-24,remote,1,0,2,43.34
user_009,2024-01-19,191,42,24,32,13,5.06,69.28,1,workday,23:35,07:10,18-24,remote,1,0,1,22.97
user_009,2024-01-20,268,41,33,31,13,5.0,56.31,0,weekend,23:25,08:26,18-24,remote,1,0,2,34.32
user_009,2024-01-21,209,54,29,33,25,6.55,58.16,0,weekend,23:14,08:27,18-24,remote,1,0,3,52.96
user_010,2024-01-01,171,47,11,34,16,4.13,54.61,1,workday,23:06,06:25,25-34,hybrid,1,0,3,56.41
user_010,2024-01-02,191,50,25,29,14,7.99,62.8,0,workday,23:10,07:16,25-34,hybrid,1,0,2,34.99
user_010,2024-01-03,223,49,33,32,28,6.66,62.41,0,workday,23:18,06:49,25-34,hybrid,1,0,4,96.75
user_010,2024-01-04,262,56,35,40,23,4.73,36.73,0,workday,22:42,06:44,25-34,hybrid,1,0,2,43.27
user_010,2024-01-05,177,37,21,24,25,2.17,81.51,0,workday,22:26,07:34,25-34,hybrid,1,0,4,93.61
user_010,2024-01-06,229,43,4,18,27,5.51,54.35,0,weekend,23:08,07:34,25-34,hybrid,1,0,2,42.24
user_010,2024-01-07,242,60,26,35,30,6.76,62.75,0,weekend,23:39,07:42,25-34,hybrid,1,0,3,73.09
user_010,2024-01-08,161,37,12,30,9,4.73,57.23,1,workday,00:01,06:31,25-34,hybrid,1,0,4,76.0
user_010,2024-01-09,231,44,17,47,25,4.26,52.85,1,workday,22:57,06:06,25-34,hybrid,1,0,2,28.57
user_010,2024-01-10,225,38,14,32,18,7.81,36.85,1,workday,23:17,06:56,25-34,hybrid,1,0,2,34.48
user_010,2024-01-11,226,38,12,28,22,6.35,54.2,0,workday,23:27,06:57,25-34,hybrid,1,0,4,91.77
user_010,2024-01-12,229,38,23,24,25,5.91,59.66,0,workday,22:41,06:16,25-34,hybrid,1,0,3,60.04
user_010,2024-01-13,198,17,6,15,14,1.12,99.67,0,weekend,22:59,07:36,25-34,hybrid,1,0,4,90.24
user_010,2024-01-14,256,49,21,38,24,4.91,43.39,1,weekend,22:49,07:54,25-34,hybrid,1,0,3,62.68
user_010,2024-01-15,244,49,23,45,17,7.46,35.12,1,workday,23:04,07:50,25-34,hybrid,1,0,1,24.66
user_010,2024-01-16,239,29,18,20,12,4.64,61.61,0,workday,23:02,07:28,25-34,hybrid,1,0,2,27.47
user_010,2024-01-17,225,44,18,24,19,4.0,59.4,0,workday,23:52,06:52,25-34,hybrid,1,0,4,93.12
user_010,2024-01-18,219,45,23,46,20,7.72,45.65,1,workday,23:48,07:08,25-34,hybrid,1,0,3,57.87
user_010,2024-01-19,170,38,19,46,22,5.25,52.43,1,workday,23:16,06:39,25-34,hybrid,1,0,2,29.67
user_010,2024-01-20,185,37,18,37,9,3.57,42.66,0,weekend,23:40,08:29,25-34,hybrid,1,0,4,79.69
user_010,2024-01-21,215,31,11,15,17,5.21,45.66,0,weekend,00:09,07:51,25-34,hybrid,1,0,4,91.4
user_011,2024-01-01,212,38,19,31,10,4.14,49.64,0,workday,23:56,06:42,25-34,remote,1,0,3,59.43
user_011,2024-01-02,232,31,24,34,28,6.66,39.46,0,workday,22:09,05:57,25-34,remote,1,0,2,34.8
user_011,2024-01-03,244,49,18,37,15,4.93,55.67,1,workday,22:38,06:30,25-34,remote,1,0,2,48.2
user_011,2024-01-04,244,59,20,30,27,6.13,62.45,0,workday,23:07,07:37,25-34,remote,1,0,1,7.91
user_011,2024-01-05,300,51,13,39,19,5.4,47.79,0,workday,23:47,07:38,25-34,remote,1,0,3,56.08
user_011,2024-01-06,204,28,18,34,11,3.38,52.28,0,weekend,23:32,07:35,25-34,remote,1,0,4,78.19
user_011,2024-01-07,237,32,19,18,18,5.6,53.73,0,weekend,23:14,07:23,25-34,remote,1,0,3,64.7
user_011,2024-01-08,205,28,17,20,13,4.28,61.34,0,workday,22:24,07:33,25-34,remote,1,0,3,71.03
user_011,2024-01-09,242,46,33,33,14,5.96,74.18,0,workday,22:32,06:33,25-34,remote,1,0,2,38.59
user_011,2024-01-10,198,39,32,28,16,6.64,52.53,0,workday,23:00,06:56,25-34,remote,1,0,2,41.36
user_011,2024-01-11,214,33,12,20,18,2.9,56.7,0,workday,23:23,07:20,25-34,remote,1,0,4,77.23
user_011,2024-01-12,211,36,22,11,16,5.32,67.36,0,workday,22:51,07:40,25-34,remote,1,0,2,29.88
user_011,2024-01-13,221,34,23,24,12,2.72,45.71,0,weekend,23:10,08:03,25-34,remote,1,0,4,96.47
user_011,2024-01-14,261,28,15,23,11,4.31,42.96,1,weekend,23:10,08:04,25-34,remote,1,0,1,4.75
user_011,2024-01-15,265,58,31,43,22,7.8,55.47,1,workday,22:47,07:21,25-34,remote,1,0,1,7.11
user_011,2024-01-16,271,47,16,31,16,6.14,55.81,1,workday,23:47,07:06,25-34,remote,1,0,1,11.92
user_011,2024-01-17,246,44,28,18,18,6.05,87.06,1,workday,23:13,06:37,25-34,remote,1,0,2,31.34
user_011,2024-01-18,264,51,10,34,16,4.49,73.26,0,workday,23:01,07:14,25-34,remote,1,0,4,82.42
user_011,2024-01-19,203,39,36,29,13,6.59,44.47,0,workday,22:56,07:11,25-34,remote,1,0,2,45.16
user_011,2024-01-20,273,54,21,21,13,3.54,78.61,0,weekend,23:09,06:46,25-34,remote,1,0,3,74.51
user_011,2024-01-21,262,60,39,37,25,8.02,51.52,0,weekend,00:19,07:55,25-34,remote,1,0,3,66.56
user_012,2024-01-01,300,39,11,33,23,4.8,70.65,0,workday,22:26,07:39,55+,on_site,1,0,4,91.24
user_012,2024-01-02,207,51,30,28,23,6.58,54.89,0,workday,23:11,07:14,55+,on_site,1,0,2,36.05
user_012,2024-01-03,234,32,25,23,19,8.14,41.1,0,workday,22:38,07:24,55+,on_site,1,0,2,30.86
user_012,2024-01-04,239,42,11,25,22,4.64,57.04,0,workday,22:47,06:33,55+,on_site,1,0,4,88.5
user_012,2024-01-05,166,47,14,17,15,0.93,68.47,1,workday,23:04,07:13,55+,on_site,1,0,3,61.73
user_012,2024-01-06,191,47,16,44,21,3.01,69.17,0,weekend,23:43,07:43,55+,on_site,1,0,3,75.0
user_012,2024-01-07,235,38,12,27,14,4.64,56.94,1,weekend,00:01,07:55,55+,on_site,1,0,3,63.68
user_012,2024-01-08,239,50,25,29,11,2.31,62.1,0,workday,23:01,06:46,55+,on_site,1,0,3,59.7
user_012,2024-01-09,221,50,19,27,26,6.15,25.93,0,workday,22:49,07:55,55+,on_site,1,0,2,44.18
user_012,2024-01-10,132,46,22,27,16,6.11,45.25,1,workday,23:30,05:58,55+,on_site,1,0,1,7.41
user_012,2024-01-11,268,51,22,37,14,5.26,40.08,1,workday,23:10,07:36,55+,on_site,1,0,1,13.57
user_012,2024-01-12,197,34,9,35,16,3.84,56.79,1,workday,22:37,07:07,55+,on_site,1,0,3,55.31
user_012,2024-01-13,221,29,9,30,19,1.14,74.24,0,weekend,22:35,07:23,55+,on_site,1,0,3,71.33
user_012,2024-01-14,212,28,12,36,19,5.51,41.87,1,weekend,23:48,07:03,55+,on_site,1,0,1,23.17
user_012,2024-01-15,172,41,12,23,18,6.1,41.93,0,workday,23:12,07:17,55+,on_site,1,0,4,95.61
user_012,2024-01-16,205,44,25,29,18,4.38,51.32,0,workday,22:33,07:08,55+,on_site,1,0,2,42.02
user_012,2024-01-17,238,54,19,38,25,8.71,42.64,0,workday,22:45,07:47,55+,on_site,1,0,1,18.22
user_012,2024-01-18,177,34,13,27,15,6.27,68.56,1,workday,23:31,06:23,55+,on_site,1,0,3,73.66
user_012,2024-01-19,163,27,14,22,19,4.24,74.37,0,workday,22:46,06:52,55+,on_site,1,0,2,41.44
user_012,2024-01-20,205,47,15,35,21,2.3,65.09,0,weekend,22:42,07:42,55+,on_site,1,0,4,80.3
user_012,2024-01-21,227,50,31,12,26,2.55,54.52,0,weekend,23:06,08:10,55+,on_site,1,0,2,49.09
user_013,2024-01-01,267,50,35,36,18,4.26,78.39,1,workday,22:56,07:14,35-44,hybrid,1,0,4,77.94
user_013,2024-01-02,205,31,6,15,3,0.0,79.32,0,workday,23:18,06:50,35-44,hybrid,1,0,4,98.26
user_013,2024-01-03,236,51,41,34,21,5.77,57.61,1,workday,23:16,07:21,35-44,hybrid,1,0,4,76.0
user_013,2024-01-04,280,56,22,27,29,4.85,70.41,1,workday,22:53,07:03,35-44,hybrid,1,0,4,96.02
user_013,2024-01-05,271,20,6,19,17,4.74,48.47,1,workday,23:00,06:45,35-44,hybrid,1,0,4,90.45
user_013,2024-01-06,167,25,8,17,11,2.94,40.11,0,weekend,23:00,08:07,35-44,hybrid,1,0,4,85.5
user_013,2024-01-07,200,41,12,29,18,4.12,54.45,0,weekend,23:31,07:25,35-44,hybrid,1,0,3,68.07
user_013,2024-01-08,180,60,26,17,21,2.58,67.88,0,workday,23:14,07:08,35-44,hybrid,1,0,4,98.19
user_013,2024-01-09,185,58,31,27,17,6.19,47.42,1,workday,22:48,07:31,35-44,hybrid,1,0,3,57.82
user_013,2024-01-10,233,53,22,21,24,5.98,48.54,0,workday,23:24,07:12,35-44,hybrid,1,0,3,63.48
user_013,2024-01-11,192,50,8,33,22,4.05,66.47,1,workday,22:34,06:59,35-44,hybrid,1,0,3,68.41
user_013,2024-01-12,185,44,15,27,20,5.94,56.0,1,workday,23:30,07:23,35-44,hybrid,1,0,3,65.33
user_013,2024-01-13,222,39,22,32,19,3.71,58.88,0,weekend,22:40,08:32,35-44,hybrid,1,0,4,76.0
user_013,2024-01-14,210,43,28,22,24,4.5,52.44,1,weekend,00:22,07:48,35-44,hybrid,1,0,1,10.0
user_013,2024-01-15,240,36,12,20,19,4.89,57.75,0,workday,22:04,06:23,35-44,hybrid,1,0,4,83.97
user_013,2024-01-16,131,49,32,30,21,9.07,29.53,1,workday,23:16,07:15,35-44,hybrid,1,0,2,33.62
user_013,2024-01-17,295,49,18,32,23,7.25,33.92,1,workday,00:05,06:56,35-44,hybrid,1,0,3,57.79
user_013,2024-01-18,256,37,26,12,11,3.02,53.56,1,workday,22:20,06:37,35-44,hybrid,1,0,2,35.53
user_013,2024-01-19,253,49,35,37,25,4.18,38.79,1,workday,22:39,07:01,35-44,hybrid,1,0,2,43.75
user_013,2024-01-20,217,53,10,37,25,3.84,52.67,0,weekend,23:06,07:44,35-44,hybrid,1,0,3,63.35
user_013,2024-01-21,183,39,17,30,20,3.6,72.56,0,weekend,23:10,07:50,35-44,hybrid,1,0,4,84.28
user_014,2024-01-01,239,60,19,30,20,5.0,55.22,0,workday,23:29,07:35,45-54,remote,1,0,4,85.85
user_014,2024-01-02,230,45,27,29,16,4.7,47.73,1,workday,23:13,06:30,45-54,remote,1,0,4,87.54
user_014,2024-01-03,244,56,18,43,29,5.68,45.22,1,workday,23:56,07:30,45-54,remote,1,0,3,74.44
user_014,2024-01-04,212,33,15,20,15,3.86,74.06,0,workday,22:49,07:53,45-54,remote,1,0,4,98.37
user_014,2024-01-05,275,42,14,14,22,6.14,61.29,1,workday,22:37,07:18,45-54,remote,1,0,4,79.73
user_014,2024-01-06,223,29,15,3,13,3.32,59.71,0,weekend,23:27,07:58,45-54,remote,1,0,4,97.74
user_014,2024-01-07,177,54,9,38,14,2.92,67.85,0,weekend,23:17,07:23,45-54,remote,1,0,4,94.8
user_014,2024-01-08,245,41,23,18,12,7.44,55.03,0,workday,22:32,07:08,45-54,remote,1,0,4,90.4
user_014,2024-01-09,234,37,15,33,15,3.21,71.73,0,workday,22:42,05:47,45-54,remote,1,0,4,92.22
user_014,2024-01-10,272,57,31,29,16,5.19,41.16,0,workday,23:08,06:37,45-54,remote,1,0,4,77.6
user_014,2024-01-11,247,30,15,17,15,2.25,68.13,0,workday,22:43,06:49,45-54,remote,1,0,4,95.1
user_014,2024-01-12,201,40,29,36,17,5.56,57.53,0,workday,00:01,06:52,45-54,remote,1,0,4,96.42
user_014,2024-01-13,271,40,14,36,14,4.27,61.54,0,weekend,22:41,08:39,45-54,remote,1,0,4,93.25
user_014,2024-01-14,264,45,31,41,25,5.06,49.59,1,weekend,23:32,07:19,45-54,remote,1,0,4,83.17
user_014,2024-01-15,224,41,14,26,15,4.82,61.86,1,workday,23:04,06:20,45-54,remote,1,0,3,70.0
user_014,2024-01-16,249,60,38,27,22,5.35,67.68,0,workday,23:23,07:13,45-54,remote,1,0,3,69.7
user_014,2024-01-17,222,56,7,26,30,6.34,22.73,1,workday,23:08,07:38,45-54,remote,1,0,3,61.56
user_014,2024-01-18,204,18,4,13,3,3.92,61.55,1,workday,23:19,08:02,45-54,remote,1,0,4,93.9
user_014,2024-01-19,300,50,44,31,21,5.33,43.74,0,workday,23:16,06:30,45-54,remote,1,0,4,76.74
user_014,2024-01-20,212,44,23,30,14,5.31,56.63,1,weekend,23:23,07:49,45-54,remote,1,0,3,61.04
user_014,2024-01-21,225,24,14,16,11,2.52,41.75,0,weekend,22:56,07:20,45-54,remote,1,0,4,98.77
user_015,2024-01-01,160,54,25,37,22,7.09,62.28,0,workday,22:13,06:45,25-34,hybrid,0,0,4,86.45
user_015,2024-01-02,224,35,21,32,17,4.37,48.42,0,workday,22:48,07:30,25-34,hybrid,0,0,3,64.15
user_015,2024-01-03,269,60,26,37,26,3.92,73.62,1,workday,23:25,07:15,25-34,hybrid,0,0,1,23.27
user_015,2024-01-04,243,38,24,14,19,5.31,27.97,1,workday,22:42,07:55,25-34,hybrid,0,0,1,5.0
user_015,2024-01-05,232,50,13,26,23,6.19,56.92,1,workday,23:07,07:41,25-34,hybrid,0,0,1,17.3
user_015,2024-01-06,200,31,14,21,22,4.12,66.29,1,weekend,22:51,07:13,25-34,hybrid,0,0,3,64.27
user_015,2024-01-07,251,57,5,28,23,3.88,70.56,0,weekend,00:44,07:19,25-34,hybrid,0,0,3,72.55
user_015,2024-01-08,234,60,32,45,26,6.51,57.76,1,workday,23:13,06:03,25-34,hybrid,0,0,1,24.11
user_015,2024-01-09,229,42,19,14,18,4.3,67.09,0,workday,22:55,06:46,25-34,hybrid,0,0,3,69.84
user_015,2024-01-10,300,53,28,35,21,8.96,45.51,0,workday,23:35,07:00,25-34,hybrid,0,0,1,22.5
user_015,2024-01-11,194,34,13,19,16,5.05,73.56,0,workday,22:08,06:15,25-34,hybrid,0,0,3,55.53
user_015,2024-01-12,261,31,18,26,22,6.02,60.83,1,workday,22:54,06:30,25-34,hybrid,0,0,3,55.8
user_015,2024-01-13,266,60,6,43,19,5.6,55.73,0,weekend,23:38,08:02,25-34,hybrid,0,0,2,35.49
user_015,2024-01-14,298,32,11,19,15,2.97,73.36,0,weekend,23:40,07:42,25-34,hybrid,0,0,3,51.0
user_015,2024-01-15,201,28,11,36,11,6.81,62.24,0,workday,23:10,06:08,25-34,hybrid,0,0,4,84.81
user_015,2024-01-16,219,35,18,29,22,6.62,61.54,0,workday,22:39,07:13,25-34,hybrid,0,0,2,49.18
user_015,2024-01-17,243,56,24,40,27,5.98,39.33,0,workday,22:44,06:32,25-34,hybrid,0,0,1,20.91
user_015,2024-01-18,198,49,20,28,11,5.04,42.52,1,workday,22:38,07:02,25-34,hybrid,0,0,1,14.89
user_015,2024-01-19,228,47,13,27,18,4.58,53.4,0,workday,23:49,07:23,25-34,hybrid,0,0,2,33.84
user_015,2024-01-20,262,46,10,25,23,5.42,50.34,0,weekend,23:37,07:52,25-34,hybrid,0,0,2,26.89
user_015,2024-01-21,177,36,29,37,21,2.59,58.57,0,weekend,22:53,08:02,25-34,hybrid,0,0,3,62.48
user_016,2024-01-01,244,51,39,50,24,6.51,46.93,0,workday,22:39,07:14,25-34,remote,0,0,4,90.02
user_016,2024-01-02,252,40,7,23,14,3.32,63.06,1,workday,23:11,07:14,25-34,remote,0,0,4,97.2
user_016,2024-01-03,205,47,22,32,22,3.6,59.66,1,workday,22:56,06:40,25-34,remote,0,0,4,83.28
user_016,2024-01-04,252,50,24,35,25,4.9,78.68,1,workday,22:41,07:41,25-34,remote,0,0,4,90.99
user_016,2024-01-05,231,48,32,39,22,4.8,55.57,0,workday,23:35,06:10,25-34,remote,0,0,4,90.14
user_016,2024-01-06,166,52,23,38,21,7.65,53.49,0,weekend,23:57,08:31,25-34,remote,0,0,4,90.81
user_016,2024-01-07,169,30,10,20,5,0.62,54.04,0,weekend,23:23,07:47,25-34,remote,0,0,4,98.63
user_016,2024-01-08,270,49,28,35,22,5.94,55.13,0,workday,22:52,06:46,25-34,remote,0,0,2,46.8
user_016,2024-01-09,219,60,37,46,27,6.19,62.47,0,workday,00:09,06:50,25-34,remote,0,0,3,72.15
user_016,2024-01-10,256,48,22,33,18,8.09,72.24,1,workday,23:36,07:12,25-34,remote,0,0,3,72.31
user_016,2024-01-11,239,60,15,39,24,4.07,32.41,0,workday,23:10,08:29,25-34,remote,0,0,3,75.0
user_016,2024-01-12,274,37,3,14,20,5.85,39.87,1,workday,21:58,07:32,25-34,remote,0,0,4,83.71
user_016,2024-01-13,270,59,15,38,29,6.24,62.12,0,weekend,23:10,07:49,25-34,remote,0,0,3,65.06
user_016,2024-01-14,300,55,21,45,22,3.86,27.55,0,weekend,00:16,07:58,25-34,remote,0,0,3,70.55
user_016,2024-01-15,248,52,33,30,23,7.5,64.62,0,workday,23:22,06:34,25-34,remote,0,0,3,66.03
user_016,2024-01-16,231,60,8,40,23,7.97,53.19,0,workday,23:32,07:31,25-34,remote,0,0,3,66.93
user_016,2024-01-17,211,32,23,21,17,4.82,50.75,0,workday,23:08,07:10,25-34,remote,0,0,4,81.72
user_016,2024-01-18,157,38,22,27,18,3.11,61.06,1,workday,22:51,06:05,25-34,remote,0,0,4,92.03
user_016,2024-01-19,207,37,14,36,20,4.11,44.81,0,workday,23:30,07:30,25-34,remote,0,0,4,91.44
user_016,2024-01-20,255,40,15,29,14,1.58,60.14,0,weekend,23:19,08:19,25-34,remote,0,0,4,94.24
user_016,2024-01-21,267,53,20,43,28,7.83,73.08,0,weekend,23:33,07:40,25-34,remote,0,0,4,92.44
user_017,2024-01-01,249,49,31,45,24,8.3,67.87,1,workday,23:05,06:51,35-44,on_site,0,0,2,27.35
user_017,2024-01-02,207,34,15,24,19,5.74,60.39,0,workday,22:57,07:04,35-44,on_site,0,0,3,72.45
user_017,2024-01-03,293,38,12,28,20,4.97,72.45,0,workday,22:49,06:59,35-44,on_site,0,0,2,38.25
user_017,2024-01-04,201,44,9,16,23,3.41,63.46,1,workday,23:35,08:30,35-44,on_site,0,0,1,13.21
user_017,2024-01-05,203,46,24,21,28,6.75,46.3,1,workday,00:04,07:34,35-44,on_site,0,0,1,15.88
user_017,2024-01-06,226,44,12,25,17,4.05,75.32,0,weekend,23:05,08:24,35-44,on_site,0,0,3,71.04
user_017,2024-01-07,213,38,15,17,19,5.47,48.34,1,weekend,23:34,07:03,35-44,on_site,0,0,2,43.75
user_017,2024-01-08,102,37,8,31,21,5.4,65.64,1,workday,22:28,06:33,35-44,on_site,0,0,3,74.29
user_017,2024-01-09,186,19,13,13,15,2.78,67.05,0,workday,22:58,07:45,35-44,on_site,0,0,4,97.04
user_017,2024-01-10,197,48,5,22,25,6.2,44.91,1,workday,23:31,06:45,35-44,on_site,0,0,3,51.67
user_017,2024-01-11,161,57,19,27,22,5.22,48.16,1,workday,22:50,06:36,35-44,on_site,0,0,2,34.43
user_017,2024-01-12,230,54,25,36,23,6.4,63.92,1,workday,00:14,06:35,35-44,on_site,0,0,4,79.56
user_017,2024-01-13,211,25,10,15,14,1.59,40.98,0,weekend,23:09,07:27,35-44,on_site,0,0,4,79.88
user_017,2024-01-14,255,48,24,33,20,6.03,49.83,1,weekend,00:15,07:22,35-44,on_site,0,0,2,27.17
user_017,2024-01-15,217,57,22,42,28,5.11,49.86,1,workday,22:58,06:19,35-44,on_site,0,0,2,48.34
user_017,2024-01-16,203,45,20,16,20,6.38,56.53,0,workday,23:56,07:10,35-44,on_site,0,0,4,91.28
user_017,2024-01-17,186,34,4,24,25,5.42,55.44,1,workday,22:00,06:50,35-44,on_site,0,0,2,26.46
user_017,2024-01-18,215,42,26,44,26,7.28,44.5,0,workday,22:49,06:26,35-44,on_site,0,0,4,79.86
user_017,2024-01-19,117,24,22,11,15,5.94,50.09,0,workday,23:46,06:54,35-44,on_site,0,0,3,55.9
user_017,2024-01-20,204,41,32,23,20,5.74,45.37,0,weekend,23:26,06:56,35-44,on_site,0,0,4,77.49
user_017,2024-01-21,183,47,23,25,23,2.81,62.22,0,weekend,00:21,07:33,35-44,on_site,0,0,3,67.4
user_018,2024-01-01,225,56,20,48,23,6.87,47.86,0,workday,23:01,06:23,18-24,hybrid,0,0,1,6.51
user_018,2024-01-02,197,52,45,34,20,4.54,63.26,0,workday,23:38,06:44,18-24,hybrid,0,0,2,38.68
user_018,2024-01-03,189,34,15,18,20,7.17,44.1,0,workday,22:52,06:54,18-24,hybrid,0,0,2,35.72
user_018,2024-01-04,195,34,16,41,18,1.85,99.97,1,workday,23:04,06:24,18-24,hybrid,0,0,4,83.67
user_018,2024-01-05,191,53,31,33,26,3.78,52.08,1,workday,23:57,06:40,18-24,hybrid,0,0,1,13.76
user_018,2024-01-06,157,28,16,25,22,2.26,90.93,0,weekend,23:19,07:27,18-24,hybrid,0,0,3,54.41
user_018,2024-01-07,239,42,25,31,26,5.96,44.14,1,weekend,23:21,06:52,18-24,hybrid,0,0,1,1.31
user_018,2024-01-08,244,41,11,35,19,2.2,53.47,1,workday,23:20,07:00,18-24,hybrid,0,0,2,40.75
user_018,2024-01-09,264,44,22,42,18,4.03,64.06,0,workday,22:43,06:50,18-24,hybrid,0,0,4,78.86
user_018,2024-01-10,230,60,23,40,25,3.69,71.95,1,workday,22:56,06:35,18-24,hybrid,0,0,2,41.16
user_018,2024-01-11,258,29,12,22,23,3.39,84.79,0,workday,23:30,06:25,18-24,hybrid,0,0,2,44.82
user_018,2024-01-12,226,33,15,21,25,6.8,46.77,0,workday,22:21,06:51,18-24,hybrid,0,0,1,9.22
user_018,2024-01-13,282,44,38,38,23,2.37,70.02,0,weekend,00:11,07:35,18-24,hybrid,0,0,2,27.15
user_018,2024-01-14,240,46,24,31,26,4.55,72.25,0,weekend,23:32,08:30,18-24,hybrid,0,0,4,79.48
user_018,2024-01-15,246,50,21,34,20,5.49,67.36,0,workday,23:46,07:27,18-24,hybrid,0,0,2,32.39
user_018,2024-01-16,249,51,36,26,15,6.86,38.76,1,workday,23:02,06:01,18-24,hybrid,0,0,1,4.36
user_018,2024-01-17,205,59,31,30,28,5.05,48.64,0,workday,22:32,06:59,18-24,hybrid,0,0,2,27.26
user_018,2024-01-18,215,59,19,41,20,1.95,74.43,1,workday,22:47,07:11,18-24,hybrid,0,0,1,21.79
user_018,2024-01-19,147,20,8,24,17,4.26,59.47,1,workday,22:54,07:31,18-24,hybrid,0,0,3,57.78
user_018,2024-01-20,220,40,30,19,17,4.88,39.78,0,weekend,22:37,08:00,18-24,hybrid,0,0,2,41.35
user_018,2024-01-21,236,60,28,37,27,6.1,50.54,0,weekend,23:24,07:37,18-24,hybrid,0,0,1,20.01
user_019,2024-01-01,245,47,29,38,26,2.37,62.46,0,workday,22:47,06:58,45-54,hybrid,1,0,3,65.6
user_019,2024-01-02,136,25,15,22,10,2.33,61.65,0,workday,23:02,07:48,45-54,hybrid,1,0,4,78.9
user_019,2024-01-03,222,47,13,34,25,7.69,39.88,0,workday,22:57,06:58,45-54,hybrid,1,0,2,40.04
user_019,2024-01-04,211,42,31,24,18,4.37,35.14,0,workday,23:46,07:11,45-54,hybrid,1,0,1,14.72
user_019,2024-01-05,199,35,21,24,16,5.29,55.63,0,workday,23:20,07:20,45-54,hybrid,1,0,3,58.53
user_019,2024-01-06,204,39,20,23,14,3.77,47.05,0,weekend,23:41,08:20,45-54,hybrid,1,0,2,31.94
user_019,2024-01-07,292,60,5,41,23,3.81,47.44,0,weekend,23:33,07:56,45-54,hybrid,1,0,1,14.56
user_019,2024-01-08,199,32,11,20,14,2.54,67.68,0,workday,23:21,06:30,45-54,hybrid,1,0,4,89.94
user_019,2024-01-09,194,53,22,42,20,8.78,47.94,0,workday,22:21,07:45,45-54,hybrid,1,0,1,9.06
user_019,2024-01-10,246,60,33,28,22,5.5,49.07,1,workday,22:06,06:59,45-54,hybrid,1,0,2,45.07
user_019,2024-01-11,245,27,15,23,14,7.52,31.8,1,workday,23:11,07:19,45-54,hybrid,1,0,3,52.57
user_019,2024-01-12,182,58,16,41,24,7.31,36.32,0,workday,23:31,06:56,45-54,hybrid,1,0,1,10.01
user_019,2024-01-13,217,31,18,34,14,5.28,60.2,0,weekend,00:25,07:41,45-54,hybrid,1,0,4,86.93
user_019,2024-01-14,215,34,9,34,20,1.68,90.08,0,weekend,22:47,08:25,45-54,hybrid,1,0,3,71.35
user_019,2024-01-15,159,28,15,35,13,3.51,45.85,0,workday,22:00,07:43,45-54,hybrid,1,0,2,38.72
user_019,2024-01-16,251,46,26,28,21,7.39,54.59,0,workday,23:09,07:01,45-54,hybrid,1,0,1,21.81
user_019,2024-01-17,214,33,19,7,15,5.4,49.76,0,workday,22:46,07:06,45-54,hybrid,1,0,3,63.59
user_019,2024-01-18,220,35,17,24,15,3.45,63.44,1,workday,22:45,05:45,45-54,hybrid,1,0,1,0.18
user_019,2024-01-19,230,36,26,31,19,7.79,72.87,1,workday,23:47,07:02,45-54,hybrid,1,0,1,22.72
user_019,2024-01-20,182,50,20,37,17,5.07,54.84,0,weekend,23:34,07:45,45-54,hybrid,1,0,1,9.81
user_019,2024-01-21,217,42,16,25,12,3.78,60.46,0,weekend,23:26,07:18,45-54,hybrid,1,0,3,51.0
user_020,2024-01-01,182,51,20,31,21,2.61,44.14,0,workday,23:25,06:43,35-44,remote,0,1,2,35.78
user_020,2024-01-02,249,50,14,44,23,10.0,24.43,0,workday,22:19,06:54,35-44,remote,0,1,1,1.14
user_020,2024-01-03,240,49,37,31,16,5.99,54.55,1,workday,22:44,07:10,35-44,remote,0,1,1,7.4
user_020,2024-01-04,296,60,35,37,24,8.38,63.4,1,workday,22:45,06:55,35-44,remote,0,1,1,1.57
user_020,2024-01-05,300,60,25,50,19,9.64,45.58,0,workday,23:57,06:08,35-44,remote,0,1,1,13.21
user_020,2024-01-06,300,45,22,37,16,5.48,49.04,0,weekend,23:13,07:51,35-44,remote,0,1,1,13.38
user_020,2024-01-07,232,30,19,21,11,4.28,73.03,0,weekend,22:30,06:58,35-44,remote,0,1,2,31.98
user_020,2024-01-08,218,38,11,28,19,5.08,42.92,0,workday,22:37,07:21,35-44,remote,0,1,1,20.92
user_020,2024-01-09,243,59,25,27,29,9.08,52.28,1,workday,23:45,06:24,35-44,remote,0,1,1,4.55
user_020,2024-01-10,233,52,29,50,26,8.26,55.81,1,workday,23:34,06:09,35-44,remote,0,1,3,55.31
user_020,2024-01-11,263,37,16,6,17,4.12,66.97,1,workday,23:04,07:27,35-44,remote,0,1,1,14.13
user_020,2024-01-12,254,43,9,37,25,5.62,37.71,1,workday,22:37,06:42,35-44,remote,0,1,1,17.4
user_020,2024-01-13,270,40,28,30,26,4.1,37.21,0,weekend,23:47,08:11,35-44,remote,0,1,1,12.21
user_020,2024-01-14,260,52,6,31,22,3.87,65.54,0,weekend,23:23,07:03,35-44,remote,0,1,2,44.0
user_020,2024-01-15,234,52,27,34,21,5.9,49.0,1,workday,22:53,08:10,35-44,remote,0,1,1,1.61
user_020,2024-01-16,180,48,20,36,26,4.16,79.78,0,workday,22:48,07:17,35-44,remote,0,1,3,66.23
user_020,2024-01-17,242,50,24,35,22,5.82,71.46,1,workday,23:25,07:05,35-44,remote,0,1,1,2.55
user_020,2024-01-18,244,48,33,34,22,9.8,40.11,0,workday,22:48,07:07,35-44,remote,0,1,1,7.66
user_020,2024-01-19,210,39,10,39,16,6.95,54.47,1,workday,22:24,07:23,35-44,remote,0,1,1,21.77
user_020,2024-01-20,233,36,26,16,19,5.97,56.91,1,weekend,22:54,07:01,35-44,remote,0,1,1,1.02
user_020,2024-01-21,259,43,25,33,13,3.31,52.56,0,weekend,23:18,08:12,35-44,remote,0,1,1,7.12
user_021,2024-01-01,267,46,27,8,13,3.87,73.6,1,workday,22:18,07:12,35-44,hybrid,0,1,3,51.54
user_021,2024-01-02,180,36,14,16,17,4.3,49.09,0,workday,23:33,06:48,35-44,hybrid,0,1,3,53.28
user_021,2024-01-03,287,58,42,31,30,6.51,55.28,0,workday,22:43,07:32,35-44,hybrid,0,1,1,8.42
user_021,2024-01-04,160,43,25,21,18,4.43,64.95,0,workday,22:31,07:08,35-44,hybrid,0,1,2,37.79
user_021,2024-01-05,221,36,15,9,13,4.91,57.73,0,workday,22:28,07:46,35-44,hybrid,0,1,2,42.79
user_021,2024-01-06,188,37,11,39,22,4.62,55.09,1,weekend,22:52,08:14,35-44,hybrid,0,1,2,27.53
user_021,2024-01-07,252,60,43,45,25,10.0,58.9,0,weekend,23:57,06:50,35-44,hybrid,0,1,2,39.21
user_021,2024-01-08,261,45,6,26,12,4.66,66.42,0,workday,22:42,06:49,35-44,hybrid,0,1,2,34.65
user_021,2024-01-09,219,55,28,28,23,8.47,46.34,0,workday,22:31,06:08,35-44,hybrid,0,1,1,3.47
user_021,2024-01-10,218,37,16,25,10,4.88,48.58,0,workday,22:32,07:11,35-44,hybrid,0,1,1,12.5
user_021,2024-01-11,193,41,37,26,7,5.54,66.78,0,workday,21:27,07:07,35-44,hybrid,0,1,3,57.58
user_021,2024-01-12,148,17,9,16,15,3.31,68.62,0,workday,22:52,06:20,35-44,hybrid,0,1,3,73.22
user_021,2024-01-13,198,54,44,34,17,3.41,71.09,1,weekend,23:07,07:30,35-44,hybrid,0,1,2,34.56
user_021,2024-01-14,220,52,25,34,29,1.53,77.61,0,weekend,23:13,07:41,35-44,hybrid,0,1,3,65.22
user_021,2024-01-15,221,49,19,35,17,5.13,53.35,0,workday,23:43,07:18,35-44,hybrid,0,1,1,9.64
user_021,2024-01-16,254,47,27,40,20,5.93,36.0,1,workday,22:18,06:54,35-44,hybrid,0,1,1,0.74
user_021,2024-01-17,186,35,8,23,17,1.07,78.36,1,workday,21:55,06:38,35-44,hybrid,0,1,2,31.52
user_021,2024-01-18,219,42,22,14,2,3.64,53.42,0,workday,23:13,07:13,35-44,hybrid,0,1,2,26.0
user_021,2024-01-19,257,60,41,42,30,9.08,45.78,1,workday,22:26,06:55,35-44,hybrid,0,1,1,3.44
user_021,2024-01-20,175,55,22,39,23,3.25,54.04,0,weekend,00:01,07:47,35-44,hybrid,0,1,2,29.4
user_021,2024-01-21,260,45,17,34,29,7.87,49.12,1,weekend,22:05,08:00,35-44,hybrid,0,1,1,6.06
user_022,2024-01-01,219,45,25,18,25,6.32,50.42,0,workday,23:24,06:33,25-34,hybrid,1,0,1,15.94
user_022,2024-01-02,241,48,22,40,24,9.06,50.6,1,workday,23:30,07:00,25-34,hybrid,1,0,1,9.13
user_022,2024-01-03,288,53,13,29,29,6.84,38.29,0,workday,22:57,07:38,25-34,hybrid,1,0,2,47.54
user_022,2024-01-04,188,40,24,15,17,5.02,58.9,0,workday,23:30,06:59,25-34,hybrid,1,0,4,84.68
user_022,2024-01-05,213,54,6,44,23,6.69,51.6,0,workday,21:27,06:17,25-34,hybrid,1,0,2,36.38
user_022,2024-01-06,189,34,18,18,14,4.08,57.02,0,weekend,23:20,07:23,25-34,hybrid,1,0,4,78.07
user_022,2024-01-07,282,49,10,29,21,8.06,60.41,0,weekend,23:23,07:57,25-34,hybrid,1,0,2,40.12
user_022,2024-01-08,209,42,16,32,21,2.14,46.43,0,workday,22:39,07:33,25-34,hybrid,1,0,2,42.02
user_022,2024-01-09,142,35,10,20,15,6.68,46.51,0,workday,23:44,06:40,25-34,hybrid,1,0,2,27.31
user_022,2024-01-10,204,25,5,32,13,3.42,79.15,1,workday,23:11,06:30,25-34,hybrid,1,0,3,55.04
user_022,2024-01-11,269,39,23,31,9,5.27,41.21,1,workday,21:36,06:54,25-34,hybrid,1,0,2,43.14
user_022,2024-01-12,201,46,8,33,18,6.62,33.29,0,workday,23:06,06:33,25-34,hybrid,1,0,1,19.5
user_022,2024-01-13,250,32,11,32,16,5.06,63.01,0,weekend,00:48,07:12,25-34,hybrid,1,0,3,57.58
user_022,2024-01-14,224,41,12,25,17,4.82,56.49,0,weekend,23:23,07:31,25-34,hybrid,1,0,4,76.73
user_022,2024-01-15,256,35,16,31,11,3.35,49.76,0,workday,22:59,07:11,25-34,hybrid,1,0,3,66.65
user_022,2024-01-16,188,10,6,21,10,3.82,62.43,0,workday,22:06,07:00,25-34,hybrid,1,0,4,83.9
user_022,2024-01-17,287,60,18,45,25,5.16,57.45,1,workday,23:09,05:53,25-34,hybrid,1,0,1,23.04
user_022,2024-01-18,231,47,14,18,18,4.14,73.69,0,workday,23:08,07:00,25-34,hybrid,1,0,3,56.62
user_022,2024-01-19,193,41,15,29,25,7.35,33.3,1,workday,22:58,06:44,25-34,hybrid,1,0,1,16.27
user_022,2024-01-20,206,50,15,22,19,5.48,58.13,0,weekend,22:48,07:59,25-34,hybrid,1,0,2,45.77
user_022,2024-01-21,278,38,9,32,22,3.34,53.75,0,weekend,23:02,08:03,25-34,hybrid,1,0,3,71.72
user_023,2024-01-01,211,36,20,26,19,2.96,31.81,0,workday,22:55,07:31,55+,on_site,1,0,3,53.32
user_023,2024-01-02,188,27,8,16,19,2.49,46.56,0,workday,22:33,07:10,55+,on_site,1,0,4,90.39
user_023,2024-01-03,236,50,18,42,16,6.88,55.5,0,workday,23:03,07:09,55+,on_site,1,0,3,58.29
user_023,2024-01-04,211,36,19,29,13,2.5,66.9,1,workday,22:58,07:13,55+,on_site,1,0,3,70.28
user_023,2024-01-05,269,45,33,25,22,6.69,57.86,1,workday,22:58,06:58,55+,on_site,1,0,3,51.0
user_023,2024-01-06,299,34,8,26,18,3.54,55.29,0,weekend,23:17,08:16,55+,on_site,1,0,4,78.09
user_023,2024-01-07,187,37,12,20,23,4.55,49.57,0,weekend,00:04,08:26,55+,on_site,1,0,3,62.23
user_023,2024-01-08,201,38,18,32,21,8.2,46.72,0,workday,23:04,07:24,55+,on_site,1,0,2,28.06
user_023,2024-01-09,258,43,36,9,15,5.26,51.53,0,workday,23:33,07:10,55+,on_site,1,0,4,83.34
user_023,2024-01-10,210,37,16,36,20,5.89,53.37,0,workday,22:35,07:12,55+,on_site,1,0,3,51.24
user_023,2024-01-11,234,34,26,30,29,6.64,74.62,0,workday,22:22,07:34,55+,on_site,1,0,3,59.43
user_023,2024-01-12,223,48,7,22,18,5.15,66.08,0,workday,22:45,07:00,55+,on_site,1,0,4,98.94
user_023,2024-01-13,269,50,5,32,25,6.44,39.14,1,weekend,23:06,08:02,55+,on_site,1,0,2,35.09
user_023,2024-01-14,243,48,30,40,27,5.18,36.87,0,weekend,23:10,07:19,55+,on_site,1,0,3,56.77
user_023,2024-01-15,214,29,14,25,19,3.17,63.82,0,workday,22:48,06:59,55+,on_site,1,0,4,85.67
user_023,2024-01-16,202,36,24,27,17,6.3,59.57,0,workday,23:48,06:28,55+,on_site,1,0,4,86.07
user_023,2024-01-17,186,34,19,31,13,9.44,47.82,0,workday,22:49,06:55,55+,on_site,1,0,4,90.46
user_023,2024-01-18,224,44,19,34,28,5.92,49.77,0,workday,22:42,07:31,55+,on_site,1,0,3,56.72
user_023,2024-01-19,207,47,12,23,21,5.79,37.24,0,workday,23:44,07:00,55+,on_site,1,0,3,63.42
user_023,2024-01-20,231,34,7,19,25,5.27,37.76,0,weekend,23:11,07:58,55+,on_site,1,0,2,41.09
user_023,2024-01-21,202,40,21,29,18,2.99,67.78,0,weekend,22:55,07:53,55+,on_site,1,0,4,98.17
user_024,2024-01-01,181,54,31,32,23,5.77,54.28,0,workday,22:41,07:05,45-54,hybrid,1,0,4,89.06
user_024,2024-01-02,208,38,27,29,19,2.7,64.43,1,workday,23:17,07:32,45-54,hybrid,1,0,4,85.83
user_024,2024-01-03,223,45,22,22,23,3.71,66.04,0,workday,23:16,06:55,45-54,hybrid,1,0,4,100.0
user_024,2024-01-04,185,38,17,31,19,4.75,64.24,1,workday,23:14,06:20,45-54,hybrid,1,0,4,91.61
user_024,2024-01-05,218,51,8,46,24,4.59,44.88,0,workday,22:59,06:08,45-54,hybrid,1,0,4,95.22
user_024,2024-01-06,230,33,15,33,15,3.18,62.67,0,weekend,23:21,06:59,45-54,hybrid,1,0,4,99.3
user_024,2024-01-07,217,27,13,24,14,6.23,40.27,0,weekend,22:39,07:21,45-54,hybrid,1,0,2,37.72
user_024,2024-01-08,201,27,13,16,11,1.57,96.97,0,workday,22:19,07:13,45-54,hybrid,1,0,4,98.35
user_024,2024-01-09,251,29,7,34,12,5.73,59.48,0,workday,23:03,07:05,45-54,hybrid,1,0,4,99.99
user_024,2024-01-10,198,41,15,21,23,6.31,55.49,1,workday,23:37,06:49,45-54,hybrid,1,0,4,87.32
user_024,2024-01-11,164,49,16,36,20,5.82,58.77,1,workday,22:57,07:29,45-54,hybrid,1,0,4,83.8
user_024,2024-01-12,262,48,28,32,22,6.02,53.8,0,workday,22:57,07:09,45-54,hybrid,1,0,4,92.8
user_024,2024-01-13,231,35,24,36,21,5.55,59.02,0,weekend,00:32,08:12,45-54,hybrid,1,0,4,84.64
user_024,2024-01-14,228,46,14,19,18,2.35,64.47,1,weekend,23:51,07:20,45-54,hybrid,1,0,3,69.49
user_024,2024-01-15,201,45,44,21,20,5.53,61.72,0,workday,23:04,07:05,45-54,hybrid,1,0,4,95.57
user_024,2024-01-16,207,36,6,23,17,5.65,59.69,1,workday,00:02,07:42,45-54,hybrid,1,0,4,93.12
user_024,2024-01-17,170,28,20,15,14,5.56,48.27,0,workday,22:31,07:26,45-54,hybrid,1,0,3,54.78
user_024,2024-01-18,214,31,10,22,26,1.93,67.01,0,workday,23:11,07:18,45-54,hybrid,1,0,4,97.72
user_024,2024-01-19,202,46,30,29,25,6.02,55.31,0,workday,22:36,06:46,45-54,hybrid,1,0,4,100.0
user_024,2024-01-20,236,40,32,26,16,4.37,69.63,0,weekend,00:04,07:29,45-54,hybrid,1,0,4,95.4
user_024,2024-01-21,217,28,5,8,16,2.02,62.49,0,weekend,23:22,08:28,45-54,hybrid,1,0,4,99.99
user_025,2024-01-01,155,28,14,14,8,1.17,59.99,1,workday,22:45,06:56,45-54,hybrid,0,1,2,26.39
user_025,2024-01-02,209,48,26,47,13,5.55,58.98,0,workday,22:31,08:01,45-54,hybrid,0,1,1,11.68
user_025,2024-01-03,201,38,14,16,22,4.3,57.78,1,workday,22:18,06:55,45-54,hybrid,0,1,2,50.0
user_025,2024-01-04,256,40,15,36,29,5.93,53.6,0,workday,21:57,07:14,45-54,hybrid,0,1,1,16.46
user_025,2024-01-05,208,41,34,18,9,5.19,54.14,1,workday,23:21,06:50,45-54,hybrid,0,1,1,15.78
user_025,2024-01-06,141,32,18,38,23,4.65,66.64,0,weekend,23:17,06:22,45-54,hybrid,0,1,2,29.4
user_025,2024-01-07,234,54,20,28,24,0.95,71.68,0,weekend,23:26,07:37,45-54,hybrid,0,1,2,31.21
user_025,2024-01-08,217,60,27,32,22,7.45,63.79,1,workday,23:28,06:47,45-54,hybrid,0,1,1,3.69
user_025,2024-01-09,205,28,13,8,28,2.27,73.88,1,workday,22:41,07:27,45-54,hybrid,0,1,3,54.99
user_025,2024-01-10,195,55,25,43,30,8.65,45.07,1,workday,23:25,07:12,45-54,hybrid,0,1,1,3.19
user_025,2024-01-11,127,45,37,46,14,1.84,51.99,0,workday,22:45,07:02,45-54,hybrid,0,1,3,58.44
user_025,2024-01-12,216,55,18,29,22,4.67,68.25,0,workday,23:38,06:54,45-54,hybrid,0,1,1,7.07
user_025,2024-01-13,167,33,6,19,17,0.17,69.02,0,weekend,00:20,07:04,45-54,hybrid,0,1,2,44.36
user_025,2024-01-14,219,37,17,31,21,0.44,88.36,0,weekend,23:15,08:14,45-54,hybrid,0,1,4,90.12
user_025,2024-01-15,226,35,21,24,9,3.7,62.72,1,workday,22:06,07:21,45-54,hybrid,0,1,2,29.76
user_025,2024-01-16,177,41,19,17,27,4.84,64.12,1,workday,22:04,07:04,45-54,hybrid,0,1,1,12.15
user_025,2024-01-17,165,25,5,23,22,1.89,48.86,0,workday,23:05,06:27,45-54,hybrid,0,1,2,29.27
user_025,2024-01-18,274,52,11,50,24,10.0,22.44,0,workday,23:34,06:45,45-54,hybrid,0,1,1,2.98
user_025,2024-01-19,255,52,24,30,23,8.97,32.73,1,workday,23:57,07:14,45-54,hybrid,0,1,1,22.39
user_025,2024-01-20,205,37,21,34,25,3.82,75.01,0,weekend,22:58,08:41,45-54,hybrid,0,1,1,10.38
user_025,2024-01-21,215,47,14,38,18,0.78,88.67,0,weekend,23:50,07:36,45-54,hybrid,0,1,2,27.09
user_026,2024-01-01,249,37,22,33,12,6.52,63.8,0,workday,22:46,07:45,18-24,remote,0,0,4,86.14
user_026,2024-01-02,178,9,7,0,7,2.55,84.36,0,workday,23:19,07:36,18-24,remote,0,0,4,99.08
user_026,2024-01-03,164,13,12,15,3,3.07,71.89,0,workday,23:16,06:51,18-24,remote,0,0,4,85.25
user_026,2024-01-04,192,42,8,15,17,6.15,50.52,0,workday,23:06,06:00,18-24,remote,0,0,3,65.29
user_026,2024-01-05,161,29,27,24,20,6.16,52.77,1,workday,21:59,07:40,18-24,remote,0,0,3,53.07
user_026,2024-01-06,204,52,39,43,17,4.39,53.82,1,weekend,23:56,08:24,18-24,remote,0,0,2,37.68
user_026,2024-01-07,219,44,16,32,16,3.47,55.32,0,weekend,23:53,07:43,18-24,remote,0,0,4,97.13
user_026,2024-01-08,300,42,35,22,18,8.07,60.51,0,workday,22:53,07:24,18-24,remote,0,0,4,98.47
user_026,2024-01-09,226,36,20,26,21,6.25,35.97,0,workday,23:38,07:12,18-24,remote,0,0,4,76.14
user_026,2024-01-10,279,31,27,19,14,4.3,72.3,1,workday,22:36,06:46,18-24,remote,0,0,3,51.48
user_026,2024-01-11,290,45,23,21,20,4.17,54.88,0,workday,22:02,06:45,18-24,remote,0,0,2,36.87
user_026,2024-01-12,230,59,31,39,18,5.02,57.33,1,workday,23:05,07:15,18-24,remote,0,0,3,60.48
user_026,2024-01-13,217,30,0,19,18,5.06,64.13,0,weekend,23:36,07:26,18-24,remote,0,0,4,80.39
user_026,2024-01-14,220,39,23,20,10,5.27,61.35,0,weekend,23:59,06:52,18-24,remote,0,0,4,77.56
user_026,2024-01-15,212,47,26,35,22,7.45,47.72,0,workday,23:57,06:43,18-24,remote,0,0,4,77.82
user_026,2024-01-16,217,58,35,27,22,4.18,76.92,0,workday,22:51,08:06,18-24,remote,0,0,4,77.01
user_026,2024-01-17,267,32,6,28,14,5.39,57.6,0,workday,23:23,06:45,18-24,remote,0,0,2,33.05
user_026,2024-01-18,211,25,18,18,22,3.16,43.63,1,workday,22:40,06:34,18-24,remote,0,0,4,79.13
user_026,2024-01-19,183,39,17,25,14,0.0,69.33,0,workday,22:56,07:06,18-24,remote,0,0,3,73.26
user_026,2024-01-20,212,29,6,26,15,3.78,44.28,0,weekend,23:46,07:37,18-24,remote,0,0,4,76.05
user_026,2024-01-21,261,43,25,36,16,2.86,47.41,0,weekend,23:52,07:16,18-24,remote,0,0,2,38.36
user_027,2024-01-01,208,48,29,17,21,5.39,43.22,0,workday,23:01,06:58,25-34,remote,1,0,1,18.28
user_027,2024-01-02,263,44,11,32,11,3.98,58.64,0,workday,23:05,06:59,25-34,remote,1,0,1,16.5
user_027,2024-01-03,248,32,10,19,20,6.88,43.81,0,workday,22:22,07:11,25-34,remote,1,0,1,25.0
user_027,2024-01-04,222,38,13,32,18,4.37,57.38,0,workday,22:38,07:18,25-34,remote,1,0,1,4.94
user_027,2024-01-05,224,60,39,33,21,6.94,26.98,0,workday,22:53,07:24,25-34,remote,1,0,1,0.0
user_027,2024-01-06,253,34,20,19,17,4.34,50.07,0,weekend,23:05,08:27,25-34,remote,1,0,2,44.02
user_027,2024-01-07,223,37,10,46,14,3.51,51.58,0,weekend,22:34,08:03,25-34,remote,1,0,3,65.45
user_027,2024-01-08,221,39,17,41,19,4.27,72.57,1,workday,23:15,07:08,25-34,remote,1,0,2,33.06
user_027,2024-01-09,218,50,14,27,23,7.12,56.17,1,workday,22:32,06:40,25-34,remote,1,0,1,13.79
user_027,2024-01-10,248,31,7,16,17,3.98,58.75,0,workday,22:03,07:57,25-34,remote,1,0,1,21.92
user_027,2024-01-11,247,38,18,21,18,5.15,62.1,1,workday,22:14,06:36,25-34,remote,1,0,1,8.98
user_027,2024-01-12,203,32,9,16,10,4.75,59.32,0,workday,23:11,06:36,25-34,remote,1,0,2,29.21
user_027,2024-01-13,224,60,33,32,30,2.71,63.76,0,weekend,23:48,07:46,25-34,remote,1,0,3,72.3
user_027,2024-01-14,181,25,10,15,12,1.62,74.31,0,weekend,23:07,08:54,25-34,remote,1,0,4,77.91
user_027,2024-01-15,236,40,25,33,18,5.02,52.94,0,workday,23:02,06:13,25-34,remote,1,0,2,46.27
user_027,2024-01-16,195,20,7,17,12,5.05,76.31,1,workday,23:24,07:09,25-34,remote,1,0,1,16.01
user_027,2024-01-17,153,49,26,36,25,8.42,39.88,0,workday,23:34,06:58,25-34,remote,1,0,1,9.29
user_027,2024-01-18,183,31,6,41,18,5.86,49.37,0,workday,22:32,07:00,25-34,remote,1,0,1,23.41
user_027,2024-01-19,172,29,7,20,18,4.5,73.25,1,workday,22:47,06:48,25-34,remote,1,0,1,3.48
user_027,2024-01-20,243,32,19,30,7,4.42,70.09,1,weekend,23:08,08:09,25-34,remote,1,0,2,43.57
user_027,2024-01-21,293,40,21,35,18,5.36,59.42,0,weekend,23:45,07:23,25-34,remote,1,0,1,19.51
user_028,2024-01-01,220,60,41,43,25,6.35,48.08,0,workday,23:33,07:31,18-24,hybrid,0,0,3,67.4
user_028,2024-01-02,256,60,28,28,27,8.33,32.07,0,workday,23:16,07:02,18-24,hybrid,0,0,2,45.7
user_028,2024-01-03,224,56,28,38,23,5.32,32.94,1,workday,22:50,06:29,18-24,hybrid,0,0,2,42.76
user_028,2024-01-04,236,53,12,45,30,5.52,47.42,1,workday,23:13,07:21,18-24,hybrid,0,0,3,58.89
user_028,2024-01-05,269,53,33,32,25,9.55,26.07,0,workday,23:37,07:18,18-24,hybrid,0,0,3,52.47
user_028,2024-01-06,300,59,19,33,22,2.17,56.74,0,weekend,00:16,07:21,18-24,hybrid,0,0,2,34.73
user_028,2024-01-07,270,53,32,32,30,4.78,43.95,0,weekend,00:22,07:59,18-24,hybrid,0,0,3,55.43
user_028,2024-01-08,217,38,12,32,22,6.48,56.79,1,workday,22:54,07:13,18-24,hybrid,0,0,3,52.79
user_028,2024-01-09,259,47,13,26,22,7.92,22.85,0,workday,23:03,06:56,18-24,hybrid,0,0,1,14.87
user_028,2024-01-10,275,60,39,27,23,10.0,33.58,1,workday,23:24,06:53,18-24,hybrid,0,0,2,41.4
user_028,2024-01-11,283,45,21,29,26,6.8,41.84,0,workday,22:20,06:52,18-24,hybrid,0,0,1,8.49
user_028,2024-01-12,263,45,25,19,12,6.24,54.53,0,workday,22:54,07:08,18-24,hybrid,0,0,2,47.43
user_028,2024-01-13,251,60,23,37,24,7.59,51.59,1,weekend,23:40,07:58,18-24,hybrid,0,0,1,12.53
user_028,2024-01-14,163,39,2,22,11,4.18,56.2,0,weekend,23:31,07:58,18-24,hybrid,0,0,4,84.63
user_028,2024-01-15,188,38,18,18,18,6.58,48.79,0,workday,22:44,06:50,18-24,hybrid,0,0,4,78.47
user_028,2024-01-16,167,31,10,12,18,4.69,52.2,1,workday,23:18,07:37,18-24,hybrid,0,0,3,53.85
user_028,2024-01-17,198,33,21,19,17,3.66,64.06,0,workday,21:52,07:02,18-24,hybrid,0,0,4,87.75
user_028,2024-01-18,268,55,13,41,15,6.65,32.21,1,workday,21:58,06:35,18-24,hybrid,0,0,3,61.25
user_028,2024-01-19,230,56,7,37,26,9.2,38.26,1,workday,23:09,07:17,18-24,hybrid,0,0,3,66.57
user_028,2024-01-20,207,27,19,11,14,3.97,74.75,0,weekend,22:40,07:35,18-24,hybrid,0,0,4,79.78
user_028,2024-01-21,235,31,12,37,11,2.94,68.55,0,weekend,23:52,08:03,18-24,hybrid,0,0,4,78.62
user_029,2024-01-01,178,50,20,39,22,7.8,49.1,1,workday,23:22,06:37,18-24,hybrid,0,0,1,7.84
user_029,2024-01-02,137,28,20,29,2,3.66,61.11,1,workday,23:12,08:09,18-24,hybrid,0,0,2,34.22
user_029,2024-01-03,224,49,17,37,25,2.33,62.07,0,workday,22:57,06:00,18-24,hybrid,0,0,3,61.72
user_029,2024-01-04,211,30,14,29,19,4.14,51.82,0,workday,23:16,07:38,18-24,hybrid,0,0,3,69.18
user_029,2024-01-05,180,50,16,37,13,2.19,69.52,0,workday,23:31,07:02,18-24,hybrid,0,0,4,90.16
user_029,2024-01-06,242,37,23,31,11,1.36,67.02,0,weekend,23:18,07:54,18-24,hybrid,0,0,3,74.5
user_029,2024-01-07,212,23,9,34,10,3.22,62.88,0,weekend,22:44,07:22,18-24,hybrid,0,0,3,54.93
user_029,2024-01-08,237,60,15,40,24,5.67,76.09,0,workday,22:30,07:00,18-24,hybrid,0,0,4,78.24
user_029,2024-01-09,191,45,35,24,23,5.54,38.21,0,workday,22:28,07:04,18-24,hybrid,0,0,4,84.01
user_029,2024-01-10,166,30,4,14,15,6.85,55.04,0,workday,22:57,06:44,18-24,hybrid,0,0,1,20.21
user_029,2024-01-11,200,34,19,34,17,7.98,29.33,0,workday,22:36,06:35,18-24,hybrid,0,0,1,16.58
user_029,2024-01-12,152,38,5,26,15,5.12,50.47,0,workday,22:33,07:23,18-24,hybrid,0,0,2,45.04
user_029,2024-01-13,235,42,35,39,27,8.25,38.41,1,weekend,23:26,08:04,18-24,hybrid,0,0,1,6.85
user_029,2024-01-14,207,35,12,24,13,0.88,61.4,0,weekend,00:52,07:47,18-24,hybrid,0,0,4,81.86
user_029,2024-01-15,238,46,28,23,17,4.23,71.59,0,workday,22:04,07:23,18-24,hybrid,0,0,2,42.17
user_029,2024-01-16,203,40,17,26,16,4.65,56.91,1,workday,22:10,06:46,18-24,hybrid,0,0,2,38.05
user_029,2024-01-17,212,55,22,32,26,7.43,38.81,0,workday,23:24,07:24,18-24,hybrid,0,0,1,21.44
user_029,2024-01-18,253,41,11,27,18,5.4,39.33,1,workday,22:05,06:55,18-24,hybrid,0,0,2,38.34
user_029,2024-01-19,159,43,21,27,22,6.05,51.04,1,workday,22:18,06:14,18-24,hybrid,0,0,2,37.43
user_029,2024-01-20,274,54,14,31,22,6.69,59.79,0,weekend,23:34,08:15,18-24,hybrid,0,0,1,7.96
user_029,2024-01-21,250,37,12,25,26,4.25,44.7,1,weekend,23:02,07:03,18-24,hybrid,0,0,3,51.0
user_030,2024-01-01,224,49,21,28,26,5.4,52.4,0,workday,23:48,07:50,35-44,remote,0,0,1,8.15
user_030,2024-01-02,177,24,9,16,10,0.24,73.05,1,workday,23:16,07:28,35-44,remote,0,0,2,26.22
user_030,2024-01-03,197,34,9,23,21,5.82,53.05,0,workday,22:41,06:20,35-44,remote,0,0,2,26.0
user_030,2024-01-04,270,38,13,27,16,5.21,49.99,1,workday,23:35,07:30,35-44,remote,0,0,1,2.47
user_030,2024-01-05,240,58,24,32,27,7.85,38.33,0,workday,22:23,07:24,35-44,remote,0,0,1,4.87
user_030,2024-01-06,233,38,10,16,16,7.07,41.27,1,weekend,23:20,06:38,35-44,remote,0,0,1,4.67
user_030,2024-01-07,224,37,12,38,18,6.05,42.42,0,weekend,23:02,07:04,35-44,remote,0,0,1,5.65
user_030,2024-01-08,221,60,24,35,23,9.44,48.66,0,workday,23:12,07:05,35-44,remote,0,0,1,10.06
user_030,2024-01-09,218,52,20,23,18,7.14,54.44,1,workday,22:17,06:49,35-44,remote,0,0,1,3.09
user_030,2024-01-10,256,46,13,20,20,7.86,58.65,1,workday,00:01,07:17,35-44,remote,0,0,1,3.4
user_030,2024-01-11,189,30,10,30,12,3.5,55.15,0,workday,22:30,06:37,35-44,remote,0,0,1,14.32
user_030,2024-01-12,283,30,9,21,12,3.77,64.2,0,workday,23:24,06:59,35-44,remote,0,0,1,12.92
user_030,2024-01-13,227,52,16,40,24,4.69,53.9,0,weekend,23:45,08:02,35-44,remote,0,0,1,16.93
user_030,2024-01-14,259,57,35,30,27,4.02,61.18,0,weekend,23:47,07:39,35-44,remote,0,0,1,6.34
user_030,2024-01-15,263,59,22,39,21,3.76,70.14,0,workday,23:03,07:59,35-44,remote,0,0,1,4.78
user_030,2024-01-16,229,53,25,30,25,6.4,44.48,1,workday,22:38,06:16,35-44,remote,0,0,1,0.76
user_030,2024-01-17,270,51,42,29,15,5.63,44.23,0,workday,22:31,07:31,35-44,remote,0,0,1,4.94
user_030,2024-01-18,298,48,24,32,25,8.6,36.05,1,workday,22:29,07:29,35-44,remote,0,0,1,3.05
user_030,2024-01-19,242,45,30,30,12,3.63,44.77,1,workday,23:34,06:40,35-44,remote,0,0,1,12.78
user_030,2024-01-20,279,28,18,9,11,0.0,67.48,0,weekend,23:39,07:38,35-44,remote,0,0,2,43.52
user_030,2024-01-21,299,60,42,24,26,5.25,54.04,0,weekend,23:58,07:23,35-44,remote,0,0,1,4.19
user_031,2024-01-01,227,56,20,42,30,6.04,56.94,1,workday,23:03,06:53,35-44,on_site,1,0,1,18.87
user_031,2024-01-02,239,38,12,36,23,7.91,50.92,1,workday,23:51,07:27,35-44,on_site,1,0,3,54.26
user_031,2024-01-03,143,30,30,28,21,3.35,71.63,0,workday,23:34,06:36,35-44,on_site,1,0,4,91.7
user_031,2024-01-04,185,42,6,35,26,6.02,63.45,0,workday,00:03,07:14,35-44,on_site,1,0,4,88.37
user_031,2024-01-05,123,29,19,19,14,5.93,56.74,0,workday,23:15,06:53,35-44,on_site,1,0,2,38.57
user_031,2024-01-06,210,37,25,16,15,4.38,70.24,0,weekend,23:06,08:17,35-44,on_site,1,0,4,77.36
user_031,2024-01-07,252,52,12,26,27,5.49,62.28,0,weekend,23:17,06:42,35-44,on_site,1,0,3,65.28
user_031,2024-01-08,191,53,27,27,24,6.49,53.36,0,workday,23:43,07:12,35-44,on_site,1,0,2,46.82
user_031,2024-01-09,192,27,2,23,8,4.04,59.2,0,workday,22:11,06:54,35-44,on_site,1,0,4,85.06
user_031,2024-01-10,207,32,3,24,11,5.95,53.49,0,workday,22:34,07:19,35-44,on_site,1,0,4,93.36
user_031,2024-01-11,199,42,15,32,20,3.78,66.19,0,workday,23:22,07:42,35-44,on_site,1,0,4,84.85
user_031,2024-01-12,160,43,12,36,8,5.8,53.79,1,workday,00:00,06:51,35-44,on_site,1,0,3,63.4
user_031,2024-01-13,221,60,25,36,22,5.57,46.86,1,weekend,23:20,07:29,35-44,on_site,1,0,1,17.74
user_031,2024-01-14,215,43,5,22,14,3.73,51.05,0,weekend,23:16,07:49,35-44,on_site,1,0,4,98.52
user_031,2024-01-15,184,51,26,15,21,5.48,63.74,1,workday,23:26,07:22,35-44,on_site,1,0,3,72.15
user_031,2024-01-16,247,36,21,34,22,4.23,54.26,0,workday,22:53,06:53,35-44,on_site,1,0,3,55.78
user_031,2024-01-17,171,45,32,23,24,6.75,58.17,1,workday,23:23,06:08,35-44,on_site,1,0,2,42.73
user_031,2024-01-18,128,27,8,32,17,3.14,69.59,0,workday,22:42,06:53,35-44,on_site,1,0,4,84.89
user_031,2024-01-19,175,33,14,21,15,2.42,75.0,1,workday,22:47,07:25,35-44,on_site,1,0,3,69.23
user_031,2024-01-20,249,45,26,33,25,4.2,54.28,0,weekend,23:27,08:16,35-44,on_site,1,0,3,60.97
user_031,2024-01-21,210,34,23,27,19,5.94,60.01,1,weekend,22:59,07:01,35-44,on_site,1,0,3,67.65
user_032,2024-01-01,204,56,5,40,22,2.36,57.99,0,workday,22:03,07:02,55+,on_site,1,0,3,67.54
user_032,2024-01-02,180,55,18,33,17,5.07,73.47,0,workday,23:59,07:24,55+,on_site,1,0,2,42.72
user_032,2024-01-03,171,12,9,15,1,3.69,76.71,1,workday,23:03,06:56,55+,on_site,1,0,3,55.44
user_032,2024-01-04,258,45,15,32,22,3.76,73.7,1,workday,23:55,07:57,55+,on_site,1,0,2,33.27
user_032,2024-01-05,219,53,28,36,25,6.71,45.29,0,workday,22:37,06:44,55+,on_site,1,0,3,60.38
user_032,2024-01-06,249,56,43,30,29,3.9,58.3,0,weekend,00:23,08:23,55+,on_site,1,0,1,20.91
user_032,2024-01-07,192,55,23,36,27,5.25,85.79,0,weekend,23:18,07:38,55+,on_site,1,0,3,54.34
user_032,2024-01-08,158,33,12,30,10,5.89,62.01,1,workday,22:19,06:58,55+,on_site,1,0,4,92.19
user_032,2024-01-09,189,32,22,36,18,6.05,53.01,1,workday,00:13,07:05,55+,on_site,1,0,2,31.48
user_032,2024-01-10,199,33,24,23,16,7.46,58.68,1,workday,22:52,06:16,55+,on_site,1,0,1,15.15
user_032,2024-01-11,268,60,42,42,27,5.91,66.36,0,workday,23:35,07:35,55+,on_site,1,0,3,55.32
user_032,2024-01-12,180,42,24,32,18,5.44,42.38,1,workday,23:01,07:11,55+,on_site,1,0,1,8.45
user_032,2024-01-13,153,19,6,16,22,3.76,55.05,0,weekend,23:04,07:38,55+,on_site,1,0,3,68.35
user_032,2024-01-14,181,44,15,33,13,7.25,39.29,0,weekend,22:50,07:30,55+,on_site,1,0,4,79.03
user_032,2024-01-15,181,55,22,33,29,7.18,81.1,0,workday,23:17,07:23,55+,on_site,1,0,1,15.0
user_032,2024-01-16,245,42,15,27,21,4.15,65.7,0,workday,22:34,07:12,55+,on_site,1,0,1,3.12
user_032,2024-01-17,183,33,16,21,12,4.41,64.59,0,workday,22:56,07:09,55+,on_site,1,0,1,24.39
user_032,2024-01-18,221,53,50,46,19,6.87,64.28,1,workday,22:54,07:34,55+,on_site,1,0,1,4.48
user_032,2024-01-19,201,34,16,21,14,1.96,79.89,0,workday,22:37,06:32,55+,on_site,1,0,2,28.39
user_032,2024-01-20,215,39,12,21,16,4.46,42.92,0,weekend,23:45,08:14,55+,on_site,1,0,2,46.37
user_032,2024-01-21,208,54,18,39,15,4.91,44.69,1,weekend,22:20,08:04,55+,on_site,1,0,2,31.73
user_033,2024-01-01,238,60,38,34,24,7.11,40.92,0,workday,23:03,06:29,25-34,remote,1,0,2,40.83
user_033,2024-01-02,300,38,7,22,12,6.48,42.77,0,workday,23:23,07:38,25-34,remote,1,0,2,45.08
user_033,2024-01-03,196,27,4,21,7,0.74,68.12,0,workday,21:27,06:16,25-34,remote,1,0,3,69.25
user_033,2024-01-04,263,60,34,34,29,9.78,20.26,1,workday,23:38,07:01,25-34,remote,1,0,1,3.24
user_033,2024-01-05,211,40,21,28,13,2.54,71.21,1,workday,23:16,06:54,25-34,remote,1,0,2,38.2
user_033,2024-01-06,220,54,39,39,19,7.63,54.41,0,weekend,22:47,07:35,25-34,remote,1,0,1,9.33
user_033,2024-01-07,219,32,8,30,12,4.06,45.01,0,weekend,22:55,07:56,25-34,remote,1,0,3,70.13
user_033,2024-01-08,278,43,24,23,21,6.31,36.14,1,workday,23:15,06:46,25-34,remote,1,0,1,7.04
user_033,2024-01-09,231,42,36,29,12,5.83,59.57,1,workday,22:41,06:36,25-34,remote,1,0,1,9.6
user_033,2024-01-10,247,60,23,41,21,7.3,31.17,0,workday,22:52,07:19,25-34,remote,1,0,1,4.38
user_033,2024-01-11,235,59,27,20,20,6.1,62.52,1,workday,22:27,07:25,25-34,remote,1,0,2,36.14
user_033,2024-01-12,297,41,8,37,21,4.19,43.33,0,workday,22:18,07:32,25-34,remote,1,0,2,41.91
user_033,2024-01-13,185,13,4,13,12,1.41,47.55,0,weekend,23:26,07:50,25-34,remote,1,0,3,69.95
user_033,2024-01-14,280,49,38,37,27,9.18,37.28,1,weekend,23:39,07:28,25-34,remote,1,0,1,16.26
user_033,2024-01-15,297,55,28,35,30,7.34,47.75,1,workday,22:47,07:20,25-34,remote,1,0,1,19.86
user_033,2024-01-16,242,51,15,31,26,7.86,46.91,0,workday,23:40,07:30,25-34,remote,1,0,3,56.53
user_033,2024-01-17,250,43,34,22,16,6.18,51.51,0,workday,00:00,07:28,25-34,remote,1,0,3,65.02
user_033,2024-01-18,263,60,13,41,22,7.69,54.24,0,workday,23:47,06:47,25-34,remote,1,0,2,28.04
user_033,2024-01-19,220,30,12,28,15,4.4,73.27,0,workday,22:20,08:12,25-34,remote,1,0,3,58.3
user_033,2024-01-20,244,45,27,34,12,4.57,56.57,0,weekend,00:17,09:00,25-34,remote,1,0,3,69.8
user_033,2024-01-21,285,40,9,28,14,6.07,47.34,1,weekend,23:08,07:03,25-34,remote,1,0,1,14.9
user_034,2024-01-01,161,30,22,25,12,2.9,72.49,1,workday,22:01,07:02,25-34,hybrid,1,1,2,32.25
user_034,2024-01-02,167,29,20,8,15,2.33,81.64,0,workday,23:20,06:56,25-34,hybrid,1,1,1,16.44
user_034,2024-01-03,293,44,31,19,24,7.22,54.6,0,workday,22:40,06:39,25-34,hybrid,1,1,2,28.19
user_034,2024-01-04,217,31,5,25,14,5.6,57.44,0,workday,22:43,06:53,25-34,hybrid,1,1,3,62.27
user_034,2024-01-05,240,54,21,25,25,9.85,47.15,1,workday,22:47,06:44,25-34,hybrid,1,1,1,8.77
user_034,2024-01-06,272,60,49,40,24,8.71,62.34,1,weekend,00:32,07:11,25-34,hybrid,1,1,1,15.81
user_034,2024-01-07,211,50,32,36,18,5.46,38.88,0,weekend,00:37,06:48,25-34,hybrid,1,1,1,20.0
user_034,2024-01-08,170,34,9,18,15,2.59,55.56,1,workday,00:16,07:21,25-34,hybrid,1,1,3,57.09
user_034,2024-01-09,267,58,25,39,19,9.62,59.13,0,workday,23:12,07:05,25-34,hybrid,1,1,1,4.02
user_034,2024-01-10,189,43,30,24,12,7.66,52.23,1,workday,23:21,06:38,25-34,hybrid,1,1,1,9.1
user_034,2024-01-11,196,30,13,35,6,4.97,55.75,0,workday,23:00,06:47,25-34,hybrid,1,1,2,47.32
user_034,2024-01-12,168,24,7,30,12,1.36,80.26,0,workday,23:04,06:59,25-34,hybrid,1,1,2,40.76
user_034,2024-01-13,219,41,8,30,30,2.63,64.84,0,weekend,23:26,07:14,25-34,hybrid,1,1,4,83.03
user_034,2024-01-14,206,18,13,19,16,1.42,65.0,0,weekend,22:03,08:01,25-34,hybrid,1,1,3,60.46
user_034,2024-01-15,221,26,7,35,20,4.71,40.75,0,workday,22:14,06:20,25-34,hybrid,1,1,2,40.4
user_034,2024-01-16,179,39,10,28,7,3.73,59.64,1,workday,23:03,07:25,25-34,hybrid,1,1,2,40.85
user_034,2024-01-17,224,40,16,41,9,5.02,58.69,0,workday,22:47,07:01,25-34,hybrid,1,1,2,30.85
user_034,2024-01-18,242,52,23,27,27,1.56,94.47,0,workday,22:37,06:53,25-34,hybrid,1,1,2,46.52
user_034,2024-01-19,257,49,36,16,20,5.67,51.91,1,workday,22:10,06:58,25-34,hybrid,1,1,1,1.06
user_034,2024-01-20,209,38,13,28,16,3.37,63.75,0,weekend,23:22,07:34,25-34,hybrid,1,1,2,33.5
user_034,2024-01-21,195,28,10,35,18,1.87,62.77,0,weekend,00:24,07:39,25-34,hybrid,1,1,3,56.68
user_035,2024-01-01,211,49,16,21,22,5.48,62.76,0,workday,00:37,07:04,25-34,remote,1,0,2,31.36
user_035,2024-01-02,194,40,22,29,19,3.02,65.67,0,workday,23:00,06:37,25-34,remote,1,0,3,51.0
user_035,2024-01-03,272,60,19,28,20,6.86,24.0,1,workday,23:04,06:28,25-34,remote,1,0,1,17.13
user_035,2024-01-04,225,51,14,22,22,4.75,58.0,0,workday,22:16,07:27,25-34,remote,1,0,2,28.58
user_035,2024-01-05,237,23,7,14,16,7.57,51.62,1,workday,23:13,07:30,25-34,remote,1,0,2,36.02
user_035,2024-01-06,208,38,15,38,17,5.75,80.66,1,weekend,22:20,07:49,25-34,remote,1,0,2,27.46
user_035,2024-01-07,211,42,9,20,20,5.23,61.03,0,weekend,00:23,06:19,25-34,remote,1,0,2,48.9
user_035,2024-01-08,233,54,19,24,21,7.18,44.24,0,workday,00:16,06:41,25-34,remote,1,0,1,1.66
user_035,2024-01-09,300,60,16,33,18,4.45,68.32,1,workday,23:01,07:20,25-34,remote,1,0,1,20.71
user_035,2024-01-10,224,35,9,31,13,3.22,56.1,0,workday,22:54,06:23,25-34,remote,1,0,3,58.99
user_035,2024-01-11,234,59,49,38,21,5.56,45.68,0,workday,22:57,07:20,25-34,remote,1,0,2,27.05
user_035,2024-01-12,255,46,22,29,19,6.23,57.83,1,workday,22:45,06:56,25-34,remote,1,0,1,11.66
user_035,2024-01-13,175,43,19,28,9,4.39,59.18,1,weekend,23:16,07:26,25-34,remote,1,0,1,15.7
user_035,2024-01-14,284,45,12,25,17,3.97,38.7,0,weekend,23:10,07:42,25-34,remote,1,0,2,41.55
user_035,2024-01-15,170,36,7,35,21,4.09,67.76,0,workday,22:07,07:17,25-34,remote,1,0,3,52.82
user_035,2024-01-16,213,53,15,50,23,8.2,52.65,1,workday,22:51,07:02,25-34,remote,1,0,1,0.43
user_035,2024-01-17,173,36,22,13,15,5.5,73.16,1,workday,23:00,06:38,25-34,remote,1,0,1,24.83
user_035,2024-01-18,193,41,23,27,17,4.69,51.95,1,workday,22:34,06:49,25-34,remote,1,0,2,45.02
user_035,2024-01-19,227,56,27,36,20,7.47,39.03,1,workday,23:47,06:48,25-34,remote,1,0,1,22.25
user_035,2024-01-20,206,46,24,42,18,3.07,65.24,0,weekend,23:32,07:43,25-34,remote,1,0,2,47.28
user_035,2024-01-21,203,47,18,23,20,2.66,62.55,0,weekend,23:01,08:19,25-34,remote,1,0,4,88.73
user_036,2024-01-01,275,28,28,18,19,5.1,58.43,0,workday,22:51,07:03,18-24,hybrid,0,0,2,34.42
user_036,2024-01-02,224,43,28,20,20,4.21,64.09,0,workday,23:04,07:34,18-24,hybrid,0,0,4,79.15
user_036,2024-01-03,231,49,19,33,25,7.7,36.56,1,workday,22:36,07:10,18-24,hybrid,0,0,3,69.14
user_036,2024-01-04,231,48,35,29,27,5.95,64.99,1,workday,22:16,07:22,18-24,hybrid,0,0,1,18.39
user_036,2024-01-05,217,33,9,20,16,2.03,71.84,1,workday,23:07,07:14,18-24,hybrid,0,0,3,68.78
user_036,2024-01-06,251,47,29,20,16,4.53,34.84,0,weekend,23:11,07:16,18-24,hybrid,0,0,3,72.46
user_036,2024-01-07,228,43,20,38,21,5.91,65.79,0,weekend,23:06,06:51,18-24,hybrid,0,0,4,84.13
user_036,2024-01-08,181,22,11,8,16,4.11,40.19,0,workday,22:45,06:59,18-24,hybrid,0,0,4,79.08
user_036,2024-01-09,188,28,24,22,16,4.25,69.74,1,workday,23:06,07:03,18-24,hybrid,0,0,3,55.08
user_036,2024-01-10,232,58,23,40,21,5.82,44.2,0,workday,22:49,06:44,18-24,hybrid,0,0,4,81.6
user_036,2024-01-11,229,27,3,15,10,2.96,82.55,1,workday,23:56,06:34,18-24,hybrid,0,0,3,64.24
user_036,2024-01-12,178,32,5,19,9,3.46,64.04,0,workday,23:16,06:47,18-24,hybrid,0,0,4,92.84
user_036,2024-01-13,221,32,14,29,17,4.24,65.7,0,weekend,23:16,08:08,18-24,hybrid,0,0,3,56.18
user_036,2024-01-14,194,40,18,14,17,2.27,85.94,0,weekend,23:30,08:13,18-24,hybrid,0,0,4,92.36
user_036,2024-01-15,168,36,12,25,21,5.39,47.28,0,workday,23:14,06:55,18-24,hybrid,0,0,4,79.98
user_036,2024-01-16,231,37,17,35,18,2.62,60.76,0,workday,22:59,07:30,18-24,hybrid,0,0,4,84.83
user_036,2024-01-17,212,45,42,24,15,4.51,63.95,1,workday,22:42,06:39,18-24,hybrid,0,0,2,35.06
user_036,2024-01-18,262,46,29,39,21,6.45,70.35,1,workday,22:52,06:20,18-24,hybrid,0,0,3,53.28
user_036,2024-01-19,235,49,11,36,25,5.96,54.59,0,workday,23:41,07:34,18-24,hybrid,0,0,4,87.98
user_036,2024-01-20,300,59,29,34,14,5.03,62.07,0,weekend,00:11,07:37,18-24,hybrid,0,0,2,43.79
user_036,2024-01-21,176,42,20,21,19,3.81,91.99,0,weekend,23:06,07:20,18-24,hybrid,0,0,4,85.33
user_037,2024-01-01,218,49,22,44,22,7.1,65.85,1,workday,23:47,07:24,18-24,remote,1,0,1,16.97
user_037,2024-01-02,300,58,23,34,19,6.58,52.07,0,workday,23:01,06:42,18-24,remote,1,0,2,30.06
user_037,2024-01-03,241,47,11,36,17,6.14,46.32,0,workday,22:54,07:42,18-24,remote,1,0,2,48.74
user_037,2024-01-04,300,46,22,32,22,5.0,61.34,0,workday,22:42,07:29,18-24,remote,1,0,1,16.84
user_037,2024-01-05,210,43,30,34,15,3.44,73.6,0,workday,22:56,06:32,18-24,remote,1,0,2,37.57
user_037,2024-01-06,225,21,7,20,9,3.16,55.3,0,weekend,00:26,07:47,18-24,remote,1,0,4,100.0
user_037,2024-01-07,228,60,34,31,15,2.98,49.42,0,weekend,00:36,08:01,18-24,remote,1,0,2,44.12
user_037,2024-01-08,250,47,20,28,30,8.86,53.95,0,workday,22:10,07:36,18-24,remote,1,0,3,68.71
user_037,2024-01-09,221,42,20,25,14,3.87,49.29,0,workday,23:46,06:28,18-24,remote,1,0,3,70.5
user_037,2024-01-10,222,44,15,16,25,5.58,48.59,0,workday,00:07,07:41,18-24,remote,1,0,2,35.79
user_037,2024-01-11,263,60,16,27,30,6.8,47.98,0,workday,23:14,06:45,18-24,remote,1,0,2,26.35
user_037,2024-01-12,241,47,33,39,17,4.08,60.72,1,workday,22:35,06:23,18-24,remote,1,0,1,23.61
user_037,2024-01-13,244,56,19,31,21,6.59,46.08,1,weekend,22:45,07:39,18-24,remote,1,0,2,38.05
user_037,2024-01-14,166,29,24,26,11,1.72,75.89,1,weekend,23:04,07:42,18-24,remote,1,0,3,51.93
user_037,2024-01-15,237,29,18,31,14,5.1,55.23,0,workday,22:56,07:14,18-24,remote,1,0,3,68.5
user_037,2024-01-16,223,48,39,28,30,7.73,47.2,0,workday,23:01,06:18,18-24,remote,1,0,2,31.0
user_037,2024-01-17,212,40,9,41,16,8.91,54.92,0,workday,23:13,06:36,18-24,remote,1,0,2,28.48
user_037,2024-01-18,231,40,19,24,17,4.22,85.16,0,workday,22:48,06:48,18-24,remote,1,0,4,86.1
user_037,2024-01-19,238,47,24,25,22,2.31,74.06,1,workday,22:49,07:33,18-24,remote,1,0,2,49.33
user_037,2024-01-20,200,47,38,34,14,2.71,30.04,0,weekend,23:31,07:09,18-24,remote,1,0,1,6.75
user_037,2024-01-21,270,31,13,2,21,3.91,68.65,1,weekend,22:34,07:55,18-24,remote,1,0,2,42.54
user_038,2024-01-01,187,28,17,19,16,4.75,58.82,0,workday,22:59,06:39,25-34,hybrid,0,0,4,89.05
user_038,2024-01-02,220,34,26,23,13,6.48,37.9,0,workday,23:01,06:50,25-34,hybrid,0,0,4,83.67
user_038,2024-01-03,205,44,16,37,22,5.17,42.39,0,workday,22:40,06:54,25-34,hybrid,0,0,3,54.7
user_038,2024-01-04,254,43,24,23,21,6.48,57.11,0,workday,22:16,07:13,25-34,hybrid,0,0,2,33.18
user_038,2024-01-05,217,43,18,20,15,4.73,50.23,1,workday,22:46,06:22,25-34,hybrid,0,0,3,62.93
user_038,2024-01-06,232,60,16,44,20,3.45,73.92,0,weekend,23:12,07:20,25-34,hybrid,0,0,4,92.82
user_038,2024-01-07,168,36,13,27,16,3.76,67.53,1,weekend,22:57,08:01,25-34,hybrid,0,0,3,59.32
user_038,2024-01-08,278,47,14,39,18,4.63,51.26,0,workday,22:27,06:52,25-34,hybrid,0,0,4,89.16
user_038,2024-01-09,229,60,6,42,17,5.8,62.68,1,workday,23:26,07:56,25-34,hybrid,0,0,3,70.31
user_038,2024-01-10,206,32,12,25,19,6.16,65.1,0,workday,23:00,06:35,25-34,hybrid,0,0,2,32.98
user_038,2024-01-11,273,36,14,18,20,6.74,55.44,1,workday,21:27,06:52,25-34,hybrid,0,0,3,62.28
user_038,2024-01-12,184,41,19,26,13,5.77,51.21,0,workday,23:03,07:14,25-34,hybrid,0,0,2,36.52
user_038,2024-01-13,212,57,20,47,21,7.42,49.66,1,weekend,00:04,08:01,25-34,hybrid,0,0,3,53.99
user_038,2024-01-14,198,44,17,29,18,3.32,74.61,0,weekend,00:04,07:50,25-34,hybrid,0,0,3,65.13
user_038,2024-01-15,215,44,21,38,19,4.02,59.32,0,workday,23:04,07:19,25-34,hybrid,0,0,3,62.21
user_038,2024-01-16,227,47,31,25,14,7.12,55.27,0,workday,22:49,06:50,25-34,hybrid,0,0,3,52.59
user_038,2024-01-17,173,34,21,34,23,7.36,75.49,0,workday,22:51,06:51,25-34,hybrid,0,0,2,39.75
user_038,2024-01-18,277,48,16,35,26,8.15,47.01,0,workday,23:21,06:38,25-34,hybrid,0,0,3,57.51
user_038,2024-01-19,193,23,10,16,12,2.79,57.14,0,workday,23:19,06:28,25-34,hybrid,0,0,3,68.66
user_038,2024-01-20,257,38,29,28,17,5.05,47.59,0,weekend,22:41,07:57,25-34,hybrid,0,0,3,67.25
user_038,2024-01-21,234,60,44,41,21,4.39,53.56,0,weekend,23:01,07:54,25-34,hybrid,0,0,3,53.17
user_039,2024-01-01,238,56,15,34,21,6.74,61.19,0,workday,23:35,06:45,25-34,hybrid,0,0,4,96.4
user_039,2024-01-02,177,40,20,27,13,4.17,77.09,1,workday,23:04,06:07,25-34,hybrid,0,0,3,69.82
user_039,2024-01-03,207,60,32,32,23,5.33,45.68,1,workday,23:11,07:30,25-34,hybrid,0,0,3,51.93
user_039,2024-01-04,193,28,20,14,11,8.36,34.28,0,workday,23:31,06:59,25-34,hybrid,0,0,2,33.23
user_039,2024-01-05,159,14,4,13,20,1.63,64.34,0,workday,22:49,07:05,25-34,hybrid,0,0,3,73.26
user_039,2024-01-06,275,26,10,8,18,4.37,63.26,0,weekend,22:59,08:56,25-34,hybrid,0,0,4,82.29
user_039,2024-01-07,246,43,10,30,16,0.25,65.92,0,weekend,23:31,07:12,25-34,hybrid,0,0,2,40.46
user_039,2024-01-08,161,22,12,23,14,5.93,33.74,0,workday,23:20,06:53,25-34,hybrid,0,0,1,22.03
user_039,2024-01-09,176,38,32,32,21,4.14,50.92,0,workday,22:43,06:52,25-34,hybrid,0,0,4,91.08
user_039,2024-01-10,205,53,27,38,30,6.64,44.87,0,workday,23:06,07:32,25-34,hybrid,0,0,4,90.37
user_039,2024-01-11,236,49,26,31,19,7.15,55.2,0,workday,23:06,06:31,25-34,hybrid,0,0,4,84.25
user_039,2024-01-12,228,55,22,32,23,7.46,59.17,1,workday,23:48,06:36,25-34,hybrid,0,0,2,30.95
user_039,2024-01-13,213,44,13,37,20,2.82,53.15,0,weekend,23:42,07:41,25-34,hybrid,0,0,4,85.25
user_039,2024-01-14,247,41,26,29,18,4.54,35.99,0,weekend,23:05,07:33,25-34,hybrid,0,0,2,29.21
user_039,2024-01-15,208,46,13,42,20,6.81,43.28,1,workday,23:00,07:45,25-34,hybrid,0,0,2,26.0
user_039,2024-01-16,215,31,14,29,18,1.24,84.83,0,workday,22:39,07:29,25-34,hybrid,0,0,4,91.31
user_039,2024-01-17,232,46,27,46,25,6.11,51.44,1,workday,00:08,06:48,25-34,hybrid,0,0,2,40.89
user_039,2024-01-18,208,48,27,32,22,7.12,37.72,1,workday,23:08,06:46,25-34,hybrid,0,0,1,5.21
user_039,2024-01-19,186,39,9,28,9,2.92,59.53,1,workday,22:38,07:32,25-34,hybrid,0,0,2,45.6
user_039,2024-01-20,193,56,28,45,18,2.73,64.09,0,weekend,23:55,08:09,25-34,hybrid,0,0,3,67.7
user_039,2024-01-21,278,49,31,36,15,3.86,74.25,1,weekend,23:18,08:16,25-34,hybrid,0,0,2,45.97
user_040,2024-01-01,253,49,8,42,22,6.59,61.6,0,workday,22:48,07:54,35-44,hybrid,1,1,4,93.22
user_040,2024-01-02,209,50,25,43,13,8.02,35.05,0,workday,23:49,06:55,35-44,hybrid,1,1,2,47.91
user_040,2024-01-03,195,23,17,23,21,7.72,42.93,1,workday,22:36,06:06,35-44,hybrid,1,1,4,93.71
user_040,2024-01-04,172,38,30,24,24,2.98,75.04,0,workday,22:01,07:13,35-44,hybrid,1,1,4,91.32
user_040,2024-01-05,252,38,32,12,18,5.59,67.91,1,workday,23:06,06:33,35-44,hybrid,1,1,2,37.59
user_040,2024-01-06,193,59,9,27,24,0.89,66.06,0,weekend,23:13,07:28,35-44,hybrid,1,1,4,95.11
user_040,2024-01-07,216,46,34,32,27,5.69,49.31,0,weekend,23:34,07:00,35-44,hybrid,1,1,1,21.96
user_040,2024-01-08,192,35,27,26,30,8.5,48.09,1,workday,23:36,07:11,35-44,hybrid,1,1,3,59.19
user_040,2024-01-09,283,60,36,40,26,8.79,45.23,0,workday,23:18,07:19,35-44,hybrid,1,1,3,53.51
user_040,2024-01-10,254,60,35,48,22,9.1,53.12,1,workday,22:00,07:18,35-44,hybrid,1,1,2,29.02
user_040,2024-01-11,233,45,26,23,12,10.0,34.33,0,workday,23:18,07:20,35-44,hybrid,1,1,3,74.62
user_040,2024-01-12,300,37,8,26,15,9.27,75.03,0,workday,22:50,07:24,35-44,hybrid,1,1,4,79.93
user_040,2024-01-13,261,33,11,41,12,3.51,61.99,0,weekend,22:06,08:12,35-44,hybrid,1,1,4,80.07
user_040,2024-01-14,211,42,24,15,18,6.54,46.23,0,weekend,00:20,07:47,35-44,hybrid,1,1,1,24.34
user_040,2024-01-15,230,36,20,22,19,2.36,68.97,0,workday,23:12,06:23,35-44,hybrid,1,1,4,98.46
user_040,2024-01-16,228,60,24,34,23,7.96,54.93,1,workday,22:46,07:14,35-44,hybrid,1,1,3,55.59
user_040,2024-01-17,232,60,41,45,26,4.02,68.28,0,workday,23:38,07:26,35-44,hybrid,1,1,4,79.0
user_040,2024-01-18,274,38,26,40,24,7.87,43.88,0,workday,22:13,07:05,35-44,hybrid,1,1,3,71.63
user_040,2024-01-19,231,55,31,48,27,4.3,69.24,1,workday,22:38,07:39,35-44,hybrid,1,1,4,78.77
user_040,2024-01-20,255,44,20,37,20,7.59,53.3,0,weekend,00:00,08:21,35-44,hybrid,1,1,4,92.6
user_040,2024-01-21,186,24,8,19,21,3.9,69.6,1,weekend,23:34,07:22,35-44,hybrid,1,1,4,96.01
user_041,2024-01-01,218,42,17,27,15,5.52,45.08,0,workday,22:36,05:48,25-34,remote,0,0,1,20.06
user_041,2024-01-02,262,34,18,36,19,8.38,44.09,1,workday,00:13,06:25,25-34,remote,0,0,1,16.29
user_041,2024-01-03,246,56,19,35,22,3.63,51.04,1,workday,23:01,07:30,25-34,remote,0,0,3,75.0
user_041,2024-01-04,213,51,19,35,23,5.82,56.47,0,workday,23:31,06:57,25-34,remote,0,0,2,34.17
user_041,2024-01-05,244,45,13,31,24,5.5,61.59,0,workday,22:11,06:31,25-34,remote,0,0,3,63.72
user_041,2024-01-06,218,29,7,23,12,1.04,66.89,0,weekend,22:16,07:52,25-34,remote,0,0,4,76.0
user_041,2024-01-07,253,44,30,29,25,3.27,56.81,0,weekend,23:31,08:15,25-34,remote,0,0,3,59.97
user_041,2024-01-08,300,54,24,23,13,4.84,25.78,1,workday,23:39,06:32,25-34,remote,0,0,1,20.58
user_041,2024-01-09,247,46,21,31,23,7.22,46.71,0,workday,22:04,07:37,25-34,remote,0,0,1,22.31
user_041,2024-01-10,192,39,6,22,24,2.82,61.64,0,workday,23:35,06:44,25-34,remote,0,0,3,66.26
user_041,2024-01-11,218,49,13,29,19,6.22,49.0,0,workday,23:22,06:46,25-34,remote,0,0,2,26.52
user_041,2024-01-12,243,46,20,33,9,5.17,68.46,0,workday,23:05,06:50,25-34,remote,0,0,3,60.08
user_041,2024-01-13,234,5,1,10,11,0.94,45.17,0,weekend,23:02,08:08,25-34,remote,0,0,4,84.14
user_041,2024-01-14,276,45,18,33,17,4.72,53.21,0,weekend,23:15,07:38,25-34,remote,0,0,3,67.5
user_041,2024-01-15,248,52,13,32,21,6.43,35.75,0,workday,23:37,07:01,25-34,remote,0,0,2,43.57
user_041,2024-01-16,262,56,17,40,25,6.98,54.68,0,workday,22:59,06:55,25-34,remote,0,0,2,38.28
user_041,2024-01-17,171,33,8,30,5,3.55,59.41,1,workday,21:47,08:08,25-34,remote,0,0,2,37.61
user_041,2024-01-18,233,41,27,27,20,7.82,48.81,1,workday,22:42,07:43,25-34,remote,0,0,1,17.84
user_041,2024-01-19,195,45,12,22,21,4.85,60.63,0,workday,23:46,06:47,25-34,remote,0,0,4,83.97
user_041,2024-01-20,223,42,34,30,23,2.72,75.69,0,weekend,22:42,06:36,25-34,remote,0,0,4,97.41
user_041,2024-01-21,198,33,25,22,26,5.15,59.51,0,weekend,22:45,07:40,25-34,remote,0,0,3,60.61
user_042,2024-01-01,192,26,8,38,18,2.43,78.58,0,workday,21:52,06:32,45-54,on_site,0,1,4,87.2
user_042,2024-01-02,208,31,18,37,7,7.64,56.54,1,workday,22:41,07:20,45-54,on_site,0,1,1,24.58
user_042,2024-01-03,173,28,9,28,2,4.31,71.46,0,workday,23:01,07:31,45-54,on_site,0,1,2,47.93
user_042,2024-01-04,217,55,33,33,21,9.0,43.56,1,workday,23:33,06:46,45-54,on_site,0,1,1,0.0
user_042,2024-01-05,244,60,33,25,24,8.26,58.46,1,workday,23:07,06:29,45-54,on_site,0,1,1,1.68
user_042,2024-01-06,254,60,17,28,21,9.27,36.65,1,weekend,22:31,07:39,45-54,on_site,0,1,1,8.95
user_042,2024-01-07,190,28,4,22,8,2.18,56.91,0,weekend,00:10,07:40,45-54,on_site,0,1,1,14.13
user_042,2024-01-08,225,55,27,42,24,6.44,49.64,1,workday,23:43,07:04,45-54,on_site,0,1,1,2.96
user_042,2024-01-09,224,45,34,22,22,4.92,62.5,0,workday,22:57,07:39,45-54,on_site,0,1,1,11.51
user_042,2024-01-10,206,44,10,34,15,5.17,66.63,1,workday,00:03,07:40,45-54,on_site,0,1,1,16.73
user_042,2024-01-11,182,40,34,21,20,5.82,52.07,1,workday,23:21,06:30,45-54,on_site,0,1,1,9.48
user_042,2024-01-12,266,54,35,38,20,4.69,67.77,0,workday,23:43,07:38,45-54,on_site,0,1,1,12.82
user_042,2024-01-13,171,43,19,30,5,2.41,68.29,0,weekend,00:02,07:30,45-54,on_site,0,1,1,16.53
user_042,2024-01-14,149,31,3,21,11,0.43,73.5,1,weekend,22:58,07:26,45-54,on_site,0,1,1,23.3
user_042,2024-01-15,163,20,13,17,9,3.76,73.27,1,workday,23:02,07:24,45-54,on_site,0,1,2,44.62
user_042,2024-01-16,294,60,16,29,29,7.65,69.53,0,workday,23:26,06:54,45-54,on_site,0,1,2,28.83
user_042,2024-01-17,191,59,27,35,19,2.12,71.47,1,workday,22:58,06:15,45-54,on_site,0,1,1,8.61
user_042,2024-01-18,186,50,37,34,23,2.51,51.59,1,workday,23:38,07:50,45-54,on_site,0,1,1,14.59
user_042,2024-01-19,184,46,19,24,19,4.07,54.36,0,workday,00:06,07:23,45-54,on_site,0,1,2,26.0
user_042,2024-01-20,250,19,12,16,15,0.93,62.31,0,weekend,23:25,08:10,45-54,on_site,0,1,3,58.44
user_042,2024-01-21,168,23,15,9,12,2.93,71.68,0,weekend,23:09,07:17,45-54,on_site,0,1,3,63.84
user_043,2024-01-01,300,33,8,29,18,5.7,53.16,0,workday,23:14,06:33,35-44,remote,0,0,4,91.53
user_043,2024-01-02,251,37,24,33,19,6.69,76.05,1,workday,22:29,06:55,35-44,remote,0,0,3,57.11
user_043,2024-01-03,223,22,13,34,14,5.14,73.91,0,workday,22:59,07:34,35-44,remote,0,0,4,94.29
user_043,2024-01-04,277,46,6,22,25,3.88,45.85,0,workday,23:17,07:07,35-44,remote,0,0,4,83.52
user_043,2024-01-05,277,36,7,35,17,4.66,68.18,1,workday,23:22,06:25,35-44,remote,0,0,4,86.23
user_043,2024-01-06,198,49,25,32,14,6.01,50.8,0,weekend,23:33,07:11,35-44,remote,0,0,1,17.85
user_043,2024-01-07,281,60,36,36,30,6.05,58.13,0,weekend,23:52,08:49,35-44,remote,0,0,4,91.77
user_043,2024-01-08,247,50,9,46,25,8.52,63.52,0,workday,22:30,07:43,35-44,remote,0,0,2,38.39
user_043,2024-01-09,218,35,10,34,11,5.87,46.15,0,workday,23:19,07:10,35-44,remote,0,0,3,60.61
user_043,2024-01-10,259,51,28,31,27,7.18,39.31,0,workday,23:36,07:14,35-44,remote,0,0,2,48.8
user_043,2024-01-11,193,46,36,27,21,2.53,52.81,0,workday,22:59,06:56,35-44,remote,0,0,3,70.75
user_043,2024-01-12,175,36,6,15,19,1.25,61.37,0,workday,23:04,07:14,35-44,remote,0,0,4,86.78
user_043,2024-01-13,209,40,24,23,23,1.47,79.13,0,weekend,23:08,07:25,35-44,remote,0,0,4,88.57
user_043,2024-01-14,237,60,9,29,20,4.18,63.49,0,weekend,23:40,06:57,35-44,remote,0,0,4,98.87
user_043,2024-01-15,222,40,17,27,20,5.03,50.46,1,workday,23:31,07:09,35-44,remote,0,0,3,62.16
user_043,2024-01-16,230,39,16,14,22,5.16,55.76,1,workday,22:25,07:09,35-44,remote,0,0,3,55.05
user_043,2024-01-17,195,38,10,13,22,4.13,64.05,1,workday,23:05,06:34,35-44,remote,0,0,4,82.1
user_043,2024-01-18,249,40,34,37,16,10.0,37.04,0,workday,22:55,06:34,35-44,remote,0,0,2,43.38
user_043,2024-01-19,282,58,13,34,26,8.65,30.93,0,workday,23:52,07:48,35-44,remote,0,0,2,48.84
user_043,2024-01-20,298,33,16,36,13,4.84,82.48,0,weekend,22:59,07:37,35-44,remote,0,0,4,89.83
user_043,2024-01-21,196,32,8,18,12,5.92,23.05,0,weekend,23:04,08:01,35-44,remote,0,0,2,47.49
user_044,2024-01-01,225,54,18,45,18,4.86,62.31,0,workday,22:22,06:19,25-34,remote,1,0,2,33.03
user_044,2024-01-02,173,31,17,26,9,4.69,53.17,1,workday,23:05,07:02,25-34,remote,1,0,3,64.17
user_044,2024-01-03,293,43,22,25,21,4.91,67.42,0,workday,22:19,06:32,25-34,remote,1,0,2,41.55
user_044,2024-01-04,257,55,23,28,29,7.17,62.07,0,workday,21:55,07:44,25-34,remote,1,0,2,40.33
user_044,2024-01-05,250,37,19,23,14,7.32,66.24,0,workday,23:03,06:05,25-34,remote,1,0,2,32.45
user_044,2024-01-06,183,38,25,13,16,0.61,79.01,0,weekend,00:03,07:26,25-34,remote,1,0,4,83.17
user_044,2024-01-07,214,44,20,22,20,4.49,56.71,0,weekend,23:33,07:17,25-34,remote,1,0,4,76.39
user_044,2024-01-08,232,43,38,40,21,6.91,66.86,0,workday,22:30,07:43,25-34,remote,1,0,1,14.45
user_044,2024-01-09,258,40,19,28,22,4.45,31.83,1,workday,22:35,06:26,25-34,remote,1,0,2,28.1
user_044,2024-01-10,213,44,18,18,19,4.5,55.3,1,workday,23:23,07:34,25-34,remote,1,0,1,2.42
user_044,2024-01-11,270,55,26,24,27,7.76,34.2,0,workday,22:25,06:41,25-34,remote,1,0,1,8.77
user_044,2024-01-12,252,56,22,27,18,4.68,55.11,0,workday,23:35,07:37,25-34,remote,1,0,2,31.78
user_044,2024-01-13,266,50,18,38,22,4.13,52.32,1,weekend,23:41,07:52,25-34,remote,1,0,3,54.93
user_044,2024-01-14,215,32,3,16,18,2.32,71.67,0,weekend,23:51,07:39,25-34,remote,1,0,3,64.27
user_044,2024-01-15,264,59,32,34,18,5.09,32.86,1,workday,23:09,07:44,25-34,remote,1,0,1,17.97
user_044,2024-01-16,255,40,17,24,23,5.53,59.22,0,workday,22:15,07:12,25-34,remote,1,0,3,55.11
user_044,2024-01-17,212,60,25,39,23,5.11,52.69,1,workday,22:42,07:09,25-34,remote,1,0,1,9.78
user_044,2024-01-18,187,33,18,25,12,5.97,63.85,1,workday,23:36,07:07,25-34,remote,1,0,2,34.28
user_044,2024-01-19,259,59,44,38,25,6.62,29.86,0,workday,23:10,07:06,25-34,remote,1,0,2,31.82
user_044,2024-01-20,239,42,8,32,26,6.4,46.67,1,weekend,22:50,07:39,25-34,remote,1,0,3,67.56
user_044,2024-01-21,151,35,21,22,14,2.11,80.29,0,weekend,00:05,07:08,25-34,remote,1,0,2,33.97
user_045,2024-01-01,226,51,22,42,22,7.67,43.37,1,workday,23:20,07:15,45-54,hybrid,0,0,2,50.0
user_045,2024-01-02,219,38,30,27,20,6.2,36.27,1,workday,22:11,06:00,45-54,hybrid,0,0,2,43.9
user_045,2024-01-03,222,59,49,38,27,6.51,62.38,0,workday,00:12,06:38,45-54,hybrid,0,0,2,29.38
user_045,2024-01-04,300,47,13,32,15,4.87,33.82,0,workday,23:18,06:56,45-54,hybrid,0,0,3,66.86
user_045,2024-01-05,270,42,4,36,15,4.5,46.35,1,workday,22:37,07:16,45-54,hybrid,0,0,3,60.64
user_045,2024-01-06,219,36,29,26,16,3.77,71.91,0,weekend,23:37,07:40,45-54,hybrid,0,0,4,96.71
user_045,2024-01-07,239,54,32,30,22,6.47,68.36,1,weekend,23:24,06:46,45-54,hybrid,0,0,4,87.63
user_045,2024-01-08,230,34,13,30,12,3.65,47.31,0,workday,22:55,07:15,45-54,hybrid,0,0,4,96.18
user_045,2024-01-09,276,36,16,36,11,3.57,71.1,0,workday,22:37,07:10,45-54,hybrid,0,0,4,98.97
user_045,2024-01-10,216,50,29,32,15,6.09,58.83,1,workday,22:27,07:41,45-54,hybrid,0,0,2,37.82
user_045,2024-01-11,203,38,23,16,14,3.18,80.24,0,workday,23:40,07:12,45-54,hybrid,0,0,3,63.48
user_045,2024-01-12,165,32,17,15,8,3.33,56.58,0,workday,23:06,06:33,45-54,hybrid,0,0,4,91.0
user_045,2024-01-13,235,55,25,32,25,6.84,68.28,0,weekend,23:27,07:57,45-54,hybrid,0,0,4,78.59
user_045,2024-01-14,266,57,26,34,19,4.89,62.17,0,weekend,23:26,07:56,45-54,hybrid,0,0,3,66.05
user_045,2024-01-15,225,40,14,25,20,7.65,25.02,1,workday,23:47,07:04,45-54,hybrid,0,0,2,48.46
user_045,2024-01-16,262,29,10,29,12,5.17,62.28,0,workday,23:20,07:13,45-54,hybrid,0,0,4,86.82
user_045,2024-01-17,155,19,11,20,15,3.85,71.64,0,workday,22:47,06:24,45-54,hybrid,0,0,4,83.16
user_045,2024-01-18,157,34,15,23,20,3.07,64.07,0,workday,22:41,07:52,45-54,hybrid,0,0,3,64.73
user_045,2024-01-19,219,60,26,45,22,7.81,63.71,0,workday,22:21,07:01,45-54,hybrid,0,0,2,45.07
user_045,2024-01-20,231,44,16,36,14,2.08,75.59,0,weekend,23:12,07:01,45-54,hybrid,0,0,4,89.67
user_045,2024-01-21,224,60,10,46,27,6.54,59.74,0,weekend,22:56,08:00,45-54,hybrid,0,0,3,57.7
user_046,2024-01-01,223,47,39,27,12,3.09,65.89,0,workday,22:47,07:56,45-54,remote,0,0,3,70.31
user_046,2024-01-02,258,45,25,23,13,4.39,41.74,1,workday,22:48,07:27,45-54,remote,0,0,2,43.02
user_046,2024-01-03,223,52,13,37,30,4.97,53.75,0,workday,23:28,06:59,45-54,remote,0,0,2,44.14
user_046,2024-01-04,248,47,32,21,28,3.33,57.94,0,workday,22:29,06:53,45-54,remote,0,0,4,88.55
user_046,2024-01-05,222,30,24,23,16,1.6,63.78,1,workday,22:07,06:50,45-54,remote,0,0,4,81.76
user_046,2024-01-06,228,52,12,32,23,2.99,66.4,0,weekend,00:17,07:51,45-54,remote,0,0,4,89.25
user_046,2024-01-07,235,39,16,25,14,5.03,49.84,0,weekend,23:24,07:30,45-54,remote,0,0,3,61.7
user_046,2024-01-08,217,48,19,34,18,4.18,50.76,0,workday,22:41,06:19,45-54,remote,0,0,4,87.68
user_046,2024-01-09,260,56,31,27,22,3.25,55.31,0,workday,22:59,06:14,45-54,remote,0,0,3,73.8
user_046,2024-01-10,195,28,12,29,19,3.01,46.62,0,workday,23:06,07:28,45-54,remote,0,0,3,67.04
user_046,2024-01-11,189,32,11,27,12,4.08,47.2,1,workday,21:52,07:08,45-54,remote,0,0,4,84.89
user_046,2024-01-12,164,26,4,18,10,3.65,65.21,1,workday,22:53,07:00,45-54,remote,0,0,2,31.12
user_046,2024-01-13,285,53,26,32,23,4.23,52.97,0,weekend,23:11,08:02,45-54,remote,0,0,4,78.9
user_046,2024-01-14,235,31,11,14,3,4.37,70.93,0,weekend,23:45,07:45,45-54,remote,0,0,3,59.64
user_046,2024-01-15,242,52,22,41,24,5.34,64.2,1,workday,23:59,06:14,45-54,remote,0,0,3,75.0
user_046,2024-01-16,187,34,25,37,7,4.64,64.29,0,workday,23:01,07:16,45-54,remote,0,0,3,65.8
user_046,2024-01-17,206,54,18,27,18,5.49,45.44,0,workday,22:40,07:00,45-54,remote,0,0,3,58.25
user_046,2024-01-18,258,47,22,40,24,5.92,46.0,0,workday,23:00,06:53,45-54,remote,0,0,1,13.54
user_046,2024-01-19,236,54,39,29,19,6.79,60.42,0,workday,22:52,06:20,45-54,remote,0,0,4,94.02
user_046,2024-01-20,236,41,18,35,24,4.13,47.07,1,weekend,23:20,07:42,45-54,remote,0,0,1,7.28
user_046,2024-01-21,237,60,28,37,26,3.85,74.5,0,weekend,23:37,06:41,45-54,remote,0,0,4,78.88
user_047,2024-01-01,196,60,27,34,24,5.74,47.67,0,workday,22:53,07:25,25-34,on_site,1,1,2,30.04
user_047,2024-01-02,224,48,32,42,16,5.27,59.75,1,workday,21:50,06:53,25-34,on_site,1,1,3,73.41
user_047,2024-01-03,168,59,39,40,22,7.21,28.53,0,workday,22:49,06:16,25-34,on_site,1,1,1,15.52
user_047,2024-01-04,242,46,16,18,28,7.04,52.46,1,workday,23:04,08:06,25-34,on_site,1,1,2,48.99
user_047,2024-01-05,225,56,44,32,30,9.37,50.98,0,workday,23:25,06:42,25-34,on_site,1,1,2,47.9
user_047,2024-01-06,183,48,12,28,22,4.17,52.54,0,weekend,22:53,07:31,25-34,on_site,1,1,2,35.32
user_047,2024-01-07,197,24,9,19,19,0.36,77.78,0,weekend,00:03,07:50,25-34,on_site,1,1,4,87.4
user_047,2024-01-08,192,38,27,33,23,4.42,35.8,1,workday,22:41,07:28,25-34,on_site,1,1,1,5.75
user_047,2024-01-09,151,38,25,30,14,8.61,45.14,1,workday,23:50,07:14,25-34,on_site,1,1,1,18.39
user_047,2024-01-10,238,60,31,37,17,10.0,54.96,0,workday,23:50,07:13,25-34,on_site,1,1,1,0.02
user_047,2024-01-11,239,56,12,27,19,4.12,60.84,1,workday,23:41,07:14,25-34,on_site,1,1,3,58.77
user_047,2024-01-12,185,60,11,23,18,4.86,58.46,0,workday,23:38,07:34,25-34,on_site,1,1,4,86.59
user_047,2024-01-13,236,41,20,24,9,0.39,49.61,0,weekend,23:14,07:48,25-34,on_site,1,1,3,62.09
user_047,2024-01-14,234,51,28,32,20,6.34,44.61,0,weekend,23:29,07:59,25-34,on_site,1,1,1,6.67
user_047,2024-01-15,177,39,22,6,15,4.66,78.09,1,workday,23:17,07:34,25-34,on_site,1,1,2,27.78
user_047,2024-01-16,220,24,21,18,25,8.57,61.12,0,workday,22:19,07:37,25-34,on_site,1,1,3,52.52
user_047,2024-01-17,217,27,10,16,30,5.35,44.44,1,workday,22:45,06:50,25-34,on_site,1,1,2,33.03
user_047,2024-01-18,241,59,27,31,22,5.69,63.02,1,workday,22:29,07:27,25-34,on_site,1,1,4,82.76
user_047,2024-01-19,231,60,35,26,19,4.14,63.11,0,workday,23:50,06:54,25-34,on_site,1,1,3,59.38
user_047,2024-01-20,295,58,12,33,14,7.07,37.09,0,weekend,23:33,07:41,25-34,on_site,1,1,1,22.14
user_047,2024-01-21,228,41,21,22,1,1.75,52.4,0,weekend,23:13,07:17,25-34,on_site,1,1,3,52.15
user_048,2024-01-01,160,37,12,34,17,6.97,60.1,0,workday,22:22,07:07,25-34,on_site,0,0,4,93.4
user_048,2024-01-02,206,60,38,34,21,6.24,48.89,1,workday,23:10,07:27,25-34,on_site,0,0,3,63.96
user_048,2024-01-03,216,34,25,24,17,6.44,85.84,0,workday,22:31,06:19,25-34,on_site,0,0,3,51.51
user_048,2024-01-04,170,38,28,25,20,6.55,46.07,0,workday,23:04,06:58,25-34,on_site,0,0,3,73.89
user_048,2024-01-05,209,47,20,33,26,6.75,71.2,0,workday,22:50,07:20,25-34,on_site,0,0,3,75.0
user_048,2024-01-06,202,32,26,6,16,2.72,77.61,0,weekend,23:43,08:04,25-34,on_site,0,0,4,82.63
user_048,2024-01-07,226,50,28,35,28,2.33,66.71,0,weekend,23:05,07:16,25-34,on_site,0,0,3,62.95
user_048,2024-01-08,216,51,31,35,20,9.5,57.47,0,workday,23:13,06:55,25-34,on_site,0,0,2,28.57
user_048,2024-01-09,242,34,27,25,15,5.69,52.31,1,workday,22:46,07:12,25-34,on_site,0,0,3,51.0
user_048,2024-01-10,188,45,25,18,19,5.43,43.92,1,workday,22:26,06:44,25-34,on_site,0,0,2,41.54
user_048,2024-01-11,139,30,10,32,19,3.46,73.2,0,workday,22:07,06:53,25-34,on_site,0,0,4,89.85
user_048,2024-01-12,242,60,28,25,23,7.07,69.55,1,workday,23:40,07:31,25-34,on_site,0,0,1,21.62
user_048,2024-01-13,176,38,20,28,26,7.94,50.54,0,weekend,23:23,08:26,25-34,on_site,0,0,2,26.94
user_048,2024-01-14,193,35,8,26,14,2.45,79.5,0,weekend,00:07,08:43,25-34,on_site,0,0,4,98.28
user_048,2024-01-15,223,42,27,28,22,6.67,49.29,0,workday,22:16,06:22,25-34,on_site,0,0,2,37.11
user_048,2024-01-16,231,37,12,37,18,2.73,46.47,0,workday,23:10,07:11,25-34,on_site,0,0,4,93.85
user_048,2024-01-17,237,38,34,26,18,6.44,50.54,0,workday,22:49,07:06,25-34,on_site,0,0,2,46.27
user_048,2024-01-18,200,58,47,32,28,9.14,48.1,0,workday,23:41,06:41,25-34,on_site,0,0,1,17.61
user_048,2024-01-19,199,29,11,24,23,4.22,60.2,0,workday,22:21,07:16,25-34,on_site,0,0,3,56.58
user_048,2024-01-20,201,48,21,33,10,3.82,50.14,0,weekend,23:27,07:49,25-34,on_site,0,0,3,55.36
user_048,2024-01-21,273,60,37,30,23,6.96,50.23,1,weekend,22:34,07:07,25-34,on_site,0,0,1,17.14
user_049,2024-01-01,209,28,14,28,12,5.41,50.07,0,workday,23:33,07:11,35-44,remote,1,0,4,80.36
user_049,2024-01-02,245,58,22,37,20,6.0,76.03,0,workday,00:02,07:14,35-44,remote,1,0,4,95.03
user_049,2024-01-03,244,33,29,23,16,4.88,48.34,0,workday,23:04,07:09,35-44,remote,1,0,4,95.74
user_049,2024-01-04,266,27,23,18,18,7.07,55.17,0,workday,00:04,06:20,35-44,remote,1,0,4,90.76
user_049,2024-01-05,252,36,24,27,19,1.68,62.33,0,workday,23:18,06:35,35-44,remote,1,0,4,98.09
user_049,2024-01-06,280,60,30,28,30,7.09,46.5,0,weekend,23:09,07:50,35-44,remote,1,0,4,92.04
user_049,2024-01-07,265,40,20,40,25,5.99,17.46,1,weekend,23:27,07:06,35-44,remote,1,0,4,93.71
user_049,2024-01-08,267,24,7,26,20,5.61,55.24,1,workday,23:13,06:47,35-44,remote,1,0,3,63.23
user_049,2024-01-09,196,38,28,33,13,8.79,48.21,1,workday,23:04,06:47,35-44,remote,1,0,4,83.91
user_049,2024-01-10,242,44,23,15,21,6.14,60.41,0,workday,22:57,06:18,35-44,remote,1,0,4,92.77
user_049,2024-01-11,228,52,23,34,28,5.98,35.49,0,workday,23:43,07:45,35-44,remote,1,0,3,72.47
user_049,2024-01-12,150,35,26,25,10,4.88,60.17,0,workday,22:48,07:31,35-44,remote,1,0,3,69.52
user_049,2024-01-13,200,15,10,14,13,3.98,61.33,0,weekend,23:17,08:35,35-44,remote,1,0,4,81.99
user_049,2024-01-14,296,57,47,22,29,1.31,64.7,0,weekend,23:35,07:54,35-44,remote,1,0,4,96.32
user_049,2024-01-15,237,39,21,34,18,5.14,77.12,0,workday,23:29,06:30,35-44,remote,1,0,4,100.0
user_049,2024-01-16,197,39,15,22,15,1.93,67.88,0,workday,22:52,07:31,35-44,remote,1,0,4,99.51
user_049,2024-01-17,217,34,20,24,21,6.18,55.27,1,workday,22:52,07:58,35-44,remote,1,0,4,76.0
user_049,2024-01-18,206,36,16,21,23,2.99,37.24,0,workday,23:06,06:55,35-44,remote,1,0,4,94.85
user_049,2024-01-19,281,50,37,28,22,5.46,52.44,1,workday,23:14,07:10,35-44,remote,1,0,4,79.97
user_049,2024-01-20,300,50,22,30,23,4.37,70.52,1,weekend,23:07,07:34,35-44,remote,1,0,4,96.22
user_049,2024-01-21,216,50,18,41,18,5.04,60.88,0,weekend,23:24,07:51,35-44,remote,1,0,3,66.88
user_050,2024-01-01,226,60,40,45,21,6.49,57.76,1,workday,23:51,06:54,18-24,on_site,1,0,4,94.28
user_050,2024-01-02,259,29,5,30,14,4.09,47.58,0,workday,23:46,06:53,18-24,on_site,1,0,4,84.34
user_050,2024-01-03,242,46,22,29,23,6.35,57.13,1,workday,23:27,07:20,18-24,on_site,1,0,2,40.56
user_050,2024-01-04,180,39,20,8,19,1.01,79.62,0,workday,23:37,07:19,18-24,on_site,1,0,4,98.04
user_050,2024-01-05,165,54,29,31,18,4.48,52.34,0,workday,22:48,06:56,18-24,on_site,1,0,4,99.87
user_050,2024-01-06,187,39,21,21,29,4.51,56.04,0,weekend,00:22,07:32,18-24,on_site,1,0,2,50.0
user_050,2024-01-07,201,31,16,16,13,2.2,69.53,0,weekend,00:00,08:11,18-24,on_site,1,0,4,91.8
user_050,2024-01-08,195,33,3,32,13,2.91,77.5,0,workday,22:51,06:49,18-24,on_site,1,0,4,97.36
user_050,2024-01-09,237,46,23,29,16,4.8,71.6,1,workday,23:06,06:56,18-24,on_site,1,0,4,97.92
user_050,2024-01-10,154,39,15,29,17,4.58,53.89,1,workday,00:15,06:56,18-24,on_site,1,0,4,90.69
user_050,2024-01-11,211,47,22,47,22,6.79,53.36,0,workday,23:38,06:23,18-24,on_site,1,0,4,95.92
user_050,2024-01-12,230,42,26,30,16,4.73,66.9,0,workday,23:35,06:46,18-24,on_site,1,0,4,98.28
user_050,2024-01-13,131,40,13,21,16,4.83,71.04,0,weekend,23:09,07:01,18-24,on_site,1,0,4,77.09
user_050,2024-01-14,196,30,15,19,17,4.41,60.68,0,weekend,23:33,08:04,18-24,on_site,1,0,3,64.44
user_050,2024-01-15,262,60,37,32,20,4.61,68.31,0,workday,00:05,07:26,18-24,on_site,1,0,4,85.43
user_050,2024-01-16,210,44,31,34,19,7.33,50.62,1,workday,23:41,07:29,18-24,on_site,1,0,1,23.64
user_050,2024-01-17,255,60,50,47,22,7.91,48.33,0,workday,22:51,06:44,18-24,on_site,1,0,4,90.72
user_050,2024-01-18,157,44,12,27,19,5.89,79.16,0,workday,23:21,07:08,18-24,on_site,1,0,4,96.19
user_050,2024-01-19,238,60,37,42,23,5.37,66.13,0,workday,23:02,06:41,18-24,on_site,1,0,4,99.71
user_050,2024-01-20,192,36,19,16,25,5.57,40.46,0,weekend,23:20,07:53,18-24,on_site,1,0,4,90.87
user_050,2024-01-21,184,57,47,39,12,4.45,26.92,1,weekend,22:52,08:14,18-24,on_site,1,0,3,51.7
user_051,2024-01-01,230,47,17,40,13,4.21,68.85,0,workday,23:03,06:40,18-24,remote,1,0,3,60.99
user_051,2024-01-02,231,50,18,30,20,7.82,28.73,1,workday,23:26,07:11,18-24,remote,1,0,2,34.17
user_051,2024-01-03,234,50,22,31,17,4.81,71.36,0,workday,23:51,06:54,18-24,remote,1,0,3,55.06
user_051,2024-01-04,194,51,21,37,20,4.29,73.78,0,workday,23:14,07:15,18-24,remote,1,0,1,21.72
user_051,2024-01-05,238,29,13,35,27,3.94,49.89,0,workday,22:07,07:12,18-24,remote,1,0,4,91.44
user_051,2024-01-06,253,19,6,20,12,3.86,56.84,0,weekend,23:41,07:32,18-24,remote,1,0,4,90.23
user_051,2024-01-07,220,35,24,15,18,2.42,85.27,0,weekend,23:19,08:23,18-24,remote,1,0,3,53.97
user_051,2024-01-08,230,21,7,15,20,2.62,78.85,1,workday,23:28,07:26,18-24,remote,1,0,3,72.62
user_051,2024-01-09,210,60,27,33,23,5.15,61.36,0,workday,23:10,06:57,18-24,remote,1,0,2,26.0
user_051,2024-01-10,230,44,22,35,18,4.74,70.64,0,workday,22:48,07:35,18-24,remote,1,0,2,48.01
user_051,2024-01-11,245,48,14,36,23,6.0,53.74,0,workday,22:54,06:01,18-24,remote,1,0,1,13.24
user_051,2024-01-12,195,36,20,26,16,8.47,52.49,1,workday,23:42,07:44,18-24,remote,1,0,1,13.67
user_051,2024-01-13,225,43,13,37,20,2.21,66.81,0,weekend,23:31,07:28,18-24,remote,1,0,3,73.35
user_051,2024-01-14,272,39,7,24,15,2.29,78.54,0,weekend,23:24,07:53,18-24,remote,1,0,4,90.3
user_051,2024-01-15,206,43,22,39,14,6.13,47.27,0,workday,22:50,07:02,18-24,remote,1,0,2,43.05
user_051,2024-01-16,183,60,32,42,23,4.51,61.34,0,workday,22:20,07:27,18-24,remote,1,0,3,57.12
user_051,2024-01-17,154,36,15,41,21,3.67,88.88,1,workday,22:38,07:35,18-24,remote,1,0,3,51.0
user_051,2024-01-18,223,30,16,28,21,4.76,59.6,0,workday,23:00,07:31,18-24,remote,1,0,4,98.87
user_051,2024-01-19,248,46,7,31,19,5.01,60.38,1,workday,23:24,07:12,18-24,remote,1,0,3,68.88
user_051,2024-01-20,182,45,20,29,13,4.57,45.84,0,weekend,00:24,08:13,18-24,remote,1,0,3,69.44
user_051,2024-01-21,278,51,22,23,25,3.87,56.9,0,weekend,23:42,08:43,18-24,remote,1,0,3,73.02
user_052,2024-01-01,256,48,22,29,22,4.34,58.28,1,workday,22:16,06:52,18-24,hybrid,0,0,2,35.72
user_052,2024-01-02,205,44,23,39,27,5.85,50.18,0,workday,23:22,07:34,18-24,hybrid,0,0,4,81.87
user_052,2024-01-03,274,33,11,25,19,4.11,63.29,1,workday,23:06,07:11,18-24,hybrid,0,0,2,42.23
user_052,2024-01-04,262,51,30,23,24,5.33,68.47,1,workday,22:41,07:12,18-24,hybrid,0,0,2,31.87
user_052,2024-01-05,166,37,9,37,21,3.67,60.88,0,workday,22:37,07:32,18-24,hybrid,0,0,4,85.18
user_052,2024-01-06,285,38,17,30,18,4.54,56.06,1,weekend,23:47,06:55,18-24,hybrid,0,0,3,70.36
user_052,2024-01-07,217,43,14,32,15,2.71,64.78,0,weekend,22:54,07:45,18-24,hybrid,0,0,3,68.82
user_052,2024-01-08,256,34,22,17,12,4.92,46.77,0,workday,23:15,07:07,18-24,hybrid,0,0,3,52.95
user_052,2024-01-09,219,48,30,33,12,5.16,36.92,0,workday,23:11,06:01,18-24,hybrid,0,0,2,42.71
user_052,2024-01-10,225,59,24,37,27,4.04,43.81,1,workday,22:14,06:04,18-24,hybrid,0,0,1,19.61
user_052,2024-01-11,236,50,28,28,12,5.22,46.4,0,workday,23:40,07:22,18-24,hybrid,0,0,3,62.59
user_052,2024-01-12,187,52,19,27,24,5.74,50.86,1,workday,23:55,06:52,18-24,hybrid,0,0,2,28.76
user_052,2024-01-13,187,35,9,18,19,6.79,57.32,0,weekend,22:00,06:53,18-24,hybrid,0,0,3,56.31
user_052,2024-01-14,234,39,15,28,25,6.64,56.71,0,weekend,22:28,07:32,18-24,hybrid,0,0,3,55.42
user_052,2024-01-15,265,29,12,22,15,2.22,71.33,0,workday,23:35,06:49,18-24,hybrid,0,0,2,42.85
user_052,2024-01-16,228,59,10,44,29,5.1,62.02,0,workday,23:31,06:31,18-24,hybrid,0,0,4,87.29
user_052,2024-01-17,191,39,20,20,22,3.34,59.82,1,workday,23:11,06:10,18-24,hybrid,0,0,1,14.76
user_052,2024-01-18,229,34,10,33,13,2.8,60.58,1,workday,23:24,07:25,18-24,hybrid,0,0,3,57.1
user_052,2024-01-19,183,42,13,27,15,4.71,44.97,1,workday,23:55,06:17,18-24,hybrid,0,0,4,82.04
user_052,2024-01-20,251,60,21,49,23,4.72,70.98,0,weekend,00:48,09:00,18-24,hybrid,0,0,4,92.59
user_052,2024-01-21,259,53,31,30,21,8.44,49.73,0,weekend,23:23,08:13,18-24,hybrid,0,0,2,36.36
user_053,2024-01-01,250,38,12,24,25,7.59,48.62,1,workday,22:31,06:19,45-54,remote,0,0,2,43.55
user_053,2024-01-02,191,46,26,18,20,4.15,73.95,0,workday,23:53,06:41,45-54,remote,0,0,4,80.67
user_053,2024-01-03,252,35,16,24,11,5.12,58.54,0,workday,23:30,07:05,45-54,remote,0,0,4,83.02
user_053,2024-01-04,270,24,15,36,9,7.89,57.39,1,workday,23:14,06:50,45-54,remote,0,0,3,72.52
user_053,2024-01-05,239,52,41,38,13,5.3,51.82,1,workday,22:37,07:06,45-54,remote,0,0,3,53.26
user_053,2024-01-06,273,49,32,19,20,5.13,69.2,0,weekend,23:49,08:15,45-54,remote,0,0,4,89.72
user_053,2024-01-07,246,52,20,48,25,4.09,60.68,1,weekend,23:51,07:55,45-54,remote,0,0,4,81.72
user_053,2024-01-08,300,60,35,43,28,8.19,53.33,1,workday,23:35,06:31,45-54,remote,0,0,3,61.53
user_053,2024-01-09,220,50,15,45,23,8.85,59.44,1,workday,23:28,06:36,45-54,remote,0,0,3,58.22
user_053,2024-01-10,271,54,28,34,20,9.36,49.03,0,workday,23:10,07:25,45-54,remote,0,0,2,42.94
user_053,2024-01-11,215,36,23,19,20,6.2,47.93,1,workday,23:20,06:57,45-54,remote,0,0,3,54.16
user_053,2024-01-12,240,53,19,32,26,5.34,60.67,1,workday,23:02,06:18,45-54,remote,0,0,3,70.63
user_053,2024-01-13,237,31,13,12,10,4.61,50.22,0,weekend,22:35,07:51,45-54,remote,0,0,4,84.01
user_053,2024-01-14,265,37,5,27,9,3.24,53.71,0,weekend,23:23,07:32,45-54,remote,0,0,4,92.62
user_053,2024-01-15,239,33,20,40,15,6.8,38.97,0,workday,22:20,07:00,45-54,remote,0,0,4,76.0
user_053,2024-01-16,254,41,14,24,16,3.91,67.55,0,workday,23:26,06:41,45-54,remote,0,0,4,91.28
user_053,2024-01-17,204,29,15,16,19,5.83,38.64,0,workday,22:57,06:52,45-54,remote,0,0,2,36.78
user_053,2024-01-18,250,49,35,29,29,4.68,56.17,0,workday,22:57,06:41,45-54,remote,0,0,4,93.84
user_053,2024-01-19,265,55,33,26,24,5.87,60.68,1,workday,23:03,06:44,45-54,remote,0,0,3,61.04
user_053,2024-01-20,292,37,15,21,15,4.82,52.0,0,weekend,23:15,08:20,45-54,remote,0,0,2,48.54
user_053,2024-01-21,210,33,4,12,14,2.05,72.83,1,weekend,22:51,08:00,45-54,remote,0,0,4,96.63
user_054,2024-01-01,238,60,9,32,23,4.55,60.43,1,workday,23:02,07:23,35-44,on_site,0,0,1,3.11
user_054,2024-01-02,158,40,35,21,18,3.75,69.26,0,workday,23:02,06:11,35-44,on_site,0,0,3,55.65
user_054,2024-01-03,235,34,18,25,13,3.74,36.78,0,workday,22:51,06:56,35-44,on_site,0,0,2,42.19
user_054,2024-01-04,140,32,13,29,26,7.48,42.41,0,workday,23:29,06:50,35-44,on_site,0,0,1,9.55
user_054,2024-01-05,165,41,16,26,21,4.69,51.11,0,workday,22:37,06:23,35-44,on_site,0,0,1,21.71
user_054,2024-01-06,259,60,26,22,20,5.38,63.3,0,weekend,22:40,08:07,35-44,on_site,0,0,3,75.0
user_054,2024-01-07,217,40,14,26,11,3.74,79.53,0,weekend,22:46,07:59,35-44,on_site,0,0,3,74.23
user_054,2024-01-08,190,25,19,23,10,3.45,79.49,0,workday,22:56,05:48,35-44,on_site,0,0,3,70.27
user_054,2024-01-09,227,37,14,18,14,4.98,67.6,1,workday,22:51,06:54,35-44,on_site,0,0,3,55.21
user_054,2024-01-10,203,37,9,17,18,3.85,40.35,1,workday,23:34,07:20,35-44,on_site,0,0,2,31.08
user_054,2024-01-11,231,51,9,15,21,2.37,55.0,0,workday,23:09,07:17,35-44,on_site,0,0,3,70.08
user_054,2024-01-12,158,45,24,27,21,4.38,65.74,0,workday,22:30,07:05,35-44,on_site,0,0,1,23.54
user_054,2024-01-13,227,37,14,24,25,5.64,49.82,1,weekend,23:11,07:12,35-44,on_site,0,0,1,16.92
user_054,2024-01-14,163,29,4,21,15,3.42,66.97,0,weekend,23:37,06:38,35-44,on_site,0,0,3,69.63
user_054,2024-01-15,156,39,31,23,17,4.64,71.72,0,workday,22:18,07:05,35-44,on_site,0,0,2,33.77
user_054,2024-01-16,203,36,12,36,12,6.71,70.05,0,workday,22:51,06:30,35-44,on_site,0,0,2,44.25
user_054,2024-01-17,250,53,20,34,28,6.78,47.04,0,workday,23:13,06:44,35-44,on_site,0,0,1,12.5
user_054,2024-01-18,163,27,18,28,12,3.26,59.83,1,workday,22:56,07:39,35-44,on_site,0,0,3,65.68
user_054,2024-01-19,240,60,33,39,26,7.58,35.5,0,workday,22:46,06:40,35-44,on_site,0,0,1,1.95
user_054,2024-01-20,256,59,52,46,26,4.46,65.6,0,weekend,23:51,07:58,35-44,on_site,0,0,3,59.41
user_054,2024-01-21,190,49,31,31,18,6.77,49.68,0,weekend,23:15,07:28,35-44,on_site,0,0,2,44.36
user_055,2024-01-01,243,21,19,14,11,4.09,48.66,0,workday,22:21,06:28,35-44,remote,1,0,4,86.51
user_055,2024-01-02,207,47,19,40,21,7.66,46.8,1,workday,23:16,07:55,35-44,remote,1,0,3,58.86
user_055,2024-01-03,254,49,16,39,24,5.91,43.05,1,workday,23:35,06:58,35-44,remote,1,0,2,32.55
user_055,2024-01-04,237,33,12,29,15,8.71,51.03,0,workday,23:00,06:44,35-44,remote,1,0,3,66.8
user_055,2024-01-05,282,60,45,42,14,5.64,49.7,0,workday,23:05,07:19,35-44,remote,1,0,2,35.51
user_055,2024-01-06,220,43,26,16,28,3.78,55.63,0,weekend,23:45,08:05,35-44,remote,1,0,3,68.21
user_055,2024-01-07,259,49,40,27,22,3.82,56.6,0,weekend,22:45,07:21,35-44,remote,1,0,2,31.17
user_055,2024-01-08,273,60,34,36,20,6.62,45.18,0,workday,22:26,07:14,35-44,remote,1,0,1,21.54
user_055,2024-01-09,300,39,10,23,9,4.0,78.98,1,workday,22:39,07:02,35-44,remote,1,0,4,86.87
user_055,2024-01-10,213,43,26,33,25,6.14,57.98,0,workday,22:38,07:21,35-44,remote,1,0,3,51.63
user_055,2024-01-11,299,44,26,27,17,4.69,50.02,0,workday,23:01,06:41,35-44,remote,1,0,2,26.11
user_055,2024-01-12,265,56,47,35,25,8.86,62.4,0,workday,23:13,06:59,35-44,remote,1,0,1,17.74
user_055,2024-01-13,300,60,38,42,21,4.89,55.01,0,weekend,23:58,08:05,35-44,remote,1,0,3,52.7
user_055,2024-01-14,205,25,7,20,8,3.18,59.34,0,weekend,00:05,07:52,35-44,remote,1,0,3,63.92
user_055,2024-01-15,242,42,8,18,19,5.1,53.72,0,workday,23:23,07:25,35-44,remote,1,0,4,81.79
user_055,2024-01-16,280,58,13,41,29,7.28,62.35,0,workday,00:01,06:13,35-44,remote,1,0,2,29.78
user_055,2024-01-17,258,55,30,39,26,10.0,48.29,0,workday,22:50,07:35,35-44,remote,1,0,2,48.87
user_055,2024-01-18,214,44,17,34,21,3.18,59.87,0,workday,23:09,07:18,35-44,remote,1,0,4,89.37
user_055,2024-01-19,228,50,31,39,18,6.42,63.18,1,workday,23:48,07:03,35-44,remote,1,0,2,44.4
user_055,2024-01-20,183,33,10,22,19,4.98,57.68,0,weekend,23:21,08:19,35-44,remote,1,0,4,96.66
user_055,2024-01-21,249,46,11,28,16,3.42,68.75,0,weekend,23:30,07:22,35-44,remote,1,0,4,81.03
user_056,2024-01-01,206,50,22,31,17,5.44,46.37,1,workday,23:47,06:07,45-54,remote,0,0,1,10.23
user_056,2024-01-02,271,60,19,44,29,7.31,35.91,0,workday,23:57,07:00,45-54,remote,0,0,4,88.86
user_056,2024-01-03,194,31,9,24,21,7.93,40.14,0,workday,23:05,07:08,45-54,remote,0,0,2,28.41
user_056,2024-01-04,277,55,21,38,21,8.36,34.68,0,workday,23:47,07:08,45-54,remote,0,0,1,9.08
user_056,2024-01-05,179,37,18,30,18,3.73,50.56,0,workday,23:35,06:47,45-54,remote,0,0,2,47.57
user_056,2024-01-06,222,25,4,22,10,1.16,56.55,0,weekend,23:09,08:13,45-54,remote,0,0,4,93.08
user_056,2024-01-07,201,34,3,31,21,2.88,65.32,0,weekend,23:20,07:40,45-54,remote,0,0,3,61.48
user_056,2024-01-08,234,32,12,21,27,6.19,43.89,0,workday,22:32,05:48,45-54,remote,0,0,3,66.95
user_056,2024-01-09,195,37,24,19,22,5.56,54.64,0,workday,22:47,08:01,45-54,remote,0,0,2,49.6
user_056,2024-01-10,272,58,36,42,25,4.71,42.48,0,workday,23:57,06:53,45-54,remote,0,0,4,76.72
user_056,2024-01-11,284,57,41,42,24,5.98,51.4,0,workday,23:34,06:20,45-54,remote,0,0,2,41.69
user_056,2024-01-12,300,48,23,34,27,5.29,52.23,0,workday,21:31,06:36,45-54,remote,0,0,2,50.0
user_056,2024-01-13,232,34,12,24,12,2.37,38.89,0,weekend,23:18,08:13,45-54,remote,0,0,2,38.08
user_056,2024-01-14,261,41,27,29,12,5.27,76.06,0,weekend,23:08,07:00,45-54,remote,0,0,3,58.53
user_056,2024-01-15,255,58,39,44,20,7.81,63.3,1,workday,22:55,06:56,45-54,remote,0,0,1,15.36
user_056,2024-01-16,254,42,11,30,25,8.03,49.17,1,workday,23:22,06:22,45-54,remote,0,0,1,16.26
user_056,2024-01-17,258,56,24,41,19,1.55,44.85,0,workday,23:04,06:06,45-54,remote,0,0,4,92.55
user_056,2024-01-18,182,55,11,33,19,5.75,53.89,1,workday,23:25,06:59,45-54,remote,0,0,1,22.15
user_056,2024-01-19,251,51,34,49,25,9.29,21.23,1,workday,23:11,05:47,45-54,remote,0,0,1,9.06
user_056,2024-01-20,274,60,44,40,25,6.17,58.88,1,weekend,00:11,07:35,45-54,remote,0,0,1,23.93
user_056,2024-01-21,260,38,19,15,24,4.1,50.06,0,weekend,23:40,08:10,45-54,remote,0,0,4,86.19
user_057,2024-01-01,209,28,16,21,6,5.86,60.63,0,workday,22:20,07:50,25-34,hybrid,0,0,4,89.79
user_057,2024-01-02,250,49,32,29,21,5.09,82.76,0,workday,22:16,07:18,25-34,hybrid,0,0,3,60.27
user_057,2024-01-03,192,59,25,37,22,6.6,52.27,0,workday,23:05,07:22,25-34,hybrid,0,0,4,78.07
user_057,2024-01-04,192,28,6,35,9,5.54,58.74,0,workday,23:57,06:56,25-34,hybrid,0,0,4,96.32
user_057,2024-01-05,226,42,24,34,30,6.91,70.44,0,workday,22:19,06:50,25-34,hybrid,0,0,4,88.89
user_057,2024-01-06,185,24,17,14,12,4.0,49.8,1,weekend,00:06,08:09,25-34,hybrid,0,0,2,30.05
user_057,2024-01-07,242,53,27,38,24,5.98,49.59,1,weekend,23:12,08:15,25-34,hybrid,0,0,2,32.67
user_057,2024-01-08,153,51,18,13,19,3.36,57.34,1,workday,22:37,06:54,25-34,hybrid,0,0,2,39.78
user_057,2024-01-09,176,56,23,34,26,6.17,43.9,0,workday,22:58,07:21,25-34,hybrid,0,0,2,45.5
user_057,2024-01-10,258,42,25,26,23,7.76,44.47,0,workday,22:30,07:29,25-34,hybrid,0,0,3,51.55
user_057,2024-01-11,157,8,8,7,13,2.88,63.28,0,workday,23:25,07:33,25-34,hybrid,0,0,4,91.55
user_057,2024-01-12,172,30,9,16,12,4.7,61.55,0,workday,23:23,06:38,25-34,hybrid,0,0,4,80.67
user_057,2024-01-13,239,44,21,23,23,2.8,63.78,0,weekend,23:16,07:34,25-34,hybrid,0,0,2,50.0
user_057,2024-01-14,211,22,18,26,6,3.68,43.45,0,weekend,23:59,07:40,25-34,hybrid,0,0,3,67.73
user_057,2024-01-15,231,42,18,18,10,0.0,70.97,1,workday,22:34,06:50,25-34,hybrid,0,0,4,85.41
user_057,2024-01-16,140,21,10,11,10,5.44,55.69,1,workday,23:38,07:17,25-34,hybrid,0,0,1,25.0
user_057,2024-01-17,202,39,9,30,20,6.05,55.41,0,workday,23:26,07:23,25-34,hybrid,0,0,3,68.18
user_057,2024-01-18,186,44,27,17,18,4.72,70.81,1,workday,23:18,07:44,25-34,hybrid,0,0,3,56.58
user_057,2024-01-19,239,52,22,27,21,4.83,46.65,1,workday,23:31,06:32,25-34,hybrid,0,0,2,29.74
user_057,2024-01-20,240,46,20,26,19,0.85,84.8,0,weekend,22:40,07:07,25-34,hybrid,0,0,4,89.87
user_057,2024-01-21,204,47,27,43,27,5.83,81.62,0,weekend,23:42,06:59,25-34,hybrid,0,0,4,94.06
user_058,2024-01-01,143,60,20,36,26,5.9,59.35,0,workday,22:46,07:50,35-44,on_site,0,0,2,26.15
user_058,2024-01-02,129,35,28,24,21,3.99,68.09,0,workday,22:14,07:16,35-44,on_site,0,0,3,56.55
user_058,2024-01-03,215,55,37,29,27,5.69,56.76,0,workday,23:44,06:42,35-44,on_site,0,0,1,15.74
user_058,2024-01-04,238,56,14,38,23,7.54,47.24,0,workday,23:29,06:06,35-44,on_site,0,0,1,16.23
user_058,2024-01-05,241,47,30,23,30,7.49,37.1,0,workday,23:31,07:24,35-44,on_site,0,0,1,14.53
user_058,2024-01-06,174,23,14,30,13,3.34,68.56,0,weekend,23:10,07:28,35-44,on_site,0,0,2,43.22
user_058,2024-01-07,195,47,10,25,18,3.3,77.2,0,weekend,00:17,07:18,35-44,on_site,0,0,2,35.48
user_058,2024-01-08,229,59,38,43,30,5.93,50.19,0,workday,22:36,06:25,35-44,on_site,0,0,1,15.36
user_058,2024-01-09,225,43,13,23,18,6.78,75.29,1,workday,22:30,06:46,35-44,on_site,0,0,1,17.52
user_058,2024-01-10,166,42,13,33,21,4.21,49.08,0,workday,22:58,06:31,35-44,on_site,0,0,3,58.11
user_058,2024-01-11,182,52,10,18,21,5.44,71.52,1,workday,21:57,07:01,35-44,on_site,0,0,1,9.98
user_058,2024-01-12,201,48,24,30,15,6.67,69.71,0,workday,23:16,07:24,35-44,on_site,0,0,2,30.15
user_058,2024-01-13,243,39,20,19,15,1.17,70.96,0,weekend,00:02,07:51,35-44,on_site,0,0,4,87.82
user_058,2024-01-14,272,60,13,28,25,2.72,71.43,0,weekend,23:45,08:19,35-44,on_site,0,0,3,56.78
user_058,2024-01-15,172,34,16,35,14,4.85,45.6,1,workday,22:51,07:16,35-44,on_site,0,0,1,13.15
user_058,2024-01-16,219,43,25,33,22,7.39,65.88,0,workday,23:35,07:14,35-44,on_site,0,0,2,46.31
user_058,2024-01-17,156,49,21,34,30,8.81,38.01,1,workday,23:13,07:22,35-44,on_site,0,0,1,9.4
user_058,2024-01-18,267,49,24,50,30,6.59,49.83,1,workday,23:20,07:00,35-44,on_site,0,0,1,9.34
user_058,2024-01-19,214,43,26,39,22,5.72,38.87,1,workday,23:20,06:05,35-44,on_site,0,0,3,51.1
user_058,2024-01-20,176,42,17,30,13,4.69,59.68,0,weekend,23:17,07:54,35-44,on_site,0,0,4,83.44
user_058,2024-01-21,233,60,14,42,27,5.96,67.22,0,weekend,23:57,08:05,35-44,on_site,0,0,3,54.56
user_059,2024-01-01,193,37,27,16,23,8.27,51.42,1,workday,22:37,06:53,18-24,on_site,1,0,1,17.12
user_059,2024-01-02,174,49,8,25,16,6.82,38.84,1,workday,22:54,07:33,18-24,on_site,1,0,1,5.94
user_059,2024-01-03,200,60,39,29,25,10.0,42.53,0,workday,23:07,07:08,18-24,on_site,1,0,1,14.33
user_059,2024-01-04,236,53,24,39,29,3.28,55.39,0,workday,22:56,07:39,18-24,on_site,1,0,3,53.33
user_059,2024-01-05,147,19,13,15,22,4.7,65.59,0,workday,23:24,06:19,18-24,on_site,1,0,1,11.81
user_059,2024-01-06,221,31,10,11,18,5.03,55.59,0,weekend,23:43,07:17,18-24,on_site,1,0,2,49.98
user_059,2024-01-07,196,43,28,34,16,5.47,53.5,0,weekend,01:08,07:26,18-24,on_site,1,0,4,80.91
user_059,2024-01-08,289,57,19,48,19,6.38,40.51,0,workday,23:05,06:46,18-24,on_site,1,0,1,24.65
user_059,2024-01-09,185,22,9,26,20,2.87,53.52,0,workday,22:08,07:17,18-24,on_site,1,0,2,45.91
user_059,2024-01-10,249,60,28,32,24,7.75,46.86,0,workday,22:44,06:24,18-24,on_site,1,0,2,39.6
user_059,2024-01-11,245,46,11,29,19,4.6,41.8,0,workday,22:50,07:28,18-24,on_site,1,0,3,54.9
user_059,2024-01-12,235,60,46,35,30,6.71,34.99,1,workday,23:20,06:50,18-24,on_site,1,0,1,0.48
user_059,2024-01-13,172,33,5,24,10,4.58,45.34,0,weekend,23:46,08:10,18-24,on_site,1,0,2,33.42
user_059,2024-01-14,253,58,25,27,26,6.47,50.92,1,weekend,23:14,07:30,18-24,on_site,1,0,1,18.03
user_059,2024-01-15,191,47,7,19,16,4.54,56.2,1,workday,22:51,07:17,18-24,on_site,1,0,1,17.66
user_059,2024-01-16,165,36,25,33,15,3.13,54.95,1,workday,23:40,07:50,18-24,on_site,1,0,1,21.79
user_059,2024-01-17,196,43,34,36,22,5.78,37.11,0,workday,22:48,06:11,18-24,on_site,1,0,1,15.84
user_059,2024-01-18,165,52,42,24,20,1.09,66.95,0,workday,22:45,07:04,18-24,on_site,1,0,2,35.56
user_059,2024-01-19,223,32,21,25,17,3.52,49.49,0,workday,22:48,06:39,18-24,on_site,1,0,2,37.72
user_059,2024-01-20,268,33,10,19,12,3.72,52.62,0,weekend,00:39,07:41,18-24,on_site,1,0,1,6.13
user_059,2024-01-21,197,37,19,27,8,5.53,44.46,0,weekend,23:04,08:13,18-24,on_site,1,0,1,16.9
user_060,2024-01-01,241,53,30,28,20,4.49,71.45,0,workday,22:23,07:09,18-24,hybrid,0,0,1,13.41
user_060,2024-01-02,229,41,28,30,18,1.92,60.3,0,workday,22:59,07:13,18-24,hybrid,0,0,1,9.25
user_060,2024-01-03,239,60,18,34,20,6.07,56.34,1,workday,22:44,06:25,18-24,hybrid,0,0,1,17.21
user_060,2024-01-04,217,43,28,42,13,2.8,68.43,0,workday,23:18,07:30,18-24,hybrid,0,0,3,66.27
user_060,2024-01-05,275,60,14,48,21,6.83,74.41,1,workday,23:19,06:36,18-24,hybrid,0,0,1,4.15
user_060,2024-01-06,183,14,8,18,8,1.14,70.27,0,weekend,23:12,08:11,18-24,hybrid,0,0,2,46.41
user_060,2024-01-07,196,23,16,15,12,4.32,48.07,0,weekend,00:42,08:11,18-24,hybrid,0,0,1,19.88
user_060,2024-01-08,224,49,31,23,20,7.96,39.72,0,workday,22:29,07:09,18-24,hybrid,0,0,1,3.81
user_060,2024-01-09,213,45,28,21,16,4.94,75.86,1,workday,22:50,07:15,18-24,hybrid,0,0,1,7.42
user_060,2024-01-10,253,39,25,16,19,8.24,70.69,1,workday,23:11,07:48,18-24,hybrid,0,0,1,20.54
user_060,2024-01-11,216,41,19,31,19,5.54,75.98,1,workday,23:53,06:50,18-24,hybrid,0,0,1,5.53
user_060,2024-01-12,257,40,23,30,23,7.94,55.0,1,workday,21:34,07:26,18-24,hybrid,0,0,1,1.09
user_060,2024-01-13,233,44,26,26,20,3.1,61.7,1,weekend,22:41,07:42,18-24,hybrid,0,0,1,16.46
user_060,2024-01-14,219,45,29,21,21,2.54,67.84,0,weekend,23:09,07:22,18-24,hybrid,0,0,1,10.63
user_060,2024-01-15,174,23,2,23,12,2.48,69.85,1,workday,23:07,07:04,18-24,hybrid,0,0,1,18.76
user_060,2024-01-16,169,37,8,23,14,2.97,47.45,0,workday,22:46,07:40,18-24,hybrid,0,0,1,14.36
user_060,2024-01-17,204,43,21,31,23,5.47,56.66,1,workday,22:37,07:39,18-24,hybrid,0,0,1,12.92
user_060,2024-01-18,261,49,24,39,15,7.4,41.64,1,workday,22:40,06:54,18-24,hybrid,0,0,1,2.17
user_060,2024-01-19,197,54,28,39,19,5.1,50.3,0,workday,23:08,06:52,18-24,hybrid,0,0,1,6.05
user_060,2024-01-20,271,43,11,44,24,5.84,55.99,1,weekend,23:35,07:59,18-24,hybrid,0,0,1,13.08
user_060,2024-01-21,202,41,11,37,15,0.44,64.32,0,weekend,23:52,07:57,18-24,hybrid,0,0,2,29.2
user_061,2024-01-01,210,41,17,35,12,4.54,41.28,1,workday,22:57,06:39,35-44,on_site,1,1,1,10.97
user_061,2024-01-02,220,36,13,36,27,1.73,53.54,0,workday,22:29,07:02,35-44,on_site,1,1,2,30.8
user_061,2024-01-03,171,41,21,37,19,5.42,58.67,1,workday,22:58,06:00,35-44,on_site,1,1,1,0.0
user_061,2024-01-04,170,35,12,28,20,4.74,56.37,1,workday,22:54,07:33,35-44,on_site,1,1,1,6.33
user_061,2024-01-05,218,10,7,14,13,3.97,50.53,0,workday,22:54,07:31,35-44,on_site,1,1,2,42.12
user_061,2024-01-06,177,47,25,25,21,4.88,61.78,0,weekend,00:21,07:12,35-44,on_site,1,1,4,86.39
user_061,2024-01-07,238,50,23,23,27,3.28,66.44,0,weekend,23:26,07:17,35-44,on_site,1,1,3,65.27
user_061,2024-01-08,180,37,15,11,17,3.9,76.3,1,workday,23:01,07:27,35-44,on_site,1,1,1,21.29
user_061,2024-01-09,265,50,32,28,15,4.4,48.72,1,workday,23:25,06:58,35-44,on_site,1,1,1,6.08
user_061,2024-01-10,250,24,10,13,10,4.76,80.47,0,workday,23:13,07:04,35-44,on_site,1,1,3,63.15
user_061,2024-01-11,226,45,27,24,25,5.62,63.08,0,workday,23:28,07:18,35-44,on_site,1,1,3,54.5
user_061,2024-01-12,145,55,34,33,28,4.36,67.92,1,workday,22:31,06:49,35-44,on_site,1,1,2,31.95
user_061,2024-01-13,167,3,3,5,2,2.12,63.23,0,weekend,23:01,08:07,35-44,on_site,1,1,3,74.31
user_061,2024-01-14,297,55,33,31,27,7.28,57.78,0,weekend,23:49,08:05,35-44,on_site,1,1,2,32.02
user_061,2024-01-15,183,40,6,26,16,5.17,71.27,0,workday,22:32,06:53,35-44,on_site,1,1,1,20.22
user_061,2024-01-16,212,43,26,39,27,6.91,47.45,1,workday,23:09,07:35,35-44,on_site,1,1,2,43.09
user_061,2024-01-17,226,21,6,3,12,2.81,45.32,1,workday,21:46,06:40,35-44,on_site,1,1,1,25.0
user_061,2024-01-18,272,44,12,49,9,4.64,67.75,0,workday,23:51,06:45,35-44,on_site,1,1,3,61.45
user_061,2024-01-19,223,26,10,11,21,7.01,75.57,1,workday,22:38,06:37,35-44,on_site,1,1,1,4.38
user_061,2024-01-20,222,52,22,40,29,5.86,37.19,1,weekend,23:12,08:00,35-44,on_site,1,1,1,13.26
user_061,2024-01-21,250,19,14,12,10,2.5,68.74,0,weekend,22:19,08:47,35-44,on_site,1,1,3,60.63
user_062,2024-01-01,195,43,17,34,19,5.87,45.38,0,workday,23:49,06:34,25-34,on_site,0,0,1,8.24
user_062,2024-01-02,239,46,20,37,21,6.5,37.93,1,workday,22:47,06:15,25-34,on_site,0,0,1,17.25
user_062,2024-01-03,176,54,25,36,23,5.05,36.71,1,workday,23:04,07:09,25-34,on_site,0,0,1,17.72
user_062,2024-01-04,270,60,52,47,20,7.05,56.85,1,workday,23:22,07:03,25-34,on_site,0,0,1,11.99
user_062,2024-01-05,208,36,21,31,8,6.15,73.7,1,workday,23:06,06:41,25-34,on_site,0,0,2,33.8
user_062,2024-01-06,248,51,21,42,13,5.3,42.52,0,weekend,23:21,07:18,25-34,on_site,0,0,3,60.47
user_062,2024-01-07,240,39,17,29,14,5.8,51.14,0,weekend,23:19,07:16,25-34,on_site,0,0,1,15.29
user_062,2024-01-08,185,44,7,23,19,6.62,59.26,1,workday,22:33,07:04,25-34,on_site,0,0,2,35.13
user_062,2024-01-09,179,53,26,31,30,5.05,44.23,1,workday,23:30,07:11,25-34,on_site,0,0,1,24.99
user_062,2024-01-10,247,40,9,21,15,5.46,22.07,1,workday,23:25,06:01,25-34,on_site,0,0,1,17.92
user_062,2024-01-11,248,22,9,34,10,7.18,61.29,0,workday,23:06,07:22,25-34,on_site,0,0,4,78.52
user_062,2024-01-12,230,27,17,26,15,5.9,55.5,0,workday,22:48,07:20,25-34,on_site,0,0,4,88.61
user_062,2024-01-13,183,30,16,24,16,1.79,46.37,0,weekend,23:24,07:32,25-34,on_site,0,0,3,65.32
user_062,2024-01-14,211,32,21,23,23,5.28,42.95,0,weekend,23:57,07:49,25-34,on_site,0,0,4,80.17
user_062,2024-01-15,182,41,26,28,20,5.93,44.46,0,workday,22:28,06:58,25-34,on_site,0,0,2,45.93
user_062,2024-01-16,257,54,30,38,25,5.92,47.05,1,workday,22:49,07:57,25-34,on_site,0,0,1,9.66
user_062,2024-01-17,223,34,16,25,18,3.17,50.43,0,workday,23:04,07:16,25-34,on_site,0,0,1,23.11
user_062,2024-01-18,214,37,11,11,14,4.89,49.56,1,workday,22:10,07:22,25-34,on_site,0,0,3,53.64
user_062,2024-01-19,230,60,49,39,26,5.21,28.88,0,workday,23:43,07:30,25-34,on_site,0,0,1,11.73
user_062,2024-01-20,166,37,11,37,20,2.54,48.17,1,weekend,23:14,08:04,25-34,on_site,0,0,2,39.82
user_062,2024-01-21,242,56,32,33,24,2.18,82.28,0,weekend,22:34,07:34,25-34,on_site,0,0,3,73.87
user_063,2024-01-01,247,60,23,45,13,3.65,65.82,1,workday,23:25,06:53,35-44,hybrid,0,0,1,4.37
user_063,2024-01-02,231,37,7,24,23,5.39,68.52,0,workday,22:02,06:21,35-44,hybrid,0,0,4,91.51
user_063,2024-01-03,234,37,21,24,14,7.18,27.73,0,workday,23:50,06:49,35-44,hybrid,0,0,2,46.6
user_063,2024-01-04,211,39,23,29,19,3.99,48.11,0,workday,23:47,07:04,35-44,hybrid,0,0,2,47.57
user_063,2024-01-05,220,31,18,22,13,4.1,53.85,1,workday,22:49,07:26,35-44,hybrid,0,0,2,46.26
user_063,2024-01-06,241,45,20,31,21,3.77,75.49,0,weekend,00:05,07:22,35-44,hybrid,0,0,2,28.08
user_063,2024-01-07,195,47,35,15,21,2.95,58.55,0,weekend,23:14,08:13,35-44,hybrid,0,0,4,95.49
user_063,2024-01-08,219,36,8,21,15,5.07,44.91,0,workday,22:32,07:18,35-44,hybrid,0,0,2,42.41
user_063,2024-01-09,155,28,10,11,20,2.34,74.03,1,workday,22:27,07:05,35-44,hybrid,0,0,4,80.73
user_063,2024-01-10,215,38,10,35,13,5.6,91.6,0,workday,23:54,06:58,35-44,hybrid,0,0,3,59.73
user_063,2024-01-11,232,44,27,36,17,3.62,75.15,0,workday,22:52,07:13,35-44,hybrid,0,0,4,96.09
user_063,2024-01-12,234,38,28,29,21,7.21,44.28,0,workday,22:48,06:30,35-44,hybrid,0,0,2,26.61
user_063,2024-01-13,261,45,4,35,16,4.01,57.03,0,weekend,00:38,07:53,35-44,hybrid,0,0,4,77.48
user_063,2024-01-14,296,34,19,39,22,5.09,69.67,0,weekend,22:45,07:19,35-44,hybrid,0,0,2,45.6
user_063,2024-01-15,193,60,33,31,22,7.88,33.35,0,workday,22:43,07:43,35-44,hybrid,0,0,2,27.94
user_063,2024-01-16,192,48,11,32,22,4.26,59.85,0,workday,22:52,07:43,35-44,hybrid,0,0,3,71.36
user_063,2024-01-17,247,57,25,48,17,4.6,46.66,0,workday,22:34,07:30,35-44,hybrid,0,0,3,52.9
user_063,2024-01-18,219,47,13,33,19,8.74,43.36,0,workday,23:50,07:25,35-44,hybrid,0,0,3,60.84
user_063,2024-01-19,220,45,19,33,26,4.21,51.49,1,workday,22:10,07:58,35-44,hybrid,0,0,2,43.81
user_063,2024-01-20,252,50,24,28,16,4.51,52.35,0,weekend,23:17,07:30,35-44,hybrid,0,0,1,20.4
user_063,2024-01-21,300,52,15,33,12,2.38,62.77,0,weekend,23:12,07:54,35-44,hybrid,0,0,2,37.52
user_064,2024-01-01,248,60,22,32,25,5.78,47.48,1,workday,23:20,07:23,35-44,remote,0,0,3,56.77
user_064,2024-01-02,177,41,15,20,16,4.51,51.56,1,workday,23:03,06:45,35-44,remote,0,0,3,67.24
user_064,2024-01-03,269,48,25,25,20,6.61,57.92,0,workday,23:08,07:08,35-44,remote,0,0,4,76.82
user_064,2024-01-04,218,39,32,37,26,6.74,56.61,0,workday,22:25,06:48,35-44,remote,0,0,3,61.45
user_064,2024-01-05,286,45,12,20,19,2.75,70.15,0,workday,23:17,07:18,35-44,remote,0,0,4,100.0
user_064,2024-01-06,234,57,8,33,24,4.76,58.02,0,weekend,00:08,07:42,35-44,remote,0,0,4,97.83
user_064,2024-01-07,300,53,27,29,20,4.82,51.08,0,weekend,23:18,08:06,35-44,remote,0,0,4,90.92
user_064,2024-01-08,203,60,22,28,27,6.21,54.88,0,workday,22:55,05:50,35-44,remote,0,0,4,82.8
user_064,2024-01-09,188,28,12,12,8,3.55,65.87,1,workday,23:03,06:33,35-44,remote,0,0,3,69.54
user_064,2024-01-10,267,41,21,24,21,6.18,67.46,1,workday,23:37,07:19,35-44,remote,0,0,4,82.72
user_064,2024-01-11,206,48,19,31,18,5.36,39.78,1,workday,22:51,06:57,35-44,remote,0,0,4,83.44
user_064,2024-01-12,237,42,32,27,16,4.17,50.43,0,workday,23:09,07:07,35-44,remote,0,0,3,71.53
user_064,2024-01-13,200,40,27,28,19,5.1,44.64,0,weekend,23:32,06:53,35-44,remote,0,0,4,92.07
user_064,2024-01-14,288,28,8,15,12,2.22,46.57,0,weekend,23:04,06:48,35-44,remote,0,0,4,97.62
user_064,2024-01-15,211,55,29,35,18,5.29,48.12,0,workday,22:48,06:57,35-44,remote,0,0,4,89.18
user_064,2024-01-16,207,50,8,44,21,4.02,61.74,0,workday,23:25,07:00,35-44,remote,0,0,4,90.51
user_064,2024-01-17,222,60,20,34,21,1.69,67.5,0,workday,23:03,07:17,35-44,remote,0,0,4,82.49
user_064,2024-01-18,298,54,29,49,25,5.76,59.64,0,workday,23:00,07:32,35-44,remote,0,0,4,88.41
user_064,2024-01-19,249,57,44,41,16,5.98,40.34,1,workday,23:06,07:13,35-44,remote,0,0,2,32.79
user_064,2024-01-20,258,35,9,23,15,0.66,76.08,0,weekend,22:35,07:33,35-44,remote,0,0,4,100.0
user_064,2024-01-21,204,52,32,28,19,4.01,77.1,0,weekend,23:24,07:33,35-44,remote,0,0,3,59.25
user_065,2024-01-01,208,39,21,27,26,5.68,33.1,0,workday,23:10,06:49,35-44,hybrid,1,0,4,83.7
user_065,2024-01-02,178,41,12,33,24,5.43,42.46,0,workday,22:22,07:55,35-44,hybrid,1,0,4,76.5
user_065,2024-01-03,278,53,37,35,28,5.66,52.89,1,workday,22:55,06:38,35-44,hybrid,1,0,3,63.21
user_065,2024-01-04,198,35,13,23,18,3.27,65.19,0,workday,22:51,07:01,35-44,hybrid,1,0,4,87.93
user_065,2024-01-05,216,20,13,27,16,4.1,60.02,0,workday,22:40,07:45,35-44,hybrid,1,0,4,96.0
user_065,2024-01-06,229,42,28,37,17,4.27,58.7,0,weekend,23:24,06:54,35-44,hybrid,1,0,4,98.17
user_065,2024-01-07,173,32,12,22,4,2.5,54.14,0,weekend,23:39,07:12,35-44,hybrid,1,0,4,93.26
user_065,2024-01-08,251,40,20,27,21,6.28,47.32,0,workday,22:40,07:12,35-44,hybrid,1,0,4,81.85
user_065,2024-01-09,203,46,21,39,25,4.56,58.63,0,workday,00:25,07:04,35-44,hybrid,1,0,4,85.87
user_065,2024-01-10,199,51,30,32,25,5.46,62.38,0,workday,22:45,06:52,35-44,hybrid,1,0,4,94.04
user_065,2024-01-11,225,40,24,19,20,5.4,58.84,0,workday,23:06,06:17,35-44,hybrid,1,0,4,80.48
user_065,2024-01-12,164,47,16,21,25,7.47,39.23,1,workday,23:51,06:26,35-44,hybrid,1,0,3,51.98
user_065,2024-01-13,215,43,11,35,15,4.21,54.4,0,weekend,23:09,07:24,35-44,hybrid,1,0,3,52.26
user_065,2024-01-14,239,37,34,21,22,3.17,65.37,0,weekend,23:48,08:31,35-44,hybrid,1,0,4,90.15
user_065,2024-01-15,230,60,30,33,22,5.09,71.97,0,workday,00:13,07:02,35-44,hybrid,1,0,2,40.02
user_065,2024-01-16,265,55,27,31,16,3.85,62.29,0,workday,23:52,06:49,35-44,hybrid,1,0,4,98.24
user_065,2024-01-17,190,29,14,21,11,2.52,56.74,0,workday,23:17,07:48,35-44,hybrid,1,0,4,98.46
user_065,2024-01-18,258,26,17,12,15,6.1,47.02,0,workday,23:04,07:19,35-44,hybrid,1,0,4,87.42
user_065,2024-01-19,218,36,19,22,16,5.63,44.23,1,workday,22:06,07:17,35-44,hybrid,1,0,2,29.57
user_065,2024-01-20,247,41,11,21,14,2.27,60.35,0,weekend,23:33,07:36,35-44,hybrid,1,0,4,90.96
user_065,2024-01-21,257,33,19,34,22,5.77,45.29,0,weekend,22:36,07:13,35-44,hybrid,1,0,4,85.4
user_066,2024-01-01,187,60,20,45,19,6.79,41.17,1,workday,22:12,06:57,35-44,hybrid,0,0,2,29.45
user_066,2024-01-02,200,58,32,38,24,6.76,42.68,0,workday,23:39,07:12,35-44,hybrid,0,0,1,9.11
user_066,2024-01-03,260,58,20,36,27,7.62,52.22,1,workday,22:58,07:17,35-44,hybrid,0,0,1,14.2
user_066,2024-01-04,198,51,18,37,24,4.35,71.93,0,workday,00:04,06:39,35-44,hybrid,0,0,1,17.75
user_066,2024-01-05,230,33,11,24,15,7.04,54.34,1,workday,23:15,07:32,35-44,hybrid,0,0,1,9.81
user_066,2024-01-06,200,35,14,21,18,4.15,57.6,1,weekend,23:44,07:34,35-44,hybrid,0,0,2,27.75
user_066,2024-01-07,231,36,29,20,17,4.6,69.58,0,weekend,23:19,07:40,35-44,hybrid,0,0,3,69.58
user_066,2024-01-08,226,42,6,21,19,3.14,72.11,1,workday,23:14,06:32,35-44,hybrid,0,0,1,10.19
user_066,2024-01-09,185,38,15,14,15,6.47,55.65,1,workday,22:32,07:05,35-44,hybrid,0,0,1,22.09
user_066,2024-01-10,215,45,13,38,15,2.49,68.48,1,workday,22:29,07:30,35-44,hybrid,0,0,2,27.33
user_066,2024-01-11,130,60,24,32,25,6.79,39.85,0,workday,23:12,07:41,35-44,hybrid,0,0,2,34.94
user_066,2024-01-12,234,45,23,45,13,5.09,46.11,0,workday,00:01,06:27,35-44,hybrid,0,0,2,49.51
user_066,2024-01-13,228,45,18,28,16,6.24,52.39,0,weekend,23:35,07:53,35-44,hybrid,0,0,3,54.58
user_066,2024-01-14,239,43,16,23,16,4.63,45.15,1,weekend,23:16,07:04,35-44,hybrid,0,0,2,40.07
user_066,2024-01-15,210,15,12,7,6,3.8,65.3,1,workday,22:59,07:02,35-44,hybrid,0,0,2,26.56
user_066,2024-01-16,273,56,21,41,23,7.9,31.67,0,workday,21:30,06:58,35-44,hybrid,0,0,1,11.16
user_066,2024-01-17,200,43,15,30,17,5.25,60.4,1,workday,22:50,07:16,35-44,hybrid,0,0,1,23.56
user_066,2024-01-18,205,40,33,25,17,4.07,43.01,1,workday,00:00,06:48,35-44,hybrid,0,0,1,21.03
user_066,2024-01-19,159,24,9,17,21,0.95,85.02,0,workday,00:18,07:35,35-44,hybrid,0,0,4,86.82
user_066,2024-01-20,145,17,8,13,8,2.33,75.37,0,weekend,22:19,07:28,35-44,hybrid,0,0,2,31.84
user_066,2024-01-21,199,44,22,25,18,3.64,71.75,1,weekend,22:43,07:44,35-44,hybrid,0,0,2,41.21
user_067,2024-01-01,203,37,19,27,19,6.16,59.84,0,workday,23:04,06:09,35-44,remote,0,0,4,86.79
user_067,2024-01-02,173,17,2,13,18,5.72,53.65,1,workday,23:55,07:53,35-44,remote,0,0,4,93.39
user_067,2024-01-03,268,43,15,30,24,6.19,54.68,0,workday,23:07,07:11,35-44,remote,0,0,2,40.7
user_067,2024-01-04,300,48,25,36,20,7.34,36.86,1,workday,22:28,06:24,35-44,remote,0,0,1,17.99
user_067,2024-01-05,234,44,33,30,26,6.37,58.44,1,workday,23:10,06:45,35-44,remote,0,0,3,65.28
user_067,2024-01-06,271,36,33,25,14,2.93,69.46,0,weekend,23:27,07:59,35-44,remote,0,0,2,44.89
user_067,2024-01-07,194,35,18,27,22,4.02,46.52,0,weekend,23:46,07:39,35-44,remote,0,0,4,78.03
user_067,2024-01-08,202,47,32,25,22,7.63,54.0,1,workday,22:52,07:38,35-44,remote,0,0,2,26.02
user_067,2024-01-09,233,51,17,45,24,5.29,51.9,0,workday,23:26,07:42,35-44,remote,0,0,4,82.68
user_067,2024-01-10,217,22,11,15,13,3.55,67.66,0,workday,22:58,07:14,35-44,remote,0,0,3,58.04
user_067,2024-01-11,232,42,15,28,18,4.15,57.9,1,workday,22:46,07:08,35-44,remote,0,0,3,64.35
user_067,2024-01-12,242,60,33,37,29,8.02,56.48,1,workday,23:02,06:34,35-44,remote,0,0,3,69.09
user_067,2024-01-13,230,26,2,23,9,2.0,71.45,0,weekend,23:14,07:35,35-44,remote,0,0,4,88.44
user_067,2024-01-14,192,42,19,30,20,2.15,58.61,0,weekend,00:07,06:56,35-44,remote,0,0,3,69.75
user_067,2024-01-15,213,30,15,27,9,5.02,49.98,1,workday,22:01,07:38,35-44,remote,0,0,4,82.2
user_067,2024-01-16,218,42,20,23,19,5.4,44.36,0,workday,23:09,07:23,35-44,remote,0,0,3,72.0
user_067,2024-01-17,185,41,32,32,14,6.41,56.13,0,workday,22:09,07:17,35-44,remote,0,0,2,39.93
user_067,2024-01-18,243,40,15,24,22,5.64,65.67,1,workday,22:58,07:40,35-44,remote,0,0,3,58.64
user_067,2024-01-19,241,55,25,50,16,3.56,89.49,0,workday,23:16,07:14,35-44,remote,0,0,4,79.9
user_067,2024-01-20,241,43,7,21,23,4.06,64.91,0,weekend,23:50,07:04,35-44,remote,0,0,4,94.56
user_067,2024-01-21,275,37,32,28,20,5.82,58.22,0,weekend,22:53,07:56,35-44,remote,0,0,3,61.93
user_068,2024-01-01,265,60,32,42,19,5.46,75.65,1,workday,23:08,07:04,25-34,remote,1,0,2,29.04
user_068,2024-01-02,216,57,14,39,23,7.99,52.97,0,workday,23:43,06:53,25-34,remote,1,0,1,12.08
user_068,2024-01-03,233,48,16,23,19,2.88,56.34,0,workday,23:56,06:57,25-34,remote,1,0,2,36.48
user_068,2024-01-04,242,60,37,42,24,7.42,43.14,1,workday,23:41,07:42,25-34,remote,1,0,1,14.95
user_068,2024-01-05,252,49,23,33,29,5.71,64.61,0,workday,23:01,06:13,25-34,remote,1,0,2,50.0
user_068,2024-01-06,262,60,24,32,17,7.01,47.23,0,weekend,00:10,08:35,25-34,remote,1,0,2,45.96
user_068,2024-01-07,266,43,5,33,18,5.42,55.17,0,weekend,00:02,07:55,25-34,remote,1,0,2,33.86
user_068,2024-01-08,245,54,13,39,30,7.81,51.77,0,workday,23:03,06:55,25-34,remote,1,0,3,70.52
user_068,2024-01-09,300,49,26,23,20,7.52,47.72,0,workday,22:37,07:08,25-34,remote,1,0,2,40.14
user_068,2024-01-10,246,37,13,29,15,3.32,62.37,0,workday,23:12,08:06,25-34,remote,1,0,3,53.55
user_068,2024-01-11,217,50,28,28,16,5.25,42.17,0,workday,00:04,06:06,25-34,remote,1,0,2,39.5
user_068,2024-01-12,271,54,41,41,13,5.99,48.54,0,workday,22:45,06:51,25-34,remote,1,0,2,37.66
user_068,2024-01-13,240,60,41,29,20,4.91,67.52,0,weekend,23:26,08:12,25-34,remote,1,0,2,38.27
user_068,2024-01-14,242,52,16,30,30,4.03,50.89,0,weekend,23:41,07:18,25-34,remote,1,0,2,44.37
user_068,2024-01-15,231,59,30,44,23,6.79,45.83,1,workday,23:26,07:23,25-34,remote,1,0,1,17.11
user_068,2024-01-16,266,54,37,38,27,7.1,43.01,0,workday,23:44,06:33,25-34,remote,1,0,1,22.13
user_068,2024-01-17,251,60,29,42,17,4.48,61.15,0,workday,23:00,06:41,25-34,remote,1,0,2,40.51
user_068,2024-01-18,229,52,20,18,24,5.7,53.11,0,workday,23:02,07:10,25-34,remote,1,0,3,70.8
user_068,2024-01-19,262,56,11,32,24,8.82,26.91,0,workday,22:56,07:02,25-34,remote,1,0,3,66.06
user_068,2024-01-20,266,47,9,36,12,2.48,67.83,0,weekend,00:03,07:33,25-34,remote,1,0,3,61.02
user_068,2024-01-21,292,52,37,29,16,6.71,45.81,0,weekend,23:18,07:08,25-34,remote,1,0,2,30.32
user_069,2024-01-01,242,59,51,28,26,6.88,40.11,0,workday,23:48,06:32,18-24,hybrid,1,0,1,21.28
user_069,2024-01-02,228,48,7,36,23,6.39,26.6,0,workday,22:33,06:49,18-24,hybrid,1,0,1,12.61
user_069,2024-01-03,225,60,15,46,23,8.14,38.84,1,workday,23:17,07:32,18-24,hybrid,1,0,1,8.19
user_069,2024-01-04,191,41,25,38,14,6.4,45.59,0,workday,22:54,07:52,18-24,hybrid,1,0,1,25.0
user_069,2024-01-05,156,44,19,19,24,2.38,66.93,0,workday,23:15,06:31,18-24,hybrid,1,0,3,55.34
user_069,2024-01-06,195,33,10,26,20,3.53,75.83,0,weekend,23:17,07:48,18-24,hybrid,1,0,3,59.47
user_069,2024-01-07,225,54,10,27,24,4.92,65.25,0,weekend,23:14,08:33,18-24,hybrid,1,0,3,56.14
user_069,2024-01-08,212,29,22,30,16,5.29,70.86,1,workday,22:51,06:59,18-24,hybrid,1,0,3,52.07
user_069,2024-01-09,243,51,41,25,30,4.79,64.7,1,workday,23:34,07:00,18-24,hybrid,1,0,2,30.6
user_069,2024-01-10,157,45,25,38,18,3.15,53.87,1,workday,22:19,06:26,18-24,hybrid,1,0,3,63.93
user_069,2024-01-11,288,57,16,27,14,6.49,70.24,0,workday,21:51,06:51,18-24,hybrid,1,0,3,63.78
user_069,2024-01-12,184,40,17,29,20,4.2,52.88,0,workday,23:05,06:52,18-24,hybrid,1,0,3,56.47
user_069,2024-01-13,216,38,11,29,23,5.37,48.88,1,weekend,22:54,08:31,18-24,hybrid,1,0,2,48.2
user_069,2024-01-14,228,34,15,24,21,4.77,72.16,0,weekend,00:28,08:03,18-24,hybrid,1,0,3,66.48
user_069,2024-01-15,170,41,16,40,22,5.18,48.62,1,workday,22:44,07:22,18-24,hybrid,1,0,1,20.76
user_069,2024-01-16,137,27,1,30,6,4.49,61.13,0,workday,22:40,07:23,18-24,hybrid,1,0,3,72.29
user_069,2024-01-17,244,60,34,50,24,7.64,41.87,1,workday,22:54,07:11,18-24,hybrid,1,0,1,1.34
user_069,2024-01-18,224,60,41,37,23,5.26,54.84,1,workday,22:33,06:54,18-24,hybrid,1,0,1,25.0
user_069,2024-01-19,225,44,28,38,21,6.11,29.67,1,workday,22:39,06:27,18-24,hybrid,1,0,1,16.13
user_069,2024-01-20,235,41,11,33,13,3.53,42.22,0,weekend,00:25,07:13,18-24,hybrid,1,0,2,34.41
user_069,2024-01-21,239,39,21,31,17,1.94,63.22,0,weekend,23:56,07:45,18-24,hybrid,1,0,4,90.63
user_070,2024-01-01,243,24,10,26,19,3.04,56.15,1,workday,21:43,06:09,25-34,remote,1,1,3,68.6
user_070,2024-01-02,241,60,36,45,20,9.2,34.26,1,workday,23:47,07:02,25-34,remote,1,1,2,38.64
user_070,2024-01-03,289,60,23,47,24,8.62,14.72,0,workday,23:16,06:36,25-34,remote,1,1,1,8.93
user_070,2024-01-04,277,57,39,50,28,10.0,40.24,1,workday,23:19,06:34,25-34,remote,1,1,1,18.47
user_070,2024-01-05,300,52,15,32,22,4.96,44.1,0,workday,22:35,06:49,25-34,remote,1,1,2,38.83
user_070,2024-01-06,280,60,20,32,27,2.74,87.15,0,weekend,22:41,07:39,25-34,remote,1,1,4,90.88
user_070,2024-01-07,254,45,15,48,23,4.87,51.75,0,weekend,23:40,07:32,25-34,remote,1,1,2,29.15
user_070,2024-01-08,247,45,11,35,21,6.08,42.56,1,workday,22:45,07:00,25-34,remote,1,1,3,70.58
user_070,2024-01-09,240,53,32,47,16,6.63,59.81,0,workday,22:50,07:25,25-34,remote,1,1,3,59.07
user_070,2024-01-10,300,60,27,37,25,10.0,54.87,0,workday,23:37,07:30,25-34,remote,1,1,1,19.62
user_070,2024-01-11,242,52,32,29,30,7.97,39.61,0,workday,23:13,07:16,25-34,remote,1,1,2,28.08
user_070,2024-01-12,297,45,14,29,28,8.82,45.34,0,workday,22:32,06:34,25-34,remote,1,1,4,81.72
user_070,2024-01-13,251,32,15,21,19,2.47,79.2,0,weekend,23:17,08:01,25-34,remote,1,1,4,93.57
user_070,2024-01-14,190,52,29,36,16,2.83,60.27,0,weekend,23:52,08:09,25-34,remote,1,1,3,72.47
user_070,2024-01-15,258,46,11,46,20,8.2,56.09,1,workday,22:42,07:44,25-34,remote,1,1,1,11.67
user_070,2024-01-16,199,25,0,9,13,3.7,84.44,1,workday,23:19,07:10,25-34,remote,1,1,2,45.79
user_070,2024-01-17,198,28,5,20,17,0.41,69.92,0,workday,23:24,06:44,25-34,remote,1,1,4,87.16
user_070,2024-01-18,288,60,27,40,30,9.44,45.09,1,workday,21:59,07:14,25-34,remote,1,1,1,4.88
user_070,2024-01-19,211,40,15,33,18,7.28,58.85,1,workday,23:08,06:49,25-34,remote,1,1,2,50.0
user_070,2024-01-20,162,15,11,9,2,5.95,52.28,0,weekend,23:39,07:30,25-34,remote,1,1,4,90.68
user_070,2024-01-21,238,43,17,23,14,3.16,62.72,0,weekend,23:24,07:41,25-34,remote,1,1,2,45.77
user_071,2024-01-01,186,26,9,15,15,2.84,28.15,0,workday,23:36,06:51,18-24,on_site,1,0,4,81.06
user_071,2024-01-02,222,37,17,24,18,2.29,41.2,1,workday,00:29,07:47,18-24,on_site,1,0,1,18.86
user_071,2024-01-03,192,45,1,31,15,5.24,66.52,1,workday,22:13,06:38,18-24,on_site,1,0,3,54.82
user_071,2024-01-04,213,55,16,34,29,7.52,57.4,0,workday,22:46,06:11,18-24,on_site,1,0,2,45.46
user_071,2024-01-05,160,27,8,26,7,3.89,73.32,0,workday,23:22,06:45,18-24,on_site,1,0,3,58.88
user_071,2024-01-06,219,41,20,30,17,5.65,62.21,0,weekend,23:16,07:14,18-24,on_site,1,0,4,96.13
user_071,2024-01-07,220,39,14,37,6,3.33,77.73,1,weekend,23:20,07:47,18-24,on_site,1,0,3,51.0
user_071,2024-01-08,211,58,13,48,25,6.13,81.63,1,workday,22:48,07:23,18-24,on_site,1,0,3,74.27
user_071,2024-01-09,204,29,11,42,15,2.75,55.24,1,workday,22:29,07:35,18-24,on_site,1,0,3,55.67
user_071,2024-01-10,160,29,22,24,18,5.47,64.68,1,workday,22:27,06:48,18-24,on_site,1,0,4,82.06
user_071,2024-01-11,198,43,8,28,22,4.52,40.96,1,workday,22:45,07:10,18-24,on_site,1,0,3,73.16
user_071,2024-01-12,216,43,10,25,17,5.31,55.83,0,workday,23:08,06:46,18-24,on_site,1,0,3,60.38
user_071,2024-01-13,172,50,27,28,20,3.38,66.12,0,weekend,23:59,07:02,18-24,on_site,1,0,3,65.29
user_071,2024-01-14,300,50,16,33,24,7.15,65.28,0,weekend,22:11,07:41,18-24,on_site,1,0,2,41.53
user_071,2024-01-15,219,50,19,45,21,6.66,34.56,0,workday,23:02,06:42,18-24,on_site,1,0,2,40.34
user_071,2024-01-16,184,37,23,29,24,7.87,44.23,0,workday,22:10,06:30,18-24,on_site,1,0,3,53.84
user_071,2024-01-17,265,42,14,25,25,6.14,60.44,0,workday,23:35,08:02,18-24,on_site,1,0,3,74.52
user_071,2024-01-18,213,56,39,44,25,7.6,64.54,1,workday,22:39,06:36,18-24,on_site,1,0,3,61.56
user_071,2024-01-19,132,35,24,25,15,3.47,77.32,0,workday,23:11,07:44,18-24,on_site,1,0,4,91.46
user_071,2024-01-20,234,43,12,31,13,6.62,53.51,1,weekend,23:17,07:28,18-24,on_site,1,0,3,74.07
user_071,2024-01-21,226,52,20,31,26,3.62,59.34,0,weekend,00:04,07:40,18-24,on_site,1,0,3,67.44
user_072,2024-01-01,238,51,26,36,28,7.48,67.67,0,workday,23:26,07:30,25-34,remote,0,0,3,54.59
user_072,2024-01-02,224,39,31,15,13,1.64,65.74,1,workday,22:24,06:45,25-34,remote,0,0,3,51.68
user_072,2024-01-03,250,35,17,32,21,6.01,49.55,1,workday,23:09,07:31,25-34,remote,0,0,2,39.02
user_072,2024-01-04,215,42,12,20,17,2.5,58.18,0,workday,22:56,07:46,25-34,remote,0,0,3,57.91
user_072,2024-01-05,251,34,11,27,14,5.35,57.8,1,workday,23:02,06:31,25-34,remote,0,0,1,24.69
user_072,2024-01-06,216,33,15,19,17,5.16,51.11,0,weekend,00:31,07:10,25-34,remote,0,0,3,59.73
user_072,2024-01-07,278,52,15,36,24,2.97,69.43,0,weekend,00:06,08:06,25-34,remote,0,0,2,42.58
user_072,2024-01-08,255,55,46,24,29,9.29,61.04,0,workday,23:00,07:14,25-34,remote,0,0,1,6.25
user_072,2024-01-09,187,45,27,35,21,5.48,56.21,0,workday,23:14,07:17,25-34,remote,0,0,3,55.24
user_072,2024-01-10,256,46,28,38,19,3.6,53.75,1,workday,22:58,07:29,25-34,remote,0,0,2,31.38
user_072,2024-01-11,295,36,15,37,18,6.24,57.36,0,workday,23:13,06:52,25-34,remote,0,0,3,62.31
user_072,2024-01-12,173,43,18,31,26,5.7,49.37,0,workday,22:16,06:51,25-34,remote,0,0,3,56.4
user_072,2024-01-13,227,53,25,25,30,7.43,42.79,1,weekend,23:54,07:23,25-34,remote,0,0,2,31.28
user_072,2024-01-14,225,41,12,28,16,7.88,47.92,0,weekend,22:35,07:46,25-34,remote,0,0,2,30.58
user_072,2024-01-15,225,47,11,32,17,5.83,52.23,1,workday,23:11,07:20,25-34,remote,0,0,2,32.83
user_072,2024-01-16,192,49,27,37,30,8.58,43.79,1,workday,23:29,06:10,25-34,remote,0,0,1,22.14
user_072,2024-01-17,259,46,29,36,23,6.43,35.79,0,workday,23:42,07:18,25-34,remote,0,0,2,37.79
user_072,2024-01-18,243,60,34,45,20,5.67,38.62,1,workday,22:49,07:51,25-34,remote,0,0,1,12.37
user_072,2024-01-19,246,50,13,42,29,4.51,38.44,0,workday,22:54,06:35,25-34,remote,0,0,4,77.62
user_072,2024-01-20,228,19,7,21,14,2.46,49.16,0,weekend,23:49,07:55,25-34,remote,0,0,3,60.89
user_072,2024-01-21,239,39,8,20,19,1.17,58.37,0,weekend,22:52,08:01,25-34,remote,0,0,4,83.87
user_073,2024-01-01,290,33,19,27,28,6.59,31.14,0,workday,22:22,06:51,45-54,remote,1,0,4,92.44
user_073,2024-01-02,255,56,39,50,20,4.46,71.03,1,workday,22:17,07:04,45-54,remote,1,0,3,62.3
user_073,2024-01-03,285,52,16,30,29,6.72,68.86,0,workday,22:45,06:30,45-54,remote,1,0,4,77.14
user_073,2024-01-04,268,49,35,42,28,7.74,47.57,0,workday,23:19,06:48,45-54,remote,1,0,3,61.58
user_073,2024-01-05,247,34,24,23,26,5.3,57.37,0,workday,21:49,07:13,45-54,remote,1,0,2,44.92
user_073,2024-01-06,254,31,17,17,24,2.7,62.12,0,weekend,22:24,07:43,45-54,remote,1,0,4,98.07
user_073,2024-01-07,221,52,27,29,20,5.62,68.49,1,weekend,00:37,07:24,45-54,remote,1,0,4,86.59
user_073,2024-01-08,266,56,10,21,15,3.64,65.86,0,workday,00:20,06:03,45-54,remote,1,0,3,70.61
user_073,2024-01-09,255,45,32,37,15,5.66,54.3,0,workday,22:56,07:23,45-54,remote,1,0,3,63.99
user_073,2024-01-10,258,49,35,36,20,5.84,58.43,1,workday,23:50,06:58,45-54,remote,1,0,3,64.72
user_073,2024-01-11,290,59,44,48,13,5.13,57.17,1,workday,23:22,07:25,45-54,remote,1,0,1,17.17
user_073,2024-01-12,133,38,20,34,15,5.07,48.64,0,workday,22:40,07:00,45-54,remote,1,0,4,89.35
user_073,2024-01-13,186,39,23,21,22,5.72,45.05,0,weekend,23:16,07:54,45-54,remote,1,0,2,35.15
user_073,2024-01-14,237,53,23,34,20,4.52,69.9,1,weekend,22:58,06:46,45-54,remote,1,0,3,67.26
user_073,2024-01-15,237,60,21,28,27,4.16,42.69,0,workday,23:36,06:49,45-54,remote,1,0,3,70.85
user_073,2024-01-16,218,38,26,37,21,4.55,67.53,0,workday,23:31,07:06,45-54,remote,1,0,4,94.45
user_073,2024-01-17,225,54,23,26,19,8.07,43.2,1,workday,22:50,07:07,45-54,remote,1,0,2,39.29
user_073,2024-01-18,172,29,12,21,17,6.17,62.54,1,workday,23:07,06:57,45-54,remote,1,0,4,94.32
user_073,2024-01-19,277,60,36,41,21,8.54,40.37,1,workday,23:20,07:02,45-54,remote,1,0,1,19.65
user_073,2024-01-20,241,37,26,35,17,3.82,61.81,0,weekend,23:43,08:32,45-54,remote,1,0,4,98.04
user_073,2024-01-21,231,43,10,19,21,2.21,63.48,0,weekend,23:59,07:20,45-54,remote,1,0,3,69.6
user_074,2024-01-01,142,39,9,29,14,4.7,58.61,0,workday,23:38,07:55,25-34,on_site,0,0,3,59.82
user_074,2024-01-02,219,58,16,32,26,8.89,25.17,0,workday,22:54,06:25,25-34,on_site,0,0,1,6.29
user_074,2024-01-03,188,56,33,36,14,4.06,62.61,0,workday,22:50,06:29,25-34,on_site,0,0,2,28.0
user_074,2024-01-04,185,41,12,28,20,5.83,58.82,0,workday,22:35,07:21,25-34,on_site,0,0,2,42.29
user_074,2024-01-05,147,36,28,9,15,4.2,46.8,0,workday,23:36,06:36,25-34,on_site,0,0,2,41.53
user_074,2024-01-06,263,44,26,39,20,4.01,46.83,0,weekend,23:37,08:05,25-34,on_site,0,0,1,5.8
user_074,2024-01-07,232,35,16,23,12,2.71,89.2,0,weekend,23:59,06:48,25-34,on_site,0,0,3,53.36
user_074,2024-01-08,147,44,15,26,17,3.32,50.1,1,workday,22:58,06:52,25-34,on_site,0,0,1,22.0
user_074,2024-01-09,287,60,46,39,18,8.8,42.41,1,workday,22:58,06:54,25-34,on_site,0,0,1,0.84
user_074,2024-01-10,194,60,10,45,27,6.39,54.23,0,workday,23:15,06:41,25-34,on_site,0,0,1,16.55
user_074,2024-01-11,171,47,20,20,17,5.36,63.88,0,workday,22:46,07:04,25-34,on_site,0,0,3,64.87
user_074,2024-01-12,228,53,21,39,24,6.68,47.62,0,workday,22:38,06:47,25-34,on_site,0,0,1,14.68
user_074,2024-01-13,233,47,20,35,23,6.37,43.69,1,weekend,23:13,09:00,25-34,on_site,0,0,1,10.54
user_074,2024-01-14,225,25,12,31,15,5.57,54.08,1,weekend,22:46,07:31,25-34,on_site,0,0,1,6.18
user_074,2024-01-15,209,39,14,28,23,6.05,54.26,0,workday,23:47,06:41,25-34,on_site,0,0,2,46.83
user_074,2024-01-16,210,56,27,34,20,3.52,81.09,1,workday,23:18,06:56,25-34,on_site,0,0,1,9.77
user_074,2024-01-17,157,27,6,25,11,2.08,48.74,0,workday,23:50,05:59,25-34,on_site,0,0,2,38.54
user_074,2024-01-18,296,60,8,33,19,5.84,56.95,0,workday,23:37,06:03,25-34,on_site,0,0,2,43.71
user_074,2024-01-19,233,44,16,30,27,7.43,33.25,1,workday,22:48,07:09,25-34,on_site,0,0,1,8.6
user_074,2024-01-20,200,49,14,48,18,4.61,60.7,0,weekend,23:51,07:54,25-34,on_site,0,0,2,36.01
user_074,2024-01-21,218,35,10,34,26,5.67,76.33,0,weekend,00:25,08:06,25-34,on_site,0,0,4,87.23
user_075,2024-01-01,223,50,35,38,25,6.35,61.42,0,workday,22:36,06:41,18-24,remote,1,0,3,62.27
user_075,2024-01-02,236,36,11,26,18,7.0,47.07,1,workday,22:44,06:27,18-24,remote,1,0,1,9.26
user_075,2024-01-03,206,43,8,28,16,3.39,54.55,0,workday,23:54,07:08,18-24,remote,1,0,3,63.17
user_075,2024-01-04,230,43,19,23,20,6.51,54.31,0,workday,23:24,07:23,18-24,remote,1,0,1,19.48
user_075,2024-01-05,254,29,8,35,13,6.18,58.68,0,workday,22:42,07:03,18-24,remote,1,0,4,76.94
user_075,2024-01-06,242,15,6,28,12,3.1,63.75,0,weekend,23:42,08:08,18-24,remote,1,0,4,90.9
user_075,2024-01-07,254,29,18,16,11,3.47,76.57,0,weekend,23:51,07:39,18-24,remote,1,0,3,73.54
user_075,2024-01-08,163,24,1,25,11,4.96,54.75,1,workday,23:35,07:48,18-24,remote,1,0,3,70.95
user_075,2024-01-09,210,50,39,41,28,6.19,44.81,0,workday,23:17,07:03,18-24,remote,1,0,3,68.32
user_075,2024-01-10,187,37,16,35,13,3.5,76.05,1,workday,00:16,07:54,18-24,remote,1,0,2,33.11
user_075,2024-01-11,277,60,19,43,27,5.48,59.87,1,workday,22:37,07:55,18-24,remote,1,0,2,38.49
user_075,2024-01-12,247,38,22,32,20,3.45,61.58,0,workday,22:13,07:02,18-24,remote,1,0,4,85.59
user_075,2024-01-13,224,45,29,41,16,6.07,51.59,0,weekend,22:55,07:11,18-24,remote,1,0,2,39.05
user_075,2024-01-14,242,49,20,31,17,3.62,66.58,0,weekend,23:20,07:35,18-24,remote,1,0,4,94.28
user_075,2024-01-15,286,55,49,28,24,9.26,34.54,1,workday,23:41,07:33,18-24,remote,1,0,1,13.81
user_075,2024-01-16,222,43,21,31,14,5.56,60.4,1,workday,23:35,06:35,18-24,remote,1,0,1,23.25
user_075,2024-01-17,244,22,9,19,11,3.92,74.65,0,workday,22:19,06:29,18-24,remote,1,0,4,91.64
user_075,2024-01-18,219,41,24,37,22,7.5,45.18,0,workday,23:19,07:03,18-24,remote,1,0,2,33.86
user_075,2024-01-19,285,51,27,27,14,7.95,41.3,1,workday,22:43,07:00,18-24,remote,1,0,2,47.03
user_075,2024-01-20,277,42,22,29,17,4.33,65.45,0,weekend,22:46,08:02,18-24,remote,1,0,4,92.17
user_075,2024-01-21,244,54,15,31,22,6.88,60.63,0,weekend,23:36,08:20,18-24,remote,1,0,1,21.63
user_076,2024-01-01,213,39,19,29,18,5.23,63.97,1,workday,23:40,07:29,25-34,remote,1,0,4,96.56
user_076,2024-01-02,181,38,18,35,19,5.87,61.14,0,workday,00:07,07:30,25-34,remote,1,0,4,76.88
user_076,2024-01-03,264,29,16,19,14,5.3,89.03,0,workday,22:08,08:06,25-34,remote,1,0,4,91.39
user_076,2024-01-04,212,29,9,25,18,3.55,77.04,0,workday,22:28,07:04,25-34,remote,1,0,4,95.86
user_076,2024-01-05,196,38,15,17,19,5.96,56.4,1,workday,23:40,07:34,25-34,remote,1,0,4,88.01
user_076,2024-01-06,282,35,20,24,12,2.7,67.3,0,weekend,23:27,08:08,25-34,remote,1,0,4,99.51
user_076,2024-01-07,300,60,27,36,19,4.43,42.8,0,weekend,00:30,08:12,25-34,remote,1,0,4,83.71
user_076,2024-01-08,201,34,14,36,13,0.65,67.72,0,workday,23:54,06:36,25-34,remote,1,0,4,100.0
user_076,2024-01-09,261,44,16,49,11,4.27,61.11,0,workday,22:52,07:51,25-34,remote,1,0,4,77.69
user_076,2024-01-10,208,43,15,31,24,5.68,56.02,1,workday,22:50,07:23,25-34,remote,1,0,3,52.48
user_076,2024-01-11,221,24,4,14,18,1.44,73.32,0,workday,22:33,07:19,25-34,remote,1,0,4,97.15
user_076,2024-01-12,200,46,36,19,28,4.89,63.02,1,workday,00:21,06:42,25-34,remote,1,0,4,82.25
user_076,2024-01-13,244,32,14,40,19,3.2,64.2,0,weekend,23:22,08:01,25-34,remote,1,0,3,74.54
user_076,2024-01-14,219,54,15,37,22,2.66,81.69,0,weekend,23:28,07:29,25-34,remote,1,0,4,94.39
user_076,2024-01-15,140,10,9,3,5,2.24,57.35,0,workday,23:24,07:12,25-34,remote,1,0,4,96.92
user_076,2024-01-16,241,39,24,17,18,4.52,46.42,0,workday,22:38,06:24,25-34,remote,1,0,4,97.85
user_076,2024-01-17,241,45,19,33,20,4.68,69.6,0,workday,23:59,07:25,25-34,remote,1,0,4,87.86
user_076,2024-01-18,153,44,15,21,27,3.35,78.97,1,workday,23:38,06:18,25-34,remote,1,0,4,94.71
user_076,2024-01-19,210,49,19,45,20,6.2,72.08,1,workday,23:34,07:21,25-34,remote,1,0,4,80.29
user_076,2024-01-20,231,42,17,31,17,4.34,55.92,0,weekend,23:31,07:57,25-34,remote,1,0,4,89.31
user_076,2024-01-21,253,25,12,20,18,1.55,63.67,0,weekend,22:43,07:37,25-34,remote,1,0,3,72.31
user_077,2024-01-01,159,25,9,23,7,5.76,72.84,1,workday,22:57,06:42,25-34,hybrid,1,1,2,32.04
user_077,2024-01-02,209,35,19,23,19,6.43,51.13,1,workday,23:30,07:31,25-34,hybrid,1,1,1,17.88
user_077,2024-01-03,279,44,29,20,17,7.1,48.72,1,workday,22:51,07:38,25-34,hybrid,1,1,2,47.55
user_077,2024-01-04,226,30,4,38,14,2.06,66.58,0,workday,22:31,07:31,25-34,hybrid,1,1,4,92.77
user_077,2024-01-05,248,60,28,26,22,6.26,57.79,1,workday,23:51,06:22,25-34,hybrid,1,1,1,18.23
user_077,2024-01-06,284,53,36,35,28,4.66,71.04,0,weekend,00:18,08:01,25-34,hybrid,1,1,3,63.15
user_077,2024-01-07,216,46,19,35,25,4.7,50.6,0,weekend,23:34,06:43,25-34,hybrid,1,1,4,85.61
user_077,2024-01-08,292,53,16,24,23,3.36,44.91,0,workday,23:40,07:02,25-34,hybrid,1,1,2,39.34
user_077,2024-01-09,252,58,39,39,25,7.15,46.99,0,workday,23:30,06:34,25-34,hybrid,1,1,3,56.08
user_077,2024-01-10,241,60,39,46,29,9.58,45.42,1,workday,22:39,07:02,25-34,hybrid,1,1,2,26.67
user_077,2024-01-11,212,34,10,12,25,8.6,62.77,1,workday,22:54,05:58,25-34,hybrid,1,1,2,31.78
user_077,2024-01-12,247,50,39,37,23,6.54,53.5,1,workday,23:10,07:11,25-34,hybrid,1,1,2,42.73
user_077,2024-01-13,214,56,15,33,13,10.0,68.66,0,weekend,23:38,07:29,25-34,hybrid,1,1,2,38.93
user_077,2024-01-14,272,60,36,44,22,5.18,55.63,0,weekend,23:07,08:20,25-34,hybrid,1,1,2,42.28
user_077,2024-01-15,277,47,7,27,26,8.11,35.77,0,workday,23:00,07:16,25-34,hybrid,1,1,3,66.01
user_077,2024-01-16,225,60,26,48,20,10.0,28.53,1,workday,22:29,07:06,25-34,hybrid,1,1,1,6.93
user_077,2024-01-17,224,60,15,37,27,8.07,42.53,1,workday,23:06,06:24,25-34,hybrid,1,1,2,27.9
user_077,2024-01-18,237,60,22,25,22,1.27,69.6,1,workday,23:39,07:17,25-34,hybrid,1,1,2,44.91
user_077,2024-01-19,271,60,20,37,27,6.9,45.94,0,workday,23:46,07:29,25-34,hybrid,1,1,4,78.62
user_077,2024-01-20,193,48,17,33,19,1.95,80.95,0,weekend,23:38,08:04,25-34,hybrid,1,1,4,88.14
user_077,2024-01-21,235,55,26,41,30,6.65,48.94,0,weekend,00:41,08:08,25-34,hybrid,1,1,3,55.33
user_078,2024-01-01,199,33,10,30,22,4.66,66.38,0,workday,23:55,07:38,35-44,on_site,1,0,4,97.11
user_078,2024-01-02,198,47,20,24,19,5.3,59.46,0,workday,22:32,07:12,35-44,on_site,1,0,4,80.86
user_078,2024-01-03,194,44,26,13,22,1.51,64.54,0,workday,23:49,08:01,35-44,on_site,1,0,4,98.4
user_078,2024-01-04,152,34,21,17,19,6.43,48.67,0,workday,23:51,07:32,35-44,on_site,1,0,4,77.91
user_078,2024-01-05,217,60,30,29,23,8.68,30.1,0,workday,23:08,07:22,35-44,on_site,1,0,4,79.82
user_078,2024-01-06,180,41,28,22,15,2.2,68.67,0,weekend,23:34,08:09,35-44,on_site,1,0,4,94.85
user_078,2024-01-07,212,49,31,27,21,6.21,37.77,0,weekend,00:01,07:56,35-44,on_site,1,0,4,86.3
user_078,2024-01-08,205,34,20,19,10,3.1,49.05,0,workday,23:01,07:35,35-44,on_site,1,0,3,63.04
user_078,2024-01-09,201,48,10,35,20,4.5,43.26,0,workday,22:59,06:40,35-44,on_site,1,0,4,87.69
user_078,2024-01-10,252,40,36,30,15,7.44,53.81,0,workday,23:58,07:43,35-44,on_site,1,0,4,81.12
user_078,2024-01-11,199,60,26,41,23,7.27,60.43,1,workday,23:59,07:02,35-44,on_site,1,0,4,94.1
user_078,2024-01-12,158,34,21,33,28,7.53,58.74,1,workday,23:07,06:49,35-44,on_site,1,0,4,88.17
user_078,2024-01-13,199,19,12,35,15,2.05,76.2,0,weekend,23:36,07:48,35-44,on_site,1,0,4,96.98
user_078,2024-01-14,197,21,12,12,17,4.64,57.58,0,weekend,23:18,07:27,35-44,on_site,1,0,3,63.9
user_078,2024-01-15,212,42,10,30,25,6.93,35.96,0,workday,23:07,07:18,35-44,on_site,1,0,3,63.97
user_078,2024-01-16,156,34,13,18,19,7.53,32.0,1,workday,22:41,07:34,35-44,on_site,1,0,2,37.33
user_078,2024-01-17,204,23,17,34,17,4.8,70.89,0,workday,23:14,07:11,35-44,on_site,1,0,4,83.52
user_078,2024-01-18,180,48,7,39,22,7.82,63.1,0,workday,22:36,07:01,35-44,on_site,1,0,4,91.18
user_078,2024-01-19,213,30,12,12,18,5.88,73.06,0,workday,23:33,06:39,35-44,on_site,1,0,4,98.89
user_078,2024-01-20,230,34,21,17,19,3.02,52.17,0,weekend,23:43,07:42,35-44,on_site,1,0,4,95.95
user_078,2024-01-21,191,52,31,37,21,3.46,61.6,0,weekend,23:32,08:06,35-44,on_site,1,0,4,92.77
user_079,2024-01-01,263,60,34,47,16,6.76,43.77,0,workday,22:43,07:54,35-44,remote,1,0,2,35.63
user_079,2024-01-02,229,40,15,32,15,6.8,59.54,0,workday,23:44,06:20,35-44,remote,1,0,4,93.21
user_079,2024-01-03,281,53,21,35,17,4.29,72.51,0,workday,23:06,06:51,35-44,remote,1,0,3,63.05
user_079,2024-01-04,191,45,6,37,25,2.84,78.33,0,workday,21:48,06:35,35-44,remote,1,0,4,87.17
user_079,2024-01-05,300,60,14,27,20,9.28,36.9,1,workday,23:00,07:09,35-44,remote,1,0,2,26.74
user_079,2024-01-06,241,60,27,48,20,8.64,38.39,0,weekend,22:09,08:05,35-44,remote,1,0,1,12.21
user_079,2024-01-07,277,50,28,26,14,5.22,70.79,0,weekend,21:50,07:33,35-44,remote,1,0,3,71.13
user_079,2024-01-08,168,26,13,26,14,0.67,69.88,0,workday,00:08,07:28,35-44,remote,1,0,3,51.0
user_079,2024-01-09,232,56,24,37,21,4.8,59.63,0,workday,23:56,06:49,35-44,remote,1,0,4,88.28
user_079,2024-01-10,300,53,17,31,26,5.96,34.55,0,workday,22:57,07:13,35-44,remote,1,0,4,92.18
user_079,2024-01-11,300,45,23,42,30,5.51,44.89,1,workday,22:46,06:37,35-44,remote,1,0,4,87.64
user_079,2024-01-12,300,50,14,36,29,5.73,66.77,0,workday,23:33,07:15,35-44,remote,1,0,3,57.13
user_079,2024-01-13,224,46,22,18,19,3.83,60.82,0,weekend,23:35,07:22,35-44,remote,1,0,1,19.18
user_079,2024-01-14,245,60,25,44,28,8.25,59.72,0,weekend,23:56,08:20,35-44,remote,1,0,3,58.69
user_079,2024-01-15,221,26,11,24,16,5.79,75.79,0,workday,23:23,07:15,35-44,remote,1,0,4,93.55
user_079,2024-01-16,251,58,30,21,21,7.02,61.53,1,workday,23:44,07:22,35-44,remote,1,0,1,23.33
user_079,2024-01-17,155,20,8,18,15,4.28,48.1,0,workday,23:10,07:34,35-44,remote,1,0,4,94.35
user_079,2024-01-18,203,43,25,22,27,4.77,51.04,1,workday,23:36,07:05,35-44,remote,1,0,1,13.68
user_079,2024-01-19,257,59,36,30,26,5.65,49.33,0,workday,23:11,06:37,35-44,remote,1,0,2,48.24
user_079,2024-01-20,265,56,51,20,18,5.19,41.67,0,weekend,00:04,06:35,35-44,remote,1,0,2,33.83
user_079,2024-01-21,279,42,32,20,24,5.61,47.92,0,weekend,23:38,07:31,35-44,remote,1,0,3,66.06
user_080,2024-01-01,272,57,44,34,21,7.82,53.32,0,workday,00:07,06:51,45-54,remote,1,0,1,19.95
user_080,2024-01-02,255,45,22,24,29,8.85,51.11,1,workday,23:12,07:16,45-54,remote,1,0,1,7.11
user_080,2024-01-03,240,46,34,21,25,4.61,51.31,0,workday,23:15,06:18,45-54,remote,1,0,3,67.87
user_080,2024-01-04,233,60,30,36,22,6.11,65.16,0,workday,21:48,07:05,45-54,remote,1,0,3,55.17
user_080,2024-01-05,295,45,9,22,27,4.9,60.84,1,workday,23:34,06:44,45-54,remote,1,0,3,67.41
user_080,2024-01-06,299,56,8,35,26,6.14,52.4,1,weekend,23:44,07:04,45-54,remote,1,0,3,56.57
user_080,2024-01-07,296,41,29,31,10,6.8,31.75,1,weekend,22:53,07:36,45-54,remote,1,0,2,33.25
user_080,2024-01-08,300,60,20,44,25,8.92,28.87,1,workday,22:32,07:16,45-54,remote,1,0,2,27.02
user_080,2024-01-09,241,57,13,37,23,5.22,60.97,0,workday,22:16,06:35,45-54,remote,1,0,4,88.23
user_080,2024-01-10,259,49,19,28,20,4.59,71.74,1,workday,23:02,06:23,45-54,remote,1,0,3,65.34
user_080,2024-01-11,270,58,24,27,23,6.57,28.4,0,workday,23:33,07:12,45-54,remote,1,0,2,31.43
user_080,2024-01-12,223,55,22,46,22,7.46,43.73,0,workday,23:21,07:15,45-54,remote,1,0,2,33.66
user_080,2024-01-13,241,31,9,24,20,3.76,61.35,0,weekend,23:48,08:23,45-54,remote,1,0,3,73.91
user_080,2024-01-14,242,51,18,31,16,7.16,59.06,0,weekend,23:27,08:18,45-54,remote,1,0,3,58.96
user_080,2024-01-15,231,51,18,36,17,4.77,53.09,0,workday,23:34,07:26,45-54,remote,1,0,2,47.93
user_080,2024-01-16,237,53,13,36,21,7.16,45.34,1,workday,22:14,07:07,45-54,remote,1,0,3,55.82
user_080,2024-01-17,279,59,12,41,20,5.37,51.62,1,workday,23:12,07:10,45-54,remote,1,0,2,32.66
user_080,2024-01-18,258,52,29,20,17,4.08,64.27,1,workday,23:06,07:25,45-54,remote,1,0,4,90.33
user_080,2024-01-19,186,22,6,12,9,6.73,68.25,1,workday,22:43,07:50,45-54,remote,1,0,2,49.07
user_080,2024-01-20,255,57,23,40,27,5.08,66.17,0,weekend,23:26,07:03,45-54,remote,1,0,2,28.01
user_080,2024-01-21,288,46,14,26,17,3.76,58.56,0,weekend,23:28,08:11,45-54,remote,1,0,3,75.0
user_081,2024-01-01,214,42,19,40,17,6.5,66.75,0,workday,23:22,07:17,35-44,hybrid,1,0,3,56.74
user_081,2024-01-02,210,44,7,47,17,5.05,52.8,1,workday,22:12,06:49,35-44,hybrid,1,0,4,79.02
user_081,2024-01-03,228,52,22,35,19,4.84,58.07,1,workday,23:05,06:40,35-44,hybrid,1,0,2,38.76
user_081,2024-01-04,232,27,14,27,13,4.8,68.93,1,workday,23:02,06:59,35-44,hybrid,1,0,4,80.25
user_081,2024-01-05,178,24,8,33,9,4.31,48.4,0,workday,22:21,06:58,35-44,hybrid,1,0,3,73.4
user_081,2024-01-06,219,60,0,33,18,5.31,59.17,0,weekend,23:32,08:05,35-44,hybrid,1,0,4,81.18
user_081,2024-01-07,241,53,34,39,16,3.24,63.3,0,weekend,23:45,07:54,35-44,hybrid,1,0,3,58.74
user_081,2024-01-08,175,50,31,36,24,8.07,38.09,1,workday,23:08,07:08,35-44,hybrid,1,0,1,0.0
user_081,2024-01-09,216,36,19,22,17,5.85,71.9,1,workday,22:34,06:54,35-44,hybrid,1,0,3,62.61
user_081,2024-01-10,174,30,8,31,13,5.02,71.99,1,workday,21:57,06:50,35-44,hybrid,1,0,2,35.36
user_081,2024-01-11,166,51,36,31,23,6.04,68.8,1,workday,22:25,07:13,35-44,hybrid,1,0,2,41.25
user_081,2024-01-12,183,28,11,18,17,2.6,69.05,0,workday,22:58,07:14,35-44,hybrid,1,0,4,76.91
user_081,2024-01-13,190,39,26,24,19,4.77,51.27,0,weekend,00:42,07:19,35-44,hybrid,1,0,3,65.8
user_081,2024-01-14,241,60,27,36,27,5.18,44.04,0,weekend,21:52,07:50,35-44,hybrid,1,0,2,26.17
user_081,2024-01-15,198,49,32,19,29,4.15,59.34,0,workday,22:48,06:06,35-44,hybrid,1,0,3,51.0
user_081,2024-01-16,197,36,14,19,9,4.44,36.29,0,workday,22:10,07:27,35-44,hybrid,1,0,2,50.0
user_081,2024-01-17,216,60,23,47,25,7.19,48.39,0,workday,23:03,07:29,35-44,hybrid,1,0,1,20.53
user_081,2024-01-18,165,46,46,32,21,2.47,57.41,0,workday,22:48,06:29,35-44,hybrid,1,0,2,42.01
user_081,2024-01-19,174,24,13,16,22,6.08,62.74,1,workday,22:14,07:59,35-44,hybrid,1,0,3,58.69
user_081,2024-01-20,246,36,14,22,14,4.5,62.39,0,weekend,23:45,07:25,35-44,hybrid,1,0,3,60.4
user_081,2024-01-21,198,43,11,28,26,4.63,57.62,0,weekend,23:31,08:01,35-44,hybrid,1,0,3,64.4
user_082,2024-01-01,221,59,13,21,16,4.61,53.91,0,workday,23:26,07:01,25-34,on_site,0,1,2,42.53
user_082,2024-01-02,300,57,17,50,30,8.18,49.44,0,workday,22:46,07:12,25-34,on_site,0,1,1,19.68
user_082,2024-01-03,265,39,27,43,26,7.62,77.18,0,workday,22:47,07:42,25-34,on_site,0,1,4,90.32
user_082,2024-01-04,207,32,20,16,14,3.26,53.57,0,workday,23:11,07:04,25-34,on_site,0,1,3,70.57
user_082,2024-01-05,191,45,7,26,21,4.76,52.65,1,workday,22:22,07:11,25-34,on_site,0,1,3,66.6
user_082,2024-01-06,175,38,26,29,11,3.02,41.97,0,weekend,23:59,07:35,25-34,on_site,0,1,4,88.99
user_082,2024-01-07,297,55,33,35,27,1.76,53.96,0,weekend,23:07,07:35,25-34,on_site,0,1,4,77.18
user_082,2024-01-08,134,23,9,19,6,2.38,62.18,0,workday,23:01,06:42,25-34,on_site,0,1,4,80.43
user_082,2024-01-09,137,33,11,36,19,3.34,69.16,0,workday,23:24,06:42,25-34,on_site,0,1,4,82.66
user_082,2024-01-10,224,60,19,31,20,8.33,62.12,0,workday,22:27,07:36,25-34,on_site,0,1,2,39.07
user_082,2024-01-11,129,55,8,37,29,5.67,40.91,0,workday,22:15,07:21,25-34,on_site,0,1,3,51.51
user_082,2024-01-12,232,39,6,33,20,8.31,32.69,0,workday,23:42,06:33,25-34,on_site,0,1,3,55.54
user_082,2024-01-13,156,27,21,32,7,1.37,75.75,0,weekend,23:44,06:55,25-34,on_site,0,1,3,60.62
user_082,2024-01-14,223,48,19,26,21,4.0,45.8,1,weekend,23:53,07:29,25-34,on_site,0,1,1,20.73
user_082,2024-01-15,159,37,15,15,15,5.12,64.35,0,workday,22:45,06:44,25-34,on_site,0,1,4,90.75
user_082,2024-01-16,232,60,37,50,22,6.08,44.28,0,workday,22:49,07:06,25-34,on_site,0,1,3,67.03
user_082,2024-01-17,246,45,16,39,17,5.78,42.26,0,workday,23:47,06:40,25-34,on_site,0,1,4,77.28
user_082,2024-01-18,150,48,18,22,19,9.37,29.85,0,workday,23:02,07:03,25-34,on_site,0,1,1,7.53
user_082,2024-01-19,226,50,24,27,26,8.14,60.99,0,workday,23:19,06:48,25-34,on_site,0,1,2,31.01
user_082,2024-01-20,201,28,14,19,19,2.8,51.9,0,weekend,23:34,07:05,25-34,on_site,0,1,4,79.5
user_082,2024-01-21,163,28,23,29,12,2.86,47.19,0,weekend,00:01,07:59,25-34,on_site,0,1,2,31.59
user_083,2024-01-01,179,48,19,36,24,3.52,78.2,1,workday,22:15,06:26,45-54,hybrid,0,0,1,2.89
user_083,2024-01-02,173,38,14,23,9,5.01,44.99,0,workday,23:00,06:55,45-54,hybrid,0,0,4,77.05
user_083,2024-01-03,292,54,15,44,19,5.79,58.25,0,workday,23:11,06:35,45-54,hybrid,0,0,2,30.71
user_083,2024-01-04,240,56,24,25,26,4.22,42.88,1,workday,22:30,08:03,45-54,hybrid,0,0,3,63.22
user_083,2024-01-05,206,31,7,25,9,5.13,53.62,1,workday,22:13,07:36,45-54,hybrid,0,0,1,8.13
user_083,2024-01-06,200,46,23,24,21,2.08,46.42,0,weekend,23:11,07:47,45-54,hybrid,0,0,2,31.89
user_083,2024-01-07,190,58,37,35,23,4.69,56.55,1,weekend,23:27,08:04,45-54,hybrid,0,0,2,34.81
user_083,2024-01-08,235,41,28,27,23,7.02,40.6,0,workday,22:38,07:01,45-54,hybrid,0,0,1,6.99
user_083,2024-01-09,240,43,27,33,24,6.36,42.66,0,workday,00:11,06:42,45-54,hybrid,0,0,1,15.4
user_083,2024-01-10,243,60,19,46,21,6.97,47.18,0,workday,22:54,06:07,45-54,hybrid,0,0,1,5.0
user_083,2024-01-11,276,40,22,33,22,6.27,44.38,1,workday,23:35,06:30,45-54,hybrid,0,0,1,14.52
user_083,2024-01-12,210,58,20,35,17,4.87,53.81,0,workday,23:10,07:04,45-54,hybrid,0,0,2,48.77
user_083,2024-01-13,155,14,7,28,10,1.95,64.59,0,weekend,23:13,07:51,45-54,hybrid,0,0,4,76.4
user_083,2024-01-14,287,52,18,25,24,5.86,63.62,0,weekend,22:36,07:24,45-54,hybrid,0,0,3,74.22
user_083,2024-01-15,234,47,16,30,17,6.63,47.06,1,workday,23:32,06:52,45-54,hybrid,0,0,1,3.07
user_083,2024-01-16,265,57,38,33,26,6.94,71.15,0,workday,22:47,07:22,45-54,hybrid,0,0,2,38.58
user_083,2024-01-17,154,29,5,18,12,5.08,56.25,1,workday,22:54,07:06,45-54,hybrid,0,0,1,4.78
user_083,2024-01-18,212,40,26,24,18,3.37,56.34,1,workday,22:24,06:39,45-54,hybrid,0,0,2,32.31
user_083,2024-01-19,150,33,25,22,25,6.48,59.45,0,workday,22:24,06:20,45-54,hybrid,0,0,2,48.54
user_083,2024-01-20,237,43,37,19,10,2.53,79.19,0,weekend,23:46,07:46,45-54,hybrid,0,0,3,56.63
user_083,2024-01-21,191,13,7,11,11,0.87,65.18,0,weekend,23:49,08:12,45-54,hybrid,0,0,3,68.61
user_084,2024-01-01,261,36,11,33,28,10.0,42.17,1,workday,00:23,06:51,18-24,remote,0,0,1,15.32
user_084,2024-01-02,174,40,18,30,8,4.93,56.85,1,workday,23:11,07:13,18-24,remote,0,0,1,19.41
user_084,2024-01-03,255,44,15,49,16,4.8,51.58,0,workday,22:29,07:22,18-24,remote,0,0,4,79.94
user_084,2024-01-04,196,42,32,35,19,3.68,78.62,0,workday,23:11,06:32,18-24,remote,0,0,4,96.86
user_084,2024-01-05,238,42,20,30,23,4.82,68.15,1,workday,21:45,06:56,18-24,remote,0,0,2,32.23
user_084,2024-01-06,212,49,22,34,21,6.51,61.6,0,weekend,23:44,06:24,18-24,remote,0,0,3,64.9
user_084,2024-01-07,239,29,29,24,11,4.61,41.63,0,weekend,23:12,07:30,18-24,remote,0,0,2,38.29
user_084,2024-01-08,269,39,15,30,25,5.38,58.15,0,workday,22:14,06:15,18-24,remote,0,0,4,92.65
user_084,2024-01-09,244,52,21,32,28,6.42,57.63,1,workday,22:19,07:08,18-24,remote,0,0,2,29.25
user_084,2024-01-10,242,44,9,16,18,8.29,38.97,0,workday,22:16,07:36,18-24,remote,0,0,2,35.98
user_084,2024-01-11,250,42,12,33,24,5.85,40.11,0,workday,22:14,07:21,18-24,remote,0,0,3,63.54
user_084,2024-01-12,251,35,18,24,20,4.66,64.35,0,workday,23:15,07:06,18-24,remote,0,0,4,87.74
user_084,2024-01-13,238,38,16,19,12,3.25,52.67,0,weekend,00:00,07:57,18-24,remote,0,0,4,94.19
user_084,2024-01-14,242,52,8,32,18,2.71,63.85,0,weekend,23:38,07:22,18-24,remote,0,0,4,89.13
user_084,2024-01-15,230,48,4,27,27,3.58,77.36,0,workday,22:21,08:12,18-24,remote,0,0,3,58.68
user_084,2024-01-16,197,36,18,27,19,5.32,44.27,1,workday,21:58,07:20,18-24,remote,0,0,2,29.8
user_084,2024-01-17,189,27,14,20,18,6.99,54.34,0,workday,22:40,06:55,18-24,remote,0,0,3,57.37
user_084,2024-01-18,228,46,14,38,25,5.38,46.97,0,workday,23:19,07:40,18-24,remote,0,0,2,42.06
user_084,2024-01-19,199,29,21,16,9,3.94,50.4,0,workday,23:15,07:21,18-24,remote,0,0,4,88.77
user_084,2024-01-20,220,32,11,20,12,1.93,89.13,0,weekend,00:23,07:31,18-24,remote,0,0,4,86.89
user_084,2024-01-21,223,52,32,23,26,3.63,64.71,1,weekend,00:03,06:32,18-24,remote,0,0,2,44.55
user_085,2024-01-01,214,51,16,39,19,7.59,54.48,0,workday,22:13,06:24,18-24,remote,1,0,1,11.38
user_085,2024-01-02,228,33,20,38,15,5.45,48.6,1,workday,23:10,06:50,18-24,remote,1,0,1,23.52
user_085,2024-01-03,252,42,11,27,20,3.85,47.85,0,workday,23:28,07:00,18-24,remote,1,0,1,16.48
user_085,2024-01-04,249,40,20,23,14,3.5,55.14,0,workday,23:45,06:22,18-24,remote,1,0,2,40.46
user_085,2024-01-05,164,28,13,17,17,2.42,65.09,0,workday,22:42,07:03,18-24,remote,1,0,4,84.6
user_085,2024-01-06,285,45,27,31,22,4.36,63.19,0,weekend,22:33,07:16,18-24,remote,1,0,1,12.54
user_085,2024-01-07,245,49,20,33,25,1.67,51.99,0,weekend,23:25,07:24,18-24,remote,1,0,3,54.9
user_085,2024-01-08,236,16,6,21,13,2.08,78.06,0,workday,23:22,06:40,18-24,remote,1,0,4,83.13
user_085,2024-01-09,223,45,21,36,25,5.74,49.74,1,workday,23:03,06:40,18-24,remote,1,0,1,10.62
user_085,2024-01-10,220,41,10,34,23,5.9,65.33,1,workday,23:24,06:08,18-24,remote,1,0,1,9.19
user_085,2024-01-11,201,38,23,17,23,3.23,60.52,0,workday,23:34,07:10,18-24,remote,1,0,2,45.47
user_085,2024-01-12,295,56,22,32,17,3.71,69.57,0,workday,22:29,06:43,18-24,remote,1,0,4,76.0
user_085,2024-01-13,232,33,16,27,14,6.94,67.61,0,weekend,23:02,07:42,18-24,remote,1,0,1,19.69
user_085,2024-01-14,211,46,20,43,25,6.16,59.8,0,weekend,23:25,08:17,18-24,remote,1,0,1,16.69
user_085,2024-01-15,178,45,17,40,24,4.85,60.72,0,workday,23:46,07:09,18-24,remote,1,0,2,42.81
user_085,2024-01-16,242,43,35,23,13,7.03,31.22,1,workday,23:02,07:23,18-24,remote,1,0,1,17.12
user_085,2024-01-17,175,33,26,26,12,7.35,40.82,0,workday,22:29,07:41,18-24,remote,1,0,1,18.66
user_085,2024-01-18,199,39,20,29,21,5.69,48.66,1,workday,22:58,07:54,18-24,remote,1,0,1,16.51
user_085,2024-01-19,211,39,14,29,20,6.08,55.62,0,workday,23:07,07:16,18-24,remote,1,0,1,9.14
user_085,2024-01-20,262,56,36,36,24,6.83,33.25,1,weekend,23:25,06:50,18-24,remote,1,0,1,16.93
user_085,2024-01-21,243,35,19,28,26,4.74,53.72,0,weekend,23:44,07:17,18-24,remote,1,0,2,35.76
user_086,2024-01-01,245,50,25,35,20,5.3,58.16,1,workday,21:58,07:08,18-24,remote,0,1,1,20.77
user_086,2024-01-02,250,51,21,30,28,6.44,36.53,0,workday,23:47,06:53,18-24,remote,0,1,2,37.67
user_086,2024-01-03,268,33,10,23,15,2.87,55.02,0,workday,23:50,07:20,18-24,remote,0,1,4,95.57
user_086,2024-01-04,295,60,26,42,29,7.56,42.14,1,workday,23:56,06:47,18-24,remote,0,1,2,38.35
user_086,2024-01-05,219,39,16,19,18,8.55,31.75,1,workday,23:24,07:32,18-24,remote,0,1,1,19.49
user_086,2024-01-06,209,50,44,39,24,6.58,51.89,0,weekend,00:13,08:21,18-24,remote,0,1,3,64.8
user_086,2024-01-07,253,44,24,40,26,4.75,74.4,0,weekend,23:28,07:46,18-24,remote,0,1,4,95.59
user_086,2024-01-08,221,44,13,34,12,7.58,49.2,1,workday,22:51,07:01,18-24,remote,0,1,1,15.75
user_086,2024-01-09,231,53,18,19,18,3.27,70.25,0,workday,23:47,06:38,18-24,remote,0,1,2,39.18
user_086,2024-01-10,139,28,10,45,17,7.72,34.93,0,workday,22:48,07:19,18-24,remote,0,1,3,74.45
user_086,2024-01-11,211,60,19,50,22,3.09,53.69,0,workday,22:16,07:32,18-24,remote,0,1,2,30.55
user_086,2024-01-12,242,58,35,46,26,8.74,52.46,0,workday,21:42,06:28,18-24,remote,0,1,2,36.47
user_086,2024-01-13,241,34,23,30,25,5.82,74.73,0,weekend,22:49,08:02,18-24,remote,0,1,3,55.53
user_086,2024-01-14,175,23,5,20,22,3.05,60.84,0,weekend,23:05,08:06,18-24,remote,0,1,4,83.08
user_086,2024-01-15,276,56,28,43,26,8.55,37.78,0,workday,23:52,06:50,18-24,remote,0,1,2,37.58
user_086,2024-01-16,181,50,9,33,23,4.99,64.59,0,workday,22:46,06:37,18-24,remote,0,1,2,40.95
user_086,2024-01-17,287,24,9,29,19,2.22,61.88,0,workday,23:37,07:21,18-24,remote,0,1,4,98.53
user_086,2024-01-18,203,60,32,30,26,5.4,52.35,1,workday,22:36,06:38,18-24,remote,0,1,3,69.13
user_086,2024-01-19,295,60,12,42,30,9.59,32.08,1,workday,22:19,06:42,18-24,remote,0,1,1,25.0
user_086,2024-01-20,210,31,31,9,21,7.97,27.54,0,weekend,23:21,08:36,18-24,remote,0,1,2,34.81
user_086,2024-01-21,209,34,5,39,20,7.67,53.95,0,weekend,23:30,08:39,18-24,remote,0,1,4,82.0
user_087,2024-01-01,216,37,16,26,19,4.8,61.54,1,workday,21:47,05:35,35-44,remote,0,0,4,76.49
user_087,2024-01-02,257,48,35,30,20,3.96,43.29,1,workday,22:38,07:30,35-44,remote,0,0,3,68.05
user_087,2024-01-03,218,37,23,29,18,5.5,49.65,0,workday,22:30,07:30,35-44,remote,0,0,3,61.27
user_087,2024-01-04,260,22,15,22,17,2.32,73.66,0,workday,22:42,06:18,35-44,remote,0,0,4,86.13
user_087,2024-01-05,285,40,19,24,29,7.21,52.54,0,workday,23:12,07:33,35-44,remote,0,0,3,68.98
user_087,2024-01-06,275,53,18,21,25,1.92,60.84,1,weekend,01:06,07:39,35-44,remote,0,0,4,79.97
user_087,2024-01-07,242,53,24,31,15,4.79,50.75,0,weekend,23:08,06:42,35-44,remote,0,0,3,72.35
user_087,2024-01-08,238,58,14,44,22,5.86,47.55,1,workday,23:29,07:50,35-44,remote,0,0,3,64.53
user_087,2024-01-09,229,60,26,41,20,8.83,32.43,1,workday,00:28,06:34,35-44,remote,0,0,2,43.85
user_087,2024-01-10,255,35,18,26,18,3.42,42.59,0,workday,22:24,06:37,35-44,remote,0,0,4,89.85
user_087,2024-01-11,236,40,20,12,12,8.04,31.75,0,workday,22:34,06:19,35-44,remote,0,0,3,55.64
user_087,2024-01-12,247,50,34,26,21,5.94,57.49,0,workday,22:44,06:45,35-44,remote,0,0,2,45.32
user_087,2024-01-13,183,44,11,16,22,0.0,71.4,0,weekend,22:32,08:00,35-44,remote,0,0,4,100.0
user_087,2024-01-14,220,56,29,28,24,3.82,45.1,0,weekend,22:11,08:01,35-44,remote,0,0,4,82.18
user_087,2024-01-15,263,43,27,23,16,5.86,50.9,0,workday,22:41,07:07,35-44,remote,0,0,2,39.03
user_087,2024-01-16,232,29,13,20,11,4.7,59.45,0,workday,22:11,07:04,35-44,remote,0,0,4,97.43
user_087,2024-01-17,240,40,19,28,20,7.48,53.85,0,workday,00:12,06:48,35-44,remote,0,0,4,85.44
user_087,2024-01-18,187,14,14,12,13,4.75,52.7,1,workday,21:56,07:15,35-44,remote,0,0,4,83.51
user_087,2024-01-19,241,60,30,38,24,8.88,43.13,0,workday,22:12,07:03,35-44,remote,0,0,3,59.25
user_087,2024-01-20,246,45,11,36,26,2.73,56.42,0,weekend,23:44,08:04,35-44,remote,0,0,3,71.25
user_087,2024-01-21,197,54,16,41,17,3.32,82.88,0,weekend,22:51,07:28,35-44,remote,0,0,4,94.18
user_088,2024-01-01,217,36,23,18,10,6.01,82.55,0,workday,22:49,07:08,25-34,hybrid,0,1,4,76.0
user_088,2024-01-02,175,29,13,27,18,1.41,64.44,0,workday,23:18,07:00,25-34,hybrid,0,1,4,97.33
user_088,2024-01-03,238,27,21,21,27,7.48,44.22,1,workday,22:34,06:13,25-34,hybrid,0,1,1,4.98
user_088,2024-01-04,201,38,21,22,20,3.04,59.42,0,workday,21:49,07:09,25-34,hybrid,0,1,4,90.26
user_088,2024-01-05,193,42,29,25,22,4.93,53.01,1,workday,22:54,06:55,25-34,hybrid,0,1,2,26.89
user_088,2024-01-06,152,42,8,41,26,1.99,63.54,0,weekend,23:18,07:29,25-34,hybrid,0,1,2,36.09
user_088,2024-01-07,232,56,19,28,22,4.98,67.36,0,weekend,23:41,07:19,25-34,hybrid,0,1,3,69.67
user_088,2024-01-08,205,30,22,11,0,2.88,73.93,1,workday,21:56,06:40,25-34,hybrid,0,1,2,38.93
user_088,2024-01-09,206,52,27,25,25,3.33,65.98,0,workday,22:58,07:03,25-34,hybrid,0,1,4,86.17
user_088,2024-01-10,201,19,4,9,0,0.42,75.78,0,workday,22:45,07:13,25-34,hybrid,0,1,4,77.16
user_088,2024-01-11,210,49,30,30,14,5.93,64.37,0,workday,22:44,06:57,25-34,hybrid,0,1,3,64.9
user_088,2024-01-12,184,30,4,13,25,0.02,74.48,1,workday,23:19,06:55,25-34,hybrid,0,1,4,77.48
user_088,2024-01-13,192,31,16,24,18,2.67,74.17,0,weekend,23:51,07:50,25-34,hybrid,0,1,4,82.8
user_088,2024-01-14,249,55,39,39,7,4.45,84.9,0,weekend,23:30,08:03,25-34,hybrid,0,1,4,84.29
user_088,2024-01-15,221,41,21,33,25,1.16,54.93,0,workday,23:00,06:55,25-34,hybrid,0,1,4,94.06
user_088,2024-01-16,187,20,9,19,22,5.56,70.67,1,workday,22:41,08:07,25-34,hybrid,0,1,3,66.56
user_088,2024-01-17,268,39,30,45,21,6.45,70.05,0,workday,22:24,06:59,25-34,hybrid,0,1,2,36.52
user_088,2024-01-18,234,33,1,42,21,3.78,54.83,1,workday,23:02,06:53,25-34,hybrid,0,1,2,28.95
user_088,2024-01-19,239,54,13,32,20,7.97,31.76,0,workday,23:22,07:55,25-34,hybrid,0,1,4,79.39
user_088,2024-01-20,273,60,26,20,27,6.09,22.43,0,weekend,23:56,08:09,25-34,hybrid,0,1,2,36.61
user_088,2024-01-21,202,34,15,6,22,4.45,58.51,1,weekend,23:39,07:43,25-34,hybrid,0,1,4,79.8
user_089,2024-01-01,300,60,15,38,26,7.79,56.45,1,workday,00:07,07:01,18-24,remote,1,0,3,62.68
user_089,2024-01-02,218,60,37,39,20,5.8,63.03,0,workday,22:59,06:31,18-24,remote,1,0,2,29.89
user_089,2024-01-03,178,58,19,31,21,6.41,52.02,0,workday,23:52,07:12,18-24,remote,1,0,1,16.25
user_089,2024-01-04,234,53,17,43,16,5.66,50.55,0,workday,22:48,06:26,18-24,remote,1,0,1,23.5
user_089,2024-01-05,230,60,6,41,18,4.96,49.09,0,workday,00:06,06:24,18-24,remote,1,0,3,68.12
user_089,2024-01-06,248,48,6,34,25,4.25,36.32,1,weekend,00:02,07:45,18-24,remote,1,0,1,22.99
user_089,2024-01-07,192,35,14,20,16,4.69,64.76,0,weekend,23:42,07:12,18-24,remote,1,0,3,57.46
user_089,2024-01-08,237,29,19,31,25,8.42,36.27,1,workday,22:10,06:59,18-24,remote,1,0,3,59.82
user_089,2024-01-09,178,49,40,26,23,4.94,59.79,1,workday,23:05,07:14,18-24,remote,1,0,2,33.41
user_089,2024-01-10,226,40,24,40,17,5.47,58.86,0,workday,22:44,06:59,18-24,remote,1,0,3,60.53
user_089,2024-01-11,226,38,17,25,10,5.43,72.62,0,workday,23:04,06:27,18-24,remote,1,0,2,26.0
user_089,2024-01-12,265,55,18,35,30,5.62,56.0,0,workday,23:54,06:55,18-24,remote,1,0,2,50.0
user_089,2024-01-13,279,38,32,27,18,2.75,54.08,0,weekend,23:30,07:29,18-24,remote,1,0,2,29.44
user_089,2024-01-14,290,60,29,34,29,6.49,46.46,0,weekend,00:24,07:39,18-24,remote,1,0,1,21.88
user_089,2024-01-15,247,60,37,39,29,7.8,46.66,0,workday,22:38,07:02,18-24,remote,1,0,2,46.73
user_089,2024-01-16,296,49,5,21,25,7.51,56.03,0,workday,23:21,06:51,18-24,remote,1,0,2,26.9
user_089,2024-01-17,224,45,25,34,18,3.7,54.01,1,workday,00:22,06:24,18-24,remote,1,0,2,45.69
user_089,2024-01-18,230,48,18,36,22,7.38,45.72,0,workday,22:10,07:12,18-24,remote,1,0,1,20.87
user_089,2024-01-19,173,42,15,50,23,4.72,45.33,0,workday,22:45,07:07,18-24,remote,1,0,1,19.6
user_089,2024-01-20,215,38,8,25,9,3.61,87.86,0,weekend,23:17,07:25,18-24,remote,1,0,3,67.09
user_089,2024-01-21,222,46,20,37,27,5.95,67.83,0,weekend,23:41,07:09,18-24,remote,1,0,3,53.55
user_090,2024-01-01,229,41,28,24,25,6.45,52.24,1,workday,23:13,05:59,25-34,hybrid,1,1,3,60.86
user_090,2024-01-02,184,34,20,28,13,5.08,52.25,0,workday,23:03,06:55,25-34,hybrid,1,1,3,62.7
user_090,2024-01-03,273,54,52,29,15,7.86,35.9,1,workday,22:08,07:12,25-34,hybrid,1,1,2,44.25
user_090,2024-01-04,239,39,18,31,22,6.45,52.17,0,workday,22:17,06:49,25-34,hybrid,1,1,4,78.91
user_090,2024-01-05,232,49,12,47,23,6.33,47.88,0,workday,22:35,07:05,25-34,hybrid,1,1,1,19.49
user_090,2024-01-06,170,36,19,36,30,3.45,75.33,0,weekend,23:12,07:15,25-34,hybrid,1,1,3,71.87
user_090,2024-01-07,213,36,19,16,14,5.91,64.76,0,weekend,22:56,08:26,25-34,hybrid,1,1,3,67.63
user_090,2024-01-08,212,47,14,36,18,7.18,69.06,0,workday,22:14,06:38,25-34,hybrid,1,1,2,37.09
user_090,2024-01-09,215,31,21,29,17,5.54,66.58,1,workday,22:33,06:19,25-34,hybrid,1,1,3,60.35
user_090,2024-01-10,259,57,31,25,26,3.04,70.56,0,workday,23:30,06:12,25-34,hybrid,1,1,2,41.84
user_090,2024-01-11,286,44,23,18,3,2.42,69.3,0,workday,22:01,07:37,25-34,hybrid,1,1,3,70.61
user_090,2024-01-12,198,46,34,21,20,3.01,75.99,0,workday,23:32,06:52,25-34,hybrid,1,1,3,69.13
user_090,2024-01-13,188,33,10,29,25,3.87,70.57,0,weekend,23:21,07:39,25-34,hybrid,1,1,3,73.44
user_090,2024-01-14,282,60,34,39,30,7.01,28.96,1,weekend,00:19,07:47,25-34,hybrid,1,1,1,20.99
user_090,2024-01-15,230,56,33,38,14,7.64,35.35,1,workday,00:41,06:18,25-34,hybrid,1,1,2,27.16
user_090,2024-01-16,241,41,7,24,9,6.41,45.0,1,workday,23:25,06:51,25-34,hybrid,1,1,2,42.92
user_090,2024-01-17,237,32,25,26,11,5.78,41.84,1,workday,23:03,07:33,25-34,hybrid,1,1,2,49.53
user_090,2024-01-18,222,51,19,11,27,4.06,37.37,0,workday,22:47,06:46,25-34,hybrid,1,1,3,59.15
user_090,2024-01-19,177,54,20,31,22,4.29,46.93,0,workday,22:50,07:12,25-34,hybrid,1,1,3,71.96
user_090,2024-01-20,190,24,6,26,15,0.99,75.88,0,weekend,23:36,08:10,25-34,hybrid,1,1,3,71.86
user_090,2024-01-21,200,36,8,24,11,2.5,74.15,0,weekend,00:06,08:28,25-34,hybrid,1,1,2,45.96
user_091,2024-01-01,208,39,35,32,24,6.55,43.88,1,workday,23:21,06:40,18-24,hybrid,1,0,2,33.77
user_091,2024-01-02,208,44,11,34,29,5.43,69.13,1,workday,22:50,06:58,18-24,hybrid,1,0,1,8.77
user_091,2024-01-03,250,53,19,38,29,6.89,69.34,1,workday,23:16,07:26,18-24,hybrid,1,0,3,72.06
user_091,2024-01-04,240,26,16,18,10,5.31,73.27,0,workday,22:36,07:43,18-24,hybrid,1,0,2,40.24
user_091,2024-01-05,240,47,24,30,21,6.84,65.94,1,workday,22:40,07:18,18-24,hybrid,1,0,2,46.45
user_091,2024-01-06,233,56,20,24,17,3.65,48.61,0,weekend,23:28,07:24,18-24,hybrid,1,0,1,23.23
user_091,2024-01-07,278,60,37,37,30,2.24,70.75,0,weekend,00:54,07:10,18-24,hybrid,1,0,3,65.26
user_091,2024-01-08,274,60,27,38,22,6.06,56.3,0,workday,23:43,07:39,18-24,hybrid,1,0,1,12.03
user_091,2024-01-09,243,25,17,23,11,4.58,68.24,0,workday,22:51,06:47,18-24,hybrid,1,0,3,66.75
user_091,2024-01-10,223,60,35,40,30,6.5,36.59,0,workday,22:42,07:08,18-24,hybrid,1,0,2,35.16
user_091,2024-01-11,238,56,54,39,18,9.82,32.19,0,workday,23:22,07:28,18-24,hybrid,1,0,1,0.93
user_091,2024-01-12,226,53,23,38,16,4.12,79.75,1,workday,22:51,07:10,18-24,hybrid,1,0,1,22.67
user_091,2024-01-13,259,32,14,16,23,3.29,71.17,0,weekend,22:30,07:13,18-24,hybrid,1,0,2,31.27
user_091,2024-01-14,157,21,20,10,13,4.04,59.71,0,weekend,23:45,06:46,18-24,hybrid,1,0,3,59.97
user_091,2024-01-15,204,43,15,23,13,7.19,48.11,1,workday,23:04,06:57,18-24,hybrid,1,0,1,19.92
user_091,2024-01-16,189,48,14,7,14,3.47,51.44,1,workday,23:32,06:14,18-24,hybrid,1,0,2,49.42
user_091,2024-01-17,270,56,24,39,30,6.62,67.97,1,workday,23:39,06:54,18-24,hybrid,1,0,3,53.98
user_091,2024-01-18,171,35,25,36,24,4.06,62.1,1,workday,22:55,07:47,18-24,hybrid,1,0,3,72.89
user_091,2024-01-19,207,23,12,20,19,4.54,56.0,0,workday,23:17,07:06,18-24,hybrid,1,0,3,71.26
user_091,2024-01-20,244,36,10,28,16,4.14,60.01,0,weekend,22:45,07:23,18-24,hybrid,1,0,3,61.81
user_091,2024-01-21,185,45,17,20,19,3.72,47.18,0,weekend,23:36,07:28,18-24,hybrid,1,0,2,48.09
user_092,2024-01-01,219,60,30,41,19,7.7,37.74,0,workday,23:44,07:30,35-44,hybrid,0,0,4,89.86
user_092,2024-01-02,180,30,18,27,17,2.83,55.43,1,workday,22:34,07:15,35-44,hybrid,0,0,3,51.64
user_092,2024-01-03,184,37,10,32,19,5.71,48.49,0,workday,23:28,06:42,35-44,hybrid,0,0,3,64.22
user_092,2024-01-04,218,46,12,26,24,4.09,71.21,0,workday,23:06,07:09,35-44,hybrid,0,0,4,83.64
user_092,2024-01-05,220,38,15,30,14,1.95,71.99,1,workday,22:46,07:03,35-44,hybrid,0,0,4,81.61
user_092,2024-01-06,144,24,8,8,7,3.16,65.06,0,weekend,22:28,07:32,35-44,hybrid,0,0,4,99.76
user_092,2024-01-07,236,42,18,25,24,4.82,46.89,0,weekend,23:22,08:17,35-44,hybrid,0,0,3,66.26
user_092,2024-01-08,129,31,13,30,21,3.09,74.3,0,workday,22:41,07:11,35-44,hybrid,0,0,4,96.69
user_092,2024-01-09,194,31,13,15,16,3.42,60.03,0,workday,23:13,06:54,35-44,hybrid,0,0,4,96.12
user_092,2024-01-10,191,60,9,30,26,8.08,33.66,1,workday,22:41,06:46,35-44,hybrid,0,0,2,37.66
user_092,2024-01-11,223,56,27,23,30,7.88,43.6,0,workday,22:48,06:54,35-44,hybrid,0,0,1,18.65
user_092,2024-01-12,233,34,12,33,22,6.87,35.03,1,workday,23:04,07:12,35-44,hybrid,0,0,3,62.25
user_092,2024-01-13,258,47,10,37,14,7.31,47.86,1,weekend,01:00,07:33,35-44,hybrid,0,0,3,72.15
user_092,2024-01-14,300,59,32,41,24,6.9,48.73,0,weekend,23:54,06:51,35-44,hybrid,0,0,2,41.86
user_092,2024-01-15,235,52,36,19,17,6.8,59.45,1,workday,22:45,07:28,35-44,hybrid,0,0,2,43.15
user_092,2024-01-16,242,42,9,26,21,4.3,58.03,0,workday,23:28,07:33,35-44,hybrid,0,0,3,64.15
user_092,2024-01-17,196,48,28,27,17,5.62,50.64,1,workday,00:02,07:24,35-44,hybrid,0,0,4,81.71
user_092,2024-01-18,204,40,16,31,16,7.3,33.29,1,workday,22:08,05:55,35-44,hybrid,0,0,3,59.91
user_092,2024-01-19,183,55,27,37,21,7.33,45.72,0,workday,00:03,06:59,35-44,hybrid,0,0,1,12.34
user_092,2024-01-20,173,39,15,25,17,3.24,55.57,0,weekend,23:35,08:14,35-44,hybrid,0,0,3,74.49
user_092,2024-01-21,229,31,10,29,11,4.63,69.47,0,weekend,23:23,07:45,35-44,hybrid,0,0,4,84.3
user_093,2024-01-01,242,42,15,34,21,3.78,57.4,0,workday,23:01,06:33,25-34,remote,0,0,1,22.52
user_093,2024-01-02,201,20,10,20,4,0.0,80.11,0,workday,23:21,06:58,25-34,remote,0,0,2,32.1
user_093,2024-01-03,214,49,33,40,26,7.75,48.92,0,workday,22:28,06:30,25-34,remote,0,0,1,5.52
user_093,2024-01-04,237,46,43,31,25,6.04,41.62,1,workday,23:20,06:39,25-34,remote,0,0,1,2.93
user_093,2024-01-05,182,44,19,27,18,5.07,50.42,1,workday,23:43,07:10,25-34,remote,0,0,2,40.49
user_093,2024-01-06,169,42,24,23,24,5.54,65.32,0,weekend,00:33,07:18,25-34,remote,0,0,1,11.18
user_093,2024-01-07,217,48,13,20,17,2.85,48.05,1,weekend,23:40,08:22,25-34,remote,0,0,1,3.56
user_093,2024-01-08,193,35,24,22,18,4.53,52.34,1,workday,23:09,07:02,25-34,remote,0,0,1,2.37
user_093,2024-01-09,246,57,44,36,23,6.69,49.67,0,workday,23:11,06:40,25-34,remote,0,0,1,21.81
user_093,2024-01-10,215,44,28,26,21,6.66,48.47,0,workday,22:28,07:43,25-34,remote,0,0,2,30.77
user_093,2024-01-11,250,51,27,29,22,9.62,50.87,1,workday,22:24,08:01,25-34,remote,0,0,1,4.46
user_093,2024-01-12,211,42,15,19,26,4.66,51.04,0,workday,23:19,07:00,25-34,remote,0,0,1,23.34
user_093,2024-01-13,252,55,31,33,22,6.32,70.86,1,weekend,23:53,07:17,25-34,remote,0,0,2,33.74
user_093,2024-01-14,281,53,13,32,22,5.22,58.27,0,weekend,23:37,07:19,25-34,remote,0,0,1,12.73
user_093,2024-01-15,265,41,22,23,22,6.2,47.5,1,workday,22:13,07:05,25-34,remote,0,0,1,18.05
user_093,2024-01-16,160,33,18,44,21,2.09,69.43,1,workday,23:04,06:51,25-34,remote,0,0,1,23.64
user_093,2024-01-17,284,60,8,44,25,6.51,36.0,0,workday,22:39,05:01,25-34,remote,0,0,1,4.26
user_093,2024-01-18,276,48,32,29,19,6.47,57.43,1,workday,22:37,07:26,25-34,remote,0,0,1,6.36
user_093,2024-01-19,226,45,27,20,21,7.28,43.78,1,workday,23:37,06:37,25-34,remote,0,0,1,2.38
user_093,2024-01-20,162,23,8,8,15,3.04,51.67,0,weekend,23:10,08:16,25-34,remote,0,0,2,40.19
user_093,2024-01-21,220,33,14,22,24,4.42,67.61,0,weekend,23:21,07:45,25-34,remote,0,0,3,58.14
user_094,2024-01-01,212,46,37,23,11,4.45,55.65,0,workday,22:43,06:12,25-34,on_site,0,0,2,48.25
user_094,2024-01-02,220,42,7,20,14,4.8,66.37,1,workday,22:02,07:22,25-34,on_site,0,0,3,52.07
user_094,2024-01-03,209,29,9,22,9,5.76,63.65,0,workday,22:19,06:59,25-34,on_site,0,0,4,84.15
user_094,2024-01-04,177,56,29,50,30,7.99,22.42,0,workday,22:09,07:05,25-34,on_site,0,0,1,14.8
user_094,2024-01-05,253,46,22,25,21,6.63,44.02,0,workday,22:35,06:33,25-34,on_site,0,0,2,29.44
user_094,2024-01-06,213,44,14,23,20,3.42,57.22,0,weekend,23:26,07:33,25-34,on_site,0,0,3,54.87
user_094,2024-01-07,203,32,2,28,15,6.33,21.88,0,weekend,23:30,07:41,25-34,on_site,0,0,2,35.89
user_094,2024-01-08,229,54,30,33,21,8.14,37.31,1,workday,23:57,06:28,25-34,on_site,0,0,1,9.93
user_094,2024-01-09,188,41,24,31,17,4.94,59.97,1,workday,23:19,07:38,25-34,on_site,0,0,1,6.57
user_094,2024-01-10,161,30,10,13,15,3.53,55.57,1,workday,23:25,07:40,25-34,on_site,0,0,2,31.81
user_094,2024-01-11,257,43,7,15,21,7.15,53.65,0,workday,23:01,07:01,25-34,on_site,0,0,1,2.93
user_094,2024-01-12,202,44,24,25,19,6.38,56.39,1,workday,22:55,07:26,25-34,on_site,0,0,2,29.03
user_094,2024-01-13,158,36,7,22,18,3.79,70.37,0,weekend,00:43,08:15,25-34,on_site,0,0,3,73.51
user_094,2024-01-14,146,38,19,17,22,5.99,39.88,0,weekend,23:44,08:11,25-34,on_site,0,0,3,61.48
user_094,2024-01-15,154,28,14,23,20,5.73,64.04,0,workday,22:49,06:51,25-34,on_site,0,0,3,61.36
user_094,2024-01-16,172,28,18,29,21,5.45,53.14,0,workday,23:14,06:24,25-34,on_site,0,0,3,60.39
user_094,2024-01-17,238,33,25,13,13,5.37,43.16,0,workday,00:09,06:58,25-34,on_site,0,0,3,67.24
user_094,2024-01-18,186,60,45,29,24,6.04,28.68,0,workday,23:36,07:11,25-34,on_site,0,0,2,32.29
user_094,2024-01-19,192,50,6,27,17,7.07,58.98,1,workday,23:01,07:54,25-34,on_site,0,0,2,48.7
user_094,2024-01-20,168,17,16,14,14,4.4,66.28,0,weekend,23:14,07:25,25-34,on_site,0,0,3,66.73
user_094,2024-01-21,238,52,21,35,30,5.24,51.05,0,weekend,23:29,07:41,25-34,on_site,0,0,2,45.2
user_095,2024-01-01,197,53,16,21,27,6.08,45.86,0,workday,23:04,07:19,25-34,hybrid,0,0,2,26.31
user_095,2024-01-02,243,54,33,31,12,2.6,72.19,0,workday,22:17,07:12,25-34,hybrid,0,0,1,12.53
user_095,2024-01-03,187,25,24,34,20,2.29,63.2,0,workday,22:33,07:11,25-34,hybrid,0,0,1,13.47
user_095,2024-01-04,171,45,24,30,25,3.72,67.21,1,workday,22:45,07:35,25-34,hybrid,0,0,1,23.15
user_095,2024-01-05,177,60,33,48,30,5.12,52.85,1,workday,23:13,06:55,25-34,hybrid,0,0,1,3.16
user_095,2024-01-06,199,56,15,31,13,4.94,66.96,1,weekend,23:16,07:50,25-34,hybrid,0,0,1,2.94
user_095,2024-01-07,190,47,30,22,20,3.21,89.22,0,weekend,00:24,07:21,25-34,hybrid,0,0,1,12.17
user_095,2024-01-08,300,60,40,47,20,7.83,52.62,0,workday,23:46,06:46,25-34,hybrid,0,0,1,3.67
user_095,2024-01-09,186,32,22,21,26,5.19,53.0,0,workday,22:58,06:48,25-34,hybrid,0,0,1,19.28
user_095,2024-01-10,245,60,12,40,21,10.0,52.02,0,workday,00:09,06:54,25-34,hybrid,0,0,1,3.41
user_095,2024-01-11,235,40,7,28,20,4.54,60.36,0,workday,22:47,06:51,25-34,hybrid,0,0,1,16.12
user_095,2024-01-12,228,42,19,30,20,3.8,52.93,0,workday,23:18,07:13,25-34,hybrid,0,0,1,3.84
user_095,2024-01-13,193,60,11,40,14,6.1,52.4,0,weekend,23:57,08:30,25-34,hybrid,0,0,1,8.47
user_095,2024-01-14,129,28,16,22,16,0.0,84.28,0,weekend,23:30,07:56,25-34,hybrid,0,0,3,52.74
user_095,2024-01-15,202,40,28,20,10,4.77,77.75,0,workday,23:12,07:44,25-34,hybrid,0,0,1,14.63
user_095,2024-01-16,193,44,9,28,14,5.28,49.94,0,workday,23:26,06:58,25-34,hybrid,0,0,2,43.28
user_095,2024-01-17,217,30,13,17,11,5.37,68.14,1,workday,22:27,06:40,25-34,hybrid,0,0,1,11.65
user_095,2024-01-18,186,59,18,35,26,4.7,46.3,0,workday,23:01,07:32,25-34,hybrid,0,0,1,1.0
user_095,2024-01-19,190,31,17,29,21,3.11,41.29,1,workday,23:47,06:41,25-34,hybrid,0,0,1,4.45
user_095,2024-01-20,219,55,10,41,25,5.05,58.44,0,weekend,22:53,07:51,25-34,hybrid,0,0,1,11.21
user_095,2024-01-21,258,53,23,29,24,8.29,50.12,1,weekend,22:39,07:37,25-34,hybrid,0,0,1,1.64
user_096,2024-01-01,201,49,24,25,27,5.0,50.91,1,workday,22:31,07:08,35-44,hybrid,0,0,1,6.73
user_096,2024-01-02,215,54,36,29,18,2.97,73.67,0,workday,23:00,06:55,35-44,hybrid,0,0,1,17.3
user_096,2024-01-03,218,52,14,32,23,4.77,45.81,1,workday,22:48,06:44,35-44,hybrid,0,0,3,53.89
user_096,2024-01-04,274,45,12,38,14,5.01,53.11,0,workday,22:51,07:37,35-44,hybrid,0,0,2,26.47
user_096,2024-01-05,226,36,17,30,22,7.18,53.03,0,workday,23:10,06:04,35-44,hybrid,0,0,2,40.68
user_096,2024-01-06,234,37,25,28,9,0.14,77.63,0,weekend,23:46,08:17,35-44,hybrid,0,0,2,34.21
user_096,2024-01-07,205,58,27,31,23,8.23,51.57,0,weekend,23:30,07:58,35-44,hybrid,0,0,1,19.35
user_096,2024-01-08,178,45,27,38,18,0.0,69.8,1,workday,22:52,07:04,35-44,hybrid,0,0,1,25.0
user_096,2024-01-09,212,41,14,29,19,3.68,47.1,1,workday,22:17,06:27,35-44,hybrid,0,0,1,11.02
user_096,2024-01-10,194,48,17,28,16,2.66,55.6,1,workday,22:04,07:11,35-44,hybrid,0,0,1,1.41
user_096,2024-01-11,300,60,37,41,17,7.1,69.09,0,workday,23:27,06:36,35-44,hybrid,0,0,1,7.91
user_096,2024-01-12,232,60,53,38,30,9.04,56.19,0,workday,23:55,07:05,35-44,hybrid,0,0,1,12.77
user_096,2024-01-13,266,42,26,23,23,4.13,42.17,0,weekend,22:39,08:20,35-44,hybrid,0,0,1,19.72
user_096,2024-01-14,217,54,40,36,21,5.75,49.14,0,weekend,23:05,07:32,35-44,hybrid,0,0,1,7.22
user_096,2024-01-15,197,42,31,36,28,6.69,60.87,0,workday,22:37,07:07,35-44,hybrid,0,0,1,18.05
user_096,2024-01-16,193,32,9,18,14,7.19,44.8,1,workday,22:29,07:19,35-44,hybrid,0,0,2,28.87
user_096,2024-01-17,214,55,23,33,24,3.38,74.04,0,workday,22:45,06:41,35-44,hybrid,0,0,1,23.24
user_096,2024-01-18,237,44,29,20,17,7.32,53.51,1,workday,22:08,06:39,35-44,hybrid,0,0,1,4.18
user_096,2024-01-19,215,55,11,40,22,10.0,55.34,0,workday,22:43,06:50,35-44,hybrid,0,0,1,7.93
user_096,2024-01-20,286,52,18,30,23,5.12,69.49,1,weekend,23:16,07:45,35-44,hybrid,0,0,1,6.59
user_096,2024-01-21,195,47,18,24,28,2.85,57.4,0,weekend,23:50,07:43,35-44,hybrid,0,0,2,34.7
user_097,2024-01-01,266,33,29,33,23,4.95,55.42,1,workday,23:12,07:10,25-34,remote,1,1,3,70.89
user_097,2024-01-02,226,29,20,15,8,5.76,75.68,0,workday,22:52,06:47,25-34,remote,1,1,4,86.71
user_097,2024-01-03,208,36,28,32,21,5.24,54.57,0,workday,23:08,07:02,25-34,remote,1,1,4,95.88
user_097,2024-01-04,293,60,39,34,30,4.56,64.92,0,workday,23:16,07:10,25-34,remote,1,1,4,80.35
user_097,2024-01-05,175,29,10,14,15,0.33,70.84,0,workday,22:54,07:27,25-34,remote,1,1,4,96.81
user_097,2024-01-06,250,44,5,31,11,7.36,55.79,1,weekend,23:39,07:27,25-34,remote,1,1,1,18.96
user_097,2024-01-07,268,53,23,29,29,8.33,34.9,1,weekend,23:32,07:29,25-34,remote,1,1,2,32.59
user_097,2024-01-08,264,44,31,28,23,4.32,56.92,0,workday,22:50,07:27,25-34,remote,1,1,4,96.11
user_097,2024-01-09,186,41,25,24,8,7.51,50.11,1,workday,23:00,06:57,25-34,remote,1,1,3,54.07
user_097,2024-01-10,249,44,33,43,25,3.85,51.66,0,workday,22:26,06:56,25-34,remote,1,1,3,74.99
user_097,2024-01-11,219,46,20,22,28,1.88,47.97,1,workday,23:53,07:38,25-34,remote,1,1,4,79.48
user_097,2024-01-12,259,56,11,21,17,6.47,42.84,1,workday,23:53,06:43,25-34,remote,1,1,4,84.24
user_097,2024-01-13,227,26,22,16,17,2.7,56.88,0,weekend,23:59,07:31,25-34,remote,1,1,4,100.0
user_097,2024-01-14,192,20,6,23,4,1.91,50.32,0,weekend,22:15,08:00,25-34,remote,1,1,3,65.33
user_097,2024-01-15,213,48,16,43,27,2.62,56.95,0,workday,23:34,07:13,25-34,remote,1,1,4,92.63
user_097,2024-01-16,242,25,6,9,12,5.62,58.43,0,workday,22:40,07:19,25-34,remote,1,1,4,95.09
user_097,2024-01-17,300,49,24,22,30,9.31,19.82,0,workday,23:05,07:52,25-34,remote,1,1,1,24.07
user_097,2024-01-18,259,23,11,20,13,7.58,49.74,1,workday,23:42,07:59,25-34,remote,1,1,3,66.09
user_097,2024-01-19,256,46,6,41,19,9.19,60.68,0,workday,00:10,06:23,25-34,remote,1,1,4,84.25
user_097,2024-01-20,236,30,21,29,10,2.78,44.99,1,weekend,22:20,08:14,25-34,remote,1,1,4,91.05
user_097,2024-01-21,290,52,18,31,21,6.71,58.65,0,weekend,22:49,07:11,25-34,remote,1,1,3,55.2
user_098,2024-01-01,263,60,40,36,20,5.23,46.67,0,workday,23:19,07:20,18-24,remote,1,0,2,43.85
user_098,2024-01-02,230,52,34,25,14,8.52,54.99,1,workday,23:37,07:48,18-24,remote,1,0,1,23.24
user_098,2024-01-03,210,54,48,35,18,3.31,63.76,1,workday,23:42,07:43,18-24,remote,1,0,3,59.71
user_098,2024-01-04,272,49,10,39,21,4.26,70.84,0,workday,23:09,07:10,18-24,remote,1,0,3,63.58
user_098,2024-01-05,208,38,16,22,24,5.66,51.37,1,workday,22:35,06:39,18-24,remote,1,0,3,68.68
user_098,2024-01-06,242,48,17,34,23,5.69,59.04,1,weekend,23:32,08:46,18-24,remote,1,0,4,90.58
user_098,2024-01-07,226,42,15,27,15,4.48,34.09,0,weekend,23:54,07:20,18-24,remote,1,0,4,80.18
user_098,2024-01-08,233,43,23,23,18,3.0,72.66,0,workday,22:49,06:10,18-24,remote,1,0,3,51.57
user_098,2024-01-09,196,43,22,38,19,5.38,43.84,0,workday,22:47,07:17,18-24,remote,1,0,4,83.69
user_098,2024-01-10,235,45,11,22,18,6.13,36.85,0,workday,22:18,06:27,18-24,remote,1,0,3,74.5
user_098,2024-01-11,215,53,21,23,20,7.03,24.74,1,workday,22:54,06:33,18-24,remote,1,0,1,22.36
user_098,2024-01-12,212,56,36,24,24,5.71,64.91,0,workday,22:48,06:44,18-24,remote,1,0,4,87.96
user_098,2024-01-13,252,50,27,33,26,5.16,60.83,0,weekend,22:55,08:03,18-24,remote,1,0,2,48.35
user_098,2024-01-14,221,52,9,29,20,2.17,68.73,0,weekend,23:45,08:05,18-24,remote,1,0,4,88.98
user_098,2024-01-15,239,45,21,27,19,7.41,41.86,1,workday,23:19,07:00,18-24,remote,1,0,1,16.83
user_098,2024-01-16,227,50,26,24,25,6.23,38.63,1,workday,22:53,07:13,18-24,remote,1,0,2,39.78
user_098,2024-01-17,292,60,48,36,22,5.7,42.54,1,workday,22:45,06:22,18-24,remote,1,0,2,41.27
user_098,2024-01-18,198,40,7,25,17,4.57,30.91,1,workday,23:37,06:55,18-24,remote,1,0,2,50.0
user_098,2024-01-19,273,52,22,33,22,6.17,54.27,0,workday,00:17,06:57,18-24,remote,1,0,4,79.62
user_098,2024-01-20,300,30,23,20,9,2.76,63.44,0,weekend,23:21,08:05,18-24,remote,1,0,4,99.16
user_098,2024-01-21,218,58,33,44,22,3.28,54.56,0,weekend,22:52,06:53,18-24,remote,1,0,4,86.72
user_099,2024-01-01,162,43,15,36,15,4.66,46.1,0,workday,23:05,06:38,18-24,on_site,1,0,4,80.08
user_099,2024-01-02,176,29,14,17,10,5.92,50.89,0,workday,23:26,07:07,18-24,on_site,1,0,3,58.6
user_099,2024-01-03,192,33,18,28,24,7.33,62.32,1,workday,23:10,06:20,18-24,on_site,1,0,4,95.85
user_099,2024-01-04,260,37,23,26,19,2.64,55.43,0,workday,22:15,06:56,18-24,on_site,1,0,2,47.52
user_099,2024-01-05,118,32,24,27,16,5.5,66.06,1,workday,22:25,07:17,18-24,on_site,1,0,1,9.47
user_099,2024-01-06,285,51,10,43,21,5.55,53.82,0,weekend,22:57,07:27,18-24,on_site,1,0,2,47.41
user_099,2024-01-07,177,37,18,20,15,1.77,67.49,0,weekend,23:44,07:51,18-24,on_site,1,0,3,71.69
user_099,2024-01-08,251,48,10,30,21,4.51,61.94,1,workday,23:32,06:34,18-24,on_site,1,0,1,9.84
user_099,2024-01-09,169,15,5,27,11,4.01,55.93,1,workday,22:53,05:55,18-24,on_site,1,0,3,63.65
user_099,2024-01-10,177,57,34,36,23,7.73,52.84,0,workday,23:25,06:00,18-24,on_site,1,0,1,21.1
user_099,2024-01-11,230,36,24,27,18,6.16,39.5,1,workday,22:30,06:18,18-24,on_site,1,0,1,23.59
user_099,2024-01-12,177,53,20,26,24,8.25,51.97,0,workday,22:29,07:34,18-24,on_site,1,0,1,11.13
user_099,2024-01-13,252,57,25,37,27,4.18,51.52,0,weekend,23:02,07:38,18-24,on_site,1,0,1,10.86
user_099,2024-01-14,233,42,21,18,23,1.98,73.69,0,weekend,23:52,07:35,18-24,on_site,1,0,4,86.21
user_099,2024-01-15,133,27,12,25,12,3.7,75.28,0,workday,22:43,07:25,18-24,on_site,1,0,4,89.91
user_099,2024-01-16,236,60,43,39,25,7.35,40.28,1,workday,00:34,06:35,18-24,on_site,1,0,1,2.07
user_099,2024-01-17,241,34,9,27,12,5.8,63.26,0,workday,22:12,07:04,18-24,on_site,1,0,3,52.38
user_099,2024-01-18,159,31,22,22,15,3.73,73.12,1,workday,22:46,06:12,18-24,on_site,1,0,2,43.88
user_099,2024-01-19,210,54,30,31,23,8.65,39.98,0,workday,22:40,06:57,18-24,on_site,1,0,1,23.37
user_099,2024-01-20,164,25,20,33,11,2.06,56.23,1,weekend,23:17,07:39,18-24,on_site,1,0,2,48.96
user_099,2024-01-21,168,36,1,14,17,1.35,72.1,0,weekend,23:24,07:29,18-24,on_site,1,0,1,25.0
user_100,2024-01-01,275,32,9,26,12,5.72,44.49,0,workday,22:55,07:05,55+,hybrid,0,0,2,31.62
user_100,2024-01-02,215,40,24,21,18,4.45,69.44,0,workday,23:57,07:20,55+,hybrid,0,0,2,45.13
user_100,2024-01-03,233,48,25,29,15,7.16,60.86,0,workday,23:22,07:47,55+,hybrid,0,0,2,49.06
user_100,2024-01-04,206,40,29,30,21,5.78,61.81,0,workday,22:55,07:21,55+,hybrid,0,0,1,18.07
user_100,2024-01-05,204,42,27,38,18,3.68,69.16,0,workday,22:48,06:49,55+,hybrid,0,0,1,16.71
user_100,2024-01-06,224,42,12,17,24,4.38,68.57,1,weekend,22:40,07:06,55+,hybrid,0,0,2,32.74
user_100,2024-01-07,205,28,8,19,16,1.2,65.37,0,weekend,23:04,07:15,55+,hybrid,0,0,3,67.37
user_100,2024-01-08,195,43,23,20,17,4.04,62.3,1,workday,23:31,06:12,55+,hybrid,0,0,1,11.56
user_100,2024-01-09,239,44,10,39,20,3.12,71.15,0,workday,23:06,07:39,55+,hybrid,0,0,2,44.49
user_100,2024-01-10,213,20,13,2,13,4.33,72.09,0,workday,23:56,07:00,55+,hybrid,0,0,3,54.9
user_100,2024-01-11,182,34,24,29,14,5.73,72.35,0,workday,22:53,07:13,55+,hybrid,0,0,1,23.54
user_100,2024-01-12,255,30,13,24,13,3.33,70.54,0,workday,23:40,08:06,55+,hybrid,0,0,2,40.57
user_100,2024-01-13,167,36,18,20,16,1.5,48.49,0,weekend,23:01,07:19,55+,hybrid,0,0,2,47.6
user_100,2024-01-14,245,44,12,37,20,1.66,69.31,0,weekend,23:50,07:39,55+,hybrid,0,0,1,11.72
user_100,2024-01-15,184,41,13,33,16,5.95,44.87,0,workday,22:51,07:49,55+,hybrid,0,0,1,13.02
user_100,2024-01-16,244,44,28,33,22,2.6,72.37,1,workday,21:13,06:58,55+,hybrid,0,0,1,12.33
user_100,2024-01-17,222,38,17,22,17,4.82,65.42,0,workday,22:04,06:12,55+,hybrid,0,0,1,19.15
user_100,2024-01-18,229,22,8,18,19,4.7,48.34,1,workday,23:20,07:32,55+,hybrid,0,0,1,1.95
user_100,2024-01-19,244,51,24,28,26,5.27,35.76,0,workday,23:12,07:07,55+,hybrid,0,0,1,9.44
user_100,2024-01-20,242,53,26,24,28,4.39,50.95,0,weekend,23:12,08:04,55+,hybrid,0,0,2,44.58
user_100,2024-01-21,218,33,7,32,21,2.48,68.7,0,weekend,23:10,07:38,55+,hybrid,0,0,1,8.36
user_101,2024-01-01,294,58,29,41,25,5.37,62.95,1,workday,23:44,07:11,45-54,remote,0,0,1,6.8
user_101,2024-01-02,220,50,16,28,20,6.06,68.64,1,workday,23:12,06:06,45-54,remote,0,0,1,5.42
user_101,2024-01-03,229,39,31,35,20,4.95,43.3,1,workday,22:43,06:37,45-54,remote,0,0,1,7.21
user_101,2024-01-04,272,46,37,28,22,4.69,56.24,0,workday,23:34,07:24,45-54,remote,0,0,1,5.46
user_101,2024-01-05,192,23,13,26,18,3.69,65.3,0,workday,22:20,06:31,45-54,remote,0,0,1,14.94
user_101,2024-01-06,300,59,25,34,26,7.79,48.22,0,weekend,23:18,08:19,45-54,remote,0,0,1,0.14
user_101,2024-01-07,300,60,32,42,22,7.44,40.71,1,weekend,22:46,08:30,45-54,remote,0,0,1,0.25
user_101,2024-01-08,182,26,13,17,10,4.62,66.21,0,workday,22:25,06:27,45-54,remote,0,0,2,30.86
user_101,2024-01-09,184,48,45,28,14,3.7,49.58,0,workday,23:05,07:16,45-54,remote,0,0,1,0.48
user_101,2024-01-10,273,35,23,26,16,4.91,55.11,1,workday,23:02,06:57,45-54,remote,0,0,1,1.84
user_101,2024-01-11,224,39,16,18,15,7.48,30.16,0,workday,21:53,06:25,45-54,remote,0,0,1,0.0
user_101,2024-01-12,262,43,7,30,19,5.71,52.51,0,workday,23:22,07:47,45-54,remote,0,0,1,4.48
user_101,2024-01-13,300,60,21,40,12,4.43,68.07,1,weekend,23:57,07:27,45-54,remote,0,0,1,0.0
user_101,2024-01-14,221,33,8,25,18,4.17,59.54,0,weekend,23:55,07:17,45-54,remote,0,0,2,42.83
user_101,2024-01-15,270,60,31,34,30,3.01,70.37,1,workday,00:17,06:30,45-54,remote,0,0,1,1.77
user_101,2024-01-16,265,58,5,34,26,6.25,55.18,0,workday,23:38,07:20,45-54,remote,0,0,1,5.59
user_101,2024-01-17,190,37,11,24,27,5.53,55.78,1,workday,22:31,06:52,45-54,remote,0,0,2,29.16
user_101,2024-01-18,162,36,7,43,14,4.29,65.4,1,workday,23:41,06:59,45-54,remote,0,0,1,12.89
user_101,2024-01-19,212,54,14,28,25,9.52,33.53,1,workday,23:13,07:38,45-54,remote,0,0,1,0.0
user_101,2024-01-20,241,38,20,22,23,3.08,51.31,0,weekend,23:30,07:44,45-54,remote,0,0,1,11.16
user_101,2024-01-21,237,53,22,33,21,6.67,49.96,0,weekend,00:02,08:02,45-54,remote,0,0,1,2.79
user_102,2024-01-01,210,51,20,34,30,7.8,43.27,0,workday,23:54,07:55,35-44,hybrid,1,1,1,2.33
user_102,2024-01-02,208,37,8,21,12,6.14,53.53,1,workday,23:08,07:35,35-44,hybrid,1,1,1,7.52
user_102,2024-01-03,261,43,22,38,21,5.43,49.28,0,workday,22:55,06:54,35-44,hybrid,1,1,1,9.49
user_102,2024-01-04,273,60,17,29,22,6.6,62.95,0,workday,22:05,05:54,35-44,hybrid,1,1,3,53.5
user_102,2024-01-05,177,17,9,18,18,4.22,77.03,0,workday,22:39,07:18,35-44,hybrid,1,1,2,30.22
user_102,2024-01-06,226,59,13,36,16,6.75,39.17,0,weekend,23:02,07:41,35-44,hybrid,1,1,1,5.74
user_102,2024-01-07,186,30,21,7,19,4.4,75.98,0,weekend,23:10,07:02,35-44,hybrid,1,1,4,90.49
user_102,2024-01-08,177,46,27,28,24,6.03,43.65,1,workday,23:45,06:55,35-44,hybrid,1,1,2,48.28
user_102,2024-01-09,201,47,11,21,22,7.18,74.22,1,workday,22:43,07:19,35-44,hybrid,1,1,2,43.07
user_102,2024-01-10,229,45,22,16,18,7.5,57.15,0,workday,23:14,06:59,35-44,hybrid,1,1,2,34.28
user_102,2024-01-11,209,53,27,42,18,4.21,60.36,0,workday,23:07,07:39,35-44,hybrid,1,1,3,57.74
user_102,2024-01-12,235,26,16,22,18,7.69,32.35,1,workday,00:10,07:08,35-44,hybrid,1,1,1,7.42
user_102,2024-01-13,190,27,17,26,19,6.3,50.93,0,weekend,00:20,08:13,35-44,hybrid,1,1,3,51.27
user_102,2024-01-14,220,41,15,22,17,1.87,48.54,0,weekend,23:21,07:50,35-44,hybrid,1,1,2,47.22
user_102,2024-01-15,233,36,5,36,20,5.5,55.3,0,workday,23:28,06:37,35-44,hybrid,1,1,2,31.55
user_102,2024-01-16,264,31,13,25,20,6.37,59.19,0,workday,22:19,07:00,35-44,hybrid,1,1,3,55.07
user_102,2024-01-17,192,18,12,28,23,5.63,49.86,1,workday,22:59,06:21,35-44,hybrid,1,1,2,30.84
user_102,2024-01-18,166,4,1,22,0,2.09,80.99,0,workday,22:48,06:40,35-44,hybrid,1,1,4,90.45
user_102,2024-01-19,300,58,27,45,15,5.54,75.93,1,workday,22:49,07:10,35-44,hybrid,1,1,4,85.28
user_102,2024-01-20,206,36,13,27,16,2.26,65.52,0,weekend,23:18,07:08,35-44,hybrid,1,1,1,20.41
user_102,2024-01-21,201,28,18,29,18,5.09,64.04,1,weekend,23:12,06:56,35-44,hybrid,1,1,2,46.33
user_103,2024-01-01,185,46,25,31,27,8.99,37.36,0,workday,22:45,06:26,25-34,hybrid,0,0,4,91.77
user_103,2024-01-02,201,38,9,28,23,4.96,49.94,1,workday,23:24,07:16,25-34,hybrid,0,0,4,83.93
user_103,2024-01-03,194,36,1,30,18,7.19,48.19,0,workday,22:34,06:51,25-34,hybrid,0,0,3,61.01
user_103,2024-01-04,155,30,17,20,11,4.21,60.71,0,workday,22:37,07:29,25-34,hybrid,0,0,4,86.47
user_103,2024-01-05,208,42,10,36,22,3.86,61.13,0,workday,22:55,07:29,25-34,hybrid,0,0,4,98.33
user_103,2024-01-06,231,29,25,22,22,4.53,43.59,0,weekend,22:37,07:00,25-34,hybrid,0,0,4,88.35
user_103,2024-01-07,289,44,33,18,15,4.43,80.54,0,weekend,23:37,08:18,25-34,hybrid,0,0,4,96.01
user_103,2024-01-08,215,36,25,29,19,4.53,52.2,0,workday,23:12,06:57,25-34,hybrid,0,0,4,86.92
user_103,2024-01-09,240,49,19,29,26,6.32,51.93,0,workday,23:03,07:44,25-34,hybrid,0,0,4,84.3
user_103,2024-01-10,195,44,22,32,22,7.09,50.45,0,workday,22:43,07:07,25-34,hybrid,0,0,3,72.72
user_103,2024-01-11,214,41,12,32,21,8.87,39.84,1,workday,22:33,07:12,25-34,hybrid,0,0,2,47.09
user_103,2024-01-12,288,57,17,30,21,5.63,36.97,1,workday,22:55,07:19,25-34,hybrid,0,0,4,76.48
user_103,2024-01-13,261,25,13,9,12,5.31,58.48,0,weekend,23:50,08:04,25-34,hybrid,0,0,4,96.72
user_103,2024-01-14,300,59,40,25,29,6.41,50.05,0,weekend,22:46,08:14,25-34,hybrid,0,0,3,74.12
user_103,2024-01-15,199,32,8,21,16,3.12,55.92,1,workday,22:29,07:48,25-34,hybrid,0,0,4,93.33
user_103,2024-01-16,192,40,21,26,20,4.49,33.59,0,workday,23:08,07:58,25-34,hybrid,0,0,3,67.82
user_103,2024-01-17,190,27,14,26,20,3.49,53.52,1,workday,22:51,06:32,25-34,hybrid,0,0,4,92.05
user_103,2024-01-18,263,53,14,36,20,3.98,57.22,0,workday,22:43,06:42,25-34,hybrid,0,0,3,75.0
user_103,2024-01-19,179,45,35,29,24,3.27,73.41,0,workday,23:31,06:56,25-34,hybrid,0,0,3,60.0
user_103,2024-01-20,215,39,5,13,20,2.9,74.49,0,weekend,23:02,07:50,25-34,hybrid,0,0,4,85.79
user_103,2024-01-21,222,40,15,24,11,5.63,41.82,0,weekend,23:00,08:16,25-34,hybrid,0,0,4,83.34
user_104,2024-01-01,231,50,16,31,27,6.84,41.61,1,workday,22:08,06:56,55+,on_site,0,0,2,43.34
user_104,2024-01-02,134,30,3,31,10,4.67,82.42,0,workday,21:37,07:36,55+,on_site,0,0,4,96.89
user_104,2024-01-03,295,48,13,29,15,4.97,58.55,1,workday,22:30,07:22,55+,on_site,0,0,3,51.0
user_104,2024-01-04,183,32,11,26,14,5.73,56.33,0,workday,22:16,07:11,55+,on_site,0,0,3,71.34
user_104,2024-01-05,201,26,15,18,26,5.84,53.28,1,workday,23:00,06:28,55+,on_site,0,0,3,73.59
user_104,2024-01-06,207,33,9,31,8,3.98,70.92,1,weekend,22:57,07:52,55+,on_site,0,0,3,51.82
user_104,2024-01-07,258,41,12,31,15,3.23,75.0,0,weekend,23:46,07:17,55+,on_site,0,0,4,76.0
user_104,2024-01-08,204,43,30,22,15,10.0,59.57,1,workday,23:18,07:08,55+,on_site,0,0,3,58.83
user_104,2024-01-09,158,24,15,24,7,2.37,61.62,0,workday,23:28,08:00,55+,on_site,0,0,3,59.87
user_104,2024-01-10,180,49,42,32,19,6.1,51.16,1,workday,22:17,07:11,55+,on_site,0,0,2,36.13
user_104,2024-01-11,220,60,42,28,26,7.43,62.65,0,workday,22:28,06:29,55+,on_site,0,0,3,51.3
user_104,2024-01-12,300,60,38,46,28,6.87,26.55,0,workday,22:28,06:53,55+,on_site,0,0,3,71.13
user_104,2024-01-13,272,54,25,41,24,5.65,41.87,0,weekend,23:54,08:21,55+,on_site,0,0,3,61.79
user_104,2024-01-14,212,49,30,43,23,5.68,45.75,0,weekend,23:32,07:36,55+,on_site,0,0,1,25.0
user_104,2024-01-15,198,47,22,37,20,3.23,63.42,0,workday,22:35,07:30,55+,on_site,0,0,4,95.01
user_104,2024-01-16,200,42,1,27,16,3.05,63.48,0,workday,22:39,06:30,55+,on_site,0,0,4,85.47
user_104,2024-01-17,215,60,32,42,24,2.56,53.96,0,workday,22:13,07:26,55+,on_site,0,0,2,49.43
user_104,2024-01-18,197,30,7,19,13,5.78,37.47,1,workday,22:55,06:13,55+,on_site,0,0,2,46.78
user_104,2024-01-19,191,17,9,17,7,2.87,63.75,0,workday,22:36,07:48,55+,on_site,0,0,4,85.19
user_104,2024-01-20,189,43,21,24,13,4.44,56.3,0,weekend,23:52,08:22,55+,on_site,0,0,4,84.85
user_104,2024-01-21,171,39,35,6,22,3.9,63.86,0,weekend,23:51,06:46,55+,on_site,0,0,2,42.56
user_105,2024-01-01,300,42,13,35,23,6.98,56.33,0,workday,22:43,07:09,45-54,remote,0,1,3,55.83
user_105,2024-01-02,236,53,38,46,13,5.48,33.31,0,workday,22:22,07:29,45-54,remote,0,1,3,51.67
user_105,2024-01-03,272,60,17,40,25,10.0,51.5,1,workday,23:03,07:32,45-54,remote,0,1,2,30.46
user_105,2024-01-04,265,59,38,50,30,10.0,43.77,0,workday,22:44,06:39,45-54,remote,0,1,1,5.16
user_105,2024-01-05,273,57,29,38,20,7.77,59.59,0,workday,22:43,06:19,45-54,remote,0,1,1,10.42
user_105,2024-01-06,199,12,0,19,10,1.76,64.67,0,weekend,00:05,07:15,45-54,remote,0,1,4,93.65
user_105,2024-01-07,213,34,7,37,12,3.22,54.44,0,weekend,00:01,07:53,45-54,remote,0,1,3,52.27
user_105,2024-01-08,243,55,28,50,22,7.45,64.55,1,workday,23:04,06:19,45-54,remote,0,1,3,71.66
user_105,2024-01-09,234,57,11,45,30,5.4,60.16,0,workday,22:45,06:44,45-54,remote,0,1,2,28.52
user_105,2024-01-10,218,35,18,23,26,7.22,32.22,0,workday,22:19,07:39,45-54,remote,0,1,1,9.87
user_105,2024-01-11,295,38,7,17,19,9.21,56.79,1,workday,22:26,06:32,45-54,remote,0,1,1,22.14
user_105,2024-01-12,242,46,14,18,20,3.77,42.59,1,workday,23:00,07:24,45-54,remote,0,1,2,43.76
user_105,2024-01-13,273,47,15,28,27,6.81,55.94,1,weekend,23:42,08:00,45-54,remote,0,1,3,53.58
user_105,2024-01-14,225,60,21,24,21,3.78,65.57,0,weekend,23:47,08:07,45-54,remote,0,1,1,4.57
user_105,2024-01-15,233,35,10,32,17,5.2,54.37,0,workday,22:47,06:49,45-54,remote,0,1,2,42.68
user_105,2024-01-16,284,60,49,45,24,8.34,32.01,1,workday,23:22,07:01,45-54,remote,0,1,1,3.54
user_105,2024-01-17,185,31,13,39,13,3.1,77.61,0,workday,22:16,07:43,45-54,remote,0,1,4,95.02
user_105,2024-01-18,199,40,5,12,21,1.89,78.58,0,workday,23:49,06:41,45-54,remote,0,1,4,86.51
user_105,2024-01-19,227,43,18,35,16,7.19,39.04,0,workday,23:22,06:40,45-54,remote,0,1,1,12.82
user_105,2024-01-20,220,54,6,36,29,6.6,40.4,0,weekend,23:52,07:20,45-54,remote,0,1,1,12.77
user_105,2024-01-21,243,52,37,34,25,6.37,22.82,1,weekend,23:47,07:22,45-54,remote,0,1,2,44.35
user_106,2024-01-01,188,16,3,11,12,0.0,78.05,0,workday,22:34,07:33,35-44,on_site,1,1,3,68.72
user_106,2024-01-02,196,26,17,16,28,4.03,81.27,0,workday,22:51,07:33,35-44,on_site,1,1,4,100.0
user_106,2024-01-03,279,42,35,38,6,3.61,48.76,1,workday,22:21,06:41,35-44,on_site,1,1,3,63.8
user_106,2024-01-04,233,60,17,28,29,8.86,54.61,0,workday,23:06,06:56,35-44,on_site,1,1,4,84.56
user_106,2024-01-05,171,55,45,28,29,10.0,50.04,0,workday,23:03,06:33,35-44,on_site,1,1,2,29.57
user_106,2024-01-06,249,35,16,30,15,3.38,72.5,0,weekend,00:06,07:30,35-44,on_site,1,1,4,93.93
user_106,2024-01-07,197,37,4,24,27,7.66,53.27,0,weekend,23:52,09:00,35-44,on_site,1,1,3,73.48
user_106,2024-01-08,177,28,14,35,7,0.32,68.56,0,workday,22:41,07:17,35-44,on_site,1,1,4,89.79
user_106,2024-01-09,205,46,18,29,18,4.96,64.89,0,workday,23:44,06:43,35-44,on_site,1,1,4,96.07
user_106,2024-01-10,164,33,9,22,14,2.06,59.65,1,workday,21:58,06:09,35-44,on_site,1,1,4,85.48
user_106,2024-01-11,243,60,26,50,11,8.06,53.81,0,workday,22:59,07:33,35-44,on_site,1,1,1,17.67
user_106,2024-01-12,114,22,13,22,2,0.0,85.73,1,workday,21:52,06:55,35-44,on_site,1,1,3,75.0
user_106,2024-01-13,294,52,27,37,16,4.7,74.5,0,weekend,23:49,07:39,35-44,on_site,1,1,1,21.02
user_106,2024-01-14,245,16,10,27,7,4.16,66.9,0,weekend,00:25,06:59,35-44,on_site,1,1,3,71.07
user_106,2024-01-15,198,51,23,26,30,4.04,64.2,0,workday,23:35,07:27,35-44,on_site,1,1,3,63.52
user_106,2024-01-16,170,42,24,43,22,7.02,46.25,1,workday,21:59,06:54,35-44,on_site,1,1,1,22.32
user_106,2024-01-17,139,41,10,26,20,4.03,65.03,1,workday,00:00,07:06,35-44,on_site,1,1,3,68.99
user_106,2024-01-18,234,24,9,11,17,3.8,51.9,0,workday,22:56,07:01,35-44,on_site,1,1,4,81.43
user_106,2024-01-19,180,41,30,33,18,3.31,61.79,1,workday,23:12,07:22,35-44,on_site,1,1,3,60.01
user_106,2024-01-20,255,49,23,42,20,6.63,43.98,0,weekend,23:42,07:50,35-44,on_site,1,1,4,78.57
user_106,2024-01-21,224,39,29,29,25,4.03,63.89,0,weekend,23:34,07:36,35-44,on_site,1,1,3,62.92
user_107,2024-01-01,202,57,31,38,25,5.67,66.18,1,workday,21:59,08:00,25-34,remote,1,0,1,3.4
user_107,2024-01-02,223,38,28,21,16,5.99,60.26,0,workday,21:51,07:38,25-34,remote,1,0,1,6.66
user_107,2024-01-03,197,57,17,33,17,4.71,59.21,1,workday,23:00,06:40,25-34,remote,1,0,1,11.12
user_107,2024-01-04,215,52,19,38,11,4.69,60.82,1,workday,22:57,07:10,25-34,remote,1,0,1,4.04
user_107,2024-01-05,221,60,9,38,30,7.47,40.56,0,workday,00:21,06:16,25-34,remote,1,0,1,9.19
user_107,2024-01-06,242,48,27,10,19,1.1,88.5,0,weekend,23:12,07:38,25-34,remote,1,0,3,60.08
user_107,2024-01-07,276,56,25,28,30,5.79,40.11,0,weekend,23:55,08:10,25-34,remote,1,0,1,1.6
user_107,2024-01-08,294,38,22,24,19,3.57,64.98,1,workday,22:10,06:53,25-34,remote,1,0,1,23.73
user_107,2024-01-09,271,48,5,33,28,2.98,77.49,0,workday,23:32,07:09,25-34,remote,1,0,2,44.17
user_107,2024-01-10,247,36,24,32,19,7.89,45.67,1,workday,22:39,07:00,25-34,remote,1,0,1,3.3
user_107,2024-01-11,300,60,22,35,30,6.1,39.58,0,workday,00:01,07:07,25-34,remote,1,0,2,48.59
user_107,2024-01-12,189,60,34,37,24,5.36,60.98,0,workday,00:05,06:48,25-34,remote,1,0,2,37.91
user_107,2024-01-13,264,41,21,24,18,2.93,73.41,0,weekend,23:58,07:19,25-34,remote,1,0,4,79.24
user_107,2024-01-14,226,52,9,38,30,4.06,53.39,1,weekend,23:56,07:17,25-34,remote,1,0,2,35.03
user_107,2024-01-15,252,52,21,43,23,4.82,68.94,1,workday,23:39,07:23,25-34,remote,1,0,1,3.02
user_107,2024-01-16,241,53,9,29,24,6.81,58.68,0,workday,23:46,07:01,25-34,remote,1,0,2,37.14
user_107,2024-01-17,233,50,20,35,25,5.22,45.28,0,workday,22:39,06:21,25-34,remote,1,0,1,22.11
user_107,2024-01-18,216,46,23,30,16,6.24,63.08,1,workday,23:24,06:20,25-34,remote,1,0,1,15.13
user_107,2024-01-19,271,41,21,42,17,4.04,63.34,0,workday,23:10,06:13,25-34,remote,1,0,2,27.97
user_107,2024-01-20,253,57,26,39,19,3.93,82.19,0,weekend,00:02,08:07,25-34,remote,1,0,2,35.19
user_107,2024-01-21,230,60,18,35,15,3.64,58.89,0,weekend,23:27,07:30,25-34,remote,1,0,2,47.66
user_108,2024-01-01,218,55,39,33,22,5.16,53.53,1,workday,22:32,07:15,25-34,hybrid,0,1,2,36.82
user_108,2024-01-02,195,22,12,30,8,3.38,69.82,0,workday,00:19,07:08,25-34,hybrid,0,1,2,41.38
user_108,2024-01-03,223,34,24,13,15,4.35,58.52,0,workday,23:21,06:44,25-34,hybrid,0,1,4,76.89
user_108,2024-01-04,293,43,23,18,14,6.68,63.49,0,workday,22:57,07:01,25-34,hybrid,0,1,2,29.46
user_108,2024-01-05,196,37,14,29,20,3.12,41.95,0,workday,22:48,07:03,25-34,hybrid,0,1,4,87.99
user_108,2024-01-06,256,47,10,12,21,4.03,59.81,0,weekend,00:21,07:49,25-34,hybrid,0,1,2,33.7
user_108,2024-01-07,198,39,14,22,20,6.93,43.3,0,weekend,23:49,07:32,25-34,hybrid,0,1,1,21.53
user_108,2024-01-08,186,39,21,6,13,8.66,22.12,0,workday,23:55,06:44,25-34,hybrid,0,1,1,10.43
user_108,2024-01-09,194,60,27,41,25,5.95,46.26,0,workday,23:37,07:12,25-34,hybrid,0,1,2,27.06
user_108,2024-01-10,203,40,10,22,28,3.88,57.36,1,workday,22:47,06:54,25-34,hybrid,0,1,4,79.89
user_108,2024-01-11,198,50,17,29,15,8.56,61.78,0,workday,23:09,06:20,25-34,hybrid,0,1,2,41.83
user_108,2024-01-12,221,39,25,26,21,9.15,43.24,1,workday,23:58,06:58,25-34,hybrid,0,1,2,35.72
user_108,2024-01-13,228,55,16,38,30,3.8,46.61,0,weekend,23:06,07:49,25-34,hybrid,0,1,4,78.69
user_108,2024-01-14,238,45,27,28,15,0.69,69.5,0,weekend,23:57,07:41,25-34,hybrid,0,1,2,40.46
user_108,2024-01-15,167,44,19,27,12,7.79,47.2,1,workday,22:28,07:28,25-34,hybrid,0,1,2,39.85
user_108,2024-01-16,247,50,15,22,23,10.0,33.0,1,workday,23:40,06:48,25-34,hybrid,0,1,1,11.41
user_108,2024-01-17,151,45,31,17,10,1.46,65.23,1,workday,23:25,06:40,25-34,hybrid,0,1,3,58.89
user_108,2024-01-18,224,44,26,22,14,4.71,52.59,1,workday,23:08,07:08,25-34,hybrid,0,1,3,64.01
user_108,2024-01-19,245,60,15,21,30,6.66,47.24,0,workday,23:03,07:25,25-34,hybrid,0,1,1,6.67
user_108,2024-01-20,282,34,25,7,17,1.6,78.8,0,weekend,23:58,08:06,25-34,hybrid,0,1,3,53.1
user_108,2024-01-21,241,35,5,29,17,2.3,59.06,0,weekend,22:51,07:36,25-34,hybrid,0,1,2,33.01
user_109,2024-01-01,187,34,21,21,12,4.06,62.83,0,workday,22:26,06:29,18-24,hybrid,1,0,3,73.18
user_109,2024-01-02,252,49,25,32,18,4.17,61.68,1,workday,23:02,06:40,18-24,hybrid,1,0,2,44.5
user_109,2024-01-03,212,49,24,35,25,4.74,51.03,0,workday,22:29,07:36,18-24,hybrid,1,0,3,54.09
user_109,2024-01-04,225,29,8,19,21,3.83,71.21,0,workday,23:43,06:10,18-24,hybrid,1,0,4,95.88
user_109,2024-01-05,243,28,20,23,17,5.67,65.12,1,workday,22:55,07:31,18-24,hybrid,1,0,1,17.21
user_109,2024-01-06,214,60,7,36,26,5.07,49.19,0,weekend,23:09,07:55,18-24,hybrid,1,0,2,50.0
user_109,2024-01-07,268,46,16,27,16,5.33,45.23,0,weekend,22:55,08:04,18-24,hybrid,1,0,2,46.37
user_109,2024-01-08,199,38,9,26,15,2.33,38.47,0,workday,23:56,07:11,18-24,hybrid,1,0,2,41.35
user_109,2024-01-09,269,46,13,40,16,4.62,47.21,0,workday,23:32,06:04,18-24,hybrid,1,0,3,53.67
user_109,2024-01-10,175,24,11,18,9,6.94,40.16,0,workday,23:57,06:40,18-24,hybrid,1,0,2,40.89
user_109,2024-01-11,193,32,10,18,5,3.59,76.06,1,workday,23:01,07:22,18-24,hybrid,1,0,2,48.77
user_109,2024-01-12,197,47,10,28,28,3.05,43.41,1,workday,00:03,07:29,18-24,hybrid,1,0,2,33.61
user_109,2024-01-13,163,34,9,32,13,2.26,79.41,0,weekend,22:31,07:53,18-24,hybrid,1,0,4,89.95
user_109,2024-01-14,256,55,37,46,27,5.89,61.02,0,weekend,23:53,07:52,18-24,hybrid,1,0,3,56.43
user_109,2024-01-15,194,47,18,31,20,3.15,57.02,0,workday,22:11,07:28,18-24,hybrid,1,0,4,86.0
user_109,2024-01-16,139,34,3,19,17,6.11,45.56,1,workday,22:21,07:26,18-24,hybrid,1,0,4,93.15
user_109,2024-01-17,212,42,36,27,19,7.64,46.53,0,workday,23:23,07:12,18-24,hybrid,1,0,2,50.0
user_109,2024-01-18,169,46,28,40,25,6.2,40.22,0,workday,23:18,06:39,18-24,hybrid,1,0,1,5.28
user_109,2024-01-19,212,41,15,30,17,8.61,53.84,1,workday,22:15,06:37,18-24,hybrid,1,0,1,22.51
user_109,2024-01-20,277,60,50,27,30,8.5,40.95,0,weekend,22:58,07:28,18-24,hybrid,1,0,1,17.88
user_109,2024-01-21,153,27,10,20,21,2.76,77.08,0,weekend,23:07,07:41,18-24,hybrid,1,0,4,98.33
user_110,2024-01-01,206,47,10,37,20,5.88,61.19,0,workday,23:05,06:17,45-54,remote,1,1,3,71.05
user_110,2024-01-02,246,28,10,29,25,8.94,35.03,0,workday,23:20,05:54,45-54,remote,1,1,4,76.28
user_110,2024-01-03,176,36,16,37,16,7.42,40.1,1,workday,22:59,06:58,45-54,remote,1,1,3,56.86
user_110,2024-01-04,152,52,35,37,13,3.9,45.14,1,workday,23:01,06:31,45-54,remote,1,1,1,9.97
user_110,2024-01-05,240,54,25,50,21,9.56,29.48,0,workday,22:46,06:20,45-54,remote,1,1,1,1.57
user_110,2024-01-06,216,47,32,35,21,4.93,51.02,0,weekend,23:42,07:49,45-54,remote,1,1,1,16.54
user_110,2024-01-07,171,28,2,20,14,3.47,62.28,0,weekend,00:02,08:21,45-54,remote,1,1,4,85.83
user_110,2024-01-08,235,42,21,29,11,5.5,58.9,1,workday,22:29,06:26,45-54,remote,1,1,3,61.41
user_110,2024-01-09,206,52,13,21,28,6.44,55.58,0,workday,23:25,07:14,45-54,remote,1,1,4,77.41
user_110,2024-01-10,212,46,6,26,11,4.93,43.88,0,workday,23:04,06:40,45-54,remote,1,1,2,34.79
user_110,2024-01-11,168,46,31,35,19,2.66,87.17,0,workday,22:58,07:44,45-54,remote,1,1,3,72.66
user_110,2024-01-12,210,55,29,32,27,7.57,60.55,1,workday,23:11,06:47,45-54,remote,1,1,2,33.8
user_110,2024-01-13,233,55,23,29,20,4.05,69.66,0,weekend,23:57,07:14,45-54,remote,1,1,3,60.42
user_110,2024-01-14,242,44,18,38,9,3.45,45.11,0,weekend,23:50,07:38,45-54,remote,1,1,2,39.98
user_110,2024-01-15,255,51,22,24,19,5.13,47.7,0,workday,22:02,06:27,45-54,remote,1,1,2,50.0
user_110,2024-01-16,222,38,30,36,18,8.56,38.9,0,workday,22:54,07:07,45-54,remote,1,1,1,15.04
user_110,2024-01-17,215,0,0,0,19,3.85,59.79,0,workday,22:43,06:43,45-54,remote,1,1,3,73.89
user_110,2024-01-18,264,55,17,25,13,5.89,65.47,1,workday,22:58,07:33,45-54,remote,1,1,3,63.08
user_110,2024-01-19,270,48,37,37,19,5.59,42.73,1,workday,22:52,07:09,45-54,remote,1,1,1,13.11
user_110,2024-01-20,250,37,31,46,17,4.16,50.22,0,weekend,23:42,08:11,45-54,remote,1,1,4,79.51
user_110,2024-01-21,243,30,7,24,13,4.97,64.87,0,weekend,23:32,07:24,45-54,remote,1,1,2,43.65
user_111,2024-01-01,235,39,27,26,18,4.78,50.67,0,workday,22:23,07:01,25-34,remote,1,0,3,66.16
user_111,2024-01-02,234,40,26,19,11,5.03,56.19,0,workday,23:40,07:16,25-34,remote,1,0,3,65.91
user_111,2024-01-03,215,30,6,19,17,2.41,49.41,0,workday,23:05,07:09,25-34,remote,1,0,3,58.8
user_111,2024-01-04,246,43,33,25,19,5.92,36.71,0,workday,22:49,07:59,25-34,remote,1,0,4,86.08
user_111,2024-01-05,214,45,25,37,23,5.71,51.31,0,workday,23:18,07:36,25-34,remote,1,0,3,68.58
user_111,2024-01-06,208,49,33,22,20,4.24,72.58,0,weekend,23:31,07:56,25-34,remote,1,0,2,41.57
user_111,2024-01-07,300,46,16,20,28,2.2,76.01,0,weekend,23:41,08:10,25-34,remote,1,0,4,91.06
user_111,2024-01-08,198,36,12,18,18,6.98,21.1,0,workday,22:56,07:15,25-34,remote,1,0,4,88.12
user_111,2024-01-09,257,58,26,36,29,5.46,68.19,0,workday,22:22,07:59,25-34,remote,1,0,4,85.7
user_111,2024-01-10,194,48,32,32,22,4.51,61.83,0,workday,22:35,07:24,25-34,remote,1,0,3,55.1
user_111,2024-01-11,224,53,24,29,30,7.01,58.51,1,workday,23:19,06:43,25-34,remote,1,0,3,72.7
user_111,2024-01-12,242,60,24,41,26,9.68,40.25,1,workday,23:18,07:02,25-34,remote,1,0,2,32.77
user_111,2024-01-13,300,60,11,39,15,4.93,37.79,0,weekend,00:00,08:23,25-34,remote,1,0,2,26.0
user_111,2024-01-14,285,37,16,28,12,2.01,79.18,0,weekend,23:14,07:27,25-34,remote,1,0,4,88.36
user_111,2024-01-15,205,44,11,17,18,6.45,55.56,1,workday,23:00,07:04,25-34,remote,1,0,3,59.66
user_111,2024-01-16,239,38,12,23,23,4.3,52.47,1,workday,22:16,05:57,25-34,remote,1,0,4,92.99
user_111,2024-01-17,262,51,17,34,25,7.55,61.64,0,workday,22:45,07:01,25-34,remote,1,0,4,77.86
user_111,2024-01-18,282,34,22,43,19,4.31,65.67,1,workday,23:12,06:53,25-34,remote,1,0,4,84.29
user_111,2024-01-19,233,55,11,29,22,4.97,60.62,0,workday,23:24,06:49,25-34,remote,1,0,4,93.21
user_111,2024-01-20,240,10,10,20,6,3.53,47.87,0,weekend,23:16,07:51,25-34,remote,1,0,4,93.33
user_111,2024-01-21,269,58,27,41,20,3.19,61.71,0,weekend,22:52,08:48,25-34,remote,1,0,3,56.41
user_112,2024-01-01,157,31,14,37,15,7.1,61.81,1,workday,23:39,06:28,18-24,hybrid,1,0,3,57.23
user_112,2024-01-02,199,43,23,42,16,6.0,61.38,0,workday,22:27,06:04,18-24,hybrid,1,0,2,47.8
user_112,2024-01-03,213,29,13,18,14,4.47,52.58,0,workday,22:41,06:25,18-24,hybrid,1,0,4,86.27
user_112,2024-01-04,229,44,9,25,17,4.01,67.56,1,workday,22:19,07:03,18-24,hybrid,1,0,2,28.29
user_112,2024-01-05,220,29,9,38,10,3.61,67.55,1,workday,22:28,06:55,18-24,hybrid,1,0,3,73.22
user_112,2024-01-06,270,43,17,30,22,5.75,66.55,0,weekend,23:55,07:19,18-24,hybrid,1,0,2,35.38
user_112,2024-01-07,264,33,22,21,15,5.98,59.03,1,weekend,22:42,07:36,18-24,hybrid,1,0,3,51.0
user_112,2024-01-08,241,43,5,42,22,4.45,53.65,1,workday,23:47,07:04,18-24,hybrid,1,0,3,62.8
user_112,2024-01-09,171,43,11,32,22,6.05,57.02,0,workday,23:15,07:02,18-24,hybrid,1,0,3,62.28
user_112,2024-01-10,236,54,53,41,23,4.15,82.54,1,workday,23:27,06:52,18-24,hybrid,1,0,3,70.66
user_112,2024-01-11,274,39,19,41,14,3.5,67.56,0,workday,23:01,06:47,18-24,hybrid,1,0,2,37.48
user_112,2024-01-12,221,60,14,36,24,6.94,55.08,0,workday,22:30,07:27,18-24,hybrid,1,0,4,80.61
user_112,2024-01-13,255,54,2,32,21,3.45,38.81,1,weekend,23:06,07:42,18-24,hybrid,1,0,2,28.43
user_112,2024-01-14,247,39,17,26,12,2.84,52.12,0,weekend,23:46,08:22,18-24,hybrid,1,0,2,48.15
user_112,2024-01-15,215,48,37,25,22,5.96,48.09,1,workday,22:55,06:56,18-24,hybrid,1,0,1,10.59
user_112,2024-01-16,197,46,13,31,16,4.81,74.6,0,workday,22:50,07:13,18-24,hybrid,1,0,3,74.35
user_112,2024-01-17,234,57,41,42,23,9.09,49.95,0,workday,23:14,06:24,18-24,hybrid,1,0,2,46.59
user_112,2024-01-18,192,31,9,29,10,4.03,50.0,0,workday,22:33,06:55,18-24,hybrid,1,0,4,84.98
user_112,2024-01-19,233,42,24,23,22,4.3,85.55,0,workday,22:52,06:30,18-24,hybrid,1,0,3,51.0
user_112,2024-01-20,209,56,38,30,20,6.37,38.76,0,weekend,23:34,07:19,18-24,hybrid,1,0,2,46.16
user_112,2024-01-21,182,24,16,31,12,0.0,62.24,0,weekend,22:56,07:58,18-24,hybrid,1,0,4,82.82
user_113,2024-01-01,143,33,18,25,19,3.95,56.15,0,workday,23:35,06:28,25-34,on_site,0,0,3,64.56
user_113,2024-01-02,223,49,38,38,16,4.67,79.06,1,workday,22:29,07:15,25-34,on_site,0,0,3,75.0
user_113,2024-01-03,199,37,10,20,20,3.79,72.69,0,workday,23:38,06:49,25-34,on_site,0,0,4,95.51
user_113,2024-01-04,177,42,16,32,13,4.0,79.19,0,workday,22:23,06:59,25-34,on_site,0,0,4,97.58
user_113,2024-01-05,223,39,23,23,22,5.49,31.99,0,workday,21:42,07:01,25-34,on_site,0,0,1,21.03
user_113,2024-01-06,217,48,23,40,26,2.65,59.22,0,weekend,00:46,06:51,25-34,on_site,0,0,4,88.19
user_113,2024-01-07,227,46,27,37,23,4.44,47.81,0,weekend,00:03,07:24,25-34,on_site,0,0,3,72.02
user_113,2024-01-08,165,24,2,23,14,7.46,28.13,0,workday,22:30,07:30,25-34,on_site,0,0,2,30.8
user_113,2024-01-09,241,39,26,33,14,2.5,60.44,0,workday,22:46,07:12,25-34,on_site,0,0,4,79.42
user_113,2024-01-10,220,60,39,36,29,5.97,59.39,0,workday,23:29,06:26,25-34,on_site,0,0,3,70.05
user_113,2024-01-11,228,50,33,34,21,7.96,36.92,0,workday,22:39,06:58,25-34,on_site,0,0,1,22.31
user_113,2024-01-12,205,40,31,29,19,6.82,47.67,0,workday,22:46,06:42,25-34,on_site,0,0,3,53.62
user_113,2024-01-13,230,43,18,22,22,5.08,76.98,0,weekend,23:27,06:55,25-34,on_site,0,0,3,72.91
user_113,2024-01-14,116,25,5,17,10,3.18,61.57,0,weekend,23:30,07:54,25-34,on_site,0,0,3,58.37
user_113,2024-01-15,174,38,13,31,30,7.57,46.48,1,workday,23:36,06:10,25-34,on_site,0,0,1,11.04
user_113,2024-01-16,177,33,26,34,25,4.97,90.28,0,workday,23:30,06:33,25-34,on_site,0,0,4,98.8
user_113,2024-01-17,200,42,16,33,22,7.94,42.97,0,workday,23:30,07:14,25-34,on_site,0,0,2,43.33
user_113,2024-01-18,199,28,16,15,24,5.24,46.72,0,workday,22:52,06:38,25-34,on_site,0,0,4,95.28
user_113,2024-01-19,180,23,19,17,12,5.89,66.88,0,workday,21:41,07:21,25-34,on_site,0,0,4,94.05
user_113,2024-01-20,265,29,11,27,10,4.84,50.86,0,weekend,23:36,07:33,25-34,on_site,0,0,4,77.78
user_113,2024-01-21,218,36,4,37,23,4.59,32.3,0,weekend,22:49,07:40,25-34,on_site,0,0,2,41.22
user_114,2024-01-01,235,42,42,25,21,5.36,42.88,0,workday,23:46,06:07,35-44,hybrid,1,1,3,62.31
user_114,2024-01-02,222,29,15,38,17,8.52,49.74,1,workday,22:43,07:29,35-44,hybrid,1,1,1,20.11
user_114,2024-01-03,208,35,19,29,16,5.3,44.39,0,workday,23:15,07:01,35-44,hybrid,1,1,1,2.09
user_114,2024-01-04,226,41,12,32,26,4.98,56.93,0,workday,22:52,08:06,35-44,hybrid,1,1,2,36.39
user_114,2024-01-05,218,36,8,42,26,10.0,30.41,1,workday,23:10,06:14,35-44,hybrid,1,1,1,12.9
user_114,2024-01-06,222,25,13,39,13,4.05,57.9,0,weekend,22:48,07:33,35-44,hybrid,1,1,2,45.72
user_114,2024-01-07,198,39,12,23,18,4.78,48.41,0,weekend,23:38,07:17,35-44,hybrid,1,1,2,33.06
user_114,2024-01-08,252,49,23,18,30,6.64,39.46,0,workday,23:35,06:48,35-44,hybrid,1,1,2,36.89
user_114,2024-01-09,144,24,17,21,11,4.17,58.21,0,workday,23:15,07:45,35-44,hybrid,1,1,1,25.0
user_114,2024-01-10,227,60,24,20,27,4.51,57.81,1,workday,22:59,07:46,35-44,hybrid,1,1,3,57.69
user_114,2024-01-11,222,25,3,22,14,7.36,26.89,0,workday,23:34,06:22,35-44,hybrid,1,1,1,3.81
user_114,2024-01-12,175,40,17,24,29,2.2,64.91,0,workday,22:53,07:09,35-44,hybrid,1,1,3,57.59
user_114,2024-01-13,251,43,16,28,10,3.55,77.14,0,weekend,23:03,07:30,35-44,hybrid,1,1,1,20.45
user_114,2024-01-14,196,32,11,19,18,3.63,44.14,0,weekend,00:02,07:22,35-44,hybrid,1,1,3,64.77
user_114,2024-01-15,223,27,9,18,18,3.44,54.89,1,workday,23:49,07:03,35-44,hybrid,1,1,1,13.18
user_114,2024-01-16,268,44,23,30,23,4.99,47.55,0,workday,22:11,06:51,35-44,hybrid,1,1,1,22.31
user_114,2024-01-17,157,45,20,41,10,0.61,52.51,1,workday,22:27,07:35,35-44,hybrid,1,1,2,47.15
user_114,2024-01-18,173,49,16,34,25,8.35,33.08,0,workday,23:00,06:32,35-44,hybrid,1,1,1,5.55
user_114,2024-01-19,143,35,16,23,18,3.93,53.38,0,workday,23:22,07:44,35-44,hybrid,1,1,2,47.21
user_114,2024-01-20,188,60,60,23,30,2.71,62.88,0,weekend,22:51,07:51,35-44,hybrid,1,1,3,64.68
user_114,2024-01-21,267,38,9,32,11,4.04,72.77,0,weekend,23:31,07:45,35-44,hybrid,1,1,4,79.44
user_115,2024-01-01,167,22,13,27,17,3.66,64.23,0,workday,22:46,07:21,18-24,on_site,0,0,4,79.51
user_115,2024-01-02,144,56,34,19,22,5.89,56.13,0,workday,23:45,07:47,18-24,on_site,0,0,4,89.76
user_115,2024-01-03,227,37,22,35,19,7.58,52.78,1,workday,22:11,06:20,18-24,on_site,0,0,3,58.81
user_115,2024-01-04,159,34,25,11,16,5.08,70.31,1,workday,22:22,07:10,18-24,on_site,0,0,4,82.89
user_115,2024-01-05,225,51,22,29,21,6.31,56.99,0,workday,23:28,07:30,18-24,on_site,0,0,3,67.54
user_115,2024-01-06,178,40,10,35,22,3.81,42.86,0,weekend,23:40,07:33,18-24,on_site,0,0,2,44.83
user_115,2024-01-07,222,60,14,40,26,8.09,60.06,0,weekend,23:52,08:36,18-24,on_site,0,0,3,69.79
user_115,2024-01-08,204,42,8,44,18,6.5,43.92,0,workday,22:53,06:59,18-24,on_site,0,0,4,92.94
user_115,2024-01-09,209,40,18,31,23,3.85,65.72,1,workday,23:35,06:56,18-24,on_site,0,0,2,41.62
user_115,2024-01-10,191,41,23,17,13,4.91,56.93,0,workday,23:25,06:55,18-24,on_site,0,0,4,92.43
user_115,2024-01-11,165,60,32,33,23,8.8,61.54,1,workday,22:45,06:40,18-24,on_site,0,0,2,27.16
user_115,2024-01-12,197,45,19,32,25,5.18,66.3,0,workday,23:03,07:06,18-24,on_site,0,0,2,42.2
user_115,2024-01-13,251,57,20,27,24,4.46,61.37,0,weekend,23:30,07:17,18-24,on_site,0,0,4,82.79
user_115,2024-01-14,216,45,13,41,27,8.6,36.81,1,weekend,23:32,08:16,18-24,on_site,0,0,3,62.5
user_115,2024-01-15,264,49,40,30,20,7.94,56.94,0,workday,23:09,05:55,18-24,on_site,0,0,3,71.75
user_115,2024-01-16,157,27,16,19,14,5.56,54.77,1,workday,23:38,07:54,18-24,on_site,0,0,3,72.39
user_115,2024-01-17,249,31,20,31,13,4.76,36.63,0,workday,22:49,06:37,18-24,on_site,0,0,4,81.97
user_115,2024-01-18,212,47,32,30,25,6.31,45.23,1,workday,23:04,06:53,18-24,on_site,0,0,2,37.12
user_115,2024-01-19,249,38,30,16,17,4.63,43.29,1,workday,21:49,06:01,18-24,on_site,0,0,2,40.17
user_115,2024-01-20,195,26,12,21,15,1.84,47.96,0,weekend,23:04,07:31,18-24,on_site,0,0,4,85.09
user_115,2024-01-21,189,33,15,14,20,8.1,48.87,1,weekend,23:39,07:46,18-24,on_site,0,0,2,33.19
user_116,2024-01-01,204,58,14,42,23,5.91,49.41,0,workday,22:56,06:39,45-54,on_site,1,0,3,59.13
user_116,2024-01-02,172,41,16,20,11,2.01,63.83,1,workday,23:02,07:40,45-54,on_site,1,0,4,76.0
user_116,2024-01-03,256,44,23,32,23,4.33,59.34,1,workday,22:02,07:07,45-54,on_site,1,0,3,66.16
user_116,2024-01-04,191,59,17,31,29,4.52,77.26,0,workday,22:47,06:23,45-54,on_site,1,0,4,100.0
user_116,2024-01-05,219,44,40,26,17,7.55,51.65,1,workday,22:48,06:35,45-54,on_site,1,0,4,82.88
user_116,2024-01-06,213,40,17,34,20,5.13,58.9,0,weekend,23:15,07:12,45-54,on_site,1,0,4,90.4
user_116,2024-01-07,263,48,17,31,21,3.1,66.44,0,weekend,23:45,07:17,45-54,on_site,1,0,4,97.71
user_116,2024-01-08,158,32,27,29,17,4.18,60.48,1,workday,23:02,07:00,45-54,on_site,1,0,3,72.26
user_116,2024-01-09,136,45,24,27,20,4.85,54.75,0,workday,23:21,06:45,45-54,on_site,1,0,3,70.43
user_116,2024-01-10,202,29,24,25,24,5.46,48.32,0,workday,23:31,06:23,45-54,on_site,1,0,3,67.99
user_116,2024-01-11,218,60,41,32,20,8.53,31.72,0,workday,22:49,07:21,45-54,on_site,1,0,3,68.01
user_116,2024-01-12,183,46,40,31,23,6.53,45.7,0,workday,23:22,06:52,45-54,on_site,1,0,2,43.27
user_116,2024-01-13,230,31,19,23,16,5.86,50.55,1,weekend,22:56,07:47,45-54,on_site,1,0,3,64.06
user_116,2024-01-14,175,42,24,22,26,1.81,81.85,0,weekend,00:14,07:13,45-54,on_site,1,0,4,96.81
user_116,2024-01-15,239,40,37,26,17,7.45,47.55,0,workday,22:12,06:58,45-54,on_site,1,0,4,82.34
user_116,2024-01-16,220,35,10,27,25,4.23,51.74,0,workday,22:09,06:42,45-54,on_site,1,0,4,86.22
user_116,2024-01-17,227,56,32,39,25,6.06,40.43,0,workday,22:55,06:05,45-54,on_site,1,0,4,96.65
user_116,2024-01-18,175,33,16,20,13,1.75,69.07,0,workday,23:11,06:59,45-54,on_site,1,0,4,99.31
user_116,2024-01-19,282,39,27,26,18,7.38,57.49,0,workday,22:37,08:16,45-54,on_site,1,0,4,93.19
user_116,2024-01-20,172,45,5,29,19,4.28,54.19,1,weekend,23:43,08:04,45-54,on_site,1,0,4,78.24
user_116,2024-01-21,190,53,19,32,18,4.97,52.64,0,weekend,23:01,08:15,45-54,on_site,1,0,4,86.84
user_117,2024-01-01,237,48,20,39,20,5.1,61.2,1,workday,00:18,07:40,35-44,hybrid,1,0,1,20.4
user_117,2024-01-02,253,48,16,36,23,3.75,57.28,1,workday,23:16,06:40,35-44,hybrid,1,0,2,33.11
user_117,2024-01-03,141,30,15,25,23,5.15,60.07,0,workday,23:23,07:02,35-44,hybrid,1,0,1,17.57
user_117,2024-01-04,188,42,8,21,22,2.97,68.28,0,workday,23:20,06:55,35-44,hybrid,1,0,2,26.0
user_117,2024-01-05,220,60,35,25,20,5.47,52.98,0,workday,22:17,06:21,35-44,hybrid,1,0,2,32.9
user_117,2024-01-06,285,60,20,29,17,4.07,51.6,0,weekend,23:21,07:54,35-44,hybrid,1,0,2,35.78
user_117,2024-01-07,201,49,28,19,23,5.44,55.63,1,weekend,22:52,07:42,35-44,hybrid,1,0,1,20.77
user_117,2024-01-08,217,43,14,28,15,4.39,62.81,0,workday,22:48,06:34,35-44,hybrid,1,0,1,6.81
user_117,2024-01-09,251,40,18,26,23,7.21,45.35,1,workday,22:38,07:07,35-44,hybrid,1,0,2,28.07
user_117,2024-01-10,262,49,11,26,26,7.4,29.69,1,workday,22:20,06:51,35-44,hybrid,1,0,1,12.79
user_117,2024-01-11,238,42,24,34,15,5.57,50.75,0,workday,22:43,07:08,35-44,hybrid,1,0,2,31.02
user_117,2024-01-12,185,31,19,30,19,4.87,58.15,1,workday,23:14,07:56,35-44,hybrid,1,0,1,4.96
user_117,2024-01-13,218,35,18,21,15,3.09,64.09,0,weekend,23:45,07:58,35-44,hybrid,1,0,1,15.54
user_117,2024-01-14,209,60,48,35,27,6.73,48.1,0,weekend,00:42,08:22,35-44,hybrid,1,0,1,15.22
user_117,2024-01-15,223,51,30,41,27,8.25,40.96,0,workday,22:14,06:36,35-44,hybrid,1,0,1,11.4
user_117,2024-01-16,277,45,15,31,17,7.23,34.6,0,workday,23:00,06:03,35-44,hybrid,1,0,2,36.88
user_117,2024-01-17,225,41,11,41,21,3.03,67.92,0,workday,23:39,06:43,35-44,hybrid,1,0,1,8.36
user_117,2024-01-18,201,22,10,20,20,3.25,46.22,0,workday,23:59,07:00,35-44,hybrid,1,0,2,31.86
user_117,2024-01-19,185,30,13,29,20,9.84,26.84,0,workday,23:46,06:25,35-44,hybrid,1,0,1,20.51
user_117,2024-01-20,206,35,30,24,19,3.71,44.65,0,weekend,23:11,07:38,35-44,hybrid,1,0,3,52.27
user_117,2024-01-21,237,24,12,13,13,2.12,59.02,0,weekend,23:09,08:02,35-44,hybrid,1,0,3,64.0
user_118,2024-01-01,185,30,13,24,13,4.46,70.11,0,workday,22:07,06:54,35-44,hybrid,1,0,1,19.66
user_118,2024-01-02,194,55,21,34,27,8.13,50.79,0,workday,23:31,07:28,35-44,hybrid,1,0,1,9.33
user_118,2024-01-03,273,38,27,14,29,3.78,57.48,0,workday,22:23,07:12,35-44,hybrid,1,0,1,5.2
user_118,2024-01-04,194,55,32,17,18,4.9,43.12,0,workday,21:59,07:18,35-44,hybrid,1,0,1,20.21
user_118,2024-01-05,167,48,31,32,27,4.38,45.32,0,workday,23:34,06:34,35-44,hybrid,1,0,2,39.67
user_118,2024-01-06,202,27,17,26,16,2.99,69.59,0,weekend,23:09,07:55,35-44,hybrid,1,0,2,50.0
user_118,2024-01-07,238,46,28,32,18,5.01,71.68,0,weekend,23:22,07:45,35-44,hybrid,1,0,4,76.0
user_118,2024-01-08,242,33,10,20,14,6.59,52.35,0,workday,23:37,07:12,35-44,hybrid,1,0,2,43.82
user_118,2024-01-09,244,41,8,22,21,6.96,38.36,1,workday,23:13,06:47,35-44,hybrid,1,0,1,19.22
user_118,2024-01-10,215,44,16,23,20,4.55,54.77,0,workday,22:16,06:23,35-44,hybrid,1,0,1,21.8
user_118,2024-01-11,211,19,12,24,8,5.15,50.78,1,workday,22:25,06:55,35-44,hybrid,1,0,2,34.21
user_118,2024-01-12,202,50,22,32,21,5.37,60.77,0,workday,22:40,06:32,35-44,hybrid,1,0,2,36.22
user_118,2024-01-13,281,52,18,40,15,6.36,60.25,0,weekend,21:59,07:39,35-44,hybrid,1,0,2,29.64
user_118,2024-01-14,211,36,13,18,20,7.4,65.77,0,weekend,22:12,07:06,35-44,hybrid,1,0,2,43.11
user_118,2024-01-15,169,33,15,12,7,5.37,59.41,0,workday,23:09,06:57,35-44,hybrid,1,0,3,68.85
user_118,2024-01-16,178,40,4,27,16,4.79,49.98,0,workday,23:19,06:39,35-44,hybrid,1,0,1,23.67
user_118,2024-01-17,161,41,10,33,14,2.66,63.8,0,workday,22:42,06:02,35-44,hybrid,1,0,4,85.33
user_118,2024-01-18,169,16,10,14,22,5.3,59.85,1,workday,22:21,07:17,35-44,hybrid,1,0,1,18.56
user_118,2024-01-19,271,60,14,31,18,3.58,66.68,0,workday,23:55,07:24,35-44,hybrid,1,0,2,37.21
user_118,2024-01-20,196,19,11,18,10,2.37,69.44,0,weekend,23:46,08:24,35-44,hybrid,1,0,2,40.62
user_118,2024-01-21,215,52,34,41,22,6.11,54.51,0,weekend,00:04,08:05,35-44,hybrid,1,0,2,26.0
user_119,2024-01-01,233,24,8,8,10,4.08,45.69,0,workday,22:59,07:17,25-34,remote,1,0,4,81.96
user_119,2024-01-02,199,24,20,28,14,6.37,54.0,1,workday,23:28,07:15,25-34,remote,1,0,2,27.3
user_119,2024-01-03,226,32,9,28,15,3.43,70.63,0,workday,22:07,07:37,25-34,remote,1,0,4,94.9
user_119,2024-01-04,250,55,21,33,20,6.36,55.96,1,workday,23:31,07:02,25-34,remote,1,0,4,93.14
user_119,2024-01-05,254,57,27,38,14,6.93,48.51,1,workday,23:26,05:51,25-34,remote,1,0,3,70.37
user_119,2024-01-06,266,51,6,38,28,5.97,56.75,0,weekend,00:08,06:57,25-34,remote,1,0,4,88.97
user_119,2024-01-07,300,33,13,35,20,5.36,65.73,1,weekend,22:54,07:47,25-34,remote,1,0,4,83.77
user_119,2024-01-08,223,57,39,26,28,6.11,56.0,0,workday,23:14,06:32,25-34,remote,1,0,4,87.68
user_119,2024-01-09,213,46,11,30,24,4.74,59.65,1,workday,22:49,06:59,25-34,remote,1,0,4,95.25
user_119,2024-01-10,292,60,39,41,28,7.3,57.64,1,workday,23:07,07:06,25-34,remote,1,0,3,52.67
user_119,2024-01-11,190,35,18,22,13,5.43,54.36,1,workday,22:48,07:22,25-34,remote,1,0,4,80.15
user_119,2024-01-12,206,44,28,42,21,5.54,75.34,0,workday,22:13,06:28,25-34,remote,1,0,4,88.78
user_119,2024-01-13,273,60,27,37,28,7.61,53.05,0,weekend,23:44,07:25,25-34,remote,1,0,3,53.24
user_119,2024-01-14,215,20,13,18,9,1.87,59.22,0,weekend,22:48,06:54,25-34,remote,1,0,4,98.59
user_119,2024-01-15,290,59,22,37,23,7.84,48.9,0,workday,23:05,06:55,25-34,remote,1,0,3,68.03
user_119,2024-01-16,300,35,19,27,23,5.3,38.74,0,workday,23:46,07:01,25-34,remote,1,0,4,86.53
user_119,2024-01-17,160,35,29,21,18,4.84,59.96,0,workday,23:34,06:45,25-34,remote,1,0,4,80.56
user_119,2024-01-18,251,60,14,37,26,7.91,37.47,0,workday,23:12,07:41,25-34,remote,1,0,2,34.7
user_119,2024-01-19,289,39,13,30,11,4.09,54.0,1,workday,23:05,06:53,25-34,remote,1,0,2,47.99
user_119,2024-01-20,226,51,33,23,21,4.59,56.08,0,weekend,23:35,07:24,25-34,remote,1,0,3,67.66
user_119,2024-01-21,294,38,17,15,21,4.14,43.9,0,weekend,23:17,08:36,25-34,remote,1,0,3,56.37
user_120,2024-01-01,218,42,14,42,23,6.92,49.36,0,workday,22:39,05:47,35-44,remote,1,1,3,58.16
user_120,2024-01-02,225,54,25,41,20,7.41,59.33,0,workday,22:56,07:49,35-44,remote,1,1,2,28.0
user_120,2024-01-03,186,8,3,20,3,1.28,65.59,0,workday,22:21,07:15,35-44,remote,1,1,3,71.22
user_120,2024-01-04,236,53,31,42,19,2.59,75.34,0,workday,23:46,07:03,35-44,remote,1,1,4,86.38
user_120,2024-01-05,248,42,21,39,6,4.87,57.39,0,workday,23:04,06:46,35-44,remote,1,1,3,54.56
user_120,2024-01-06,267,46,12,14,15,5.21,61.73,0,weekend,00:03,07:44,35-44,remote,1,1,4,86.59
user_120,2024-01-07,300,34,15,25,19,3.4,57.9,0,weekend,23:24,07:45,35-44,remote,1,1,3,64.98
user_120,2024-01-08,268,51,4,20,19,6.75,37.05,1,workday,23:18,07:01,35-44,remote,1,1,1,13.19
user_120,2024-01-09,200,36,18,10,18,3.67,61.2,0,workday,00:02,07:05,35-44,remote,1,1,1,15.55
user_120,2024-01-10,214,49,22,32,25,6.54,60.63,0,workday,23:49,06:38,35-44,remote,1,1,3,71.16
user_120,2024-01-11,164,32,18,24,23,6.13,61.28,0,workday,22:11,07:27,35-44,remote,1,1,3,71.26
user_120,2024-01-12,215,34,24,21,16,3.82,58.28,1,workday,22:01,06:35,35-44,remote,1,1,1,6.49
user_120,2024-01-13,181,31,20,41,17,0.95,73.17,0,weekend,00:38,07:50,35-44,remote,1,1,4,93.98
user_120,2024-01-14,209,36,17,31,17,5.35,48.11,0,weekend,22:37,07:38,35-44,remote,1,1,2,46.73
user_120,2024-01-15,300,59,49,35,22,8.22,54.13,0,workday,22:56,07:33,35-44,remote,1,1,4,76.82
user_120,2024-01-16,237,35,12,19,23,5.51,67.33,1,workday,22:40,06:46,35-44,remote,1,1,3,65.73
user_120,2024-01-17,288,33,27,39,10,7.83,61.27,0,workday,23:59,07:51,35-44,remote,1,1,1,1.75
user_120,2024-01-18,231,60,30,38,30,10.0,22.73,1,workday,22:24,06:42,35-44,remote,1,1,1,0.0
user_120,2024-01-19,256,35,15,20,12,4.05,53.17,0,workday,22:48,07:56,35-44,remote,1,1,3,67.21
user_120,2024-01-20,255,42,8,30,29,6.98,39.31,0,weekend,23:24,08:01,35-44,remote,1,1,2,39.38
user_120,2024-01-21,215,37,22,41,23,4.64,52.06,0,weekend,23:58,07:05,35-44,remote,1,1,4,93.99
